symbol,total_trades,win_rate,profit_factor,net_pnl,max_dd,atr_mult,min_sl,tp1,tp2,adx,session,room2h
EURUSD,46,34.78260869565217,0.41165647833684366,-17234.14559389236,18.63703818153369,1.0,8.0,1.0,1.5,15.0,peak,False
EURUSD,43,30.23255813953488,0.49166735454910737,-15194.242123819553,17.923510452980178,1.0,8.0,1.2,1.8,15.0,peak,False
EURUSD,42,26.190476190476193,0.5378694927409329,-14235.21359937395,16.20271810677724,1.0,8.0,1.5,2.0,15.0,peak,False
EURUSD,41,36.58536585365854,0.4985135846757455,-12417.54118641754,13.901130702894474,1.0,10.0,1.0,1.5,15.0,peak,False
EURUSD,40,35.0,0.6400022154955124,-9161.008244938857,12.087004622211511,1.0,10.0,1.2,1.8,15.0,peak,False
EURUSD,38,31.57894736842105,0.58401692581709,-10390.425499389414,12.448693509733259,1.0,10.0,1.5,2.0,15.0,peak,False
EURUSD,39,38.46153846153847,0.5730848276672947,-9788.430028056813,12.265126514266207,1.0,12.0,1.0,1.5,15.0,peak,False
EURUSD,37,32.432432432432435,0.5160932831182501,-11435.387539459596,13.05794366579657,1.0,12.0,1.2,1.8,15.0,peak,False
EURUSD,37,27.027027027027028,0.48829295407671597,-12496.295417322792,13.965210397599284,1.0,12.0,1.5,2.0,15.0,peak,False
EURUSD,35,34.285714285714285,0.44157410657866963,-11930.490000000456,12.989967658803073,1.0,15.0,1.0,1.5,15.0,peak,False
EURUSD,35,31.428571428571427,0.48412806270942693,-11122.070000000836,12.407792221872068,1.0,15.0,1.2,1.8,15.0,peak,False
EURUSD,35,22.857142857142858,0.43906675313657617,-12498.350000000806,13.97615365633856,1.0,15.0,1.5,2.0,15.0,peak,False
EURUSD,43,34.883720930232556,0.4738302378672271,-14555.217885061444,16.717826171100338,1.2,8.0,1.0,1.5,15.0,peak,False
EURUSD,39,30.76923076923077,0.43091324197184405,-14995.911354388343,16.216063930236015,1.2,8.0,1.2,1.8,15.0,peak,False
EURUSD,38,26.31578947368421,0.475394307176948,-14383.61021208053,15.819995990410643,1.2,8.0,1.5,2.0,15.0,peak,False
EURUSD,40,37.5,0.5763708613207186,-10183.241575617634,12.456504625577127,1.2,10.0,1.0,1.5,15.0,peak,False
EURUSD,38,34.21052631578947,0.5710409026561001,-10176.58895016028,12.63913145797059,1.2,10.0,1.2,1.8,15.0,peak,False
EURUSD,37,29.72972972972973,0.5176947115810432,-11803.516468471353,13.71001084601559,1.2,10.0,1.5,2.0,15.0,peak,False
EURUSD,39,38.46153846153847,0.6039286511597926,-9132.64460651287,11.77107762732623,1.2,12.0,1.0,1.5,15.0,peak,False
EURUSD,37,32.432432432432435,0.4814379056604176,-12146.715598048439,13.408688709662625,1.2,12.0,1.2,1.8,15.0,peak,False
EURUSD,37,27.027027027027028,0.4889105681050447,-12472.876099617584,13.942184217382017,1.2,12.0,1.5,2.0,15.0,peak,False
EURUSD,35,34.285714285714285,0.4416874630028478,-11928.068196676104,12.98757498981268,1.2,15.0,1.0,1.5,15.0,peak,False
EURUSD,35,31.428571428571427,0.48412972217276595,-11122.83382131673,12.408544993627759,1.2,15.0,1.2,1.8,15.0,peak,False
EURUSD,35,22.857142857142858,0.4390759245299849,-12498.14564897427,13.97595275656918,1.2,15.0,1.5,2.0,15.0,peak,False
EURUSD,37,35.13513513513514,0.47168494322038884,-11908.446960035537,12.966559435725092,1.5,8.0,1.0,1.5,15.0,peak,False
EURUSD,36,33.33333333333333,0.5088647960020434,-11111.020096905107,12.39523129521725,1.5,8.0,1.2,1.8,15.0,peak,False
EURUSD,36,27.77777777777778,0.5237904280245496,-11206.957177476084,12.704882727735644,1.5,8.0,1.5,2.0,15.0,peak,False
EURUSD,37,35.13513513513514,0.47229180039482355,-11884.75993204677,12.943156924684468,1.5,10.0,1.0,1.5,15.0,peak,False
EURUSD,36,33.33333333333333,0.5093638908634872,-11091.4263728691,12.375920648789386,1.5,10.0,1.2,1.8,15.0,peak,False
EURUSD,36,27.77777777777778,0.5243632420690274,-11184.601121930245,12.682903815553079,1.5,10.0,1.5,2.0,15.0,peak,False
EURUSD,37,35.13513513513514,0.5016928669134992,-11210.392508773817,12.623033826948035,1.5,12.0,1.0,1.5,15.0,peak,False
EURUSD,36,33.33333333333333,0.5111753295205574,-11024.974856101951,12.310429181086462,1.5,12.0,1.2,1.8,15.0,peak,False
EURUSD,36,27.77777777777778,0.5098551286780661,-11496.880512215677,12.989915098533436,1.5,12.0,1.5,2.0,15.0,peak,False
EURUSD,34,35.294117647058826,0.4641879051977082,-10992.509620861427,12.063271199105607,1.5,15.0,1.0,1.5,15.0,peak,False
EURUSD,34,32.35294117647059,0.5088134734954273,-10169.602524695234,11.469103292023263,1.5,15.0,1.2,1.8,15.0,peak,False
EURUSD,34,23.52941176470588,0.4607435207016734,-11560.681346777594,13.054321163509627,1.5,15.0,1.5,2.0,15.0,peak,False
EURUSD,34,35.294117647058826,0.4679761831926754,-10936.473438695946,12.010726046167413,1.8,8.0,1.0,1.5,15.0,peak,False
EURUSD,34,29.411764705882355,0.4524703384227297,-11732.671653099518,13.012182842602488,1.8,8.0,1.2,1.8,15.0,peak,False
EURUSD,34,23.52941176470588,0.44349641071686546,-11923.94417301657,13.414025222241799,1.8,8.0,1.5,2.0,15.0,peak,False
EURUSD,34,35.294117647058826,0.4679761831926754,-10936.473438695946,12.010726046167413,1.8,10.0,1.0,1.5,15.0,peak,False
EURUSD,34,29.411764705882355,0.4524703384227297,-11732.671653099518,13.012182842602488,1.8,10.0,1.2,1.8,15.0,peak,False
EURUSD,34,23.52941176470588,0.44349641071686546,-11923.94417301657,13.414025222241799,1.8,10.0,1.5,2.0,15.0,peak,False
EURUSD,34,35.294117647058826,0.46842187650588635,-10919.517661985577,11.993974784010248,1.8,12.0,1.0,1.5,15.0,peak,False
EURUSD,34,29.411764705882355,0.452825567697493,-11716.829968022445,12.996570796438162,1.8,12.0,1.2,1.8,15.0,peak,False
EURUSD,34,23.52941176470588,0.4259886577681109,-12286.00672795005,13.769962360378669,1.8,12.0,1.5,2.0,15.0,peak,False
EURUSD,34,35.294117647058826,0.47072307491105125,-10844.455504035941,11.919817999135477,1.8,15.0,1.0,1.5,15.0,peak,False
EURUSD,34,29.411764705882355,0.4195875705947531,-12377.557877498257,13.647720883981169,1.8,15.0,1.2,1.8,15.0,peak,False
EURUSD,34,23.52941176470588,0.4191646142011069,-12394.790150789253,13.876905372503312,1.8,15.0,1.5,2.0,15.0,peak,False
EURUSD,21,23.809523809523807,0.19469904900744042,-12818.212976493829,13.265862353294445,1.0,8.0,1.0,1.5,15.0,peak,True
EURUSD,19,15.789473684210526,0.26402857574842825,-11899.17698405942,14.401487529041477,1.0,8.0,1.2,1.8,15.0,peak,True
EURUSD,17,17.647058823529413,0.3502729537044053,-9338.934116831282,12.346240577879554,1.0,8.0,1.5,2.0,15.0,peak,True
EURUSD,19,21.052631578947366,0.22833351679004932,-10768.339822087743,12.278505518666526,1.0,10.0,1.0,1.5,15.0,peak,True
EURUSD,17,23.52941176470588,0.4569345887289368,-6693.642856347826,10.642531117362013,1.0,10.0,1.2,1.8,15.0,peak,True
EURUSD,14,28.57142857142857,0.7097516803786732,-2743.821376343607,7.543860701579881,1.0,10.0,1.5,2.0,15.0,peak,True
EURUSD,18,27.77777777777778,0.3650599130679812,-7672.156859759416,9.862610901814625,1.0,12.0,1.0,1.5,15.0,peak,True
EURUSD,14,28.57142857142857,0.6138650397663059,-3606.186349792042,7.702502367762744,1.0,12.0,1.2,1.8,15.0,peak,True
EURUSD,10,30.0,0.5695166279791128,-3132.172082154546,5.479374420970906,1.0,12.0,1.5,2.0,15.0,peak,True
EURUSD,14,28.57142857142857,0.4415591089244222,-5107.640000000174,7.847223430430262,1.0,15.0,1.0,1.5,15.0,peak,True
EURUSD,10,30.0,0.4370738023305923,-4043.3300000002055,6.004443883264156,1.0,15.0,1.2,1.8,15.0,peak,True
EURUSD,5,20.0,0.4151020901292568,-2420.6000000001513,4.068605427363483,1.0,15.0,1.5,2.0,15.0,peak,True
EURUSD,18,27.77777777777778,0.34302438141383096,-8681.404184779443,10.85088264720162,1.2,8.0,1.0,1.5,15.0,peak,True
EURUSD,17,23.52941176470588,0.30453362729980943,-9170.845227924176,11.018147789913375,1.2,8.0,1.2,1.8,15.0,peak,True
EURUSD,11,27.27272727272727,0.49504628776909476,-4225.312241323991,6.54311497252085,1.2,8.0,1.5,2.0,15.0,peak,True
EURUSD,18,27.77777777777778,0.4208514276318494,-7080.107402202513,10.363057284655449,1.2,10.0,1.0,1.5,15.0,peak,True
EURUSD,16,31.25,0.5254217867596814,-4869.094982605762,8.136325449503852,1.2,10.0,1.2,1.8,15.0,peak,True
EURUSD,11,36.36363636363637,0.9179669295855652,-519.5192290649575,4.549368410623637,1.2,10.0,1.5,2.0,15.0,peak,True
EURUSD,17,29.411764705882355,0.46176346090706816,-6031.009103900971,9.360205465474598,1.2,12.0,1.0,1.5,15.0,peak,True
EURUSD,14,28.57142857142857,0.52454627596524,-4395.293554148142,7.686863425263418,1.2,12.0,1.2,1.8,15.0,peak,True
EURUSD,9,33.33333333333333,0.6643305562752235,-2101.816792576501,4.47196333840038,1.2,12.0,1.5,2.0,15.0,peak,True
EURUSD,14,28.57142857142857,0.4415591089244222,-5107.640000000174,7.847223430430262,1.2,15.0,1.0,1.5,15.0,peak,True
EURUSD,10,30.0,0.4370738023305923,-4043.3300000002055,6.004443883264156,1.2,15.0,1.2,1.8,15.0,peak,True
EURUSD,5,20.0,0.4151020901292568,-2420.6000000001513,4.068605427363483,1.2,15.0,1.5,2.0,15.0,peak,True
EURUSD,16,31.25,0.43939861832585064,-5716.616523732504,8.418165622652898,1.5,8.0,1.0,1.5,15.0,peak,True
EURUSD,12,33.33333333333333,0.6716195224559298,-2395.373803500028,5.751442200720012,1.5,8.0,1.2,1.8,15.0,peak,True
EURUSD,8,37.5,1.2000563104257302,846.5948961156537,3.073304149563715,1.5,8.0,1.5,2.0,15.0,peak,True
EURUSD,16,31.25,0.4399656605986106,-5706.9736570353125,8.41138950959876,1.5,10.0,1.0,1.5,15.0,peak,True
EURUSD,11,36.36363636363637,0.7845079909225009,-1350.3511113693385,4.744280577904582,1.5,10.0,1.2,1.8,15.0,peak,True
EURUSD,8,37.5,1.20178414202152,853.2018665420183,3.073304149563715,1.5,10.0,1.5,2.0,15.0,peak,True
EURUSD,15,33.33333333333333,0.4912841030858483,-4669.701349561219,7.411580629255762,1.5,12.0,1.0,1.5,15.0,peak,True
EURUSD,11,36.36363636363637,0.7890832172794526,-1317.8263579936902,4.721715929730711,1.5,12.0,1.2,1.8,15.0,peak,True
EURUSD,6,33.33333333333333,0.8157203440953484,-768.3284580070467,3.0716537441161207,1.5,12.0,1.5,2.0,15.0,peak,True
EURUSD,13,30.76923076923077,0.4973322787476444,-4105.850272815005,6.873660315803742,1.5,15.0,1.0,1.5,15.0,peak,True
EURUSD,9,33.33333333333333,0.5096456453986752,-3030.3568108500767,5.011164400435369,1.5,15.0,1.2,1.8,15.0,peak,True
EURUSD,4,25.0,0.5513214455836799,-1398.0680323722481,3.063342865289421,1.5,15.0,1.5,2.0,15.0,peak,True
EURUSD,12,33.33333333333333,0.6009362856166159,-2710.598745153169,5.509531308673898,1.8,8.0,1.0,1.5,15.0,peak,True
EURUSD,10,30.0,0.6952396024703781,-1885.916130994141,4.695919343647812,1.8,8.0,1.2,1.8,15.0,peak,True
EURUSD,3,33.33333333333333,0.626675039362471,-773.4252873447258,1.0434534742045123,1.8,8.0,1.5,2.0,15.0,peak,True
EURUSD,12,33.33333333333333,0.6009362856166159,-2710.598745153169,5.509531308673898,1.8,10.0,1.0,1.5,15.0,peak,True
EURUSD,10,30.0,0.6952396024703781,-1885.916130994141,4.695919343647812,1.8,10.0,1.2,1.8,15.0,peak,True
EURUSD,3,33.33333333333333,0.626675039362471,-773.4252873447258,1.0434534742045123,1.8,10.0,1.5,2.0,15.0,peak,True
EURUSD,11,36.36363636363637,0.7095094067784928,-1677.2013966753002,4.508191309572004,1.8,12.0,1.0,1.5,15.0,peak,True
EURUSD,10,30.0,0.6960492658902527,-1879.736457670646,4.692128039800297,1.8,12.0,1.2,1.8,15.0,peak,True
EURUSD,3,33.33333333333333,0.6270687665870769,-772.1244840892614,1.0421562108630833,1.8,12.0,1.5,2.0,15.0,peak,True
EURUSD,11,36.36363636363637,0.7140663127056629,-1646.1055975411728,4.485587615187537,1.8,15.0,1.0,1.5,15.0,peak,True
EURUSD,8,25.0,0.4127385742238992,-3597.879345436537,4.995311378097068,1.8,15.0,1.2,1.8,15.0,peak,True
EURUSD,2,0.0,0.0,-2048.4205357729224,1.0335987336725962,1.8,15.0,1.5,2.0,15.0,peak,True
EURUSD,34,29.411764705882355,0.35500059571481135,-15028.7639135012,14.569287268106477,1.0,8.0,1.0,1.5,20.0,peak,False
EURUSD,34,26.47058823529412,0.4211512177573735,-14143.227542650566,14.479851367680963,1.0,8.0,1.2,1.8,20.0,peak,False
EURUSD,34,26.47058823529412,0.49632547687949313,-12395.866085012705,12.953784888142025,1.0,8.0,1.5,2.0,20.0,peak,False
EURUSD,32,31.25,0.3925071927789057,-13041.640545101793,12.571418654358773,1.0,10.0,1.0,1.5,20.0,peak,False
EURUSD,31,29.03225806451613,0.4099589166257463,-12709.662094568921,13.051906586097228,1.0,10.0,1.2,1.8,20.0,peak,False
EURUSD,31,29.03225806451613,0.48864055782343124,-11097.345739354874,11.663534345342974,1.0,10.0,1.5,2.0,20.0,peak,False
EURUSD,30,33.33333333333333,0.3644256881067442,-12290.533173883756,12.022663489839628,1.0,12.0,1.0,1.5,20.0,peak,False
EURUSD,30,30.0,0.43293334377664544,-11621.520748490366,11.976133696281417,1.0,12.0,1.2,1.8,20.0,peak,False
EURUSD,30,23.333333333333332,0.42008547021255277,-12331.255788057548,12.764700841706954,1.0,12.0,1.5,2.0,20.0,peak,False
EURUSD,29,31.03448275862069,0.3464844582339381,-12574.750000000495,12.10985507843787,1.0,15.0,1.0,1.5,20.0,peak,False
EURUSD,29,27.586206896551722,0.40871175581495894,-11462.300000000701,11.079988410170193,1.0,15.0,1.2,1.8,20.0,peak,False
EURUSD,29,24.137931034482758,0.39795092642435514,-12134.570000000691,11.334309761469486,1.0,15.0,1.5,2.0,20.0,peak,False
EURUSD,32,31.25,0.4210284579040819,-12432.196787649402,12.573170443945292,1.2,8.0,1.0,1.5,20.0,peak,False
EURUSD,31,32.25806451612903,0.37684344381033347,-12706.625262453555,12.634095940018836,1.2,8.0,1.2,1.8,20.0,peak,False
EURUSD,31,25.806451612903224,0.3901397303973491,-13508.448961209855,13.945839770017443,1.2,8.0,1.5,2.0,20.0,peak,False
EURUSD,31,32.25806451612903,0.4440475342899797,-11430.080800062526,11.572667742858934,1.2,10.0,1.0,1.5,20.0,peak,False
EURUSD,30,33.33333333333333,0.4369695850681709,-10975.921921923058,11.681667025365483,1.2,10.0,1.2,1.8,20.0,peak,False
EURUSD,30,26.666666666666668,0.41132497408681346,-12511.580806842569,13.00774099907714,1.2,10.0,1.5,2.0,20.0,peak,False
EURUSD,30,33.33333333333333,0.40027310987203796,-11666.942935256244,12.008457178087625,1.2,12.0,1.0,1.5,20.0,peak,False
EURUSD,30,30.0,0.39255992336368184,-12341.912989103352,11.959942829789043,1.2,12.0,1.2,1.8,20.0,peak,False
EURUSD,30,23.333333333333332,0.4207819295622971,-12307.125144408492,12.748240605395766,1.2,12.0,1.5,2.0,20.0,peak,False
EURUSD,29,31.03448275862069,0.34685204939177877,-12567.676921218663,12.102744387657168,1.2,15.0,1.0,1.5,20.0,peak,False
EURUSD,29,27.586206896551722,0.4088047395006939,-11461.413836011401,11.079098419666721,1.2,15.0,1.2,1.8,20.0,peak,False
EURUSD,29,24.137931034482758,0.3980352317839323,-12132.870787541004,11.334309761469486,1.2,15.0,1.5,2.0,20.0,peak,False
EURUSD,29,34.48275862068966,0.35218616477331494,-11946.369643882048,11.480429494187177,1.5,8.0,1.0,1.5,20.0,peak,False
EURUSD,29,31.03448275862069,0.42036502885553856,-11287.834852053522,10.907116001393563,1.5,8.0,1.2,1.8,20.0,peak,False
EURUSD,29,24.137931034482758,0.4336484925537646,-11518.518824483632,11.164333728683674,1.5,8.0,1.5,2.0,20.0,peak,False
EURUSD,29,34.48275862068966,0.35243103021027106,-11933.556990468467,11.467549041982972,1.5,10.0,1.0,1.5,20.0,peak,False
EURUSD,29,31.03448275862069,0.4206441824285434,-11274.911226365031,10.89413691242213,1.5,10.0,1.2,1.8,20.0,peak,False
EURUSD,29,24.137931034482758,0.43395250067901303,-11504.270835474934,11.160831267228852,1.5,10.0,1.5,2.0,20.0,peak,False
EURUSD,29,34.48275862068966,0.38693467248327645,-11290.355712876612,11.032057887533226,1.5,12.0,1.0,1.5,20.0,peak,False
EURUSD,29,31.03448275862069,0.4218737619999442,-11231.361987658805,10.850400776957342,1.5,12.0,1.2,1.8,20.0,peak,False
EURUSD,29,24.137931034482758,0.4350439808985581,-11463.31804392043,11.149921974341805,1.5,12.0,1.5,2.0,20.0,peak,False
EURUSD,28,32.142857142857146,0.3666825424925908,-11640.643191180643,11.173085274807033,1.5,15.0,1.0,1.5,20.0,peak,False
EURUSD,28,28.57142857142857,0.4323102864874927,-10517.214376621036,10.133188316163992,1.5,15.0,1.2,1.8,20.0,peak,False
EURUSD,28,25.0,0.42029714712563465,-11191.323587302395,10.394401252106043,1.5,15.0,1.5,2.0,20.0,peak,False
EURUSD,28,32.142857142857146,0.37162571553906704,-11569.028538621307,11.10457612610873,1.8,8.0,1.0,1.5,20.0,peak,False
EURUSD,28,25.0,0.3502178330848937,-12510.111820260689,11.603125288486586,1.8,8.0,1.2,1.8,20.0,peak,False
EURUSD,28,25.0,0.37372224013955796,-12069.745149897382,11.158193443251445,1.8,8.0,1.5,2.0,20.0,peak,False
EURUSD,28,32.142857142857146,0.37162571553906704,-11569.028538621307,11.10457612610873,1.8,10.0,1.0,1.5,20.0,peak,False
EURUSD,28,25.0,0.3502178330848937,-12510.111820260689,11.603125288486586,1.8,10.0,1.2,1.8,20.0,peak,False
EURUSD,28,25.0,0.37372224013955796,-12069.745149897382,11.158193443251445,1.8,10.0,1.5,2.0,20.0,peak,False
EURUSD,28,32.142857142857146,0.3720378849554715,-11554.730664303643,11.090203157261264,1.8,12.0,1.0,1.5,20.0,peak,False
EURUSD,28,25.0,0.35039798886951856,-12500.213078143512,11.593123928501564,1.8,12.0,1.2,1.8,20.0,peak,False
EURUSD,28,25.0,0.3739001894480517,-12060.572987612846,11.148926195376633,1.8,12.0,1.5,2.0,20.0,peak,False
EURUSD,28,32.142857142857146,0.37335341744879935,-11506.693709951607,11.041913905790118,1.8,15.0,1.0,1.5,20.0,peak,False
EURUSD,28,25.0,0.3331738173660122,-12790.439992075932,11.88635955472719,1.8,15.0,1.2,1.8,20.0,peak,False
EURUSD,28,25.0,0.37068491719079893,-12095.55849865111,11.184274392754775,1.8,15.0,1.5,2.0,20.0,peak,False
EURUSD,15,13.333333333333334,0.12215294575793462,-11365.400919746011,10.886114868053856,1.0,8.0,1.0,1.5,20.0,peak,True
EURUSD,14,14.285714285714285,0.22906176882534124,-9362.592547922482,10.663009303562097,1.0,8.0,1.2,1.8,20.0,peak,True
EURUSD,13,15.384615384615385,0.2922907786744353,-7947.842086942939,9.49167511109512,1.0,8.0,1.5,2.0,20.0,peak,True
EURUSD,14,14.285714285714285,0.134122223734183,-10360.421069733886,9.875700652349996,1.0,10.0,1.0,1.5,20.0,peak,True
EURUSD,13,15.384615384615385,0.2520448127706449,-8335.193050765156,9.650350381608728,1.0,10.0,1.2,1.8,20.0,peak,True
EURUSD,11,18.181818181818183,0.3598911175620712,-5920.994890358474,7.498820747573327,1.0,10.0,1.5,2.0,20.0,peak,True
EURUSD,14,21.428571428571427,0.19000178680687813,-8873.74539503429,8.384141083398005,1.0,12.0,1.0,1.5,20.0,peak,True
EURUSD,11,18.181818181818183,0.310563480249937,-6319.9637385944225,7.665635532901469,1.0,12.0,1.2,1.8,20.0,peak,True
EURUSD,9,22.22222222222222,0.33506293250097335,-4757.237178011856,5.478464847684568,1.0,12.0,1.5,2.0,20.0,peak,True
EURUSD,11,18.181818181818183,0.1842562878241064,-7346.180000000284,7.815922404205182,1.0,15.0,1.0,1.5,20.0,peak,True
EURUSD,9,22.22222222222222,0.23280912212284566,-5429.640000000189,6.0025264023358735,1.0,15.0,1.2,1.8,20.0,peak,True
EURUSD,4,0.0,0.0,-4070.3000000001484,3.068170278423597,1.0,15.0,1.5,2.0,20.0,peak,True
EURUSD,13,23.076923076923077,0.27676587575914313,-7318.224580995477,8.429004265272381,1.2,8.0,1.0,1.5,20.0,peak,True
EURUSD,12,25.0,0.27834870490719643,-6573.219609874228,7.14105421901172,1.2,8.0,1.2,1.8,20.0,peak,True
EURUSD,8,25.0,0.38689256936390987,-3797.382454684106,4.524490899216349,1.2,8.0,1.5,2.0,20.0,peak,True
EURUSD,13,23.076923076923077,0.27795840220126633,-7294.984689818724,8.406042901334299,1.2,10.0,1.0,1.5,20.0,peak,True
EURUSD,12,25.0,0.27963333851815014,-6549.863979525369,7.117840540843757,1.2,10.0,1.2,1.8,20.0,peak,True
EURUSD,8,25.0,0.3890881355709812,-3774.180369511276,4.501464177588625,1.2,10.0,1.5,2.0,20.0,peak,True
EURUSD,13,23.076923076923077,0.2795190602068952,-7257.276082160664,8.368786226703197,1.2,12.0,1.0,1.5,20.0,peak,True
EURUSD,11,18.181818181818183,0.21936214119721426,-7083.544415134311,7.648277343093045,1.2,12.0,1.2,1.8,20.0,peak,True
EURUSD,8,25.0,0.39163538265570846,-3746.037027363491,4.473533545471571,1.2,12.0,1.5,2.0,20.0,peak,True
EURUSD,11,18.181818181818183,0.1842562878241064,-7346.180000000284,7.815922404205182,1.2,15.0,1.0,1.5,20.0,peak,True
EURUSD,9,22.22222222222222,0.23280912212284566,-5429.640000000189,6.0025264023358735,1.2,15.0,1.2,1.8,20.0,peak,True
EURUSD,4,0.0,0.0,-4070.3000000001484,3.068170278423597,1.2,15.0,1.5,2.0,20.0,peak,True
EURUSD,11,27.27272727272727,0.26381202410638704,-5940.392650914218,6.416927266277944,1.5,8.0,1.0,1.5,20.0,peak,True
EURUSD,8,25.0,0.3283338187137085,-4116.664993608152,4.697298912401972,1.5,8.0,1.2,1.8,20.0,peak,True
EURUSD,5,20.0,0.4019652406919201,-2457.476369084383,2.0639443955647248,1.5,8.0,1.5,2.0,20.0,peak,True
EURUSD,11,27.27272727272727,0.26384117718279326,-5939.501054635635,6.416040187097632,1.5,10.0,1.0,1.5,20.0,peak,True
EURUSD,8,25.0,0.3284071473064304,-4115.296468422122,4.69593867449697,1.5,10.0,1.2,1.8,20.0,peak,True
EURUSD,5,20.0,0.4020489698696912,-2456.620591718005,2.0639443955647248,1.5,10.0,1.5,2.0,20.0,peak,True
EURUSD,11,27.27272727272727,0.26458130144310876,-5926.649562090388,6.403253804127375,1.5,12.0,1.0,1.5,20.0,peak,True
EURUSD,8,25.0,0.3294828901998515,-4103.192364239818,4.683907868280828,1.5,12.0,1.2,1.8,20.0,peak,True
EURUSD,5,20.0,0.4040339478234333,-2443.2555089570233,2.0629924712593564,1.5,12.0,1.5,2.0,20.0,peak,True
EURUSD,10,20.0,0.2076919707793019,-6370.411472143445,6.844767481202642,1.5,15.0,1.0,1.5,20.0,peak,True
EURUSD,8,25.0,0.27215109049973907,-4432.766155740799,5.011485883121772,1.5,15.0,1.2,1.8,20.0,peak,True
EURUSD,3,0.0,0.0,-3064.212283108791,2.0549665446148717,1.5,15.0,1.5,2.0,20.0,peak,True
EURUSD,8,25.0,0.29670858546791284,-3984.892198683083,4.469908283250361,1.8,8.0,1.0,1.5,20.0,peak,True
EURUSD,7,14.285714285714285,0.23140297305529803,-4656.48810337641,3.668687037883224,1.8,8.0,1.2,1.8,20.0,peak,True
EURUSD,3,33.33333333333333,0.626675039362471,-773.4252873447258,1.0434534742045123,1.8,8.0,1.5,2.0,20.0,peak,True
EURUSD,8,25.0,0.29670858546791284,-3984.892198683083,4.469908283250361,1.8,10.0,1.0,1.5,20.0,peak,True
EURUSD,7,14.285714285714285,0.23140297305529803,-4656.48810337641,3.668687037883224,1.8,10.0,1.2,1.8,20.0,peak,True
EURUSD,3,33.33333333333333,0.626675039362471,-773.4252873447258,1.0434534742045123,1.8,10.0,1.5,2.0,20.0,peak,True
EURUSD,8,25.0,0.2967643255570471,-3983.827964442884,4.468849424942514,1.8,12.0,1.0,1.5,20.0,peak,True
EURUSD,7,14.285714285714285,0.2314519267023516,-4655.206705353761,3.667392364008795,1.8,12.0,1.2,1.8,20.0,peak,True
EURUSD,3,33.33333333333333,0.6270687665870769,-772.1244840892614,1.0421562108630833,1.8,12.0,1.5,2.0,20.0,peak,True
EURUSD,8,25.0,0.29829365763119964,-3967.7015488565376,4.452804471233625,1.8,15.0,1.0,1.5,20.0,peak,True
EURUSD,7,14.285714285714285,0.1727359444381303,-4996.075747693132,4.0117929607929,1.8,15.0,1.2,1.8,20.0,peak,True
EURUSD,2,0.0,0.0,-2048.4205357729224,1.0335987336725962,1.8,15.0,1.5,2.0,20.0,peak,True
EURUSD,20,25.0,0.2874833902457608,-10661.95748095859,9.719032019961361,1.0,8.0,1.0,1.5,25.0,peak,False
EURUSD,20,20.0,0.2878961355577918,-11312.656274720954,10.376598665791859,1.0,8.0,1.2,1.8,25.0,peak,False
EURUSD,20,20.0,0.39271698973347113,-9708.867939504999,8.755883019290787,1.0,8.0,1.5,2.0,25.0,peak,False
EURUSD,20,25.0,0.2893315925281839,-10588.262244227953,9.644558961005089,1.0,10.0,1.0,1.5,25.0,peak,False
EURUSD,20,20.0,0.2885515284521346,-11240.68924021571,10.303872049508557,1.0,10.0,1.2,1.8,25.0,peak,False
EURUSD,20,20.0,0.34082485353438174,-10447.487309602526,9.50229820615808,1.0,10.0,1.5,2.0,25.0,peak,False
EURUSD,19,26.31578947368421,0.30876538482408594,-9542.003292728405,8.59019873707815,1.0,12.0,1.0,1.5,25.0,peak,False
EURUSD,19,21.052631578947366,0.3098870668375816,-10189.027684426736,9.244031158868342,1.0,12.0,1.2,1.8,25.0,peak,False
EURUSD,19,21.052631578947366,0.3814710499835334,-9170.025874676998,8.214307349958329,1.0,12.0,1.5,2.0,25.0,peak,False
EURUSD,18,27.77777777777778,0.3103201566965524,-8820.350000000297,7.867841681221559,1.0,15.0,1.0,1.5,25.0,peak,False
EURUSD,18,27.77777777777778,0.38650070126224934,-7873.650000000562,6.911251978581104,1.0,15.0,1.2,1.8,25.0,peak,False
EURUSD,18,27.77777777777778,0.440795408591759,-7190.70000000055,6.616100555594463,1.0,15.0,1.5,2.0,25.0,peak,False
EURUSD,19,26.31578947368421,0.3084240087491107,-9600.163427613108,8.653446424058094,1.2,8.0,1.0,1.5,25.0,peak,False
EURUSD,19,26.31578947368421,0.3152544786861594,-9499.565818231014,8.551795300964846,1.2,8.0,1.2,1.8,25.0,peak,False
EURUSD,19,21.052631578947366,0.36390838439057965,-9460.146392730443,8.511963053474664,1.2,8.0,1.5,2.0,25.0,peak,False
EURUSD,19,26.31578947368421,0.30906877824518925,-9574.02316682128,8.627032408021709,1.2,10.0,1.0,1.5,25.0,peak,False
EURUSD,19,26.31578947368421,0.37117399969743065,-8722.794696923447,8.078003883367112,1.2,10.0,1.2,1.8,25.0,peak,False
EURUSD,19,21.052631578947366,0.36484353476231,-9429.40882414949,8.48090358410356,1.2,10.0,1.5,2.0,25.0,peak,False
EURUSD,19,26.31578947368421,0.30962618916167534,-9520.188579168622,8.572634034841967,1.2,12.0,1.0,1.5,25.0,peak,False
EURUSD,19,21.052631578947366,0.3106114120897028,-10168.415493961336,9.227649539809894,1.2,12.0,1.2,1.8,25.0,peak,False
EURUSD,19,21.052631578947366,0.38249854509707165,-9145.137270187348,8.19365498146556,1.2,12.0,1.5,2.0,25.0,peak,False
EURUSD,18,27.77777777777778,0.31041609647536034,-8819.123021372128,7.8666018849597386,1.2,15.0,1.0,1.5,25.0,peak,False
EURUSD,18,27.77777777777778,0.38681369763051604,-7869.633004610238,6.907193019643808,1.2,15.0,1.2,1.8,25.0,peak,False
EURUSD,18,27.77777777777778,0.4411287596526662,-7186.413505378558,6.611769282101464,1.2,15.0,1.5,2.0,25.0,peak,False
EURUSD,18,27.77777777777778,0.286247285430906,-9162.551930334768,8.217388945441424,1.5,8.0,1.0,1.5,25.0,peak,False
EURUSD,18,22.22222222222222,0.33588416557166373,-9181.28197010998,8.236313871143926,1.5,8.0,1.2,1.8,25.0,peak,False
EURUSD,18,22.22222222222222,0.4114684817741375,-8171.6066721248935,7.2161329090445925,1.5,8.0,1.5,2.0,25.0,peak,False
EURUSD,18,27.77777777777778,0.286390305774672,-9156.141190084352,8.210911501485455,1.5,10.0,1.0,1.5,25.0,peak,False
EURUSD,18,22.22222222222222,0.3360326083037225,-9175.174842341235,8.230143198755288,1.5,10.0,1.2,1.8,25.0,peak,False
EURUSD,18,22.22222222222222,0.4116809801770224,-8164.439751481041,7.208891416643692,1.5,10.0,1.5,2.0,25.0,peak,False
EURUSD,18,27.77777777777778,0.33689271357361433,-8511.291810663897,7.559352468973526,1.5,12.0,1.0,1.5,25.0,peak,False
EURUSD,18,22.22222222222222,0.33659357364005654,-9156.819159966079,8.211596525638814,1.5,12.0,1.2,1.8,25.0,peak,False
EURUSD,18,22.22222222222222,0.4122385482752179,-8147.71873593879,7.1919964190566175,1.5,12.0,1.5,2.0,25.0,peak,False
EURUSD,17,29.411764705882355,0.3384089559091546,-7853.665538310699,6.894883600051055,1.5,15.0,1.0,1.5,25.0,peak,False
EURUSD,17,29.411764705882355,0.421379416846681,-6893.8455816481,5.925076723737158,1.5,15.0,1.2,1.8,25.0,peak,False
EURUSD,17,29.411764705882355,0.48057705492462127,-6201.4302460215695,5.624667824211012,1.5,15.0,1.5,2.0,25.0,peak,False
EURUSD,17,29.411764705882355,0.3389774185901856,-7840.321668078774,6.886653424584119,1.8,8.0,1.0,1.5,25.0,peak,False
EURUSD,17,29.411764705882355,0.35538594857697564,-7657.0733993383765,6.701508902973339,1.8,8.0,1.2,1.8,25.0,peak,False
EURUSD,17,29.411764705882355,0.4066358288658063,-7062.051708014347,6.10032992788402,1.8,8.0,1.5,2.0,25.0,peak,False
EURUSD,17,29.411764705882355,0.3389774185901856,-7840.321668078774,6.886653424584119,1.8,10.0,1.0,1.5,25.0,peak,False
EURUSD,17,29.411764705882355,0.35538594857697564,-7657.0733993383765,6.701508902973339,1.8,10.0,1.2,1.8,25.0,peak,False
EURUSD,17,29.411764705882355,0.4066358288658063,-7062.051708014347,6.10032992788402,1.8,10.0,1.5,2.0,25.0,peak,False
EURUSD,17,29.411764705882355,0.3391658724350131,-7833.731288310737,6.879994847573973,1.8,12.0,1.0,1.5,25.0,peak,False
EURUSD,17,29.411764705882355,0.3554784739555992,-7653.981604940651,6.698385114690805,1.8,12.0,1.2,1.8,25.0,peak,False
EURUSD,17,29.411764705882355,0.4067656177928682,-7058.254162569661,6.096493085443518,1.8,12.0,1.5,2.0,25.0,peak,False
EURUSD,17,29.411764705882355,0.34009966583844037,-7811.601635403349,6.857636197044219,1.8,15.0,1.0,1.5,25.0,peak,False
EURUSD,17,29.411764705882355,0.3553003741033399,-7644.339240871006,6.688642971449041,1.8,15.0,1.2,1.8,25.0,peak,False
EURUSD,17,29.411764705882355,0.40654877461732103,-7050.337780060916,6.088494784217825,1.8,15.0,1.5,2.0,25.0,peak,False
EURUSD,10,0.0,0.0,-10029.2890254144,9.079686014984926,1.0,8.0,1.0,1.5,25.0,peak,True
EURUSD,10,0.0,0.0,-10029.2890254144,9.079686014984926,1.0,8.0,1.2,1.8,25.0,peak,True
EURUSD,9,0.0,0.0,-9071.753762493565,8.11204437012697,1.0,8.0,1.5,2.0,25.0,peak,True
EURUSD,10,0.0,0.0,-9998.639359307737,9.048712854544513,1.0,10.0,1.0,1.5,25.0,peak,True
EURUSD,10,0.0,0.0,-9998.639359307737,9.048712854544513,1.0,10.0,1.2,1.8,25.0,peak,True
EURUSD,8,0.0,0.0,-8078.189359307944,7.107993312583498,1.0,10.0,1.5,2.0,25.0,peak,True
EURUSD,10,10.0,0.05235473329043813,-8526.950299176882,7.5644652940511214,1.0,12.0,1.0,1.5,25.0,peak,True
EURUSD,8,0.0,0.0,-8035.540299176835,7.067884648074832,1.0,12.0,1.2,1.8,25.0,peak,True
EURUSD,6,0.0,0.0,-6089.45947095679,5.101327038747696,1.0,12.0,1.5,2.0,25.0,peak,True
EURUSD,8,0.0,0.0,-7974.750000000291,7.0134081198473,1.0,15.0,1.0,1.5,25.0,peak,True
EURUSD,6,0.0,0.0,-6043.45000000023,5.061932792172053,1.0,15.0,1.2,1.8,25.0,peak,True
EURUSD,3,0.0,0.0,-3069.0000000001164,2.0564101968199044,1.0,15.0,1.5,2.0,25.0,peak,True
EURUSD,10,10.0,0.052400835746064224,-8544.518543364858,7.586746243699539,1.2,8.0,1.0,1.5,25.0,peak,True
EURUSD,9,11.11111111111111,0.07075869379848919,-7486.924849989489,6.51807684520862,1.2,8.0,1.2,1.8,25.0,peak,True
EURUSD,5,0.0,0.0,-5113.954246727764,4.118612111560525,1.2,8.0,1.5,2.0,25.0,peak,True
EURUSD,10,10.0,0.05246804265473968,-8532.968543364856,7.575075285722114,1.2,10.0,1.0,1.5,25.0,peak,True
EURUSD,9,11.11111111111111,0.07086335692789242,-7475.024849989495,6.506052221837934,1.2,10.0,1.2,1.8,25.0,peak,True
EURUSD,5,0.0,0.0,-5101.754246727767,4.106284135165763,1.2,10.0,1.5,2.0,25.0,peak,True
EURUSD,10,10.0,0.052573898894588814,-8510.164005205428,7.5520319258473645,1.2,12.0,1.0,1.5,25.0,peak,True
EURUSD,8,0.0,0.0,-8019.904005205375,7.056637652426474,1.2,12.0,1.2,1.8,25.0,peak,True
EURUSD,5,0.0,0.0,-5088.778483726244,4.093172258117661,1.2,12.0,1.5,2.0,25.0,peak,True
EURUSD,8,0.0,0.0,-7974.750000000291,7.0134081198473,1.2,15.0,1.0,1.5,25.0,peak,True
EURUSD,6,0.0,0.0,-6043.45000000023,5.061932792172053,1.2,15.0,1.2,1.8,25.0,peak,True
EURUSD,3,0.0,0.0,-3069.0000000001164,2.0564101968199044,1.2,15.0,1.5,2.0,25.0,peak,True
EURUSD,8,12.5,0.06813975447594943,-6554.9857682603615,5.58269107646167,1.5,8.0,1.0,1.5,25.0,peak,True
EURUSD,5,0.0,0.0,-5071.4068583265325,4.0829361098591574,1.5,8.0,1.2,1.8,25.0,peak,True
EURUSD,2,0.0,0.0,-2073.0336523081787,1.051090780864717,1.5,8.0,1.5,2.0,25.0,peak,True
EURUSD,8,12.5,0.06816032152031792,-6552.8632021630765,5.580546425079618,1.5,10.0,1.0,1.5,25.0,peak,True
EURUSD,5,0.0,0.0,-5069.736716776009,4.081248577488701,1.5,10.0,1.2,1.8,25.0,peak,True
EURUSD,2,0.0,0.0,-2072.2985214876244,1.0503479783911986,1.5,10.0,1.5,2.0,25.0,peak,True
EURUSD,8,12.5,0.06823260821096273,-6545.413202163254,5.573018907884113,1.5,12.0,1.0,1.5,25.0,peak,True
EURUSD,5,0.0,0.0,-5061.536716776187,4.072963192676263,1.5,12.0,1.2,1.8,25.0,peak,True
EURUSD,2,0.0,0.0,-2064.048521487799,1.0420118833247776,1.5,12.0,1.5,2.0,25.0,peak,True
EURUSD,7,0.0,0.0,-7003.876440147462,6.036252452517014,1.5,15.0,1.0,1.5,25.0,peak,True
EURUSD,5,0.0,0.0,-5050.460953774542,4.061772100168704,1.5,15.0,1.2,1.8,25.0,peak,True
EURUSD,2,0.0,0.0,-2055.79852148777,1.0336757882581504,1.5,15.0,1.5,2.0,25.0,peak,True
EURUSD,5,0.0,0.0,-4624.382844332169,4.059764967140278,1.8,8.0,1.0,1.5,25.0,peak,True
EURUSD,4,0.0,0.0,-4060.9481023272238,3.0694758571457665,1.8,8.0,1.2,1.8,25.0,peak,True
EURUSD,1,0.0,0.0,-1042.6593851467478,0.0,1.8,8.0,1.5,2.0,25.0,peak,True
EURUSD,5,0.0,0.0,-4624.382844332169,4.059764967140278,1.8,10.0,1.0,1.5,25.0,peak,True
EURUSD,4,0.0,0.0,-4060.9481023272238,3.0694758571457665,1.8,10.0,1.2,1.8,25.0,peak,True
EURUSD,1,0.0,0.0,-1042.6593851467478,0.0,1.8,10.0,1.5,2.0,25.0,peak,True
EURUSD,5,0.0,0.0,-4623.10144630952,4.058475983318956,1.8,12.0,1.0,1.5,25.0,peak,True
EURUSD,4,0.0,0.0,-4059.847674123288,3.0683640566799433,1.8,12.0,1.2,1.8,25.0,peak,True
EURUSD,1,0.0,0.0,-1041.2500000000728,0.0,1.8,12.0,1.5,2.0,25.0,peak,True
EURUSD,5,0.0,0.0,-4616.001446309485,4.051333951748914,1.8,15.0,1.0,1.5,25.0,peak,True
EURUSD,4,0.0,0.0,-4051.1476741232473,3.059574147426464,1.8,15.0,1.2,1.8,25.0,peak,True
EURUSD,1,0.0,0.0,-1033.850000000035,0.0,1.8,15.0,1.5,2.0,25.0,peak,True
EURUSD,13,23.076923076923077,0.2727064889038027,-7388.3859980560665,6.410909367001984,1.0,8.0,1.0,1.5,30.0,peak,False
EURUSD,13,23.076923076923077,0.328318651422097,-6838.572448812745,5.8552927670115675,1.0,8.0,1.2,1.8,30.0,peak,False
EURUSD,13,23.076923076923077,0.4738675304690617,-5384.575651073479,4.562833649236945,1.0,8.0,1.5,2.0,30.0,peak,False
EURUSD,13,23.076923076923077,0.2737218488971377,-7346.044848693549,6.368121324617651,1.0,10.0,1.0,1.5,30.0,peak,False
EURUSD,13,23.076923076923077,0.4072851643639388,-6023.978729850234,5.0321013539836965,1.0,10.0,1.2,1.8,30.0,peak,False
EURUSD,13,23.076923076923077,0.4774030134026603,-5325.731380008205,4.525254981741633,1.0,10.0,1.5,2.0,30.0,peak,False
EURUSD,12,33.33333333333333,0.48524802727520544,-4169.490979071139,4.951306457560457,1.0,12.0,1.0,1.5,30.0,peak,False
EURUSD,12,25.0,0.45653569312268627,-4949.601174885494,4.716825116409928,1.0,12.0,1.2,1.8,30.0,peak,False
EURUSD,12,25.0,0.5348906396295049,-4245.285686781994,4.482206663667199,1.0,12.0,1.5,2.0,30.0,peak,False
EURUSD,11,27.27272727272727,0.4332505250376364,-4574.150000000154,3.9052241599780713,1.0,15.0,1.0,1.5,30.0,peak,False
EURUSD,11,27.27272727272727,0.5224891679903819,-3862.800000000352,3.667415575931978,1.0,15.0,1.2,1.8,30.0,peak,False
EURUSD,11,27.27272727272727,0.6112816908355277,-3152.350000000326,3.431173183962599,1.0,15.0,1.5,2.0,30.0,peak,False
EURUSD,12,33.33333333333333,0.4026196532238835,-4857.328399011822,4.985055922042609,1.2,8.0,1.0,1.5,30.0,peak,False
EURUSD,12,33.33333333333333,0.4846171724881353,-4196.671009879268,4.7501597824807815,1.2,8.0,1.2,1.8,30.0,peak,False
EURUSD,12,25.0,0.5315151062623943,-4295.392556927574,4.516219776146118,1.2,8.0,1.5,2.0,30.0,peak,False
EURUSD,12,33.33333333333333,0.40323597926260746,-4842.4859511619,4.968409430001931,1.2,10.0,1.0,1.5,30.0,peak,False
EURUSD,12,33.33333333333333,0.583707331147916,-3387.0537370028323,4.73524023304802,1.2,10.0,1.2,1.8,30.0,peak,False
EURUSD,12,25.0,0.5330305834901918,-4273.874823077087,4.499724854988271,1.2,10.0,1.5,2.0,30.0,peak,False
EURUSD,12,33.33333333333333,0.4865469129965153,-4154.9902701675455,4.941310637586319,1.2,12.0,1.0,1.5,30.0,peak,False
EURUSD,12,25.0,0.45762432608669346,-4936.160508497094,4.706648837624025,1.2,12.0,1.2,1.8,30.0,peak,False
EURUSD,12,25.0,0.5362035034814708,-4229.127926125366,4.470559421122097,1.2,12.0,1.5,2.0,30.0,peak,False
EURUSD,11,27.27272727272727,0.43346419081635873,-4572.425535549948,3.903481680908014,1.2,15.0,1.0,1.5,30.0,peak,False
EURUSD,11,27.27272727272727,0.5226819323118532,-3861.2406426600355,3.665839928763394,1.2,15.0,1.2,1.8,30.0,peak,False
EURUSD,11,27.27272727272727,0.6114335392040168,-3151.118570471226,3.4299288903035046,1.2,15.0,1.5,2.0,30.0,peak,False
EURUSD,11,36.36363636363637,0.46645614226940024,-3793.7086337584187,3.9397491107045655,1.5,8.0,1.0,1.5,30.0,peak,False
EURUSD,11,27.27272727272727,0.5188017866801387,-3912.1012042523653,3.70197074277415,1.5,8.0,1.2,1.8,30.0,peak,False
EURUSD,11,27.27272727272727,0.6071697805837833,-3201.5575181122113,3.4653748314071557,1.5,8.0,1.5,2.0,30.0,peak,False
EURUSD,11,36.36363636363637,0.4667942049464339,-3788.5591271626618,3.9345460235302236,1.5,10.0,1.0,1.5,30.0,peak,False
EURUSD,11,27.27272727272727,0.5190905194468907,-3907.579115825458,3.6974016020501157,1.5,10.0,1.2,1.8,30.0,peak,False
EURUSD,11,27.27272727272727,0.6075866891960253,-3195.9652364798094,3.4597243621251406,1.5,10.0,1.5,2.0,30.0,peak,False
EURUSD,11,36.36363636363637,0.5618063827285874,-3112.57968874753,3.9251725030329134,1.5,12.0,1.0,1.5,30.0,peak,False
EURUSD,11,27.27272727272727,0.5199437963351999,-3896.384448950572,3.688432243549883,1.5,12.0,1.2,1.8,30.0,peak,False
EURUSD,11,27.27272727272727,0.6086127196900172,-3183.880104656724,3.450098240379653,1.5,12.0,1.5,2.0,30.0,peak,False
EURUSD,10,30.0,0.4984923239754429,-3563.605406755305,2.8943263551934737,1.5,15.0,1.0,1.5,30.0,peak,False
EURUSD,10,30.0,0.6000861831007185,-2849.7596136978245,2.6558750276296856,1.5,15.0,1.2,1.8,30.0,peak,False
EURUSD,10,30.0,0.7019397323417111,-2129.963820640085,2.4158575723270928,1.5,15.0,1.5,2.0,30.0,peak,False
EURUSD,10,30.0,0.4989379571880747,-3559.843071259733,2.8995460135616637,1.8,8.0,1.0,1.5,30.0,peak,False
EURUSD,10,30.0,0.4838849459829622,-3668.754346276517,2.671918729019208,1.8,8.0,1.2,1.8,30.0,peak,False
EURUSD,10,30.0,0.5722180268017485,-3047.682102172781,2.419258181265528,1.8,8.0,1.5,2.0,30.0,peak,False
EURUSD,10,30.0,0.4989379571880747,-3559.843071259733,2.8995460135616637,1.8,10.0,1.0,1.5,30.0,peak,False
EURUSD,10,30.0,0.4838849459829622,-3668.754346276517,2.671918729019208,1.8,10.0,1.2,1.8,30.0,peak,False
EURUSD,10,30.0,0.5722180268017485,-3047.682102172781,2.419258181265528,1.8,10.0,1.5,2.0,30.0,peak,False
EURUSD,10,30.0,0.49925313046177294,-3555.3580145909073,2.8950145455316942,1.8,12.0,1.0,1.5,30.0,peak,False
EURUSD,10,30.0,0.484173892184755,-3664.5121795930463,2.667632664399848,1.8,12.0,1.2,1.8,30.0,peak,False
EURUSD,10,30.0,0.572539422206404,-3043.6828254746506,2.415217520056807,1.8,12.0,1.5,2.0,30.0,peak,False
EURUSD,10,30.0,0.500765992371583,-3538.727530847522,2.8830964138828565,1.8,15.0,1.0,1.5,30.0,peak,False
EURUSD,10,30.0,0.4853510171214278,-3650.387649507553,2.653361973693579,1.8,15.0,1.2,1.8,30.0,peak,False
EURUSD,10,30.0,0.5739901804989027,-3028.1785281178018,2.402945766608388,1.8,15.0,1.5,2.0,30.0,peak,False
EURUSD,6,0.0,0.0,-6143.907318050784,5.153295737987771,1.0,8.0,1.0,1.5,30.0,peak,True
EURUSD,6,0.0,0.0,-6143.907318050784,5.153295737987771,1.0,8.0,1.2,1.8,30.0,peak,True
EURUSD,5,0.0,0.0,-5145.814691772102,4.1446686638611885,1.0,8.0,1.5,2.0,30.0,peak,True
EURUSD,6,0.0,0.0,-6127.340348552112,5.136553911094504,1.0,10.0,1.0,1.5,30.0,peak,True
EURUSD,6,0.0,0.0,-6127.340348552112,5.136553911094504,1.0,10.0,1.2,1.8,30.0,peak,True
EURUSD,4,0.0,0.0,-4123.940348552322,3.1120088667743278,1.0,10.0,1.5,2.0,30.0,peak,True
EURUSD,6,16.666666666666664,0.09546679735358708,-4614.250000000349,4.102719567496855,1.0,12.0,1.0,1.5,30.0,peak,True
EURUSD,4,0.0,0.0,-4102.500000000291,3.093460659113237,1.0,12.0,1.2,1.8,30.0,peak,True
EURUSD,3,0.0,0.0,-3092.5000000002183,2.072833377543822,1.0,12.0,1.5,2.0,30.0,peak,True
EURUSD,4,0.0,0.0,-4070.3000000001484,3.068170278423597,1.0,15.0,1.0,1.5,30.0,peak,True
EURUSD,3,0.0,0.0,-3069.0000000001164,2.0564101968199044,1.0,15.0,1.2,1.8,30.0,peak,True
EURUSD,6,16.666666666666664,0.09548628439318954,-4617.85766848622,4.111559231441458,1.2,8.0,1.0,1.5,30.0,peak,True
EURUSD,5,20.0,0.14363933832763462,-3512.806684039577,3.0977211874236974,1.2,8.0,1.2,1.8,30.0,peak,True
EURUSD,2,0.0,0.0,-2073.9449473004934,1.0467135145764057,1.2,8.0,1.5,2.0,30.0,peak,True
EURUSD,6,16.666666666666664,0.09548628439318954,-4617.85766848622,4.111559231441458,1.2,10.0,1.0,1.5,30.0,peak,True
EURUSD,5,20.0,0.14363933832763462,-3512.806684039577,3.0977211874236974,1.2,10.0,1.2,1.8,30.0,peak,True
EURUSD,2,0.0,0.0,-2073.9449473004934,1.0467135145764057,1.2,10.0,1.5,2.0,30.0,peak,True
EURUSD,6,16.666666666666664,0.09563554187760119,-4605.249078520457,4.098322706822016,1.2,12.0,1.0,1.5,30.0,peak,True
EURUSD,4,0.0,0.0,-4093.499078520399,3.089113245354405,1.2,12.0,1.2,1.8,30.0,peak,True
EURUSD,2,0.0,0.0,-2069.3473378539493,1.0420676768116908,1.2,12.0,1.5,2.0,30.0,peak,True
EURUSD,4,0.0,0.0,-4070.3000000001484,3.068170278423597,1.2,15.0,1.0,1.5,30.0,peak,True
EURUSD,3,0.0,0.0,-3069.0000000001164,2.0564101968199044,1.2,15.0,1.2,1.8,30.0,peak,True
EURUSD,4,25.0,0.16110784708966674,-2577.084603984724,2.0634743941823137,1.5,8.0,1.0,1.5,30.0,peak,True
EURUSD,2,0.0,0.0,-2058.153991850035,1.0383068980932721,1.5,8.0,1.2,1.8,30.0,peak,True
EURUSD,4,25.0,0.16110784708966674,-2577.084603984724,2.0634743941823137,1.5,10.0,1.0,1.5,30.0,peak,True
EURUSD,2,0.0,0.0,-2058.153991850035,1.0383068980932721,1.5,10.0,1.2,1.8,30.0,peak,True
EURUSD,4,25.0,0.16110784708966674,-2577.084603984724,2.0634743941823137,1.5,12.0,1.0,1.5,30.0,peak,True
EURUSD,2,0.0,0.0,-2058.153991850035,1.0383068980932721,1.5,12.0,1.2,1.8,30.0,peak,True
EURUSD,3,0.0,0.0,-3064.93437204363,2.056325720912334,1.5,15.0,1.0,1.5,30.0,peak,True
EURUSD,2,0.0,0.0,-2053.547337853859,1.0336522760131628,1.5,15.0,1.2,1.8,30.0,peak,True
EURUSD,2,0.0,0.0,-1614.2528321951977,1.0318151676382563,1.8,8.0,1.0,1.5,30.0,peak,True
EURUSD,1,0.0,0.0,-1030.6585326689674,0.0,1.8,8.0,1.2,1.8,30.0,peak,True
EURUSD,2,0.0,0.0,-1614.2528321951977,1.0318151676382563,1.8,10.0,1.0,1.5,30.0,peak,True
EURUSD,1,0.0,0.0,-1030.6585326689674,0.0,1.8,10.0,1.2,1.8,30.0,peak,True
EURUSD,2,0.0,0.0,-1614.2528321951977,1.0318151676382563,1.8,12.0,1.0,1.5,30.0,peak,True
EURUSD,1,0.0,0.0,-1030.6585326689674,0.0,1.8,12.0,1.2,1.8,30.0,peak,True
EURUSD,2,0.0,0.0,-1614.2528321951977,1.0318151676382563,1.8,15.0,1.0,1.5,30.0,peak,True
EURUSD,1,0.0,0.0,-1030.6585326689674,0.0,1.8,15.0,1.2,1.8,30.0,peak,True
EURUSD,55,34.54545454545455,0.43188955304866344,-19503.51180789128,20.8679383268487,1.0,8.0,1.0,1.5,15.0,full,False
EURUSD,50,32.0,0.5261238047931716,-15826.63332966344,18.214971314480415,1.0,8.0,1.2,1.8,15.0,full,False
EURUSD,48,29.166666666666668,0.5745194590696253,-14192.274483811561,15.62413772362537,1.0,8.0,1.5,2.0,15.0,full,False
EURUSD,48,37.5,0.542696774459182,-12964.50188258152,14.438826242933015,1.0,10.0,1.0,1.5,15.0,full,False
EURUSD,46,36.95652173913043,0.6595138648904872,-9536.520170687712,13.064951149689524,1.0,10.0,1.2,1.8,15.0,full,False
EURUSD,43,34.883720930232556,0.6493949536740606,-9384.872788790657,12.923587979639766,1.0,10.0,1.5,2.0,15.0,full,False
EURUSD,45,37.77777777777778,0.5472318435670327,-11945.06037231788,14.102183716735933,1.0,12.0,1.0,1.5,15.0,full,False
EURUSD,42,35.714285714285715,0.5701399257274985,-10921.487405848355,13.355071923147364,1.0,12.0,1.2,1.8,15.0,full,False
EURUSD,42,30.952380952380953,0.5276381182181935,-12768.969276637727,14.77851154865876,1.0,12.0,1.5,2.0,15.0,full,False
EURUSD,39,41.02564102564102,0.5598553781818751,-9483.290000000416,10.975012757162862,1.0,15.0,1.0,1.5,15.0,full,False
EURUSD,39,35.8974358974359,0.5350799903288147,-10864.460000000996,12.153908848961509,1.0,15.0,1.2,1.8,15.0,full,False
EURUSD,38,26.31578947368421,0.45991046219465004,-12510.310000000885,13.987911665499283,1.0,15.0,1.5,2.0,15.0,full,False
EURUSD,50,34.0,0.4695608533330918,-16961.268290897933,18.931802449040152,1.2,8.0,1.0,1.5,15.0,full,False
EURUSD,46,30.434782608695656,0.42235149882820866,-17610.8267633824,18.79344472386348,1.2,8.0,1.2,1.8,15.0,full,False
EURUSD,44,27.27272727272727,0.45541502530616196,-16680.404920697576,18.078257384747843,1.2,8.0,1.5,2.0,15.0,full,False
EURUSD,47,36.17021276595745,0.5540543046265513,-12701.789220553168,14.773402102216915,1.2,10.0,1.0,1.5,15.0,full,False
EURUSD,45,33.33333333333333,0.5379791300790007,-12929.693535772356,15.125598269092405,1.2,10.0,1.2,1.8,15.0,full,False
EURUSD,43,30.23255813953488,0.5242572521616296,-13315.832840511226,15.19367680845355,1.2,10.0,1.5,2.0,15.0,full,False
EURUSD,45,37.77777777777778,0.5741924227363513,-11295.301407833394,13.469831701894524,1.2,12.0,1.0,1.5,15.0,full,False
EURUSD,42,35.714285714285715,0.5384352748137591,-11625.129510832267,14.039681118182548,1.2,12.0,1.2,1.8,15.0,full,False
EURUSD,42,30.952380952380953,0.528717371587738,-12724.746936023308,14.748496431158852,1.2,12.0,1.5,2.0,15.0,full,False
EURUSD,39,41.02564102564102,0.5599373175378679,-9482.206644084916,10.973942434036903,1.2,15.0,1.0,1.5,15.0,full,False
EURUSD,39,35.8974358974359,0.5351941158532367,-10861.793063389821,12.15128049267804,1.2,15.0,1.2,1.8,15.0,full,False
EURUSD,38,26.31578947368421,0.46000789616122917,-12508.05309805942,13.985692880072662,1.2,15.0,1.5,2.0,15.0,full,False
EURUSD,41,39.02439024390244,0.570824215535427,-10177.676242895177,11.25657788650343,1.5,8.0,1.0,1.5,15.0,full,False
EURUSD,39,35.8974358974359,0.5691365296272581,-10184.232162582877,11.481833000926997,1.5,8.0,1.2,1.8,15.0,full,False
EURUSD,39,33.33333333333333,0.6092211117474854,-9582.163977497854,12.026379913692564,1.5,8.0,1.5,2.0,15.0,full,False
EURUSD,41,39.02439024390244,0.5714056123576468,-10156.84054733596,11.235992459087385,1.5,10.0,1.0,1.5,15.0,full,False
EURUSD,39,35.8974358974359,0.569521014098468,-10169.559374714954,11.467372196125027,1.5,10.0,1.2,1.8,15.0,full,False
EURUSD,39,33.33333333333333,0.6097385982987983,-9564.023165010993,12.023001689766405,1.5,10.0,1.5,2.0,15.0,full,False
EURUSD,41,39.02439024390244,0.6002478756789034,-9465.847393823205,10.641398357871045,1.5,12.0,1.0,1.5,15.0,full,False
EURUSD,39,35.8974358974359,0.5717960985127879,-10092.572985828898,11.39149805740574,1.5,12.0,1.2,1.8,15.0,full,False
EURUSD,39,33.33333333333333,0.5958503931478042,-9879.501902972159,12.01296001239501,1.5,12.0,1.5,2.0,15.0,full,False
EURUSD,38,42.10526315789473,0.5882924385947417,-8518.359490398318,10.019562226496499,1.5,15.0,1.0,1.5,15.0,full,False
EURUSD,38,36.84210526315789,0.560445015864443,-9900.878760975887,11.204266928860571,1.5,15.0,1.2,1.8,15.0,full,False
EURUSD,37,27.027027027027028,0.4819090829711657,-11565.3241621981,13.058885567041854,1.5,15.0,1.5,2.0,15.0,full,False
EURUSD,38,36.84210526315789,0.5189404550338089,-10335.54280242468,11.417043621682112,1.8,8.0,1.0,1.5,15.0,full,False
EURUSD,38,34.21052631578947,0.5273970885163681,-10555.641706595867,12.376144620289251,1.8,8.0,1.2,1.8,15.0,full,False
EURUSD,38,26.31578947368421,0.5054040260482562,-11058.03407437721,12.90029924871274,1.8,8.0,1.5,2.0,15.0,full,False
EURUSD,38,36.84210526315789,0.5189404550338089,-10335.54280242468,11.417043621682112,1.8,10.0,1.0,1.5,15.0,full,False
EURUSD,38,34.21052631578947,0.5273970885163681,-10555.641706595867,12.376144620289251,1.8,10.0,1.2,1.8,15.0,full,False
EURUSD,38,26.31578947368421,0.5054040260482562,-11058.03407437721,12.90029924871274,1.8,10.0,1.5,2.0,15.0,full,False
EURUSD,38,36.84210526315789,0.5193345868205353,-10321.706117807786,11.403373830237989,1.8,12.0,1.0,1.5,15.0,full,False
EURUSD,38,34.21052631578947,0.5277880775820125,-10541.258472774556,12.373553427329092,1.8,12.0,1.2,1.8,15.0,full,False
EURUSD,38,26.31578947368421,0.48840888094668133,-11428.071522086291,12.92654180301641,1.8,12.0,1.5,2.0,15.0,full,False
EURUSD,38,36.84210526315789,0.5217419648709856,-10245.533036001943,11.328119521075825,1.8,15.0,1.0,1.5,15.0,full,False
EURUSD,38,34.21052631578947,0.4956684958565477,-11215.180788055906,12.502193454772295,1.8,15.0,1.2,1.8,15.0,full,False
EURUSD,37,27.027027027027028,0.4613544135645508,-11495.762612404229,12.993087687524044,1.8,15.0,1.5,2.0,15.0,full,False
EURUSD,23,26.08695652173913,0.24618278979009167,-12707.109377374785,13.15532923407271,1.0,8.0,1.0,1.5,15.0,full,True
EURUSD,20,25.0,0.35690981732268845,-9854.013552059492,12.414412476320145,1.0,8.0,1.2,1.8,15.0,full,True
EURUSD,18,27.77777777777778,0.5511433067929882,-6109.712447071972,9.224135001418096,1.0,8.0,1.5,2.0,15.0,full,True
EURUSD,20,30.0,0.36848250236957225,-8265.586433752382,9.817227711040411,1.0,10.0,1.0,1.5,15.0,full,True
EURUSD,18,33.33333333333333,0.6023128348677682,-4537.375276393475,8.577444640197813,1.0,10.0,1.2,1.8,15.0,full,True
EURUSD,15,40.0,0.9692166825817722,-261.29946275873226,5.457105599646994,1.0,10.0,1.5,2.0,15.0,full,True
EURUSD,19,31.57894736842105,0.4065370837337668,-7197.85144564943,9.399695423562292,1.0,12.0,1.0,1.5,15.0,full,True
EURUSD,16,37.5,0.7358749821606481,-2475.6020821545244,6.61982103739159,1.0,12.0,1.2,1.8,15.0,full,True
EURUSD,11,36.36363636363637,0.6654302469777302,-2446.8989609896234,4.810706138660123,1.0,12.0,1.5,2.0,15.0,full,True
EURUSD,15,40.0,0.6124314732265346,-3177.810000000114,5.973251410457872,1.0,15.0,1.0,1.5,15.0,full,True
EURUSD,11,36.36363636363637,0.5150389704046724,-3496.8600000002043,5.469142360700751,1.0,15.0,1.2,1.8,15.0,full,True
EURUSD,6,16.666666666666664,0.41176400091080645,-2454.1500000001543,4.101588805903532,1.0,15.0,1.5,2.0,15.0,full,True
EURUSD,19,31.57894736842105,0.38135958583939855,-8206.492138808273,10.387253204144802,1.2,8.0,1.0,1.5,15.0,full,True
EURUSD,18,27.77777777777778,0.3501941380245452,-8613.76245456071,10.47239508382907,1.2,8.0,1.2,1.8,15.0,full,True
EURUSD,12,33.33333333333333,0.5778462088463548,-3553.4579299877805,5.887519923357388,1.2,8.0,1.5,2.0,15.0,full,True
EURUSD,19,31.57894736842105,0.46231070033961985,-6598.847883692768,9.8988445633629,1.2,10.0,1.0,1.5,15.0,full,True
EURUSD,17,35.294117647058826,0.584207108326109,-4286.518116708059,7.57240580456171,1.2,10.0,1.2,1.8,15.0,full,True
EURUSD,12,41.66666666666667,1.0281980472467733,179.56858386565,3.8790548893115577,1.2,10.0,1.5,2.0,15.0,full,True
EURUSD,18,33.33333333333333,0.5067886715188732,-5549.548052189348,8.895850521005313,1.2,12.0,1.0,1.5,15.0,full,True
EURUSD,15,40.0,0.7281199742775125,-2254.6438256783003,5.620631922073408,1.2,12.0,1.2,1.8,15.0,full,True
EURUSD,10,40.0,0.7766431050186255,-1406.3284789664758,3.7933130208609223,1.2,12.0,1.5,2.0,15.0,full,True
EURUSD,15,40.0,0.6124314732265346,-3177.810000000114,5.973251410457872,1.2,15.0,1.0,1.5,15.0,full,True
EURUSD,11,36.36363636363637,0.5150389704046724,-3496.8600000002043,5.469142360700751,1.2,15.0,1.2,1.8,15.0,full,True
EURUSD,6,16.666666666666664,0.41176400091080645,-2454.1500000001543,4.101588805903532,1.2,15.0,1.5,2.0,15.0,full,True
EURUSD,17,35.294117647058826,0.5561796060978453,-4574.786154293048,7.465272132074599,1.5,8.0,1.0,1.5,15.0,full,True
EURUSD,13,38.46153846153847,0.7480425017304204,-1846.2203216946655,5.220495857176528,1.5,8.0,1.2,1.8,15.0,full,True
EURUSD,9,44.44444444444444,1.3671675728700146,1562.5019798495632,2.3853697175370288,1.5,8.0,1.5,2.0,15.0,full,True
EURUSD,17,35.294117647058826,0.5567505960774622,-4565.491076699851,7.4577237931008,1.5,10.0,1.0,1.5,15.0,full,True
EURUSD,12,41.66666666666667,0.873996079206836,-792.8939315472526,4.2067227194106085,1.5,10.0,1.2,1.8,15.0,full,True
EURUSD,9,44.44444444444444,1.369318297851893,1570.0657993645873,2.3853697175370288,1.5,10.0,1.5,2.0,15.0,full,True
EURUSD,16,37.5,0.6206523659790107,-3519.80778496369,6.45114358219121,1.5,12.0,1.0,1.5,15.0,full,True
EURUSD,12,41.66666666666667,0.8784098621907409,-763.0399133707979,4.185108995168182,1.5,12.0,1.2,1.8,15.0,full,True
EURUSD,7,42.857142857142854,0.9841746991680993,-66.34488949159277,2.3839212038370534,1.5,12.0,1.5,2.0,15.0,full,True
EURUSD,14,42.857142857142854,0.7010742604852315,-2155.5506277543755,4.978121163855604,1.5,15.0,1.0,1.5,15.0,full,True
EURUSD,10,40.0,0.600854059120821,-2477.163079668535,4.469270807165037,1.5,15.0,1.2,1.8,15.0,full,True
EURUSD,5,20.0,0.5454485360434858,-1431.618032372251,3.096326243829484,1.5,15.0,1.5,2.0,15.0,full,True
EURUSD,13,38.46153846153847,0.6695524002365192,-2252.938017840599,5.065069521517801,1.8,8.0,1.0,1.5,15.0,full,True
EURUSD,11,36.36363636363637,0.7862163239890324,-1328.783399263295,4.154689610152732,1.8,8.0,1.2,1.8,15.0,full,True
EURUSD,4,25.0,0.6172199967531006,-805.1614813084598,1.0425855684154415,1.8,8.0,1.5,2.0,15.0,full,True
EURUSD,13,38.46153846153847,0.6695524002365192,-2252.938017840599,5.065069521517801,1.8,10.0,1.0,1.5,15.0,full,True
EURUSD,11,36.36363636363637,0.7862163239890324,-1328.783399263295,4.154689610152732,1.8,10.0,1.2,1.8,15.0,full,True
EURUSD,4,25.0,0.6172199967531006,-805.1614813084598,1.0425855684154415,1.8,10.0,1.5,2.0,15.0,full,True
EURUSD,12,41.66666666666667,0.7898994089701148,-1217.7139613154577,4.060519604837165,1.8,12.0,1.0,1.5,15.0,full,True
EURUSD,11,36.36363636363637,0.7867504588549057,-1324.9405059197597,4.152272863679041,1.8,12.0,1.2,1.8,15.0,full,True
EURUSD,4,25.0,0.6176125629286594,-803.8244840892585,1.0412517713158125,1.8,12.0,1.5,2.0,15.0,full,True
EURUSD,12,41.66666666666667,0.7950155792256652,-1184.274812953081,4.036644614312166,1.8,15.0,1.0,1.5,15.0,full,True
EURUSD,9,33.33333333333333,0.5044223645167035,-3049.7080832872016,4.455086332025866,1.8,15.0,1.2,1.8,15.0,full,True
EURUSD,3,0.0,0.0,-2081.3705357729195,1.0668901102850186,1.8,15.0,1.5,2.0,15.0,full,True
EURUSD,39,30.76923076923077,0.3937890062888108,-15693.099019871792,15.23721472502008,1.0,8.0,1.0,1.5,20.0,full,False
EURUSD,38,28.947368421052634,0.45646964190530975,-14194.745490392976,14.531167325899071,1.0,8.0,1.2,1.8,20.0,full,False
EURUSD,38,28.947368421052634,0.5398797914697083,-12103.635929950353,13.997698674748808,1.0,8.0,1.5,2.0,20.0,full,False
EURUSD,36,33.33333333333333,0.45070138312342506,-12783.094967484343,12.311475007698752,1.0,10.0,1.0,1.5,20.0,full,False
EURUSD,35,31.428571428571427,0.4876042865123123,-11968.141861363489,12.933042861730785,1.0,10.0,1.2,1.8,20.0,full,False
EURUSD,34,32.35294117647059,0.5641108796102529,-9837.924280300038,12.386393760022992,1.0,10.0,1.5,2.0,20.0,full,False
EURUSD,34,32.35294117647059,0.39471525119951845,-13336.94459212046,12.871320214478526,1.0,12.0,1.0,1.5,20.0,full,False
EURUSD,33,33.33333333333333,0.498460128035752,-10723.413308594172,12.573068943598262,1.0,12.0,1.2,1.8,20.0,full,False
EURUSD,33,27.27272727272727,0.4774227695098464,-12027.813330403034,13.674324199171881,1.0,12.0,1.5,2.0,20.0,full,False
EURUSD,32,34.375,0.404750837088942,-11973.050000000469,11.751157748913347,1.0,15.0,1.0,1.5,20.0,full,False
EURUSD,32,31.25,0.4572993028476735,-11482.190000000788,11.333066519501136,1.0,15.0,1.2,1.8,20.0,full,False
EURUSD,31,25.806451612903224,0.4084205814210872,-12422.310000000696,12.250037007603682,1.0,15.0,1.5,2.0,20.0,full,False
EURUSD,36,30.555555555555557,0.41387018162376293,-14122.409050489921,14.260661667843769,1.2,8.0,1.0,1.5,20.0,full,False
EURUSD,36,30.555555555555557,0.4022974892402027,-14319.475465089621,13.9461225352834,1.2,8.0,1.2,1.8,20.0,full,False
EURUSD,35,25.71428571428571,0.40388606717153624,-14753.404766639258,14.834048456983554,1.2,8.0,1.5,2.0,20.0,full,False
EURUSD,35,31.428571428571427,0.43421257490098697,-13128.931757917351,13.268783754509322,1.2,10.0,1.0,1.5,20.0,full,False
EURUSD,35,31.428571428571427,0.45419031050520614,-12609.545408386417,12.86209337993364,1.2,10.0,1.2,1.8,20.0,full,False
EURUSD,34,26.47058823529412,0.4234143192110786,-13768.342103507122,13.903547913919628,1.2,10.0,1.5,2.0,20.0,full,False
EURUSD,34,32.35294117647059,0.42685714214438614,-12697.685598495882,12.838231849661058,1.2,12.0,1.0,1.5,20.0,full,False
EURUSD,33,33.33333333333333,0.4600619391589249,-11440.108970735237,12.555276539742078,1.2,12.0,1.2,1.8,20.0,full,False
EURUSD,33,27.27272727272727,0.4783612851623945,-11993.337369556699,13.65536015973053,1.2,12.0,1.5,2.0,20.0,full,False
EURUSD,32,34.375,0.40480154617414904,-11972.952577315868,11.751059808171174,1.2,15.0,1.0,1.5,20.0,full,False
EURUSD,32,31.25,0.45728387148192307,-11483.357699120854,11.333066519501136,1.2,15.0,1.2,1.8,20.0,full,False
EURUSD,31,25.806451612903224,0.40851188021734525,-12420.392857662533,12.250037007603682,1.2,15.0,1.5,2.0,20.0,full,False
EURUSD,32,34.375,0.4062869939770515,-12049.023214753834,11.583626261517633,1.5,8.0,1.0,1.5,20.0,full,False
EURUSD,31,32.25806451612903,0.46585588125858846,-10896.284488060395,10.558030645412147,1.5,8.0,1.2,1.8,20.0,full,False
EURUSD,31,29.03225806451613,0.5178164555961892,-10248.239047456314,11.153473162324675,1.5,8.0,1.5,2.0,20.0,full,False
EURUSD,32,34.375,0.4064703281651972,-12039.869657760995,11.574424268024227,1.5,10.0,1.0,1.5,20.0,full,False
EURUSD,31,32.25806451612903,0.46601777929890037,-10889.19754263226,10.556007731172322,1.5,10.0,1.2,1.8,20.0,full,False
EURUSD,31,29.03225806451613,0.5180329051018138,-10239.358574142083,11.149970700869853,1.5,10.0,1.5,2.0,20.0,full,False
EURUSD,32,34.375,0.43834261025770155,-11389.100718070069,10.920211752231442,1.5,12.0,1.0,1.5,20.0,full,False
EURUSD,31,32.25806451612903,0.46728874135027804,-10845.913335064062,10.545307781989344,1.5,12.0,1.2,1.8,20.0,full,False
EURUSD,31,29.03225806451613,0.5194931717439252,-10192.641055479995,11.141784935647161,1.5,12.0,1.5,2.0,20.0,full,False
EURUSD,31,35.483870967741936,0.42742340402533846,-11026.591888077804,10.804282590366343,1.5,15.0,1.0,1.5,20.0,full,False
EURUSD,31,32.25806451612903,0.48150442775995295,-10529.73652154021,10.392881121773572,1.5,15.0,1.2,1.8,20.0,full,False
EURUSD,30,26.666666666666668,0.4307564251492277,-11468.842945900178,11.315200819912913,1.5,15.0,1.5,2.0,20.0,full,False
EURUSD,31,32.25806451612903,0.4079361229710767,-11417.825263436534,10.952578709179512,1.8,8.0,1.0,1.5,20.0,full,False
EURUSD,31,29.03225806451613,0.4221243712075614,-11621.959114909158,11.336540438259766,1.8,8.0,1.2,1.8,20.0,full,False
EURUSD,31,25.806451612903224,0.42962770054062754,-11494.803709148924,11.336540438259766,1.8,8.0,1.5,2.0,20.0,full,False
EURUSD,31,32.25806451612903,0.4079361229710767,-11417.825263436534,10.952578709179512,1.8,10.0,1.0,1.5,20.0,full,False
EURUSD,31,29.03225806451613,0.4221243712075614,-11621.959114909158,11.336540438259766,1.8,10.0,1.2,1.8,20.0,full,False
EURUSD,31,25.806451612903224,0.42962770054062754,-11494.803709148924,11.336540438259766,1.8,10.0,1.5,2.0,20.0,full,False
EURUSD,31,32.25806451612903,0.4080608644394431,-11411.93003369814,10.946652516831183,1.8,12.0,1.0,1.5,20.0,full,False
EURUSD,31,29.03225806451613,0.4222741253670092,-11614.826818443355,11.334299411712838,1.8,12.0,1.2,1.8,20.0,full,False
EURUSD,31,25.806451612903224,0.42977679322078266,-11487.8124323878,11.334299411712838,1.8,12.0,1.5,2.0,20.0,full,False
EURUSD,31,32.25806451612903,0.40959136915662975,-11360.71210673805,10.895165585817988,1.8,15.0,1.0,1.5,20.0,full,False
EURUSD,31,29.03225806451613,0.4059327728649165,-11908.379569110926,11.333887769270765,1.8,15.0,1.2,1.8,20.0,full,False
EURUSD,30,26.666666666666668,0.40104826792167036,-11481.244602063118,11.333887769270765,1.8,15.0,1.5,2.0,20.0,full,False
EURUSD,16,18.75,0.2050288975631821,-10300.90347591744,9.927839917422233,1.0,8.0,1.0,1.5,20.0,full,True
EURUSD,14,21.428571428571427,0.29978102834315273,-7828.451248200508,9.1508790377803,1.0,8.0,1.2,1.8,20.0,full,True
EURUSD,13,23.076923076923077,0.39021575310159523,-6253.585602420921,8.106390842767912,1.0,8.0,1.5,2.0,20.0,full,True
EURUSD,14,21.428571428571427,0.24531724059372978,-8318.469462797322,8.075466749572644,1.0,10.0,1.0,1.5,20.0,full,True
EURUSD,13,23.076923076923077,0.33264485015788603,-6789.856062653227,8.127185057150303,1.0,10.0,1.2,1.8,20.0,full,True
EURUSD,11,27.27272727272727,0.4922100001337341,-4192.087457286951,6.115292650461335,1.0,10.0,1.5,2.0,20.0,full,True
EURUSD,14,21.428571428571427,0.19000178680687813,-8873.74539503429,8.384141083398005,1.0,12.0,1.0,1.5,20.0,full,True
EURUSD,12,25.0,0.37258258886285023,-5745.953738594399,7.099870929652731,1.0,12.0,1.2,1.8,20.0,full,True
EURUSD,9,22.22222222222222,0.33506293250097335,-4757.237178011856,5.478464847684568,1.0,12.0,1.5,2.0,20.0,full,True
EURUSD,11,27.27272727272727,0.26640971285411186,-5900.230000000243,6.3773031762052605,1.0,15.0,1.0,1.5,20.0,full,True
EURUSD,9,22.22222222222222,0.23280912212284566,-5429.640000000189,6.0025264023358735,1.0,15.0,1.2,1.8,20.0,full,True
EURUSD,4,0.0,0.0,-4070.3000000001484,3.068170278423597,1.0,15.0,1.5,2.0,20.0,full,True
EURUSD,13,23.076923076923077,0.2769370988171007,-7311.548580521165,8.422408275843003,1.2,8.0,1.0,1.5,20.0,full,True
EURUSD,12,25.0,0.2782811414492826,-6572.675920056368,7.140513833662815,1.2,8.0,1.2,1.8,20.0,full,True
EURUSD,8,25.0,0.387081930651436,-3794.3525005171687,4.521483845728405,1.2,8.0,1.5,2.0,20.0,full,True
EURUSD,13,23.076923076923077,0.278100147254576,-7289.417733894137,8.400542664692077,1.2,10.0,1.0,1.5,20.0,full,True
EURUSD,12,25.0,0.2795658817699998,-6549.32028970751,7.11730015549485,1.2,10.0,1.2,1.8,20.0,full,True
EURUSD,8,25.0,0.3892790562657052,-3771.1504153443384,4.498457124100667,1.2,10.0,1.5,2.0,20.0,full,True
EURUSD,13,23.076923076923077,0.2796158051980472,-7253.790960672006,8.365342873967139,1.2,12.0,1.0,1.5,20.0,full,True
EURUSD,11,27.27272727272727,0.31755113691400266,-5528.648392145464,6.102831755747774,1.2,12.0,1.2,1.8,20.0,full,True
EURUSD,8,25.0,0.3918281900204407,-3743.0070731965534,4.470526491983612,1.2,12.0,1.5,2.0,20.0,full,True
EURUSD,11,27.27272727272727,0.26640971285411186,-5900.230000000243,6.3773031762052605,1.2,15.0,1.0,1.5,20.0,full,True
EURUSD,9,22.22222222222222,0.23280912212284566,-5429.640000000189,6.0025264023358735,1.2,15.0,1.2,1.8,20.0,full,True
EURUSD,4,0.0,0.0,-4070.3000000001484,3.068170278423597,1.2,15.0,1.5,2.0,20.0,full,True
EURUSD,11,27.27272727272727,0.26395696403333047,-5937.050505849751,6.413602053538163,1.5,8.0,1.0,1.5,20.0,full,True
EURUSD,8,25.0,0.32845841232028394,-4114.340076825087,4.694988074452757,1.5,8.0,1.2,1.8,20.0,full,True
EURUSD,5,20.0,0.4019652406919201,-2457.476369084383,2.0639443955647248,1.5,8.0,1.5,2.0,20.0,full,True
EURUSD,11,27.27272727272727,0.2639861438019438,-5936.158909571168,6.41271497435785,1.5,10.0,1.0,1.5,20.0,full,True
EURUSD,8,25.0,0.3285317965821316,-4112.971551639057,4.693627836547756,1.5,10.0,1.2,1.8,20.0,full,True
EURUSD,5,20.0,0.4020489698696912,-2456.620591718005,2.0639443955647248,1.5,10.0,1.5,2.0,20.0,full,True
EURUSD,11,27.27272727272727,0.2647267075954274,-5923.307417025921,6.399928591387594,1.5,12.0,1.0,1.5,20.0,full,True
EURUSD,8,25.0,0.32960811585017324,-4100.867447456752,4.681597030331614,1.5,12.0,1.2,1.8,20.0,full,True
EURUSD,5,20.0,0.4040339478234333,-2443.2555089570233,2.0629924712593564,1.5,12.0,1.5,2.0,20.0,full,True
EURUSD,10,30.0,0.3052189035594292,-4908.989733454422,5.390749750097297,1.5,15.0,1.0,1.5,20.0,full,True
EURUSD,8,25.0,0.27243369294189307,-4430.481238957727,5.009214802947385,1.5,15.0,1.2,1.8,20.0,full,True
EURUSD,3,0.0,0.0,-3064.212283108791,2.0549665446148717,1.5,15.0,1.5,2.0,20.0,full,True
EURUSD,8,25.0,0.29679003522587416,-3983.3372296516172,4.468361169076399,1.8,8.0,1.0,1.5,20.0,full,True
EURUSD,7,14.285714285714285,0.2314061127425083,-4656.405903464052,3.6686039863433204,1.8,8.0,1.2,1.8,20.0,full,True
EURUSD,3,33.33333333333333,0.626675039362471,-773.4252873447258,1.0434534742045123,1.8,8.0,1.5,2.0,20.0,full,True
EURUSD,8,25.0,0.29679003522587416,-3983.3372296516172,4.468361169076399,1.8,10.0,1.0,1.5,20.0,full,True
EURUSD,7,14.285714285714285,0.2314061127425083,-4656.405903464052,3.6686039863433204,1.8,10.0,1.2,1.8,20.0,full,True
EURUSD,3,33.33333333333333,0.626675039362471,-773.4252873447258,1.0434534742045123,1.8,10.0,1.5,2.0,20.0,full,True
EURUSD,8,25.0,0.2968458059246154,-3982.2729954114184,4.4673023107685506,1.8,12.0,1.0,1.5,20.0,full,True
EURUSD,7,14.285714285714285,0.23145506771812252,-4655.124505441403,3.6673093124689062,1.8,12.0,1.2,1.8,20.0,full,True
EURUSD,3,33.33333333333333,0.6270687665870769,-772.1244840892614,1.0421562108630833,1.8,12.0,1.5,2.0,20.0,full,True
EURUSD,8,25.0,0.2983757119826742,-3966.146579825072,4.451257357059676,1.8,15.0,1.0,1.5,20.0,full,True
EURUSD,7,14.285714285714285,0.17273829555991174,-4995.993547780774,4.011709909253011,1.8,15.0,1.2,1.8,20.0,full,True
EURUSD,2,0.0,0.0,-2048.4205357729224,1.0335987336725962,1.8,15.0,1.5,2.0,20.0,full,True
EURUSD,24,33.33333333333333,0.475377340906878,-8371.112062299042,8.095868036929463,1.0,8.0,1.0,1.5,25.0,full,False
EURUSD,23,30.434782608695656,0.48763136970836507,-8154.788919857325,8.360697392092083,1.0,8.0,1.2,1.8,25.0,full,False
EURUSD,23,30.434782608695656,0.6319348822645252,-5891.642880747851,8.095868036929463,1.0,8.0,1.5,2.0,25.0,full,False
EURUSD,24,33.33333333333333,0.47884597907578563,-8286.72215033097,8.076005323135465,1.0,10.0,1.0,1.5,25.0,full,False
EURUSD,23,30.434782608695656,0.49005673575817926,-8068.936731034875,9.073628021328341,1.0,10.0,1.2,1.8,25.0,full,False
EURUSD,22,31.818181818181817,0.5569367242136558,-6590.443463318283,8.714561425111302,1.0,10.0,1.5,2.0,25.0,full,False
EURUSD,23,30.434782608695656,0.4095579761693762,-9260.749541009049,9.33539433451704,1.0,12.0,1.0,1.5,25.0,full,False
EURUSD,22,31.818181818181817,0.470658863563082,-7809.5302114945225,9.02019297080283,1.0,12.0,1.2,1.8,25.0,full,False
EURUSD,22,27.27272727272727,0.49667765681415876,-7930.975918143449,8.43930013075454,1.0,12.0,1.5,2.0,25.0,full,False
EURUSD,21,33.33333333333333,0.42454455986878,-7893.810000000289,8.30510230013021,1.0,15.0,1.0,1.5,25.0,full,False
EURUSD,21,28.57142857142857,0.45299908222574437,-8046.110000000699,7.8059619374912455,1.0,15.0,1.2,1.8,25.0,full,False
EURUSD,20,25.0,0.4465133963650869,-7642.460000000618,7.578763041707176,1.0,15.0,1.5,2.0,25.0,full,False
EURUSD,23,30.434782608695656,0.4082163978478186,-9322.9623611875,8.722864502249816,1.2,8.0,1.0,1.5,25.0,full,False
EURUSD,23,30.434782608695656,0.44358828626706387,-8768.264350651749,9.024785467107009,1.2,8.0,1.2,1.8,25.0,full,False
EURUSD,22,27.27272727272727,0.4791708251972279,-8218.951713715534,8.669274789555399,1.2,8.0,1.5,2.0,25.0,full,False
EURUSD,23,30.434782608695656,0.4092419872997615,-9291.134742022346,8.70839988590298,1.2,10.0,1.0,1.5,25.0,full,False
EURUSD,23,30.434782608695656,0.49343093814843464,-7982.942157587429,9.010403033046252,1.2,10.0,1.2,1.8,25.0,full,False
EURUSD,22,27.27272727272727,0.4808058924416999,-8179.844618911098,8.654779353391037,1.2,10.0,1.5,2.0,25.0,full,False
EURUSD,23,30.434782608695656,0.41072157060940884,-9228.128725005648,9.306475525504213,1.2,12.0,1.0,1.5,25.0,full,False
EURUSD,22,31.818181818181817,0.4722514110480407,-7773.405741357885,8.98961448318389,1.2,12.0,1.2,1.8,25.0,full,False
EURUSD,22,27.27272727272727,0.498024864229701,-7897.585739928923,8.40843905029697,1.2,12.0,1.5,2.0,25.0,full,False
EURUSD,21,33.33333333333333,0.42472428839343984,-7891.344573963273,8.302611119017259,1.2,15.0,1.0,1.5,25.0,full,False
EURUSD,21,28.57142857142857,0.45319372733815216,-8043.246867719732,7.803068895495621,1.2,15.0,1.2,1.8,25.0,full,False
EURUSD,20,25.0,0.44672634197170874,-7639.519679006233,7.57579200464612,1.2,15.0,1.5,2.0,25.0,full,False
EURUSD,21,33.33333333333333,0.42875688018839764,-7892.000994529983,7.349052785443718,1.5,8.0,1.0,1.5,25.0,full,False
EURUSD,20,30.0,0.4714834375250796,-7311.705217069903,7.025805562933442,1.5,8.0,1.2,1.8,25.0,full,False
EURUSD,20,30.0,0.5750716878537728,-5907.805034901408,6.4517987287997585,1.5,8.0,1.5,2.0,25.0,full,False
EURUSD,21,33.33333333333333,0.4288016705470937,-7890.557901860026,7.34880030541698,1.5,10.0,1.0,1.5,25.0,full,False
EURUSD,20,30.0,0.4715249975070863,-7310.485860558969,7.0255962942305015,1.5,10.0,1.2,1.8,25.0,full,False
EURUSD,20,30.0,0.5750834443993237,-5907.52081181448,6.451675882744415,1.5,10.0,1.5,2.0,25.0,full,False
EURUSD,21,33.33333333333333,0.4764202406685106,-7234.389598683716,7.3384951050929885,1.5,12.0,1.0,1.5,25.0,full,False
EURUSD,20,30.0,0.4725164341348895,-7288.198535051139,7.0158973369021425,1.5,12.0,1.2,1.8,25.0,full,False
EURUSD,20,30.0,0.5762010444351213,-5884.588164463945,6.441926405166432,1.5,12.0,1.5,2.0,25.0,full,False
EURUSD,20,35.0,0.4609284879155919,-6898.701069032046,7.320381607209062,1.5,15.0,1.0,1.5,25.0,full,False
EURUSD,20,30.0,0.4886040431309103,-7056.954561329665,6.815831513591673,1.5,15.0,1.2,1.8,25.0,full,False
EURUSD,19,26.31578947368421,0.4842145267897942,-6647.423880644841,6.58838790742353,1.5,15.0,1.5,2.0,25.0,full,False
EURUSD,20,30.0,0.4232990348532583,-7379.931472618453,7.3000747001818285,1.8,8.0,1.0,1.5,25.0,full,False
EURUSD,20,30.0,0.46369747793602056,-6877.9527688046655,6.78268859540384,1.8,8.0,1.2,1.8,25.0,full,False
EURUSD,20,25.0,0.4866054056557215,-6608.110372808762,6.553063906780101,1.8,8.0,1.5,2.0,25.0,full,False
EURUSD,20,30.0,0.4232990348532583,-7379.931472618453,7.3000747001818285,1.8,10.0,1.0,1.5,25.0,full,False
EURUSD,20,30.0,0.46369747793602056,-6877.9527688046655,6.78268859540384,1.8,10.0,1.2,1.8,25.0,full,False
EURUSD,20,25.0,0.4866054056557215,-6608.110372808762,6.553063906780101,1.8,10.0,1.5,2.0,25.0,full,False
EURUSD,20,30.0,0.4233705885392016,-7377.76868947038,7.299732721966672,1.8,12.0,1.0,1.5,25.0,full,False
EURUSD,20,30.0,0.46376797852185464,-6876.003187656112,6.782415751406905,1.8,12.0,1.2,1.8,25.0,full,False
EURUSD,20,25.0,0.4866278243903094,-6607.517392659953,6.552825629892252,1.8,12.0,1.5,2.0,25.0,full,False
EURUSD,20,30.0,0.42444574182272954,-7354.458278864855,7.2902658751172105,1.8,15.0,1.0,1.5,25.0,full,False
EURUSD,20,30.0,0.4641282874721375,-6862.112427727276,6.784537473076494,1.8,15.0,1.2,1.8,25.0,full,False
EURUSD,19,26.31578947368421,0.44890562874040646,-6548.919857359622,6.555553560361145,1.8,15.0,1.5,2.0,25.0,full,False
EURUSD,10,10.0,0.12145413912287152,-7974.857234450901,7.118703250126216,1.0,8.0,1.0,1.5,25.0,full,True
EURUSD,10,10.0,0.06239315563373271,-8505.39495031233,7.539707878907692,1.0,8.0,1.2,1.8,25.0,full,True
EURUSD,9,11.11111111111111,0.08759721630160215,-7397.994040546255,6.4206188183392605,1.0,8.0,1.5,2.0,25.0,full,True
EURUSD,10,10.0,0.12181903528157151,-7948.170172356928,7.103982232533842,1.0,10.0,1.0,1.5,25.0,full,True
EURUSD,10,10.0,0.06254180150069746,-8479.750172356871,7.513792431107756,1.0,10.0,1.2,1.8,25.0,full,True
EURUSD,8,12.5,0.10116152918475181,-6388.622656200474,5.400593943598276,1.0,10.0,1.5,2.0,25.0,full,True
EURUSD,10,10.0,0.05235473329043813,-8526.950299176882,7.5644652940511214,1.0,12.0,1.0,1.5,25.0,full,True
EURUSD,9,11.11111111111111,0.07074171034505342,-7472.900299176807,6.499324515696412,1.0,12.0,1.2,1.8,25.0,full,True
EURUSD,6,0.0,0.0,-6089.45947095679,5.101327038747696,1.0,12.0,1.5,2.0,25.0,full,True
EURUSD,8,12.5,0.06821843460423348,-6541.06000000026,5.56474107561041,1.0,15.0,1.0,1.5,25.0,full,True
EURUSD,6,0.0,0.0,-6043.45000000023,5.061932792172053,1.0,15.0,1.2,1.8,25.0,full,True
EURUSD,3,0.0,0.0,-3069.0000000001164,2.0564101968199044,1.0,15.0,1.5,2.0,25.0,full,True
EURUSD,10,10.0,0.05226964837523215,-8539.85223049749,7.5820310626272684,1.2,8.0,1.0,1.5,25.0,full,True
EURUSD,9,11.11111111111111,0.07060683616221682,-7485.66115503374,6.516799916141521,1.2,8.0,1.2,1.8,25.0,full,True
EURUSD,5,0.0,0.0,-5112.424262831642,4.117066078334643,1.2,8.0,1.5,2.0,25.0,full,True
EURUSD,10,10.0,0.05234167677226696,-8527.452230497482,7.569501202980504,1.2,10.0,1.0,1.5,25.0,full,True
EURUSD,9,11.11111111111111,0.0707113094230351,-7473.761155033746,6.5047752927708355,1.2,10.0,1.2,1.8,25.0,full,True
EURUSD,5,0.0,0.0,-5100.224262831645,4.10473810193988,1.2,10.0,1.5,2.0,25.0,full,True
EURUSD,10,10.0,0.052594888419020776,-8506.579314867791,7.5484096946531976,1.2,12.0,1.0,1.5,25.0,full,True
EURUSD,8,12.5,0.0816700535676162,-6478.56783268119,5.4991597564429275,1.2,12.0,1.2,1.8,25.0,full,True
EURUSD,5,0.0,0.0,-5087.2484998301225,4.091626224891779,1.2,12.0,1.5,2.0,25.0,full,True
EURUSD,8,12.5,0.06821843460423348,-6541.06000000026,5.56474107561041,1.2,15.0,1.0,1.5,25.0,full,True
EURUSD,6,0.0,0.0,-6043.45000000023,5.061932792172053,1.2,15.0,1.2,1.8,25.0,full,True
EURUSD,3,0.0,0.0,-3069.0000000001164,2.0564101968199044,1.2,15.0,1.5,2.0,25.0,full,True
EURUSD,8,12.5,0.06819534130017474,-6552.094628029226,5.579769853937509,1.5,8.0,1.0,1.5,25.0,full,True
EURUSD,5,0.0,0.0,-5070.944404381982,4.082468840482485,1.5,8.0,1.2,1.8,25.0,full,True
EURUSD,2,0.0,0.0,-2073.0336523081787,1.051090780864717,1.5,8.0,1.5,2.0,25.0,full,True
EURUSD,8,12.5,0.06821593297933475,-6549.972061931941,5.577625202555457,1.5,10.0,1.0,1.5,25.0,full,True
EURUSD,5,0.0,0.0,-5069.274262831459,4.080781308112028,1.5,10.0,1.2,1.8,25.0,full,True
EURUSD,2,0.0,0.0,-2072.2985214876244,1.0503479783911986,1.5,10.0,1.5,2.0,25.0,full,True
EURUSD,8,12.5,0.06828830629115391,-6542.522061932119,5.570097685359952,1.5,12.0,1.0,1.5,25.0,full,True
EURUSD,5,0.0,0.0,-5061.074262831637,4.0724959232995905,1.5,12.0,1.2,1.8,25.0,full,True
EURUSD,2,0.0,0.0,-2064.048521487799,1.0420118833247776,1.5,12.0,1.5,2.0,25.0,full,True
EURUSD,7,14.285714285714285,0.08011871886361552,-5551.983339418104,4.569252414659946,1.5,15.0,1.0,1.5,25.0,full,True
EURUSD,5,0.0,0.0,-5049.9984998299915,4.061304830792032,1.5,15.0,1.2,1.8,25.0,full,True
EURUSD,2,0.0,0.0,-2055.79852148777,1.0336757882581504,1.5,15.0,1.5,2.0,25.0,full,True
EURUSD,5,0.0,0.0,-4623.150240852323,4.058525066722483,1.8,8.0,1.0,1.5,25.0,full,True
EURUSD,4,0.0,0.0,-4060.0378643989825,3.068556212457457,1.8,8.0,1.2,1.8,25.0,full,True
EURUSD,1,0.0,0.0,-1042.6593851467478,0.0,1.8,8.0,1.5,2.0,25.0,full,True
EURUSD,5,0.0,0.0,-4623.150240852323,4.058525066722483,1.8,10.0,1.0,1.5,25.0,full,True
EURUSD,4,0.0,0.0,-4060.0378643989825,3.068556212457457,1.8,10.0,1.2,1.8,25.0,full,True
EURUSD,1,0.0,0.0,-1042.6593851467478,0.0,1.8,10.0,1.5,2.0,25.0,full,True
EURUSD,5,0.0,0.0,-4621.868842829674,4.057236082901147,1.8,12.0,1.0,1.5,25.0,full,True
EURUSD,4,0.0,0.0,-4058.9374361950468,3.0674444119916484,1.8,12.0,1.2,1.8,25.0,full,True
EURUSD,1,0.0,0.0,-1041.2500000000728,0.0,1.8,12.0,1.5,2.0,25.0,full,True
EURUSD,5,0.0,0.0,-4614.768842829639,4.0500940513311185,1.8,15.0,1.0,1.5,25.0,full,True
EURUSD,4,0.0,0.0,-4050.237436195006,3.058654502738155,1.8,15.0,1.2,1.8,25.0,full,True
EURUSD,1,0.0,0.0,-1033.850000000035,0.0,1.8,15.0,1.5,2.0,25.0,full,True
EURUSD,15,33.33333333333333,0.4946513487913545,-5147.062330483081,5.0121779061424405,1.0,8.0,1.0,1.5,30.0,full,False
EURUSD,14,35.714285714285715,0.5767895021358598,-3890.3125597840553,4.7769601210770265,1.0,8.0,1.2,1.8,30.0,full,False
EURUSD,14,35.714285714285715,0.7828689775498058,-2002.0594264447864,4.541161225517735,1.0,8.0,1.5,2.0,30.0,full,False
EURUSD,15,33.33333333333333,0.49754547620426764,-5099.873802842121,4.984191255110084,1.0,10.0,1.0,1.5,30.0,full,False
EURUSD,14,35.714285714285715,0.6674853621848519,-3047.6119570092415,4.750438774184776,1.0,10.0,1.2,1.8,30.0,full,False
EURUSD,14,35.714285714285715,0.7886708634499131,-1941.4438943128189,4.515488094946665,1.0,10.0,1.5,2.0,30.0,full,False
EURUSD,14,35.714285714285715,0.5579242692204629,-4019.2428543148853,4.9505504609898825,1.0,12.0,1.0,1.5,30.0,full,False
EURUSD,14,35.714285714285715,0.6738356766003498,-2972.3617646459315,4.716148662595068,1.0,12.0,1.2,1.8,30.0,full,False
EURUSD,14,28.57142857142857,0.6426910473819005,-3623.794991059316,4.48160975260804,1.0,12.0,1.5,2.0,30.0,full,False
EURUSD,13,38.46153846153847,0.6383939074979874,-2920.150000000096,3.9052241599780713,1.0,15.0,1.0,1.5,30.0,full,False
EURUSD,13,30.76923076923077,0.6195922809292924,-3460.550000000425,3.667415575931978,1.0,15.0,1.2,1.8,30.0,full,False
EURUSD,12,33.33333333333333,0.6974252624582833,-2458.4500000003027,3.431173183962599,1.0,15.0,1.5,2.0,30.0,full,False
EURUSD,14,35.714285714285715,0.48304444015511516,-4711.409740437302,4.9682283995526895,1.2,8.0,1.0,1.5,30.0,full,False
EURUSD,14,35.714285714285715,0.582641578411748,-3811.161412191781,4.732644269255503,1.2,8.0,1.2,1.8,30.0,full,False
EURUSD,14,28.57142857142857,0.6389074137938086,-3672.106135374037,4.498448940526786,1.2,8.0,1.5,2.0,30.0,full,False
EURUSD,14,35.714285714285715,0.48439559978212765,-4691.426510565798,4.953198663595469,1.2,10.0,1.0,1.5,30.0,full,False
EURUSD,14,35.714285714285715,0.6721177867722452,-2991.7537701848923,4.717159820649815,1.2,10.0,1.2,1.8,30.0,full,False
EURUSD,14,28.57142857142857,0.6409074692459453,-3646.1023955534038,4.48250977927263,1.2,10.0,1.5,2.0,30.0,full,False
EURUSD,14,35.714285714285715,0.5596957645627317,-3996.3503317598515,4.932812088880089,1.2,12.0,1.0,1.5,30.0,full,False
EURUSD,14,35.714285714285715,0.6759582809512963,-2948.1844001946156,4.698730762373198,1.2,12.0,1.2,1.8,30.0,full,False
EURUSD,14,28.57142857142857,0.6446901209394436,-3597.850174699095,4.462931582598979,1.2,12.0,1.5,2.0,30.0,full,False
EURUSD,13,38.46153846153847,0.6386074502445915,-2918.42553554989,3.903481680908014,1.2,15.0,1.0,1.5,30.0,full,False
EURUSD,13,30.76923076923077,0.6197636963311937,-3458.9906426601083,3.665839928763394,1.2,15.0,1.2,1.8,30.0,full,False
EURUSD,12,33.33333333333333,0.697576821150373,-2457.218570471203,3.4299288903035046,1.2,15.0,1.5,2.0,30.0,full,False
EURUSD,12,41.66666666666667,0.6333202474837495,-2614.6855824339436,2.9152039487766817,1.5,8.0,1.0,1.5,30.0,full,False
EURUSD,12,33.33333333333333,0.6950981625351734,-2491.006855998683,2.6755565740533904,1.5,8.0,1.2,1.8,30.0,full,False
EURUSD,12,33.33333333333333,0.8138019155876239,-1526.867742998642,2.434862677862243,1.5,8.0,1.5,2.0,30.0,full,False
EURUSD,12,41.66666666666667,0.6333787279473844,-2614.027197512143,2.9145387133645846,1.5,10.0,1.0,1.5,30.0,full,False
EURUSD,12,33.33333333333333,0.6952399034940746,-2489.341237417233,2.6738736247227437,1.5,10.0,1.2,1.8,30.0,full,False
EURUSD,12,33.33333333333333,0.8138601850966337,-1526.2806353107444,2.434269461323148,1.5,10.0,1.5,2.0,30.0,full,False
EURUSD,12,41.66666666666667,0.7297669904066035,-1925.9697505975491,2.9042194040741034,1.5,12.0,1.0,1.5,30.0,full,False
EURUSD,12,33.33333333333333,0.6968618085395726,-2473.1184855942993,2.663958477429355,1.5,12.0,1.2,1.8,30.0,full,False
EURUSD,12,33.33333333333333,0.8156929753496078,-1509.3239913245634,2.4236975507844893,1.5,12.0,1.5,2.0,30.0,full,False
EURUSD,12,41.66666666666667,0.7345587624935052,-1886.0994934943592,2.887800322942504,1.5,15.0,1.0,1.5,30.0,full,False
EURUSD,12,33.33333333333333,0.7005257518882958,-2437.1767080121062,2.648145639293373,1.5,15.0,1.2,1.8,30.0,full,False
EURUSD,11,36.36363636363637,0.8013732066897663,-1421.0343992720882,2.408490955644153,1.5,15.0,1.5,2.0,30.0,full,False
EURUSD,12,33.33333333333333,0.6627876245553134,-2399.86416186679,2.8836490253282885,1.8,8.0,1.0,1.5,30.0,full,False
EURUSD,12,33.33333333333333,0.6815457811709278,-2269.993462968705,2.6434137274627134,1.8,8.0,1.2,1.8,30.0,full,False
EURUSD,12,33.33333333333333,0.804570119481199,-1396.6802945715026,2.4034251879515853,1.8,8.0,1.5,2.0,30.0,full,False
EURUSD,12,33.33333333333333,0.6627876245553134,-2399.86416186679,2.8836490253282885,1.8,10.0,1.0,1.5,30.0,full,False
EURUSD,12,33.33333333333333,0.6815457811709278,-2269.993462968705,2.6434137274627134,1.8,10.0,1.2,1.8,30.0,full,False
EURUSD,12,33.33333333333333,0.804570119481199,-1396.6802945715026,2.4034251879515853,1.8,10.0,1.5,2.0,30.0,full,False
EURUSD,12,33.33333333333333,0.6628766257052712,-2398.9086280345073,2.8826836036330277,1.8,12.0,1.0,1.5,30.0,full,False
EURUSD,12,33.33333333333333,0.6816338828991544,-2269.0721422086935,2.642482872876541,1.8,12.0,1.2,1.8,30.0,full,False
EURUSD,12,33.33333333333333,0.8046700016846601,-1395.7931868837622,2.402528900474531,1.8,12.0,1.5,2.0,30.0,full,False
EURUSD,12,33.33333333333333,0.664779982878417,-2382.613366497433,2.8727356505819195,1.8,15.0,1.0,1.5,30.0,full,False
EURUSD,12,33.33333333333333,0.6834623549307279,-2253.1414875922346,2.6315750892265477,1.8,15.0,1.2,1.8,30.0,full,False
EURUSD,11,36.36363636363637,0.7824502057827999,-1332.441835458696,2.3922273256238262,1.8,15.0,1.5,2.0,30.0,full,False
EURUSD,6,16.666666666666664,0.22153426098678977,-4001.23280772641,4.138687333555909,1.0,8.0,1.0,1.5,30.0,full,True
EURUSD,6,16.666666666666664,0.11347161122027055,-4556.663570914185,4.138687333555909,1.0,8.0,1.2,1.8,30.0,full,True
EURUSD,5,20.0,0.1775784902740136,-3401.1443417415576,3.1237153319190933,1.0,8.0,1.5,2.0,30.0,full,True
EURUSD,6,16.666666666666664,0.22203417326352534,-3991.016166202622,4.128753919228501,1.0,10.0,1.0,1.5,30.0,full,True
EURUSD,6,16.666666666666664,0.11366325133222427,-4546.966166202576,4.128753919228501,1.0,10.0,1.2,1.8,30.0,full,True
EURUSD,4,25.0,0.23840408850622008,-2365.8903485524206,2.0838201099890945,1.0,10.0,1.5,2.0,30.0,full,True
EURUSD,6,16.666666666666664,0.09546679735358708,-4614.250000000349,4.102719567496855,1.0,12.0,1.0,1.5,30.0,full,True
EURUSD,5,20.0,0.14330773918342143,-3514.5800000002637,3.093460659113237,1.0,12.0,1.2,1.8,30.0,full,True
EURUSD,3,0.0,0.0,-3092.5000000002183,2.072833377543822,1.0,12.0,1.5,2.0,30.0,full,True
EURUSD,4,25.0,0.1610263929618731,-2574.810000000114,2.0564101968199044,1.0,15.0,1.0,1.5,30.0,full,True
EURUSD,3,0.0,0.0,-3069.0000000001164,2.0564101968199044,1.0,15.0,1.2,1.8,30.0,full,True
EURUSD,6,16.666666666666664,0.0951941088769021,-4615.874955466847,4.10767911041894,1.2,8.0,1.0,1.5,30.0,full,True
EURUSD,5,20.0,0.14323832769639716,-3514.4516367900214,3.0977211874236974,1.2,8.0,1.2,1.8,30.0,full,True
EURUSD,2,0.0,0.0,-2073.9449473004934,1.0467135145764057,1.2,8.0,1.5,2.0,30.0,full,True
EURUSD,6,16.666666666666664,0.0951941088769021,-4615.874955466847,4.10767911041894,1.2,10.0,1.0,1.5,30.0,full,True
EURUSD,5,20.0,0.14323832769639716,-3514.4516367900214,3.0977211874236974,1.2,10.0,1.2,1.8,30.0,full,True
EURUSD,2,0.0,0.0,-2073.9449473004934,1.0467135145764057,1.2,10.0,1.5,2.0,30.0,full,True
EURUSD,6,16.666666666666664,0.09563949003121931,-4605.038862200643,4.098110289000828,1.2,12.0,1.0,1.5,30.0,full,True
EURUSD,4,25.0,0.19259937651254688,-2489.6190785202925,2.06853596767502,1.2,12.0,1.2,1.8,30.0,full,True
EURUSD,2,0.0,0.0,-2069.3473378539493,1.0420676768116908,1.2,12.0,1.5,2.0,30.0,full,True
EURUSD,4,25.0,0.1610263929618731,-2574.810000000114,2.0564101968199044,1.2,15.0,1.0,1.5,30.0,full,True
EURUSD,3,0.0,0.0,-3069.0000000001164,2.0564101968199044,1.2,15.0,1.2,1.8,30.0,full,True
EURUSD,4,25.0,0.1610341420891123,-2577.3110264414136,2.0634743941823137,1.5,8.0,1.0,1.5,30.0,full,True
EURUSD,2,0.0,0.0,-2058.153991850035,1.0383068980932721,1.5,8.0,1.2,1.8,30.0,full,True
EURUSD,4,25.0,0.1610341420891123,-2577.3110264414136,2.0634743941823137,1.5,10.0,1.0,1.5,30.0,full,True
EURUSD,2,0.0,0.0,-2058.153991850035,1.0383068980932721,1.5,10.0,1.2,1.8,30.0,full,True
EURUSD,4,25.0,0.1610341420891123,-2577.3110264414136,2.0634743941823137,1.5,12.0,1.0,1.5,30.0,full,True
EURUSD,2,0.0,0.0,-2058.153991850035,1.0383068980932721,1.5,12.0,1.2,1.8,30.0,full,True
EURUSD,3,33.33333333333333,0.2430162694113762,-1553.9243720435916,1.033644307541625,1.5,15.0,1.0,1.5,30.0,full,True
EURUSD,2,0.0,0.0,-2053.547337853859,1.0336522760131628,1.5,15.0,1.2,1.8,30.0,full,True
EURUSD,2,0.0,0.0,-1614.2528321951977,1.0318151676382563,1.8,8.0,1.0,1.5,30.0,full,True
EURUSD,1,0.0,0.0,-1030.6585326689674,0.0,1.8,8.0,1.2,1.8,30.0,full,True
EURUSD,2,0.0,0.0,-1614.2528321951977,1.0318151676382563,1.8,10.0,1.0,1.5,30.0,full,True
EURUSD,1,0.0,0.0,-1030.6585326689674,0.0,1.8,10.0,1.2,1.8,30.0,full,True
EURUSD,2,0.0,0.0,-1614.2528321951977,1.0318151676382563,1.8,12.0,1.0,1.5,30.0,full,True
EURUSD,1,0.0,0.0,-1030.6585326689674,0.0,1.8,12.0,1.2,1.8,30.0,full,True
EURUSD,2,0.0,0.0,-1614.2528321951977,1.0318151676382563,1.8,15.0,1.0,1.5,30.0,full,True
EURUSD,1,0.0,0.0,-1030.6585326689674,0.0,1.8,15.0,1.2,1.8,30.0,full,True
GBPUSD,52,28.846153846153843,0.37867308034442804,-21575.04982130538,21.695276900155505,1.0,8.0,1.0,1.5,15.0,peak,False
GBPUSD,51,27.450980392156865,0.3759450835046107,-21616.492273208467,21.92960405139641,1.0,8.0,1.2,1.8,15.0,peak,False
GBPUSD,48,25.0,0.45298737893075225,-18301.785003927274,18.828156108279124,1.0,8.0,1.5,2.0,15.0,peak,False
GBPUSD,51,31.372549019607842,0.4286172764860329,-18862.53639745743,18.986921815771545,1.0,10.0,1.0,1.5,15.0,peak,False
GBPUSD,47,29.78723404255319,0.41737911359636876,-18167.445600779465,18.494334985609136,1.0,10.0,1.2,1.8,15.0,peak,False
GBPUSD,45,28.888888888888886,0.5041158326244493,-14798.376031052278,15.651359277173215,1.0,10.0,1.5,2.0,15.0,peak,False
GBPUSD,45,33.33333333333333,0.4210527633008657,-16505.69182078162,17.202574371316075,1.0,12.0,1.0,1.5,15.0,peak,False
GBPUSD,45,31.11111111111111,0.44398451255794646,-16353.020131863857,17.54219552781825,1.0,12.0,1.2,1.8,15.0,peak,False
GBPUSD,43,25.581395348837212,0.5145142256274639,-14466.910438228602,15.020515546778466,1.0,12.0,1.5,2.0,15.0,peak,False
GBPUSD,40,37.5,0.5275703339529807,-10976.745050542188,11.74063964898131,1.0,15.0,1.0,1.5,15.0,peak,False
GBPUSD,40,30.0,0.47000871439838493,-13727.545924243183,14.086792003480571,1.0,15.0,1.2,1.8,15.0,peak,False
GBPUSD,40,27.500000000000004,0.5478452135962215,-11832.643787665467,12.641565208852521,1.0,15.0,1.5,2.0,15.0,peak,False
GBPUSD,50,30.0,0.36123513199343577,-20699.94224392656,20.832342502985163,1.2,8.0,1.0,1.5,15.0,peak,False
GBPUSD,47,29.78723404255319,0.42053639855105357,-17984.01795919235,18.32268647003531,1.2,8.0,1.2,1.8,15.0,peak,False
GBPUSD,45,26.666666666666668,0.4924921751225939,-15391.031401957269,16.257950107301667,1.2,8.0,1.5,2.0,15.0,peak,False
GBPUSD,50,30.0,0.3616339555374698,-20682.306966022064,20.81473666913694,1.2,10.0,1.0,1.5,15.0,peak,False
GBPUSD,47,29.78723404255319,0.42043669167752606,-17985.014385251285,18.32367878155317,1.2,10.0,1.2,1.8,15.0,peak,False
GBPUSD,45,26.666666666666668,0.4923905937523492,-15391.399661261297,16.25860498622439,1.2,10.0,1.5,2.0,15.0,peak,False
GBPUSD,45,31.11111111111111,0.37151590090230635,-18236.60098479493,18.929406573495168,1.2,12.0,1.0,1.5,15.0,peak,False
GBPUSD,45,31.11111111111111,0.4462894231388642,-16234.470550568774,17.43406217762481,1.2,12.0,1.2,1.8,15.0,peak,False
GBPUSD,43,23.25581395348837,0.44799419703629717,-16676.20815522634,17.224220089359427,1.2,12.0,1.5,2.0,15.0,peak,False
GBPUSD,40,35.0,0.4855271441463338,-12322.277637980354,13.07464575499947,1.2,15.0,1.0,1.5,15.0,peak,False
GBPUSD,40,30.0,0.4706576791410759,-13693.579689079255,14.052967206704391,1.2,15.0,1.2,1.8,15.0,peak,False
GBPUSD,40,27.500000000000004,0.5136817035703063,-12622.427780491285,13.433260445645297,1.2,15.0,1.5,2.0,15.0,peak,False
GBPUSD,40,37.5,0.548879095069244,-10097.966680046302,11.974855157457494,1.5,8.0,1.0,1.5,15.0,peak,False
GBPUSD,40,35.0,0.6329605449497605,-8267.479600569146,12.007130305490026,1.5,8.0,1.2,1.8,15.0,peak,False
GBPUSD,40,30.0,0.6338102796290443,-8984.745011371546,11.310938331048707,1.5,8.0,1.5,2.0,15.0,peak,False
GBPUSD,40,37.5,0.548879095069244,-10097.966680046302,11.974855157457494,1.5,10.0,1.0,1.5,15.0,peak,False
GBPUSD,40,35.0,0.6329605449497605,-8267.479600569146,12.007130305490026,1.5,10.0,1.2,1.8,15.0,peak,False
GBPUSD,40,30.0,0.6338102796290443,-8984.745011371546,11.310938331048707,1.5,10.0,1.5,2.0,15.0,peak,False
GBPUSD,40,37.5,0.5488072123203258,-10099.575715662955,11.974855157457494,1.5,12.0,1.0,1.5,15.0,peak,False
GBPUSD,40,35.0,0.63295909334319,-8267.512297674446,12.007130305490026,1.5,12.0,1.2,1.8,15.0,peak,False
GBPUSD,40,30.0,0.6338543379842043,-8983.039563614599,11.310938331048707,1.5,12.0,1.5,2.0,15.0,peak,False
GBPUSD,40,37.5,0.5487647228463609,-10096.427309109276,11.97128994716474,1.5,15.0,1.0,1.5,15.0,peak,False
GBPUSD,40,30.0,0.5048505322545804,-11993.287594663256,12.366807482631465,1.5,15.0,1.2,1.8,15.0,peak,False
GBPUSD,40,30.0,0.6189847952297458,-9335.012759133228,11.308163022567715,1.5,15.0,1.5,2.0,15.0,peak,False
GBPUSD,38,42.10526315789473,0.7146770525691154,-5550.588168561997,7.862947346239291,1.8,8.0,1.0,1.5,15.0,peak,False
GBPUSD,38,36.84210526315789,0.724649123583287,-5930.261769692865,6.899527958497295,1.8,8.0,1.2,1.8,15.0,peak,False
GBPUSD,37,29.72972972972973,0.6447444590845388,-7612.65023379054,8.242327174328992,1.8,8.0,1.5,2.0,15.0,peak,False
GBPUSD,38,42.10526315789473,0.7146770525691154,-5550.588168561997,7.862947346239291,1.8,10.0,1.0,1.5,15.0,peak,False
GBPUSD,38,36.84210526315789,0.724649123583287,-5930.261769692865,6.899527958497295,1.8,10.0,1.2,1.8,15.0,peak,False
GBPUSD,37,29.72972972972973,0.6447444590845388,-7612.65023379054,8.242327174328992,1.8,10.0,1.5,2.0,15.0,peak,False
GBPUSD,38,42.10526315789473,0.7146770525691154,-5550.588168561997,7.862947346239291,1.8,12.0,1.0,1.5,15.0,peak,False
GBPUSD,38,36.84210526315789,0.724649123583287,-5930.261769692865,6.899527958497295,1.8,12.0,1.2,1.8,15.0,peak,False
GBPUSD,37,29.72972972972973,0.6447444590845388,-7612.65023379054,8.242327174328992,1.8,12.0,1.5,2.0,15.0,peak,False
GBPUSD,38,42.10526315789473,0.7145138287756566,-5553.76347592847,7.862947346239291,1.8,15.0,1.0,1.5,15.0,peak,False
GBPUSD,38,36.84210526315789,0.7247139944129086,-5928.333933162867,6.899527958497295,1.8,15.0,1.2,1.8,15.0,peak,False
GBPUSD,37,29.72972972972973,0.6448582058844785,-7608.870423762899,8.238573126044923,1.8,15.0,1.5,2.0,15.0,peak,False
GBPUSD,24,29.166666666666668,0.3489156216046875,-10831.488423192786,10.952689711386936,1.0,8.0,1.0,1.5,15.0,peak,True
GBPUSD,18,27.77777777777778,0.40096941922114815,-7721.433128398319,8.07394576762809,1.0,8.0,1.2,1.8,15.0,peak,True
GBPUSD,11,27.27272727272727,0.4872715311945975,-4157.384118330228,5.371477040836988,1.0,8.0,1.5,2.0,15.0,peak,True
GBPUSD,23,26.08695652173913,0.2835470050439972,-11861.093858948734,11.986974679417306,1.0,10.0,1.0,1.5,15.0,peak,True
GBPUSD,16,25.0,0.3864417745621358,-7314.1602574681165,7.675367454441405,1.0,10.0,1.2,1.8,15.0,peak,True
GBPUSD,11,27.27272727272727,0.4887870259690567,-4139.758839517657,5.360926779211137,1.0,10.0,1.5,2.0,15.0,peak,True
GBPUSD,18,27.77777777777778,0.33605014335208555,-8519.188327833312,8.660263319649129,1.0,12.0,1.0,1.5,15.0,peak,True
GBPUSD,15,20.0,0.2732204449516843,-8603.070978953663,8.96910175093524,1.0,12.0,1.2,1.8,15.0,peak,True
GBPUSD,11,27.27272727272727,0.49153420935837533,-4103.240690202059,5.338078459750798,1.0,12.0,1.5,2.0,15.0,peak,True
GBPUSD,16,25.0,0.2711764653240439,-8604.599903806666,8.759964799890337,1.0,15.0,1.0,1.5,15.0,peak,True
GBPUSD,14,21.428571428571427,0.3003742056183935,-7587.166291321686,8.354388133034975,1.0,15.0,1.2,1.8,15.0,peak,True
GBPUSD,9,33.33333333333333,0.597785529225659,-2445.4262913214625,3.3251230762451436,1.0,15.0,1.5,2.0,15.0,peak,True
GBPUSD,19,31.57894736842105,0.4236645135962382,-7392.360626083435,7.53383814600797,1.2,8.0,1.0,1.5,15.0,peak,True
GBPUSD,12,25.0,0.3677175841675184,-5684.3278847342735,6.447517227980745,1.2,8.0,1.2,1.8,15.0,peak,True
GBPUSD,10,30.0,0.5642789726322982,-3091.930676192089,4.348119944519029,1.2,8.0,1.5,2.0,15.0,peak,True
GBPUSD,18,27.77777777777778,0.33607395402950696,-8485.218752896675,8.625512766331218,1.2,10.0,1.0,1.5,15.0,peak,True
GBPUSD,12,25.0,0.3677175841675184,-5684.3278847342735,6.447517227980745,1.2,10.0,1.2,1.8,15.0,peak,True
GBPUSD,10,30.0,0.5642789726322982,-3091.930676192089,4.348119944519029,1.2,10.0,1.5,2.0,15.0,peak,True
GBPUSD,16,25.0,0.3239732692379732,-7994.289283963415,8.141210133651809,1.2,12.0,1.0,1.5,15.0,peak,True
GBPUSD,12,25.0,0.3687599358866047,-5669.200191766009,6.438301923682258,1.2,12.0,1.2,1.8,15.0,peak,True
GBPUSD,10,30.0,0.5658550666907897,-3077.1137003282056,4.3396645488678445,1.2,12.0,1.5,2.0,15.0,peak,True
GBPUSD,15,20.0,0.2290708885181146,-9057.59945455339,9.211785498934152,1.2,15.0,1.0,1.5,15.0,peak,True
GBPUSD,12,25.0,0.37088758216967344,-5631.923541580152,6.414388699146169,1.2,15.0,1.2,1.8,15.0,peak,True
GBPUSD,8,37.5,0.7214098643860927,-1418.511833925746,2.3085285564060727,1.2,15.0,1.5,2.0,15.0,peak,True
GBPUSD,11,27.27272727272727,0.3845520900416175,-4487.1652967052505,4.821675406248419,1.5,8.0,1.0,1.5,15.0,peak,True
GBPUSD,10,30.0,0.4812708879571349,-3650.228021334726,4.459113562252588,1.5,8.0,1.2,1.8,15.0,peak,True
GBPUSD,7,28.57142857142857,0.47239787009983814,-2668.539110046855,3.3096644620351854,1.5,8.0,1.5,2.0,15.0,peak,True
GBPUSD,11,27.27272727272727,0.3845520900416175,-4487.1652967052505,4.821675406248419,1.5,10.0,1.0,1.5,15.0,peak,True
GBPUSD,10,30.0,0.4812708879571349,-3650.228021334726,4.459113562252588,1.5,10.0,1.2,1.8,15.0,peak,True
GBPUSD,7,28.57142857142857,0.47239787009983814,-2668.539110046855,3.3096644620351854,1.5,10.0,1.5,2.0,15.0,peak,True
GBPUSD,11,27.27272727272727,0.3845520900416175,-4487.1652967052505,4.821675406248419,1.5,12.0,1.0,1.5,15.0,peak,True
GBPUSD,10,30.0,0.4812708879571349,-3650.228021334726,4.459113562252588,1.5,12.0,1.2,1.8,15.0,peak,True
GBPUSD,7,28.57142857142857,0.47239787009983814,-2668.539110046855,3.3096644620351854,1.5,12.0,1.5,2.0,15.0,peak,True
GBPUSD,11,27.27272727272727,0.3856074845464023,-4475.01598029281,4.814349584815311,1.5,15.0,1.0,1.5,15.0,peak,True
GBPUSD,10,30.0,0.4823764880599506,-3639.034854689671,4.4524509109843855,1.5,15.0,1.2,1.8,15.0,peak,True
GBPUSD,7,28.57142857142857,0.39291563905812943,-3069.019286550305,3.307117924641871,1.5,15.0,1.5,2.0,15.0,peak,True
GBPUSD,10,40.0,0.6714991118383606,-1997.933615553804,3.0577227823748636,1.8,8.0,1.0,1.5,15.0,peak,True
GBPUSD,7,42.857142857142854,0.8595707522299163,-572.0463408586947,2.04235843632925,1.8,8.0,1.2,1.8,15.0,peak,True
GBPUSD,5,60.0,1.340100599424905,697.3365502733795,1.029742117656019,1.8,8.0,1.5,2.0,15.0,peak,True
GBPUSD,10,40.0,0.6714991118383606,-1997.933615553804,3.0577227823748636,1.8,10.0,1.0,1.5,15.0,peak,True
GBPUSD,7,42.857142857142854,0.8595707522299163,-572.0463408586947,2.04235843632925,1.8,10.0,1.2,1.8,15.0,peak,True
GBPUSD,5,60.0,1.340100599424905,697.3365502733795,1.029742117656019,1.8,10.0,1.5,2.0,15.0,peak,True
GBPUSD,10,40.0,0.6714991118383606,-1997.933615553804,3.0577227823748636,1.8,12.0,1.0,1.5,15.0,peak,True
GBPUSD,7,42.857142857142854,0.8595707522299163,-572.0463408586947,2.04235843632925,1.8,12.0,1.2,1.8,15.0,peak,True
GBPUSD,5,60.0,1.340100599424905,697.3365502733795,1.029742117656019,1.8,12.0,1.5,2.0,15.0,peak,True
GBPUSD,10,40.0,0.6714991118383606,-1997.933615553804,3.0577227823748636,1.8,15.0,1.0,1.5,15.0,peak,True
GBPUSD,7,42.857142857142854,0.8595707522299163,-572.0463408586947,2.04235843632925,1.8,15.0,1.2,1.8,15.0,peak,True
GBPUSD,5,60.0,1.340100599424905,697.3365502733795,1.029742117656019,1.8,15.0,1.5,2.0,15.0,peak,True
GBPUSD,38,18.421052631578945,0.19961767788049023,-23053.606089351917,23.972909296909688,1.0,8.0,1.0,1.5,20.0,peak,False
GBPUSD,37,16.216216216216218,0.19459992249475547,-23148.517349266534,24.2537043984569,1.0,8.0,1.2,1.8,20.0,peak,False
GBPUSD,35,14.285714285714285,0.2213432278521047,-21239.20177525653,22.562663201329855,1.0,8.0,1.5,2.0,20.0,peak,False
GBPUSD,37,21.62162162162162,0.24754560939478432,-20408.158133829478,21.359067355228053,1.0,10.0,1.0,1.5,20.0,peak,False
GBPUSD,35,20.0,0.23265908523037365,-20118.783481754028,21.267540576926258,1.0,10.0,1.2,1.8,20.0,peak,False
GBPUSD,33,18.181818181818183,0.27064514076313395,-18008.959566653997,19.386700546214836,1.0,10.0,1.5,2.0,20.0,peak,False
GBPUSD,33,24.242424242424242,0.23792769944758063,-18015.901408279533,18.995391686818387,1.0,12.0,1.0,1.5,20.0,peak,False
GBPUSD,33,21.21212121212121,0.24975638186356516,-18367.657896176548,19.541597606594852,1.0,12.0,1.2,1.8,20.0,peak,False
GBPUSD,31,16.129032258064516,0.32124243563370963,-16201.405819473584,17.60952012832857,1.0,12.0,1.5,2.0,20.0,peak,False
GBPUSD,30,26.666666666666668,0.3118225516061175,-13853.016529896588,16.05896454807704,1.0,15.0,1.0,1.5,20.0,peak,False
GBPUSD,30,20.0,0.2919097449634398,-15504.160413875128,16.726490621290484,1.0,15.0,1.2,1.8,20.0,peak,False
GBPUSD,30,20.0,0.38220498809230763,-13611.226893289306,15.965426825847977,1.0,15.0,1.5,2.0,20.0,peak,False
GBPUSD,36,19.444444444444446,0.20871954704650938,-21211.745736852507,22.158398362066464,1.2,8.0,1.0,1.5,20.0,peak,False
GBPUSD,35,20.0,0.23431075011546,-19983.78733770801,21.139925111101398,1.2,8.0,1.2,1.8,20.0,peak,False
GBPUSD,33,18.181818181818183,0.33707532858761347,-16359.501898401097,17.770677651139604,1.2,8.0,1.5,2.0,20.0,peak,False
GBPUSD,36,19.444444444444446,0.20891068269599433,-21201.912557305943,22.148683329638658,1.2,10.0,1.0,1.5,20.0,peak,False
GBPUSD,35,20.0,0.23426287400731224,-19979.684697166158,21.135881748767577,1.2,10.0,1.2,1.8,20.0,peak,False
GBPUSD,33,18.181818181818183,0.33710714043218915,-16354.043521795422,17.76531136782474,1.2,10.0,1.5,2.0,20.0,peak,False
GBPUSD,33,21.21212121212121,0.20952135431736704,-19197.830742301157,20.168680856523878,1.2,12.0,1.0,1.5,20.0,peak,False
GBPUSD,33,21.21212121212121,0.25138548460382987,-18268.506384336244,19.44942789887649,1.2,12.0,1.2,1.8,20.0,peak,False
GBPUSD,31,16.129032258064516,0.3232178454690574,-16102.783858151743,17.51829093700516,1.2,12.0,1.5,2.0,20.0,peak,False
GBPUSD,30,23.333333333333332,0.27395735523716586,-15157.280351794194,17.33387382651647,1.2,15.0,1.0,1.5,20.0,peak,False
GBPUSD,30,20.0,0.2923817622597951,-15473.04754210946,16.69582783325893,1.2,15.0,1.2,1.8,20.0,peak,False
GBPUSD,30,20.0,0.38277326230375963,-13578.711246913954,15.937601128052629,1.2,15.0,1.5,2.0,20.0,peak,False
GBPUSD,30,26.666666666666668,0.3252618614071531,-13027.494278093422,15.458143195411319,1.5,8.0,1.0,1.5,20.0,peak,False
GBPUSD,30,26.666666666666668,0.4316936044593441,-11058.524596474861,13.629041139987216,1.5,8.0,1.2,1.8,20.0,peak,False
GBPUSD,30,23.333333333333332,0.49468020583213573,-10367.466092465722,13.209493365631433,1.5,8.0,1.5,2.0,20.0,peak,False
GBPUSD,30,26.666666666666668,0.3252618614071531,-13027.494278093422,15.458143195411319,1.5,10.0,1.0,1.5,20.0,peak,False
GBPUSD,30,26.666666666666668,0.4316936044593441,-11058.524596474861,13.629041139987216,1.5,10.0,1.2,1.8,20.0,peak,False
GBPUSD,30,23.333333333333332,0.49468020583213573,-10367.466092465722,13.209493365631433,1.5,10.0,1.5,2.0,20.0,peak,False
GBPUSD,30,26.666666666666668,0.32523847889017593,-13026.386462142065,15.455860289963491,1.5,12.0,1.0,1.5,20.0,peak,False
GBPUSD,30,26.666666666666668,0.4316834099225211,-11057.776556252385,13.62740004319133,1.5,12.0,1.2,1.8,20.0,peak,False
GBPUSD,30,23.333333333333332,0.49475695410041015,-10364.283485632768,13.209493365631433,1.5,12.0,1.5,2.0,20.0,peak,False
GBPUSD,30,26.666666666666668,0.32538698626629226,-13012.679848175656,15.44039250347858,1.5,15.0,1.0,1.5,20.0,peak,False
GBPUSD,30,23.333333333333332,0.38513343145693746,-12510.819635329288,13.781955646990232,1.5,15.0,1.2,1.8,20.0,peak,False
GBPUSD,30,23.333333333333332,0.4955505926966643,-10336.334197730946,13.20669687137334,1.5,15.0,1.5,2.0,20.0,peak,False
GBPUSD,28,35.714285714285715,0.5427723918890818,-7497.202854909876,9.584015590674197,1.8,8.0,1.0,1.5,20.0,peak,False
GBPUSD,28,32.142857142857146,0.6277242881904059,-6518.890637298231,8.594734383537098,1.8,8.0,1.2,1.8,20.0,peak,False
GBPUSD,27,25.925925925925924,0.5459840134135779,-7923.829272542498,9.485971310339288,1.8,8.0,1.5,2.0,20.0,peak,False
GBPUSD,28,35.714285714285715,0.5427723918890818,-7497.202854909876,9.584015590674197,1.8,10.0,1.0,1.5,20.0,peak,False
GBPUSD,28,32.142857142857146,0.6277242881904059,-6518.890637298231,8.594734383537098,1.8,10.0,1.2,1.8,20.0,peak,False
GBPUSD,27,25.925925925925924,0.5459840134135779,-7923.829272542498,9.485971310339288,1.8,10.0,1.5,2.0,20.0,peak,False
GBPUSD,28,35.714285714285715,0.5427723918890818,-7497.202854909876,9.584015590674197,1.8,12.0,1.0,1.5,20.0,peak,False
GBPUSD,28,32.142857142857146,0.6277242881904059,-6518.890637298231,8.594734383537098,1.8,12.0,1.2,1.8,20.0,peak,False
GBPUSD,27,25.925925925925924,0.5459840134135779,-7923.829272542498,9.485971310339288,1.8,12.0,1.5,2.0,20.0,peak,False
GBPUSD,28,35.714285714285715,0.5427279619681961,-7497.5240315605915,9.581416644127398,1.8,15.0,1.0,1.5,20.0,peak,False
GBPUSD,28,32.142857142857146,0.6279342468274096,-6513.035614806795,8.591642597960982,1.8,15.0,1.2,1.8,20.0,peak,False
GBPUSD,27,25.925925925925924,0.5461662918041722,-7918.0045632243855,9.48024542163037,1.8,15.0,1.5,2.0,20.0,peak,False
GBPUSD,15,13.333333333333334,0.12381542959214098,-11202.139716024423,10.278209387375206,1.0,8.0,1.0,1.5,20.0,peak,True
GBPUSD,11,9.090909090909092,0.133580741027738,-8620.782181353323,8.047018409878318,1.0,8.0,1.2,1.8,20.0,peak,True
GBPUSD,6,16.666666666666664,0.3178131391972549,-3482.379100692342,4.117355968644217,1.0,8.0,1.5,2.0,20.0,peak,True
GBPUSD,15,13.333333333333334,0.1239440839411916,-11188.868703661123,10.264800291833168,1.0,10.0,1.0,1.5,20.0,peak,True
GBPUSD,10,10.0,0.14961274740261982,-7637.147967905126,7.057488012490988,1.0,10.0,1.2,1.8,20.0,peak,True
GBPUSD,6,16.666666666666664,0.3184658788839017,-3471.916255296237,4.106784258685898,1.0,10.0,1.5,2.0,20.0,peak,True
GBPUSD,12,16.666666666666664,0.1618396704949065,-8322.961584129866,7.519239432464257,1.0,12.0,1.0,1.5,20.0,peak,True
GBPUSD,10,10.0,0.14986221772268474,-7622.197967905478,7.042382459661913,1.0,12.0,1.2,1.8,20.0,peak,True
GBPUSD,6,16.666666666666664,0.3194472467964003,-3456.266255296592,4.090971422446767,1.0,12.0,1.5,2.0,20.0,peak,True
GBPUSD,11,18.181818181818183,0.18189697713325728,-7325.719342049299,6.522311812949486,1.0,15.0,1.0,1.5,20.0,peak,True
GBPUSD,9,11.11111111111111,0.1694712710306681,-6619.872502689497,7.013119172822811,1.0,15.0,1.2,1.8,20.0,peak,True
GBPUSD,5,20.0,0.4052901676949619,-2418.222502689343,3.0680438721661223,1.0,15.0,1.5,2.0,20.0,peak,True
GBPUSD,11,9.090909090909092,0.11205296170529778,-8776.97578224352,7.992790920238624,1.2,8.0,1.0,1.5,20.0,peak,True
GBPUSD,7,14.285714285714285,0.22766976427553665,-4672.085465208467,5.076443584288666,1.2,8.0,1.2,1.8,20.0,peak,True
GBPUSD,5,20.0,0.40341848335782055,-2435.619928256958,3.089368330865217,1.2,8.0,1.5,2.0,20.0,peak,True
GBPUSD,11,9.090909090909092,0.11205296170529778,-8776.97578224352,7.992790920238624,1.2,10.0,1.0,1.5,20.0,peak,True
GBPUSD,7,14.285714285714285,0.22766976427553665,-4672.085465208467,5.076443584288666,1.2,10.0,1.2,1.8,20.0,peak,True
GBPUSD,5,20.0,0.40341848335782055,-2435.619928256958,3.089368330865217,1.2,10.0,1.5,2.0,20.0,peak,True
GBPUSD,10,10.0,0.12557409658612706,-7803.763274157434,7.012146363042956,1.2,12.0,1.0,1.5,20.0,peak,True
GBPUSD,7,14.285714285714285,0.2282416575076787,-4662.815179851343,5.068836432614573,1.2,12.0,1.2,1.8,20.0,peak,True
GBPUSD,5,20.0,0.4042413144232486,-2427.309762099292,3.0809721099500305,1.2,12.0,1.5,2.0,20.0,peak,True
GBPUSD,10,10.0,0.12576612312851346,-7789.2420181177295,6.997344657027151,1.2,15.0,1.0,1.5,20.0,peak,True
GBPUSD,7,14.285714285714285,0.22853511897387324,-4649.00729008147,5.053074889007291,1.2,15.0,1.2,1.8,20.0,peak,True
GBPUSD,4,25.0,0.5442394700508439,-1393.0170361827913,2.0525819073480025,1.2,15.0,1.5,2.0,20.0,peak,True
GBPUSD,6,16.666666666666664,0.2707913478795829,-3153.9443204535783,3.3391495545546817,1.5,8.0,1.0,1.5,20.0,peak,True
GBPUSD,5,20.0,0.34844507482101944,-2641.7434850440914,3.065721630514954,1.5,8.0,1.2,1.8,20.0,peak,True
GBPUSD,3,0.0,0.0,-3047.9865157464665,2.04881339513235,1.5,8.0,1.5,2.0,20.0,peak,True
GBPUSD,6,16.666666666666664,0.2707913478795829,-3153.9443204535783,3.3391495545546817,1.5,10.0,1.0,1.5,20.0,peak,True
GBPUSD,5,20.0,0.34844507482101944,-2641.7434850440914,3.065721630514954,1.5,10.0,1.2,1.8,20.0,peak,True
GBPUSD,3,0.0,0.0,-3047.9865157464665,2.04881339513235,1.5,10.0,1.5,2.0,20.0,peak,True
GBPUSD,6,16.666666666666664,0.2707913478795829,-3153.9443204535783,3.3391495545546817,1.5,12.0,1.0,1.5,20.0,peak,True
GBPUSD,5,20.0,0.34844507482101944,-2641.7434850440914,3.065721630514954,1.5,12.0,1.2,1.8,20.0,peak,True
GBPUSD,3,0.0,0.0,-3047.9865157464665,2.04881339513235,1.5,12.0,1.5,2.0,20.0,peak,True
GBPUSD,6,16.666666666666664,0.27120547823403296,-3147.339807210592,3.3324769761744024,1.5,15.0,1.0,1.5,20.0,peak,True
GBPUSD,5,20.0,0.3490998338159344,-2634.13897138444,3.0580387458615395,1.5,15.0,1.2,1.8,20.0,peak,True
GBPUSD,3,0.0,0.0,-3045.617036182666,2.046419496062395,1.5,15.0,1.5,2.0,20.0,peak,True
GBPUSD,5,40.0,0.7884161795122804,-649.6134004491032,2.0503303102294037,1.8,8.0,1.0,1.5,20.0,peak,True
GBPUSD,3,33.33333333333333,0.7140576507563541,-586.2913847720483,1.029974916446951,1.8,8.0,1.2,1.8,20.0,peak,True
GBPUSD,3,33.33333333333333,0.3536691721428784,-1319.5397312912828,1.02881684771709,1.8,8.0,1.5,2.0,20.0,peak,True
GBPUSD,5,40.0,0.7884161795122804,-649.6134004491032,2.0503303102294037,1.8,10.0,1.0,1.5,20.0,peak,True
GBPUSD,3,33.33333333333333,0.7140576507563541,-586.2913847720483,1.029974916446951,1.8,10.0,1.2,1.8,20.0,peak,True
GBPUSD,3,33.33333333333333,0.3536691721428784,-1319.5397312912828,1.02881684771709,1.8,10.0,1.5,2.0,20.0,peak,True
GBPUSD,5,40.0,0.7884161795122804,-649.6134004491032,2.0503303102294037,1.8,12.0,1.0,1.5,20.0,peak,True
GBPUSD,3,33.33333333333333,0.7140576507563541,-586.2913847720483,1.029974916446951,1.8,12.0,1.2,1.8,20.0,peak,True
GBPUSD,3,33.33333333333333,0.3536691721428784,-1319.5397312912828,1.02881684771709,1.8,12.0,1.5,2.0,20.0,peak,True
GBPUSD,5,40.0,0.7884161795122804,-649.6134004491032,2.0503303102294037,1.8,15.0,1.0,1.5,20.0,peak,True
GBPUSD,3,33.33333333333333,0.7140576507563541,-586.2913847720483,1.029974916446951,1.8,15.0,1.2,1.8,20.0,peak,True
GBPUSD,3,33.33333333333333,0.3536691721428784,-1319.5397312912828,1.02881684771709,1.8,15.0,1.5,2.0,20.0,peak,True
GBPUSD,27,14.814814814814813,0.14083432238211063,-18690.435142204922,17.84441956546535,1.0,8.0,1.0,1.5,25.0,peak,False
GBPUSD,26,11.538461538461538,0.10886357615244946,-19273.066465989046,18.43311309332448,1.0,8.0,1.2,1.8,25.0,peak,False
GBPUSD,24,8.333333333333332,0.10862234576185095,-17793.651437995664,16.938304942021006,1.0,8.0,1.5,2.0,25.0,peak,False
GBPUSD,26,19.230769230769234,0.2041325937978453,-15921.535816049756,15.046710197534038,1.0,10.0,1.0,1.5,25.0,peak,False
GBPUSD,24,16.666666666666664,0.15188268357432325,-16115.626906611637,15.24282078095892,1.0,10.0,1.2,1.8,25.0,peak,False
GBPUSD,22,13.636363636363635,0.16429266109705035,-14448.513311108778,13.558361082664112,1.0,10.0,1.5,2.0,25.0,peak,False
GBPUSD,23,21.73913043478261,0.16976337429775187,-14339.614843046147,13.448329540031192,1.0,12.0,1.0,1.5,25.0,peak,False
GBPUSD,23,17.391304347826086,0.15910458645125372,-15209.680563070913,14.327448182097962,1.0,12.0,1.2,1.8,25.0,peak,False
GBPUSD,21,9.523809523809524,0.17229127654258622,-14303.991448897403,13.412335489042734,1.0,12.0,1.5,2.0,25.0,peak,False
GBPUSD,21,23.809523809523807,0.2453404923066848,-10974.438692258831,11.253693632130226,1.0,15.0,1.0,1.5,25.0,peak,False
GBPUSD,21,14.285714285714285,0.1904557723652627,-13195.064712814856,12.628446479488076,1.0,15.0,1.2,1.8,25.0,peak,False
GBPUSD,21,14.285714285714285,0.22534887930633277,-12638.37471281481,12.628446479488076,1.0,15.0,1.5,2.0,25.0,peak,False
GBPUSD,25,16.0,0.14990755737850764,-16804.85895829971,15.943343369485206,1.2,8.0,1.0,1.5,25.0,peak,False
GBPUSD,24,16.666666666666664,0.1529573019651107,-16010.736309932341,15.140997295657721,1.2,8.0,1.2,1.8,25.0,peak,False
GBPUSD,22,13.636363636363635,0.21288276705976783,-13562.12877527492,12.667033549861284,1.2,8.0,1.5,2.0,25.0,peak,False
GBPUSD,25,16.0,0.15017918690325763,-16798.339435700385,15.936756334885985,1.2,10.0,1.0,1.5,25.0,peak,False
GBPUSD,24,16.666666666666664,0.1527828308004462,-16011.32063961614,15.14158767628544,1.2,10.0,1.2,1.8,25.0,peak,False
GBPUSD,22,13.636363636363635,0.2127980644020261,-13560.843760107513,12.66573522789994,1.2,10.0,1.5,2.0,25.0,peak,False
GBPUSD,23,17.391304347826086,0.1337600681325134,-15589.892734284062,14.715795733517293,1.2,12.0,1.0,1.5,25.0,peak,False
GBPUSD,23,17.391304347826086,0.16014050255862325,-15128.678951290945,14.249805916024465,1.2,12.0,1.2,1.8,25.0,peak,False
GBPUSD,21,9.523809523809524,0.17359209402601383,-14223.596034626637,13.335350540438743,1.2,12.0,1.5,2.0,25.0,peak,False
GBPUSD,21,19.047619047619047,0.19728436850734185,-12323.088457898659,12.60579979515355,1.2,15.0,1.0,1.5,25.0,peak,False
GBPUSD,21,14.285714285714285,0.19095127600128417,-13163.9969952237,12.60579979515355,1.2,15.0,1.2,1.8,25.0,peak,False
GBPUSD,21,14.285714285714285,0.22591713586531775,-12607.445148745057,12.60579979515355,1.2,15.0,1.5,2.0,25.0,peak,False
GBPUSD,21,23.809523809523807,0.2605105265680242,-10128.441303869273,11.082568342192527,1.5,8.0,1.0,1.5,25.0,peak,False
GBPUSD,21,23.809523809523807,0.37072249268272384,-8639.438516853814,11.082568342192527,1.5,8.0,1.2,1.8,25.0,peak,False
GBPUSD,21,19.047619047619047,0.3631507395686259,-9356.346765470094,11.082568342192527,1.5,8.0,1.5,2.0,25.0,peak,False
GBPUSD,21,23.809523809523807,0.2605105265680242,-10128.441303869273,11.082568342192527,1.5,10.0,1.0,1.5,25.0,peak,False
GBPUSD,21,23.809523809523807,0.37072249268272384,-8639.438516853814,11.082568342192527,1.5,10.0,1.2,1.8,25.0,peak,False
GBPUSD,21,19.047619047619047,0.3631507395686259,-9356.346765470094,11.082568342192527,1.5,10.0,1.5,2.0,25.0,peak,False
GBPUSD,21,23.809523809523807,0.2604553996930982,-10129.196350880782,11.082568342192527,1.5,12.0,1.0,1.5,25.0,peak,False
GBPUSD,21,23.809523809523807,0.3706795720406037,-8640.027780325647,11.082568342192527,1.5,12.0,1.2,1.8,25.0,peak,False
GBPUSD,21,19.047619047619047,0.36318864761157255,-9354.813318508357,11.082568342192527,1.5,12.0,1.5,2.0,25.0,peak,False
GBPUSD,21,23.809523809523807,0.2600928768360526,-10133.347758990552,11.082568342192527,1.5,15.0,1.0,1.5,25.0,peak,False
GBPUSD,21,19.047619047619047,0.3077916555769183,-10147.941906700944,11.082568342192527,1.5,15.0,1.2,1.8,25.0,peak,False
GBPUSD,21,19.047619047619047,0.363462304537393,-9345.350877529228,11.082568342192527,1.5,15.0,1.5,2.0,25.0,peak,False
GBPUSD,19,36.84210526315789,0.5786864762416347,-4452.617774256039,6.276266863190736,1.8,8.0,1.0,1.5,25.0,peak,False
GBPUSD,19,31.57894736842105,0.5845523908086784,-4815.919396945872,5.953282800258339,1.8,8.0,1.2,1.8,25.0,peak,False
GBPUSD,19,21.052631578947366,0.4425097907122897,-6968.278193208855,7.245103991740799,1.8,8.0,1.5,2.0,25.0,peak,False
GBPUSD,19,36.84210526315789,0.5786864762416347,-4452.617774256039,6.276266863190736,1.8,10.0,1.0,1.5,25.0,peak,False
GBPUSD,19,31.57894736842105,0.5845523908086784,-4815.919396945872,5.953282800258339,1.8,10.0,1.2,1.8,25.0,peak,False
GBPUSD,19,21.052631578947366,0.4425097907122897,-6968.278193208855,7.245103991740799,1.8,10.0,1.5,2.0,25.0,peak,False
GBPUSD,19,36.84210526315789,0.5786864762416347,-4452.617774256039,6.276266863190736,1.8,12.0,1.0,1.5,25.0,peak,False
GBPUSD,19,31.57894736842105,0.5845523908086784,-4815.919396945872,5.953282800258339,1.8,12.0,1.2,1.8,25.0,peak,False
GBPUSD,19,21.052631578947366,0.4425097907122897,-6968.278193208855,7.245103991740799,1.8,12.0,1.5,2.0,25.0,peak,False
GBPUSD,19,36.84210526315789,0.578532318398051,-4454.2469789116585,6.276266863190736,1.8,15.0,1.0,1.5,25.0,peak,False
GBPUSD,19,31.57894736842105,0.5846989281683753,-4813.01417704772,5.953282800258339,1.8,15.0,1.2,1.8,25.0,peak,False
GBPUSD,19,21.052631578947366,0.44261715735171986,-6965.24619213189,7.245103991740799,1.8,15.0,1.5,2.0,25.0,peak,False
GBPUSD,11,18.181818181818183,0.18140693708268527,-7372.411131730827,6.408632969156275,1.0,8.0,1.0,1.5,25.0,peak,True
GBPUSD,7,14.285714285714285,0.22844101780973353,-4677.932337461447,4.078285683293047,1.0,8.0,1.2,1.8,25.0,peak,True
GBPUSD,4,25.0,0.5395599725205464,-1413.4892896117526,2.061320636754951,1.0,8.0,1.5,2.0,25.0,peak,True
GBPUSD,11,18.181818181818183,0.18140693708268527,-7372.411131730827,6.408632969156275,1.0,10.0,1.0,1.5,25.0,peak,True
GBPUSD,7,14.285714285714285,0.22844101780973353,-4677.932337461447,4.078285683293047,1.0,10.0,1.2,1.8,25.0,peak,True
GBPUSD,4,25.0,0.5395599725205464,-1413.4892896117526,2.061320636754951,1.0,10.0,1.5,2.0,25.0,peak,True
GBPUSD,9,22.22222222222222,0.23349420583414393,-5402.850912131966,4.572385400424081,1.0,12.0,1.0,1.5,25.0,peak,True
GBPUSD,7,14.285714285714285,0.22844101780973353,-4677.932337461447,4.078285683293047,1.0,12.0,1.2,1.8,25.0,peak,True
GBPUSD,4,25.0,0.5395599725205464,-1413.4892896117526,2.061320636754951,1.0,12.0,1.5,2.0,25.0,peak,True
GBPUSD,8,25.0,0.27513147202113447,-4394.055579201857,3.563478801348055,1.0,15.0,1.0,1.5,25.0,peak,True
GBPUSD,6,16.666666666666664,0.27540306881702403,-3665.1725026893982,4.070365504726781,1.0,15.0,1.2,1.8,25.0,peak,True
GBPUSD,4,25.0,0.5427380296044686,-1401.4725026893138,2.056325474300219,1.0,15.0,1.5,2.0,25.0,peak,True
GBPUSD,7,14.285714285714285,0.19158951850903894,-4872.6884845537425,4.0552420202404065,1.2,8.0,1.0,1.5,25.0,peak,True
GBPUSD,4,25.0,0.4661835384294755,-1629.1820515579748,2.0480198022202036,1.2,8.0,1.2,1.8,25.0,peak,True
GBPUSD,3,33.33333333333333,0.8221262563194982,-363.6303244956507,1.0299507302948299,1.2,8.0,1.5,2.0,25.0,peak,True
GBPUSD,7,14.285714285714285,0.19158951850903894,-4872.6884845537425,4.0552420202404065,1.2,10.0,1.0,1.5,25.0,peak,True
GBPUSD,4,25.0,0.4661835384294755,-1629.1820515579748,2.0480198022202036,1.2,10.0,1.2,1.8,25.0,peak,True
GBPUSD,3,33.33333333333333,0.8221262563194982,-363.6303244956507,1.0299507302948299,1.2,10.0,1.5,2.0,25.0,peak,True
GBPUSD,7,14.285714285714285,0.19158951850903894,-4872.6884845537425,4.0552420202404065,1.2,12.0,1.0,1.5,25.0,peak,True
GBPUSD,4,25.0,0.4661835384294755,-1629.1820515579748,2.0480198022202036,1.2,12.0,1.2,1.8,25.0,peak,True
GBPUSD,3,33.33333333333333,0.8221262563194982,-363.6303244956507,1.0299507302948299,1.2,12.0,1.5,2.0,25.0,peak,True
GBPUSD,7,14.285714285714285,0.19172150146112818,-4871.892958239419,4.0552420202404065,1.2,15.0,1.0,1.5,25.0,peak,True
GBPUSD,4,25.0,0.46566923227427026,-1630.7516890970728,2.0480198022202036,1.2,15.0,1.2,1.8,25.0,peak,True
GBPUSD,3,33.33333333333333,0.8226952914996137,-362.46703618275933,1.0299507302948299,1.2,15.0,1.5,2.0,25.0,peak,True
GBPUSD,4,25.0,0.5177401657480039,-1113.9024480992666,1.302974580292516,1.5,8.0,1.0,1.5,25.0,peak,True
GBPUSD,3,33.33333333333333,0.709906926558525,-589.8947022681532,1.0238384277669694,1.5,8.0,1.2,1.8,25.0,peak,True
GBPUSD,2,0.0,0.0,-2033.4670361826284,1.0238384277669694,1.5,8.0,1.5,2.0,25.0,peak,True
GBPUSD,4,25.0,0.5177401657480039,-1113.9024480992666,1.302974580292516,1.5,10.0,1.0,1.5,25.0,peak,True
GBPUSD,3,33.33333333333333,0.709906926558525,-589.8947022681532,1.0238384277669694,1.5,10.0,1.2,1.8,25.0,peak,True
GBPUSD,2,0.0,0.0,-2033.4670361826284,1.0238384277669694,1.5,10.0,1.5,2.0,25.0,peak,True
GBPUSD,4,25.0,0.5177401657480039,-1113.9024480992666,1.302974580292516,1.5,12.0,1.0,1.5,25.0,peak,True
GBPUSD,3,33.33333333333333,0.709906926558525,-589.8947022681532,1.0238384277669694,1.5,12.0,1.2,1.8,25.0,peak,True
GBPUSD,2,0.0,0.0,-2033.4670361826284,1.0238384277669694,1.5,12.0,1.5,2.0,25.0,peak,True
GBPUSD,4,25.0,0.5177401657480039,-1113.9024480992666,1.302974580292516,1.5,15.0,1.0,1.5,25.0,peak,True
GBPUSD,3,33.33333333333333,0.709906926558525,-589.8947022681532,1.0238384277669694,1.5,15.0,1.2,1.8,25.0,peak,True
GBPUSD,2,0.0,0.0,-2033.4670361826284,1.0238384277669694,1.5,15.0,1.5,2.0,25.0,peak,True
GBPUSD,3,66.66666666666666,2.4100570067867775,1432.3230499632627,0.0,1.8,8.0,1.0,1.5,25.0,peak,True
GBPUSD,2,50.0,1.4413318989459802,448.3009186875861,0.0,1.8,8.0,1.2,1.8,25.0,peak,True
GBPUSD,2,50.0,0.7108214035318626,-293.74498143249366,0.0,1.8,8.0,1.5,2.0,25.0,peak,True
GBPUSD,3,66.66666666666666,2.4100570067867775,1432.3230499632627,0.0,1.8,10.0,1.0,1.5,25.0,peak,True
GBPUSD,2,50.0,1.4413318989459802,448.3009186875861,0.0,1.8,10.0,1.2,1.8,25.0,peak,True
GBPUSD,2,50.0,0.7108214035318626,-293.74498143249366,0.0,1.8,10.0,1.5,2.0,25.0,peak,True
GBPUSD,3,66.66666666666666,2.4100570067867775,1432.3230499632627,0.0,1.8,12.0,1.0,1.5,25.0,peak,True
GBPUSD,2,50.0,1.4413318989459802,448.3009186875861,0.0,1.8,12.0,1.2,1.8,25.0,peak,True
GBPUSD,2,50.0,0.7108214035318626,-293.74498143249366,0.0,1.8,12.0,1.5,2.0,25.0,peak,True
GBPUSD,3,66.66666666666666,2.4100570067867775,1432.3230499632627,0.0,1.8,15.0,1.0,1.5,25.0,peak,True
GBPUSD,2,50.0,1.4413318989459802,448.3009186875861,0.0,1.8,15.0,1.2,1.8,25.0,peak,True
GBPUSD,2,50.0,0.7108214035318626,-293.74498143249366,0.0,1.8,15.0,1.5,2.0,25.0,peak,True
GBPUSD,21,9.523809523809524,0.08553618732155763,-16644.256647778835,15.77695084667144,1.0,8.0,1.0,1.5,30.0,peak,False
GBPUSD,21,9.523809523809524,0.10260771156643621,-16357.102576661986,15.486808974334505,1.0,8.0,1.2,1.8,30.0,peak,False
GBPUSD,19,5.263157894736842,0.09335146749611288,-14954.077260173188,14.069185359670222,1.0,8.0,1.5,2.0,30.0,peak,False
GBPUSD,20,15.0,0.15836475607472403,-13811.60670947707,12.914827549664029,1.0,10.0,1.0,1.5,30.0,peak,False
GBPUSD,19,15.789473684210526,0.15618956163025588,-13084.211609145423,12.179863996759801,1.0,10.0,1.2,1.8,30.0,peak,False
GBPUSD,17,11.76470588235294,0.1628340836459617,-11492.428085922613,10.571518170469705,1.0,10.0,1.5,2.0,30.0,peak,False
GBPUSD,18,16.666666666666664,0.1385345527918277,-12533.56341039302,11.623486374239524,1.0,12.0,1.0,1.5,30.0,peak,False
GBPUSD,18,16.666666666666664,0.16616016768975303,-12142.411145217877,11.228264219995468,1.0,12.0,1.2,1.8,30.0,peak,False
GBPUSD,16,6.25,0.11250600189938202,-12145.951422398095,11.231841333304908,1.0,12.0,1.5,2.0,30.0,peak,False
GBPUSD,16,18.75,0.2269122050321113,-9107.73815628617,8.95240505922624,1.0,15.0,1.0,1.5,30.0,peak,False
GBPUSD,16,12.5,0.14851169421619465,-10820.618156286306,9.892718144820991,1.0,15.0,1.2,1.8,30.0,peak,False
GBPUSD,16,12.5,0.17684602002364405,-10466.928156286289,9.535348045808496,1.0,15.0,1.5,2.0,30.0,peak,False
GBPUSD,20,15.0,0.15911643104860052,-13729.056107696728,12.835689474810055,1.2,8.0,1.0,1.5,30.0,peak,False
GBPUSD,19,15.789473684210526,0.1574918881234883,-12991.738282830207,12.090736458848468,1.2,8.0,1.2,1.8,30.0,peak,False
GBPUSD,17,11.76470588235294,0.16470557607033046,-11399.913259911627,10.482427515658397,1.2,8.0,1.5,2.0,30.0,peak,False
GBPUSD,20,15.0,0.15947541698788054,-13720.49950813684,12.827044268586175,1.2,10.0,1.0,1.5,30.0,peak,False
GBPUSD,19,15.789473684210526,0.15731799460873833,-12991.894023291126,12.090893812057823,1.2,10.0,1.2,1.8,30.0,peak,False
GBPUSD,17,11.76470588235294,0.16449735258289916,-11400.307506905825,10.482825845221912,1.2,10.0,1.5,2.0,30.0,peak,False
GBPUSD,18,16.666666666666664,0.13957583513638247,-12466.760376640479,11.560322217744194,1.2,12.0,1.0,1.5,30.0,peak,False
GBPUSD,18,16.666666666666664,0.16726591546923147,-12074.135859978662,11.163631933088961,1.2,12.0,1.2,1.8,30.0,peak,False
GBPUSD,16,6.25,0.1135425740941092,-12081.448648417805,11.171020448080872,1.2,12.0,1.5,2.0,30.0,peak,False
GBPUSD,16,18.75,0.22746470928141224,-9079.122526029183,8.930321524189596,1.2,15.0,1.0,1.5,30.0,peak,False
GBPUSD,16,12.5,0.14886278709111134,-10790.646602790017,9.8668516833099,1.2,15.0,1.2,1.8,30.0,peak,False
GBPUSD,16,12.5,0.17723947437316304,-10438.70067955069,9.5112612335334,1.2,15.0,1.5,2.0,30.0,peak,False
GBPUSD,16,25.0,0.3210067380088995,-6821.53028792949,7.330984423433529,1.5,8.0,1.0,1.5,30.0,peak,False
GBPUSD,16,25.0,0.38824033870024155,-6155.571541259036,7.330984423433529,1.5,8.0,1.2,1.8,30.0,peak,False
GBPUSD,16,18.75,0.3549236715233594,-7125.1153870613925,7.330984423433529,1.5,8.0,1.5,2.0,30.0,peak,False
GBPUSD,16,25.0,0.3210067380088995,-6821.53028792949,7.330984423433529,1.5,10.0,1.0,1.5,30.0,peak,False
GBPUSD,16,25.0,0.38824033870024155,-6155.571541259036,7.330984423433529,1.5,10.0,1.2,1.8,30.0,peak,False
GBPUSD,16,18.75,0.3549236715233594,-7125.1153870613925,7.330984423433529,1.5,10.0,1.5,2.0,30.0,peak,False
GBPUSD,16,25.0,0.32087285487662903,-6822.875349645052,7.330984423433529,1.5,12.0,1.0,1.5,30.0,peak,False
GBPUSD,16,25.0,0.3881045340652044,-6156.938017670429,7.330984423433529,1.5,12.0,1.2,1.8,30.0,peak,False
GBPUSD,16,18.75,0.35498913252203257,-7123.078587160911,7.330984423433529,1.5,12.0,1.5,2.0,30.0,peak,False
GBPUSD,16,25.0,0.32036605541776686,-6827.185349645064,7.330984423433529,1.5,15.0,1.0,1.5,30.0,peak,False
GBPUSD,16,18.75,0.30069918146877817,-7704.880871449946,7.330984423433529,1.5,15.0,1.2,1.8,30.0,peak,False
GBPUSD,16,18.75,0.3552818938872101,-7113.9785871608765,7.330984423433529,1.5,15.0,1.5,2.0,30.0,peak,False
GBPUSD,14,35.714285714285715,0.5011423877928372,-3824.8530097513867,4.51176823223394,1.8,8.0,1.0,1.5,30.0,peak,False
GBPUSD,14,28.57142857142857,0.46283207098036644,-4659.205572588631,4.41672761206447,1.8,8.0,1.2,1.8,30.0,peak,False
GBPUSD,14,14.285714285714285,0.34030345365613957,-6360.005117893015,5.399057368782366,1.8,8.0,1.5,2.0,30.0,peak,False
GBPUSD,14,35.714285714285715,0.5011423877928372,-3824.8530097513867,4.51176823223394,1.8,10.0,1.0,1.5,30.0,peak,False
GBPUSD,14,28.57142857142857,0.46283207098036644,-4659.205572588631,4.41672761206447,1.8,10.0,1.2,1.8,30.0,peak,False
GBPUSD,14,14.285714285714285,0.34030345365613957,-6360.005117893015,5.399057368782366,1.8,10.0,1.5,2.0,30.0,peak,False
GBPUSD,14,35.714285714285715,0.5011423877928372,-3824.8530097513867,4.51176823223394,1.8,12.0,1.0,1.5,30.0,peak,False
GBPUSD,14,28.57142857142857,0.46283207098036644,-4659.205572588631,4.41672761206447,1.8,12.0,1.2,1.8,30.0,peak,False
GBPUSD,14,14.285714285714285,0.34030345365613957,-6360.005117893015,5.399057368782366,1.8,12.0,1.5,2.0,30.0,peak,False
GBPUSD,14,35.714285714285715,0.5009415840824923,-3826.392616759651,4.51176823223394,1.8,15.0,1.0,1.5,30.0,peak,False
GBPUSD,14,28.57142857142857,0.4629815517159879,-4656.405151514162,4.41672761206447,1.8,15.0,1.2,1.8,30.0,peak,False
GBPUSD,14,14.285714285714285,0.34039570611424147,-6357.392312110751,5.396417749993134,1.8,15.0,1.5,2.0,30.0,peak,False
GBPUSD,9,11.11111111111111,0.14162038524281184,-6884.1976728317095,5.915339711936675,1.0,8.0,1.0,1.5,30.0,peak,True
GBPUSD,6,16.666666666666664,0.27560049828510935,-3678.6467806278815,3.0729410923030924,1.0,8.0,1.2,1.8,30.0,peak,True
GBPUSD,3,33.33333333333333,0.8145235503421591,-381.05038679606514,1.0353298457355842,1.0,8.0,1.5,2.0,30.0,peak,True
GBPUSD,9,11.11111111111111,0.14162038524281184,-6884.1976728317095,5.915339711936675,1.0,10.0,1.0,1.5,30.0,peak,True
GBPUSD,6,16.666666666666664,0.27560049828510935,-3678.6467806278815,3.0729410923030924,1.0,10.0,1.2,1.8,30.0,peak,True
GBPUSD,3,33.33333333333333,0.8145235503421591,-381.05038679606514,1.0353298457355842,1.0,10.0,1.5,2.0,30.0,peak,True
GBPUSD,7,14.285714285714285,0.18959363574932508,-4906.339872361146,4.070882197044214,1.0,12.0,1.0,1.5,30.0,peak,True
GBPUSD,6,16.666666666666664,0.27560049828510935,-3678.6467806278815,3.0729410923030924,1.0,12.0,1.2,1.8,30.0,peak,True
GBPUSD,3,33.33333333333333,0.8145235503421591,-381.05038679606514,1.0353298457355842,1.0,12.0,1.5,2.0,30.0,peak,True
GBPUSD,7,14.285714285714285,0.1910892141387203,-4891.837084340776,4.065984976907244,1.0,15.0,1.0,1.5,30.0,peak,True
GBPUSD,5,20.0,0.3462673277393824,-2658.2225026893575,3.0680438721661223,1.0,15.0,1.2,1.8,30.0,peak,True
GBPUSD,3,33.33333333333333,0.8193065708921244,-370.9225026892818,1.0336441835781782,1.0,15.0,1.5,2.0,30.0,peak,True
GBPUSD,6,16.666666666666664,0.231129055023295,-3882.597718476667,3.056790404380579,1.2,8.0,1.0,1.5,30.0,peak,True
GBPUSD,3,33.33333333333333,0.7029260173067634,-606.8482052068139,1.028368579228321,1.2,8.0,1.2,1.8,30.0,peak,True
GBPUSD,2,50.0,1.6569523238630972,673.3252199213312,0.0,1.2,8.0,1.5,2.0,30.0,peak,True
GBPUSD,6,16.666666666666664,0.231129055023295,-3882.597718476667,3.056790404380579,1.2,10.0,1.0,1.5,30.0,peak,True
GBPUSD,3,33.33333333333333,0.7029260173067634,-606.8482052068139,1.028368579228321,1.2,10.0,1.2,1.8,30.0,peak,True
GBPUSD,2,50.0,1.6569523238630972,673.3252199213312,0.0,1.2,10.0,1.5,2.0,30.0,peak,True
GBPUSD,6,16.666666666666664,0.231129055023295,-3882.597718476667,3.056790404380579,1.2,12.0,1.0,1.5,30.0,peak,True
GBPUSD,3,33.33333333333333,0.7029260173067634,-606.8482052068139,1.028368579228321,1.2,12.0,1.2,1.8,30.0,peak,True
GBPUSD,2,50.0,1.6569523238630972,673.3252199213312,0.0,1.2,12.0,1.5,2.0,30.0,peak,True
GBPUSD,6,16.666666666666664,0.2312990757345773,-3881.739158233191,3.056790404380579,1.2,15.0,1.0,1.5,30.0,peak,True
GBPUSD,3,33.33333333333333,0.7034875660278544,-605.7011009385751,1.028368579228321,1.2,15.0,1.2,1.8,30.0,peak,True
GBPUSD,2,50.0,1.6581741502802687,674.57749731066,0.0,1.2,15.0,1.5,2.0,30.0,peak,True
GBPUSD,3,33.33333333333333,0.9301164206019429,-90.74190623787581,0.28126914925007135,1.5,8.0,1.0,1.5,30.0,peak,True
GBPUSD,2,50.0,1.4302360514829005,438.8719657833135,0.0,1.5,8.0,1.2,1.8,30.0,peak,True
GBPUSD,1,0.0,0.0,-1020.072502689276,0.0,1.5,8.0,1.5,2.0,30.0,peak,True
GBPUSD,3,33.33333333333333,0.9301164206019429,-90.74190623787581,0.28126914925007135,1.5,10.0,1.0,1.5,30.0,peak,True
GBPUSD,2,50.0,1.4302360514829005,438.8719657833135,0.0,1.5,10.0,1.2,1.8,30.0,peak,True
GBPUSD,1,0.0,0.0,-1020.072502689276,0.0,1.5,10.0,1.5,2.0,30.0,peak,True
GBPUSD,3,33.33333333333333,0.9301164206019429,-90.74190623787581,0.28126914925007135,1.5,12.0,1.0,1.5,30.0,peak,True
GBPUSD,2,50.0,1.4302360514829005,438.8719657833135,0.0,1.5,12.0,1.2,1.8,30.0,peak,True
GBPUSD,1,0.0,0.0,-1020.072502689276,0.0,1.5,12.0,1.5,2.0,30.0,peak,True
GBPUSD,3,33.33333333333333,0.9301164206019429,-90.74190623787581,0.28126914925007135,1.5,15.0,1.0,1.5,30.0,peak,True
GBPUSD,2,50.0,1.4302360514829005,438.8719657833135,0.0,1.5,15.0,1.2,1.8,30.0,peak,True
GBPUSD,1,0.0,0.0,-1020.072502689276,0.0,1.5,15.0,1.5,2.0,30.0,peak,True
GBPUSD,2,50.0,1.195993401763375,199.08831035569892,0.0,1.8,8.0,1.0,1.5,30.0,peak,True
GBPUSD,1,0.0,0.0,-1015.7908815525298,0.0,1.8,8.0,1.2,1.8,30.0,peak,True
GBPUSD,1,0.0,0.0,-1015.7908815525298,0.0,1.8,8.0,1.5,2.0,30.0,peak,True
GBPUSD,2,50.0,1.195993401763375,199.08831035569892,0.0,1.8,10.0,1.0,1.5,30.0,peak,True
GBPUSD,1,0.0,0.0,-1015.7908815525298,0.0,1.8,10.0,1.2,1.8,30.0,peak,True
GBPUSD,1,0.0,0.0,-1015.7908815525298,0.0,1.8,10.0,1.5,2.0,30.0,peak,True
GBPUSD,2,50.0,1.195993401763375,199.08831035569892,0.0,1.8,12.0,1.0,1.5,30.0,peak,True
GBPUSD,1,0.0,0.0,-1015.7908815525298,0.0,1.8,12.0,1.2,1.8,30.0,peak,True
GBPUSD,1,0.0,0.0,-1015.7908815525298,0.0,1.8,12.0,1.5,2.0,30.0,peak,True
GBPUSD,2,50.0,1.195993401763375,199.08831035569892,0.0,1.8,15.0,1.0,1.5,30.0,peak,True
GBPUSD,1,0.0,0.0,-1015.7908815525298,0.0,1.8,15.0,1.2,1.8,30.0,peak,True
GBPUSD,1,0.0,0.0,-1015.7908815525298,0.0,1.8,15.0,1.5,2.0,30.0,peak,True
GBPUSD,62,32.25806451612903,0.46174167852151965,-20986.236851226015,21.10736659259892,1.0,8.0,1.0,1.5,15.0,full,False
GBPUSD,61,31.147540983606557,0.43501832670949553,-21949.213254129034,22.260995940764456,1.0,8.0,1.2,1.8,15.0,full,False
GBPUSD,58,29.310344827586203,0.5073153048384419,-18628.07904439421,19.152347878158754,1.0,8.0,1.5,2.0,15.0,full,False
GBPUSD,60,33.33333333333333,0.4699544211379157,-19738.66662157043,19.861708914038744,1.0,10.0,1.0,1.5,15.0,full,False
GBPUSD,56,32.142857142857146,0.4626049298375641,-19042.89592604201,19.847121145909174,1.0,10.0,1.2,1.8,15.0,full,False
GBPUSD,54,31.48148148148148,0.538157270074351,-15809.898924221809,17.30033275942839,1.0,10.0,1.5,2.0,15.0,full,False
GBPUSD,54,35.18518518518518,0.46983143891547097,-17405.871874874196,18.526422210539923,1.0,12.0,1.0,1.5,15.0,full,False
GBPUSD,54,33.33333333333333,0.4884259513847716,-17234.32980760628,18.920047913513276,1.0,12.0,1.2,1.8,15.0,full,False
GBPUSD,51,27.450980392156865,0.5280029351790492,-16129.969142924136,16.672810255932067,1.0,12.0,1.5,2.0,15.0,full,False
GBPUSD,48,37.5,0.5273727779570011,-12680.766142687382,13.881776890423868,1.0,15.0,1.0,1.5,15.0,full,False
GBPUSD,47,29.78723404255319,0.446447835757177,-16232.107827878237,16.58092469128166,1.0,15.0,1.2,1.8,15.0,full,False
GBPUSD,46,26.08695652173913,0.48144167978577024,-15231.132659542971,16.364889770783513,1.0,15.0,1.5,2.0,15.0,full,False
GBPUSD,59,32.20338983050847,0.3953593414079535,-22053.365978433547,22.183506546161063,1.2,8.0,1.0,1.5,15.0,full,False
GBPUSD,55,32.72727272727273,0.43621323542804014,-19338.517488007565,20.1569035940598,1.2,8.0,1.2,1.8,15.0,full,False
GBPUSD,53,28.30188679245283,0.4815642656568496,-17775.379717829797,19.25891444231514,1.2,8.0,1.5,2.0,15.0,full,False
GBPUSD,59,32.20338983050847,0.3956075521942472,-22040.67577600952,22.17083753144025,1.2,10.0,1.0,1.5,15.0,full,False
GBPUSD,55,32.72727272727273,0.4361151884022695,-19339.816320742015,20.15723818754257,1.2,10.0,1.2,1.8,15.0,full,False
GBPUSD,53,28.30188679245283,0.4814707680422433,-17776.7445631554,19.259795134325547,1.2,10.0,1.5,2.0,15.0,full,False
GBPUSD,54,33.33333333333333,0.4080597590869716,-19636.404231133303,20.736237637682542,1.2,12.0,1.0,1.5,15.0,full,False
GBPUSD,53,33.9622641509434,0.4597815841589123,-17622.50920717852,19.309584423656347,1.2,12.0,1.2,1.8,15.0,full,False
GBPUSD,50,24.0,0.42460446614301445,-19656.113045345628,20.184526454181025,1.2,12.0,1.5,2.0,15.0,full,False
GBPUSD,48,35.41666666666667,0.491376110598435,-13993.942181785096,15.176513461562937,1.2,15.0,1.0,1.5,15.0,full,False
GBPUSD,46,30.434782608695656,0.43441547967116556,-16027.577145355099,16.377245692491872,1.2,15.0,1.2,1.8,15.0,full,False
GBPUSD,46,26.08695652173913,0.4823402199456633,-15186.16361197998,16.329401495925254,1.2,15.0,1.5,2.0,15.0,full,False
GBPUSD,47,38.297872340425535,0.5412644344623769,-11494.882938024442,12.898093824282444,1.5,8.0,1.0,1.5,15.0,full,False
GBPUSD,47,36.17021276595745,0.6117917534533086,-9778.404022434217,12.720764076614003,1.5,8.0,1.2,1.8,15.0,full,False
GBPUSD,46,28.26086956521739,0.550880874484905,-12493.281266642836,13.850257586414994,1.5,8.0,1.5,2.0,15.0,full,False
GBPUSD,47,38.297872340425535,0.5412644344623769,-11494.882938024442,12.898093824282444,1.5,10.0,1.0,1.5,15.0,full,False
GBPUSD,47,36.17021276595745,0.6117917534533086,-9778.404022434217,12.720764076614003,1.5,10.0,1.2,1.8,15.0,full,False
GBPUSD,46,28.26086956521739,0.550880874484905,-12493.281266642836,13.850257586414994,1.5,10.0,1.5,2.0,15.0,full,False
GBPUSD,47,38.297872340425535,0.5411857277585685,-11496.855151244192,12.898093824282444,1.5,12.0,1.0,1.5,15.0,full,False
GBPUSD,47,36.17021276595745,0.6117227336003699,-9780.142532663216,12.720764076614003,1.5,12.0,1.2,1.8,15.0,full,False
GBPUSD,46,28.26086956521739,0.550922412688621,-12491.183910226348,13.849457043214542,1.5,12.0,1.5,2.0,15.0,full,False
GBPUSD,47,38.297872340425535,0.5411029894793902,-11494.516676188447,12.895790054615421,1.5,15.0,1.0,1.5,15.0,full,False
GBPUSD,46,30.434782608695656,0.4791960771299715,-13977.845476095754,14.342942462932031,1.5,15.0,1.2,1.8,15.0,full,False
GBPUSD,46,28.26086956521739,0.5516450554627422,-12461.75883391907,13.835010119221499,1.5,15.0,1.5,2.0,15.0,full,False
GBPUSD,44,40.909090909090914,0.6622255730453697,-7489.979300706807,9.111556329692249,1.8,8.0,1.0,1.5,15.0,full,False
GBPUSD,43,32.55813953488372,0.6338760087760293,-8846.034597867445,9.403081402736484,1.8,8.0,1.2,1.8,15.0,full,False
GBPUSD,41,26.82926829268293,0.5813305544505996,-10052.304166112808,10.665353355904381,1.8,8.0,1.5,2.0,15.0,full,False
GBPUSD,44,40.909090909090914,0.6622255730453697,-7489.979300706807,9.111556329692249,1.8,10.0,1.0,1.5,15.0,full,False
GBPUSD,43,32.55813953488372,0.6338760087760293,-8846.034597867445,9.403081402736484,1.8,10.0,1.2,1.8,15.0,full,False
GBPUSD,41,26.82926829268293,0.5813305544505996,-10052.304166112808,10.665353355904381,1.8,10.0,1.5,2.0,15.0,full,False
GBPUSD,44,40.909090909090914,0.6622255730453697,-7489.979300706807,9.111556329692249,1.8,12.0,1.0,1.5,15.0,full,False
GBPUSD,43,32.55813953488372,0.6338760087760293,-8846.034597867445,9.403081402736484,1.8,12.0,1.2,1.8,15.0,full,False
GBPUSD,41,26.82926829268293,0.5813305544505996,-10052.304166112808,10.665353355904381,1.8,12.0,1.5,2.0,15.0,full,False
GBPUSD,44,40.909090909090914,0.6621436016686221,-7491.796975066085,9.111556329692249,1.8,15.0,1.0,1.5,15.0,full,False
GBPUSD,43,32.55813953488372,0.6339932239922558,-8841.567558063412,9.401570174867357,1.8,15.0,1.2,1.8,15.0,full,False
GBPUSD,41,26.82926829268293,0.5814318683645797,-10048.120426804875,10.66119813136794,1.8,15.0,1.5,2.0,15.0,full,False
GBPUSD,27,29.629629629629626,0.3667539990598722,-11644.632293252362,12.803377995525489,1.0,8.0,1.0,1.5,15.0,full,True
GBPUSD,20,25.0,0.345218335039846,-9638.382143990064,9.983334615529298,1.0,8.0,1.2,1.8,15.0,full,True
GBPUSD,14,21.428571428571427,0.350599639966177,-7120.643985219678,8.296777957717383,1.0,8.0,1.5,2.0,15.0,full,True
GBPUSD,25,24.0,0.2522106371245638,-13691.913756324546,13.815791858108078,1.0,10.0,1.0,1.5,15.0,full,True
GBPUSD,18,22.22222222222222,0.3290863748630942,-9239.743147891088,9.5937327251739,1.0,10.0,1.2,1.8,15.0,full,True
GBPUSD,14,21.428571428571427,0.3514628014288485,-7104.878275655938,8.286959431825345,1.0,10.0,1.5,2.0,15.0,full,True
GBPUSD,20,25.0,0.28962730351822114,-10410.669844568882,10.549365108763856,1.0,12.0,1.0,1.5,15.0,full,True
GBPUSD,17,17.647058823529413,0.23208621884397257,-10496.841234936815,10.854503755288707,1.0,12.0,1.2,1.8,15.0,full,True
GBPUSD,14,21.428571428571427,0.3533528915353253,-7061.833818588493,8.256888984503732,1.0,12.0,1.5,2.0,15.0,full,True
GBPUSD,18,22.22222222222222,0.24935483258364138,-9574.11519044968,9.728543739904708,1.0,15.0,1.0,1.5,15.0,full,True
GBPUSD,16,18.75,0.27366508741541734,-8570.863357150723,9.330880666925639,1.0,15.0,1.2,1.8,15.0,full,True
GBPUSD,12,25.0,0.4439636097825129,-4478.664120548492,5.342396486625427,1.0,15.0,1.5,2.0,15.0,full,True
GBPUSD,21,28.57142857142857,0.36460586005437906,-9303.415899584783,9.442175613543464,1.2,8.0,1.0,1.5,15.0,full,True
GBPUSD,15,20.0,0.27262654748719223,-8582.610300167507,9.321604509506148,1.2,8.0,1.2,1.8,15.0,full,True
GBPUSD,12,25.0,0.43535932329011057,-5095.03010556598,6.3245056295212585,1.2,8.0,1.5,2.0,15.0,full,True
GBPUSD,20,25.0,0.2892694331317529,-10374.860283781236,10.512212198218968,1.2,10.0,1.0,1.5,15.0,full,True
GBPUSD,15,20.0,0.27262654748719223,-8582.610300167507,9.321604509506148,1.2,10.0,1.2,1.8,15.0,full,True
GBPUSD,12,25.0,0.43535932329011057,-5095.03010556598,6.3245056295212585,1.2,10.0,1.5,2.0,15.0,full,True
GBPUSD,18,22.22222222222222,0.2758014876766432,-9894.380894182555,10.037760787856477,1.2,12.0,1.0,1.5,15.0,full,True
GBPUSD,15,20.0,0.2733403125889184,-8568.509982252202,9.313708441258017,1.2,12.0,1.2,1.8,15.0,full,True
GBPUSD,12,25.0,0.4365631250345118,-5079.876669528065,6.316810204601861,1.2,12.0,1.5,2.0,15.0,full,True
GBPUSD,17,17.647058823529413,0.21029881554115232,-10026.933343890487,10.180938981551257,1.2,15.0,1.0,1.5,15.0,full,True
GBPUSD,15,20.0,0.3006417661055307,-7594.3567941559595,8.363219943542164,1.2,15.0,1.2,1.8,15.0,full,True
GBPUSD,10,30.0,0.5959948454701418,-2468.492843036627,3.348430592719377,1.2,15.0,1.5,2.0,15.0,full,True
GBPUSD,14,21.428571428571427,0.29864839185501324,-6468.037718892985,6.79247139523223,1.5,8.0,1.0,1.5,15.0,full,True
GBPUSD,12,25.0,0.4178577373902872,-4675.536264874172,5.474753047616091,1.5,8.0,1.2,1.8,15.0,full,True
GBPUSD,8,25.0,0.4694601836062127,-2700.1891100468492,3.341644015037086,1.5,8.0,1.5,2.0,15.0,full,True
GBPUSD,14,21.428571428571427,0.29864839185501324,-6468.037718892985,6.79247139523223,1.5,10.0,1.0,1.5,15.0,full,True
GBPUSD,12,25.0,0.4178577373902872,-4675.536264874172,5.474753047616091,1.5,10.0,1.2,1.8,15.0,full,True
GBPUSD,8,25.0,0.4694601836062127,-2700.1891100468492,3.341644015037086,1.5,10.0,1.5,2.0,15.0,full,True
GBPUSD,14,21.428571428571427,0.29864839185501324,-6468.037718892985,6.79247139523223,1.5,12.0,1.0,1.5,15.0,full,True
GBPUSD,12,25.0,0.4178577373902872,-4675.536264874172,5.474753047616091,1.5,12.0,1.2,1.8,15.0,full,True
GBPUSD,8,25.0,0.4694601836062127,-2700.1891100468492,3.341644015037086,1.5,12.0,1.5,2.0,15.0,full,True
GBPUSD,14,21.428571428571427,0.299418246525367,-6455.435100855204,6.784534954013257,1.5,15.0,1.0,1.5,15.0,full,True
GBPUSD,12,25.0,0.41877151947269436,-4663.4911771101615,5.466572182074082,1.5,15.0,1.2,1.8,15.0,full,True
GBPUSD,8,25.0,0.3904710157731389,-3100.669286550299,3.339097477643772,1.5,15.0,1.5,2.0,15.0,full,True
GBPUSD,12,33.33333333333333,0.5728506848783661,-3025.2492232739896,4.048410157172488,1.8,8.0,1.0,1.5,15.0,full,True
GBPUSD,9,33.33333333333333,0.6828695570576947,-1618.3947886206442,3.046211852971049,1.8,8.0,1.2,1.8,15.0,full,True
GBPUSD,6,50.0,1.3229060349699973,670.6865502733854,1.030015329885188,1.8,8.0,1.5,2.0,15.0,full,True
GBPUSD,12,33.33333333333333,0.5728506848783661,-3025.2492232739896,4.048410157172488,1.8,10.0,1.0,1.5,15.0,full,True
GBPUSD,9,33.33333333333333,0.6828695570576947,-1618.3947886206442,3.046211852971049,1.8,10.0,1.2,1.8,15.0,full,True
GBPUSD,6,50.0,1.3229060349699973,670.6865502733854,1.030015329885188,1.8,10.0,1.5,2.0,15.0,full,True
GBPUSD,12,33.33333333333333,0.5728506848783661,-3025.2492232739896,4.048410157172488,1.8,12.0,1.0,1.5,15.0,full,True
GBPUSD,9,33.33333333333333,0.6828695570576947,-1618.3947886206442,3.046211852971049,1.8,12.0,1.2,1.8,15.0,full,True
GBPUSD,6,50.0,1.3229060349699973,670.6865502733854,1.030015329885188,1.8,12.0,1.5,2.0,15.0,full,True
GBPUSD,12,33.33333333333333,0.5728506848783661,-3025.2492232739896,4.048410157172488,1.8,15.0,1.0,1.5,15.0,full,True
GBPUSD,9,33.33333333333333,0.6828695570576947,-1618.3947886206442,3.046211852971049,1.8,15.0,1.2,1.8,15.0,full,True
GBPUSD,6,50.0,1.3229060349699973,670.6865502733854,1.030015329885188,1.8,15.0,1.5,2.0,15.0,full,True
GBPUSD,47,25.53191489361702,0.3384822688764421,-21651.334084536284,22.58739068476626,1.0,8.0,1.0,1.5,20.0,full,False
GBPUSD,46,23.91304347826087,0.3258954487855293,-22033.515714390727,23.15473739719106,1.0,8.0,1.2,1.8,20.0,full,False
GBPUSD,44,22.727272727272727,0.36241026886994665,-20002.810897061892,21.34704808559218,1.0,8.0,1.5,2.0,20.0,full,False
GBPUSD,45,26.666666666666668,0.357967157607493,-19908.755205704016,20.86563095380198,1.0,10.0,1.0,1.5,20.0,full,False
GBPUSD,43,25.581395348837212,0.3534027353663864,-19481.58049293529,20.639501087192478,1.0,10.0,1.2,1.8,20.0,full,False
GBPUSD,41,24.390243902439025,0.3955093076656685,-17376.75578122909,18.765120032040176,1.0,10.0,1.5,2.0,20.0,full,False
GBPUSD,41,29.268292682926827,0.3645832309617242,-17492.33084434543,19.03197872035417,1.0,12.0,1.0,1.5,20.0,full,False
GBPUSD,41,26.82926829268293,0.3762554984738046,-17706.741897452957,19.719288976779257,1.0,12.0,1.2,1.8,20.0,full,False
GBPUSD,39,23.076923076923077,0.4431829727936151,-15547.588318474867,16.966689085844344,1.0,12.0,1.5,2.0,20.0,full,False
GBPUSD,37,29.72972972972973,0.37819999001366794,-14885.073868481923,17.068242414719187,1.0,15.0,1.0,1.5,20.0,full,False
GBPUSD,37,24.324324324324326,0.34748846724563204,-16717.956633003865,17.922727871935624,1.0,15.0,1.2,1.8,20.0,full,False
GBPUSD,36,22.22222222222222,0.3814729494418349,-15838.398725741266,18.13100617073414,1.0,15.0,1.5,2.0,20.0,full,False
GBPUSD,44,25.0,0.30577138773250934,-21207.640153988716,22.15434210839313,1.2,8.0,1.0,1.5,20.0,full,False
GBPUSD,42,26.190476190476193,0.31693873827656793,-19818.506940126812,20.97703281593695,1.2,8.0,1.2,1.8,20.0,full,False
GBPUSD,40,22.5,0.3659934956424641,-17878.108533248844,19.883878546234804,1.2,8.0,1.5,2.0,20.0,full,False
GBPUSD,44,25.0,0.3059676061728394,-21196.850527027287,22.143682120408794,1.2,10.0,1.0,1.5,20.0,full,False
GBPUSD,42,26.190476190476193,0.31690346330859137,-19815.52774023726,20.974096661892876,1.2,10.0,1.2,1.8,20.0,full,False
GBPUSD,40,22.5,0.365989785768005,-17873.653660489115,19.880367336358436,1.2,10.0,1.5,2.0,20.0,full,False
GBPUSD,41,26.82926829268293,0.3153791551163,-19193.332464314095,20.712100550275135,1.2,12.0,1.0,1.5,20.0,full,False
GBPUSD,40,27.500000000000004,0.33733511311796666,-18103.595038828847,19.452900161470037,1.2,12.0,1.2,1.8,20.0,full,False
GBPUSD,38,21.052631578947366,0.3550837621930055,-17631.66984307162,19.021381680629343,1.2,12.0,1.5,2.0,20.0,full,False
GBPUSD,37,27.027027027027028,0.34430304128434236,-16165.373590506322,18.315370333574542,1.2,15.0,1.0,1.5,20.0,full,False
GBPUSD,36,25.0,0.3291173423840863,-16516.187357533578,17.72387742278322,1.2,15.0,1.2,1.8,20.0,full,False
GBPUSD,36,22.22222222222222,0.3821136910461315,-15800.237043488698,18.09553871274891,1.2,15.0,1.5,2.0,20.0,full,False
GBPUSD,36,30.555555555555557,0.37948108317777196,-13756.869637107578,16.167000833878035,1.5,8.0,1.0,1.5,20.0,full,False
GBPUSD,36,30.555555555555557,0.4373721366959172,-12506.664099991802,15.03480232146205,1.5,8.0,1.2,1.8,20.0,full,False
GBPUSD,36,25.0,0.45333684477709674,-13127.295517693856,15.67554715789871,1.5,8.0,1.5,2.0,20.0,full,False
GBPUSD,36,30.555555555555557,0.37948108317777196,-13756.869637107578,16.167000833878035,1.5,10.0,1.0,1.5,20.0,full,False
GBPUSD,36,30.555555555555557,0.4373721366959172,-12506.664099991802,15.03480232146205,1.5,10.0,1.2,1.8,20.0,full,False
GBPUSD,36,25.0,0.45333684477709674,-13127.295517693856,15.67554715789871,1.5,10.0,1.5,2.0,20.0,full,False
GBPUSD,36,30.555555555555557,0.37944695522608307,-13756.71300777176,16.165546969439124,1.5,12.0,1.0,1.5,20.0,full,False
GBPUSD,36,30.555555555555557,0.43734196185000745,-12506.671919030327,15.033641214366774,1.5,12.0,1.2,1.8,20.0,full,False
GBPUSD,36,25.0,0.4534168481828894,-13123.058441437766,15.672871631349986,1.5,12.0,1.5,2.0,20.0,full,False
GBPUSD,36,30.555555555555557,0.3795075086226375,-13745.439087349529,16.148962555288694,1.5,15.0,1.0,1.5,20.0,full,False
GBPUSD,36,27.77777777777778,0.3968551599285274,-13934.80249098281,15.18524936279507,1.5,15.0,1.2,1.8,20.0,full,False
GBPUSD,36,25.0,0.45394556513788337,-13097.579571615497,15.65625975579891,1.5,15.0,1.5,2.0,20.0,full,False
GBPUSD,33,36.36363636363637,0.5116903523496225,-9376.95187348593,11.42025945253174,1.8,8.0,1.0,1.5,20.0,full,False
GBPUSD,33,30.303030303030305,0.5651765186857854,-8815.30099037684,10.840655665394928,1.8,8.0,1.2,1.8,20.0,full,False
GBPUSD,31,22.58064516129032,0.46506161049622546,-10747.979721316238,12.262207905808362,1.8,8.0,1.5,2.0,20.0,full,False
GBPUSD,33,36.36363636363637,0.5116903523496225,-9376.95187348593,11.42025945253174,1.8,10.0,1.0,1.5,20.0,full,False
GBPUSD,33,30.303030303030305,0.5651765186857854,-8815.30099037684,10.840655665394928,1.8,10.0,1.2,1.8,20.0,full,False
GBPUSD,31,22.58064516129032,0.46506161049622546,-10747.979721316238,12.262207905808362,1.8,10.0,1.5,2.0,20.0,full,False
GBPUSD,33,36.36363636363637,0.5116903523496225,-9376.95187348593,11.42025945253174,1.8,12.0,1.0,1.5,20.0,full,False
GBPUSD,33,30.303030303030305,0.5651765186857854,-8815.30099037684,10.840655665394928,1.8,12.0,1.2,1.8,20.0,full,False
GBPUSD,31,22.58064516129032,0.46506161049622546,-10747.979721316238,12.262207905808362,1.8,12.0,1.5,2.0,20.0,full,False
GBPUSD,33,36.36363636363637,0.5117357574964921,-9374.660696837629,11.417387903595465,1.8,15.0,1.0,1.5,20.0,full,False
GBPUSD,33,30.303030303030305,0.5654703401005897,-8807.083049883324,10.836906365207195,1.8,15.0,1.2,1.8,20.0,full,False
GBPUSD,31,22.58064516129032,0.4651684428061522,-10743.365319103832,12.25767179042759,1.8,15.0,1.5,2.0,20.0,full,False
GBPUSD,16,12.5,0.11481864711111503,-12125.12877172025,11.2108020256218,1.0,8.0,1.0,1.5,20.0,full,True
GBPUSD,12,8.333333333333332,0.12074354672432737,-9572.85639549706,9.004660430222819,1.0,8.0,1.2,1.8,20.0,full,True
GBPUSD,8,12.5,0.22488258123607874,-5474.5762046394375,6.095900615634757,1.0,8.0,1.5,2.0,20.0,full,True
GBPUSD,16,12.5,0.11493291478229123,-12111.510153081108,11.197041707005278,1.0,10.0,1.0,1.5,20.0,full,True
GBPUSD,11,9.090909090909092,0.13387976448718458,-8598.558863565282,8.024563861323644,1.0,10.0,1.2,1.8,20.0,full,True
GBPUSD,8,12.5,0.22519795195570813,-5464.685210573181,6.085906707045909,1.0,10.0,1.5,2.0,20.0,full,True
GBPUSD,13,15.384615384615385,0.14672842117940219,-9275.628974696156,8.479994325140707,1.0,12.0,1.0,1.5,20.0,full,True
GBPUSD,11,9.090909090909092,0.1341029856594845,-8582.033751211988,8.007866807299232,1.0,12.0,1.2,1.8,20.0,full,True
GBPUSD,8,12.5,0.22573397395369846,-5447.9373215003725,6.068984558338851,1.0,12.0,1.5,2.0,20.0,full,True
GBPUSD,12,16.666666666666664,0.16319327665570232,-8284.574035630314,7.487253207680516,1.0,15.0,1.0,1.5,20.0,full,True
GBPUSD,10,10.0,0.14965143071816187,-7585.445839810549,7.972724259258378,1.0,15.0,1.2,1.8,20.0,full,True
GBPUSD,7,14.285714285714285,0.2669579622472445,-4426.266603208409,5.0605563179646795,1.0,15.0,1.5,2.0,20.0,full,True
GBPUSD,12,8.333333333333332,0.1013840100686928,-9720.597434531737,8.945749740655614,1.2,8.0,1.0,1.5,20.0,full,True
GBPUSD,9,11.11111111111111,0.16932156281697586,-6627.825000122364,7.025896989446112,1.2,8.0,1.2,1.8,20.0,full,True
GBPUSD,6,16.666666666666664,0.32088082465427675,-3448.595607729716,4.0950908760950995,1.2,8.0,1.5,2.0,20.0,full,True
GBPUSD,12,8.333333333333332,0.1013840100686928,-9720.597434531737,8.945749740655614,1.2,10.0,1.0,1.5,20.0,full,True
GBPUSD,9,11.11111111111111,0.16932156281697586,-6627.825000122364,7.025896989446112,1.2,10.0,1.2,1.8,20.0,full,True
GBPUSD,6,16.666666666666664,0.32088082465427675,-3448.595607729716,4.0950908760950995,1.2,10.0,1.5,2.0,20.0,full,True
GBPUSD,11,9.090909090909092,0.11225869148629844,-8758.860920442356,7.974488472532375,1.2,12.0,1.0,1.5,20.0,full,True
GBPUSD,9,11.11111111111111,0.1694893428122162,-6619.926659161647,7.0179168583257985,1.2,12.0,1.2,1.8,20.0,full,True
GBPUSD,6,16.666666666666664,0.3214677572023412,-3439.3241707420675,4.085723430044971,1.2,12.0,1.5,2.0,20.0,full,True
GBPUSD,11,9.090909090909092,0.112436498924775,-8741.714927893132,7.956967416974338,1.2,15.0,1.0,1.5,20.0,full,True
GBPUSD,9,11.11111111111111,0.1698468346610023,-6602.247830982844,6.999868556285552,1.2,15.0,1.2,1.8,20.0,full,True
GBPUSD,5,20.0,0.40613470051506,-2409.767036182835,3.0642507287512886,1.2,15.0,1.5,2.0,20.0,full,True
GBPUSD,8,12.5,0.1824880900223097,-5132.274979070906,5.312034849309847,1.5,8.0,1.0,1.5,20.0,full,True
GBPUSD,6,16.666666666666664,0.2775748729778291,-3642.6296267182915,4.0636036339225425,1.5,8.0,1.2,1.8,20.0,full,True
GBPUSD,3,0.0,0.0,-3047.9865157464665,2.04881339513235,1.5,8.0,1.5,2.0,20.0,full,True
GBPUSD,8,12.5,0.1824880900223097,-5132.274979070906,5.312034849309847,1.5,10.0,1.0,1.5,20.0,full,True
GBPUSD,6,16.666666666666664,0.2775748729778291,-3642.6296267182915,4.0636036339225425,1.5,10.0,1.2,1.8,20.0,full,True
GBPUSD,3,0.0,0.0,-3047.9865157464665,2.04881339513235,1.5,10.0,1.5,2.0,20.0,full,True
GBPUSD,8,12.5,0.1824880900223097,-5132.274979070906,5.312034849309847,1.5,12.0,1.0,1.5,20.0,full,True
GBPUSD,6,16.666666666666664,0.2775748729778291,-3642.6296267182915,4.0636036339225425,1.5,12.0,1.2,1.8,20.0,full,True
GBPUSD,3,0.0,0.0,-3047.9865157464665,2.04881339513235,1.5,12.0,1.5,2.0,20.0,full,True
GBPUSD,8,12.5,0.182695721501565,-5125.140198024834,5.304826538264912,1.5,15.0,1.0,1.5,20.0,full,True
GBPUSD,6,16.666666666666664,0.27799340334941103,-3635.0383528238453,4.055934125481382,1.5,15.0,1.2,1.8,20.0,full,True
GBPUSD,3,0.0,0.0,-3045.617036182666,2.046419496062395,1.5,15.0,1.5,2.0,20.0,full,True
GBPUSD,6,33.33333333333333,0.5912469316249631,-1665.877779624294,3.0535842458662126,1.8,8.0,1.0,1.5,20.0,full,True
GBPUSD,4,25.0,0.47716956468812644,-1604.1923247061932,2.0433329629490324,1.8,8.0,1.2,1.8,20.0,full,True
GBPUSD,3,33.33333333333333,0.3536691721428784,-1319.5397312912828,1.02881684771709,1.8,8.0,1.5,2.0,20.0,full,True
GBPUSD,6,33.33333333333333,0.5912469316249631,-1665.877779624294,3.0535842458662126,1.8,10.0,1.0,1.5,20.0,full,True
GBPUSD,4,25.0,0.47716956468812644,-1604.1923247061932,2.0433329629490324,1.8,10.0,1.2,1.8,20.0,full,True
GBPUSD,3,33.33333333333333,0.3536691721428784,-1319.5397312912828,1.02881684771709,1.8,10.0,1.5,2.0,20.0,full,True
GBPUSD,6,33.33333333333333,0.5912469316249631,-1665.877779624294,3.0535842458662126,1.8,12.0,1.0,1.5,20.0,full,True
GBPUSD,4,25.0,0.47716956468812644,-1604.1923247061932,2.0433329629490324,1.8,12.0,1.2,1.8,20.0,full,True
GBPUSD,3,33.33333333333333,0.3536691721428784,-1319.5397312912828,1.02881684771709,1.8,12.0,1.5,2.0,20.0,full,True
GBPUSD,6,33.33333333333333,0.5912469316249631,-1665.877779624294,3.0535842458662126,1.8,15.0,1.0,1.5,20.0,full,True
GBPUSD,4,25.0,0.47716956468812644,-1604.1923247061932,2.0433329629490324,1.8,15.0,1.2,1.8,20.0,full,True
GBPUSD,3,33.33333333333333,0.3536691721428784,-1319.5397312912828,1.02881684771709,1.8,15.0,1.5,2.0,20.0,full,True
GBPUSD,32,25.0,0.3227825729662634,-15593.491623523514,14.715252747327515,1.0,8.0,1.0,1.5,25.0,full,False
GBPUSD,31,22.58064516129032,0.26855887901974146,-16713.6747700743,15.84709125561144,1.0,8.0,1.2,1.8,25.0,full,False
GBPUSD,29,20.689655172413794,0.2785206073747642,-15295.466613989658,14.414126825855858,1.0,8.0,1.5,2.0,25.0,full,False
GBPUSD,30,26.666666666666668,0.35174314615483926,-13741.52703428935,12.844018704458929,1.0,10.0,1.0,1.5,25.0,full,False
GBPUSD,28,25.0,0.3044736440186086,-14008.65167575983,13.113922743507175,1.0,10.0,1.2,1.8,25.0,full,False
GBPUSD,26,23.076923076923077,0.3200117225694966,-12542.936159879493,11.632956645980343,1.0,10.0,1.5,2.0,25.0,full,False
GBPUSD,27,29.629629629629626,0.34183627972102165,-12111.378723735863,11.799322398611174,1.0,12.0,1.0,1.5,25.0,full,False
GBPUSD,27,25.925925925925924,0.319195261546936,-13074.286150366417,13.068721750719034,1.0,12.0,1.2,1.8,25.0,full,False
GBPUSD,25,20.0,0.3281596681116592,-12387.957900301772,11.476365857521312,1.0,12.0,1.5,2.0,25.0,full,False
GBPUSD,24,29.166666666666668,0.33593220920353045,-10347.532616308672,10.63231880911402,1.0,15.0,1.0,1.5,25.0,full,False
GBPUSD,24,20.833333333333336,0.2468622871809151,-13016.354282715954,12.447896798419888,1.0,15.0,1.2,1.8,25.0,full,False
GBPUSD,24,16.666666666666664,0.2406762183077352,-13769.69563318981,13.760545443699753,1.0,15.0,1.5,2.0,25.0,full,False
GBPUSD,29,24.137931034482758,0.2712909383114109,-15207.110277764572,14.32904942707481,1.2,8.0,1.0,1.5,25.0,full,False
GBPUSD,28,25.0,0.27079552144950103,-14598.39999762534,13.714035733192329,1.2,8.0,1.2,1.8,25.0,full,False
GBPUSD,26,19.230769230769234,0.2643023357193595,-14014.023177512427,13.751937827863363,1.2,8.0,1.5,2.0,25.0,full,False
GBPUSD,29,24.137931034482758,0.2715583501699939,-15199.14432756856,14.32100098660127,1.2,10.0,1.0,1.5,25.0,full,False
GBPUSD,28,25.0,0.2706418403378974,-14599.190099756466,13.714834017115013,1.2,10.0,1.2,1.8,25.0,full,False
GBPUSD,26,19.230769230769234,0.2641535378434954,-14014.035108455239,13.751937827863363,1.2,10.0,1.5,2.0,25.0,full,False
GBPUSD,27,25.925925925925924,0.26732010692596375,-13966.603051431695,13.672233031634365,1.2,12.0,1.0,1.5,25.0,full,False
GBPUSD,27,25.925925925925924,0.2832823809905292,-13700.205144162115,12.984622561623144,1.2,12.0,1.2,1.8,25.0,full,False
GBPUSD,25,16.0,0.22880159351636112,-14674.833839099025,13.791261074567608,1.2,12.0,1.5,2.0,25.0,full,False
GBPUSD,24,25.0,0.2859421568626389,-11703.977535501515,11.992304716600657,1.2,15.0,1.0,1.5,25.0,full,False
GBPUSD,24,20.833333333333336,0.24737455900452804,-12980.929483910673,12.419670526319457,1.2,15.0,1.2,1.8,25.0,full,False
GBPUSD,24,16.666666666666664,0.24128447002833422,-13730.89928132156,13.732126440294756,1.2,15.0,1.5,2.0,25.0,full,False
GBPUSD,24,29.166666666666668,0.356092681650024,-9487.472931582393,9.991180709386148,1.5,8.0,1.0,1.5,25.0,full,False
GBPUSD,24,29.166666666666668,0.40081276692545853,-8805.292251881168,10.331841151506307,1.5,8.0,1.2,1.8,25.0,full,False
GBPUSD,24,25.0,0.40102827564902727,-9391.412691817648,10.199914642564348,1.5,8.0,1.5,2.0,25.0,full,False
GBPUSD,24,29.166666666666668,0.356092681650024,-9487.472931582393,9.991180709386148,1.5,10.0,1.0,1.5,25.0,full,False
GBPUSD,24,29.166666666666668,0.40081276692545853,-8805.292251881168,10.331841151506307,1.5,10.0,1.2,1.8,25.0,full,False
GBPUSD,24,25.0,0.40102827564902727,-9391.412691817648,10.199914642564348,1.5,10.0,1.5,2.0,25.0,full,False
GBPUSD,24,29.166666666666668,0.3560490383560356,-9488.11598153472,9.991180709386148,1.5,12.0,1.0,1.5,25.0,full,False
GBPUSD,24,29.166666666666668,0.40077266840980086,-8805.881515352987,10.331841151506307,1.5,12.0,1.2,1.8,25.0,full,False
GBPUSD,24,25.0,0.4010675005292944,-9389.87924485591,10.199914642564348,1.5,12.0,1.5,2.0,25.0,full,False
GBPUSD,24,29.166666666666668,0.35577956401628086,-9491.345622592591,9.991180709386148,1.5,15.0,1.0,1.5,25.0,full,False
GBPUSD,24,25.0,0.34004577435268485,-10310.912518835423,10.331841151506307,1.5,15.0,1.2,1.8,25.0,full,False
GBPUSD,24,25.0,0.40152698970010414,-9377.558570928697,10.199914642564348,1.5,15.0,1.5,2.0,25.0,full,False
GBPUSD,22,36.36363636363637,0.5259709507244301,-5903.819313184882,6.753559735727316,1.8,8.0,1.0,1.5,25.0,full,False
GBPUSD,22,31.818181818181817,0.5428238834532275,-6160.8130488528695,6.3323867388674335,1.8,8.0,1.2,1.8,25.0,full,False
GBPUSD,21,19.047619047619047,0.38046180982506816,-8863.717876085211,8.200831051479657,1.8,8.0,1.5,2.0,25.0,full,False
GBPUSD,22,36.36363636363637,0.5259709507244301,-5903.819313184882,6.753559735727316,1.8,10.0,1.0,1.5,25.0,full,False
GBPUSD,22,31.818181818181817,0.5428238834532275,-6160.8130488528695,6.3323867388674335,1.8,10.0,1.2,1.8,25.0,full,False
GBPUSD,21,19.047619047619047,0.38046180982506816,-8863.717876085211,8.200831051479657,1.8,10.0,1.5,2.0,25.0,full,False
GBPUSD,22,36.36363636363637,0.5259709507244301,-5903.819313184882,6.753559735727316,1.8,12.0,1.0,1.5,25.0,full,False
GBPUSD,22,31.818181818181817,0.5428238834532275,-6160.8130488528695,6.3323867388674335,1.8,12.0,1.2,1.8,25.0,full,False
GBPUSD,21,19.047619047619047,0.38046180982506816,-8863.717876085211,8.200831051479657,1.8,12.0,1.5,2.0,25.0,full,False
GBPUSD,22,36.36363636363637,0.5259144895374246,-5904.522511958872,6.753559735727316,1.8,15.0,1.0,1.5,25.0,full,False
GBPUSD,22,31.818181818181817,0.5429207052848231,-6158.40984071797,6.3323867388674335,1.8,15.0,1.2,1.8,25.0,full,False
GBPUSD,21,19.047619047619047,0.38054025291987414,-8860.768691476784,8.200831051479657,1.8,15.0,1.5,2.0,25.0,full,False
GBPUSD,11,18.181818181818183,0.1814501284730921,-7370.267345924498,6.406466877534021,1.0,8.0,1.0,1.5,25.0,full,True
GBPUSD,7,14.285714285714285,0.22853385800834053,-4675.469303989274,4.075797022274015,1.0,8.0,1.2,1.8,25.0,full,True
GBPUSD,5,20.0,0.4027909814046687,-2430.646872973113,3.071871108154231,1.0,8.0,1.5,2.0,25.0,full,True
GBPUSD,11,18.181818181818183,0.1814501284730921,-7370.267345924498,6.406466877534021,1.0,10.0,1.0,1.5,25.0,full,True
GBPUSD,7,14.285714285714285,0.22853385800834053,-4675.469303989274,4.075797022274015,1.0,10.0,1.2,1.8,25.0,full,True
GBPUSD,5,20.0,0.4027909814046687,-2430.646872973113,3.071871108154231,1.0,10.0,1.5,2.0,25.0,full,True
GBPUSD,9,22.22222222222222,0.23356524241736107,-5400.707126325637,4.570219308801843,1.0,12.0,1.0,1.5,25.0,full,True
GBPUSD,7,14.285714285714285,0.22853385800834053,-4675.469303989274,4.075797022274015,1.0,12.0,1.2,1.8,25.0,full,True
GBPUSD,5,20.0,0.4027909814046687,-2430.646872973113,3.071871108154231,1.0,12.0,1.5,2.0,25.0,full,True
GBPUSD,8,25.0,0.27524573615871606,-4391.539086658828,3.560936125023402,1.0,15.0,1.0,1.5,25.0,full,True
GBPUSD,6,16.666666666666664,0.2754866541174981,-3663.6377893323806,4.068814822874444,1.0,15.0,1.2,1.8,25.0,full,True
GBPUSD,5,20.0,0.4054054117340463,-2417.066603208339,3.0668759456994987,1.0,15.0,1.5,2.0,25.0,full,True
GBPUSD,7,14.285714285714285,0.19162596596175271,-4871.542049291296,4.0540837132287475,1.2,8.0,1.0,1.5,25.0,full,True
GBPUSD,5,20.0,0.34761582006997277,-2640.571316166519,3.0539491532777068,1.2,8.0,1.2,1.8,25.0,full,True
GBPUSD,3,33.33333333333333,0.8221262563194982,-363.6303244956507,1.0299507302948299,1.2,8.0,1.5,2.0,25.0,full,True
GBPUSD,7,14.285714285714285,0.19162596596175271,-4871.542049291296,4.0540837132287475,1.2,10.0,1.0,1.5,25.0,full,True
GBPUSD,5,20.0,0.34761582006997277,-2640.571316166519,3.0539491532777068,1.2,10.0,1.2,1.8,25.0,full,True
GBPUSD,3,33.33333333333333,0.8221262563194982,-363.6303244956507,1.0299507302948299,1.2,10.0,1.5,2.0,25.0,full,True
GBPUSD,7,14.285714285714285,0.19162596596175271,-4871.542049291296,4.0540837132287475,1.2,12.0,1.0,1.5,25.0,full,True
GBPUSD,5,20.0,0.34761582006997277,-2640.571316166519,3.0539491532777068,1.2,12.0,1.2,1.8,25.0,full,True
GBPUSD,3,33.33333333333333,0.8221262563194982,-363.6303244956507,1.0299507302948299,1.2,12.0,1.5,2.0,25.0,full,True
GBPUSD,7,14.285714285714285,0.19175797402190864,-4870.746522976973,4.0540837132287475,1.2,15.0,1.0,1.5,25.0,full,True
GBPUSD,5,20.0,0.3478629490965589,-2639.5710438744136,3.0539491532777068,1.2,15.0,1.2,1.8,25.0,full,True
GBPUSD,3,33.33333333333333,0.8226952914996137,-362.46703618275933,1.0299507302948299,1.2,15.0,1.5,2.0,25.0,full,True
GBPUSD,5,20.0,0.3573265805194346,-2126.1867719552247,2.3118572616816815,1.5,8.0,1.0,1.5,25.0,full,True
GBPUSD,3,33.33333333333333,0.709906926558525,-589.8947022681532,1.0238384277669694,1.5,8.0,1.2,1.8,25.0,full,True
GBPUSD,2,0.0,0.0,-2033.4670361826284,1.0238384277669694,1.5,8.0,1.5,2.0,25.0,full,True
GBPUSD,5,20.0,0.3573265805194346,-2126.1867719552247,2.3118572616816815,1.5,10.0,1.0,1.5,25.0,full,True
GBPUSD,3,33.33333333333333,0.709906926558525,-589.8947022681532,1.0238384277669694,1.5,10.0,1.2,1.8,25.0,full,True
GBPUSD,2,0.0,0.0,-2033.4670361826284,1.0238384277669694,1.5,10.0,1.5,2.0,25.0,full,True
GBPUSD,5,20.0,0.3573265805194346,-2126.1867719552247,2.3118572616816815,1.5,12.0,1.0,1.5,25.0,full,True
GBPUSD,3,33.33333333333333,0.709906926558525,-589.8947022681532,1.0238384277669694,1.5,12.0,1.2,1.8,25.0,full,True
GBPUSD,2,0.0,0.0,-2033.4670361826284,1.0238384277669694,1.5,12.0,1.5,2.0,25.0,full,True
GBPUSD,5,20.0,0.3573265805194346,-2126.1867719552247,2.3118572616816815,1.5,15.0,1.0,1.5,25.0,full,True
GBPUSD,3,33.33333333333333,0.709906926558525,-589.8947022681532,1.0238384277669694,1.5,15.0,1.2,1.8,25.0,full,True
GBPUSD,2,0.0,0.0,-2033.4670361826284,1.0238384277669694,1.5,15.0,1.5,2.0,25.0,full,True
GBPUSD,3,66.66666666666666,2.4100570067867775,1432.3230499632627,0.0,1.8,8.0,1.0,1.5,25.0,full,True
GBPUSD,2,50.0,1.4413318989459802,448.3009186875861,0.0,1.8,8.0,1.2,1.8,25.0,full,True
GBPUSD,2,50.0,0.7108214035318626,-293.74498143249366,0.0,1.8,8.0,1.5,2.0,25.0,full,True
GBPUSD,3,66.66666666666666,2.4100570067867775,1432.3230499632627,0.0,1.8,10.0,1.0,1.5,25.0,full,True
GBPUSD,2,50.0,1.4413318989459802,448.3009186875861,0.0,1.8,10.0,1.2,1.8,25.0,full,True
GBPUSD,2,50.0,0.7108214035318626,-293.74498143249366,0.0,1.8,10.0,1.5,2.0,25.0,full,True
GBPUSD,3,66.66666666666666,2.4100570067867775,1432.3230499632627,0.0,1.8,12.0,1.0,1.5,25.0,full,True
GBPUSD,2,50.0,1.4413318989459802,448.3009186875861,0.0,1.8,12.0,1.2,1.8,25.0,full,True
GBPUSD,2,50.0,0.7108214035318626,-293.74498143249366,0.0,1.8,12.0,1.5,2.0,25.0,full,True
GBPUSD,3,66.66666666666666,2.4100570067867775,1432.3230499632627,0.0,1.8,15.0,1.0,1.5,25.0,full,True
GBPUSD,2,50.0,1.4413318989459802,448.3009186875861,0.0,1.8,15.0,1.2,1.8,25.0,full,True
GBPUSD,2,50.0,0.7108214035318626,-293.74498143249366,0.0,1.8,15.0,1.5,2.0,25.0,full,True
GBPUSD,26,23.076923076923077,0.30787296069925674,-13470.893938451816,12.570569706026616,1.0,8.0,1.0,1.5,30.0,full,False
GBPUSD,26,23.076923076923077,0.29537119433799086,-13704.04162057153,12.806143259827033,1.0,8.0,1.2,1.8,30.0,full,False
GBPUSD,24,20.833333333333336,0.30209923721005094,-12367.196868203333,11.455388809550984,1.0,8.0,1.5,2.0,30.0,full,False
GBPUSD,24,25.0,0.3418170184239422,-11579.82916774365,10.65982864931888,1.0,10.0,1.0,1.5,30.0,full,False
GBPUSD,23,26.08695652173913,0.34497714570905724,-10901.901588894703,9.974847321103503,1.0,10.0,1.2,1.8,30.0,full,False
GBPUSD,21,23.809523809523807,0.3600058480360253,-9517.197753258282,8.575735819946129,1.0,10.0,1.5,2.0,30.0,full,False
GBPUSD,22,27.27272727272727,0.3456698612535675,-10259.665881774796,9.941841731497387,1.0,12.0,1.0,1.5,30.0,full,False
GBPUSD,22,27.27272727272727,0.36645760584609693,-9929.829153117404,9.923910350408196,1.0,12.0,1.2,1.8,30.0,full,False
GBPUSD,20,20.0,0.31332224863393254,-10182.102577645666,9.24755889361284,1.0,12.0,1.5,2.0,30.0,full,False
GBPUSD,19,26.31578947368421,0.3393558832629914,-8472.00311300924,8.313884708958183,1.0,15.0,1.0,1.5,30.0,full,False
GBPUSD,19,21.052631578947366,0.22406786164115455,-10635.015537972082,9.705184355107042,1.0,15.0,1.2,1.8,30.0,full,False
GBPUSD,19,15.789473684210526,0.2029861267013486,-11627.10688844591,10.707598288631429,1.0,15.0,1.5,2.0,30.0,full,False
GBPUSD,24,25.0,0.3074670923690142,-12072.139727655653,11.161615130098266,1.2,8.0,1.0,1.5,30.0,full,False
GBPUSD,23,26.08695652173913,0.3026455734467222,-11536.663280202178,10.62059363156192,1.2,8.0,1.2,1.8,30.0,full,False
GBPUSD,21,19.047619047619047,0.2356189843825646,-11865.866115265206,10.953205480309402,1.2,8.0,1.5,2.0,30.0,full,False
GBPUSD,24,25.0,0.30778651792338274,-12065.242456862528,11.154646435586937,1.2,10.0,1.0,1.5,30.0,full,False
GBPUSD,23,26.08695652173913,0.3024929569694054,-11537.14479311042,10.6210801307094,1.2,10.0,1.2,1.8,30.0,full,False
GBPUSD,21,19.047619047619047,0.23544196305728818,-11866.10730836961,10.95344917105508,1.2,10.0,1.5,2.0,30.0,full,False
GBPUSD,22,27.27272727272727,0.3068410301370213,-10784.773695336626,10.480372705862653,1.2,12.0,1.0,1.5,30.0,full,False
GBPUSD,22,27.27272727272727,0.32060631158088426,-10603.099555268462,9.862354447445048,1.2,12.0,1.2,1.8,30.0,full,False
GBPUSD,20,15.0,0.1909209555665467,-12544.521176631984,11.63888825876967,1.2,12.0,1.5,2.0,30.0,full,False
GBPUSD,19,26.31578947368421,0.34038691108683133,-8436.202215789526,8.287015596453369,1.2,15.0,1.0,1.5,30.0,full,False
GBPUSD,19,21.052631578947366,0.22465225013028722,-10599.361783574044,9.673586041036314,1.2,15.0,1.2,1.8,30.0,full,False
GBPUSD,19,15.789473684210526,0.20346935859873302,-11592.46014967974,10.676968297678341,1.2,15.0,1.5,2.0,30.0,full,False
GBPUSD,19,31.57894736842105,0.4439264005786016,-6165.449984734718,6.230963678739375,1.5,8.0,1.0,1.5,30.0,full,False
GBPUSD,19,31.57894736842105,0.42710591139832293,-6330.830280651833,6.54851593305977,1.5,8.0,1.2,1.8,30.0,full,False
GBPUSD,19,26.31578947368421,0.4054867316992391,-7164.196334143504,6.411503769964377,1.5,8.0,1.5,2.0,30.0,full,False
GBPUSD,19,31.57894736842105,0.4439264005786016,-6165.449984734718,6.230963678739375,1.5,10.0,1.0,1.5,30.0,full,False
GBPUSD,19,31.57894736842105,0.42710591139832293,-6330.830280651833,6.54851593305977,1.5,10.0,1.2,1.8,30.0,full,False
GBPUSD,19,26.31578947368421,0.4054867316992391,-7164.196334143504,6.411503769964377,1.5,10.0,1.5,2.0,30.0,full,False
GBPUSD,19,31.57894736842105,0.4438151881442321,-6166.683049391097,6.230963678739375,1.5,12.0,1.0,1.5,30.0,full,False
GBPUSD,19,31.57894736842105,0.42709312701721547,-6330.971555886907,6.54851593305977,1.5,12.0,1.2,1.8,30.0,full,False
GBPUSD,19,26.31578947368421,0.40551446473002745,-7163.372201889957,6.411503769964377,1.5,12.0,1.5,2.0,30.0,full,False
GBPUSD,19,31.57894736842105,0.443319116231403,-6171.543049391097,6.2298018270093465,1.5,15.0,1.0,1.5,30.0,full,False
GBPUSD,19,26.31578947368421,0.34382780610593167,-7877.476226542436,6.928075113046997,1.5,15.0,1.2,1.8,30.0,full,False
GBPUSD,19,26.31578947368421,0.40581925774236344,-7154.322201889925,6.411503769964377,1.5,15.0,1.5,2.0,30.0,full,False
GBPUSD,17,35.294117647058826,0.44830790389944786,-5293.239341124732,5.003256936696786,1.8,8.0,1.0,1.5,30.0,full,False
GBPUSD,17,29.411764705882355,0.43193749238455686,-6019.3993746118795,5.054956277997718,1.8,8.0,1.2,1.8,30.0,full,False
GBPUSD,16,12.5,0.28100765233271363,-8264.153567168803,7.322746476604879,1.8,8.0,1.5,2.0,30.0,full,False
GBPUSD,17,35.294117647058826,0.44830790389944786,-5293.239341124732,5.003256936696786,1.8,10.0,1.0,1.5,30.0,full,False
GBPUSD,17,29.411764705882355,0.43193749238455686,-6019.3993746118795,5.054956277997718,1.8,10.0,1.2,1.8,30.0,full,False
GBPUSD,16,12.5,0.28100765233271363,-8264.153567168803,7.322746476604879,1.8,10.0,1.5,2.0,30.0,full,False
GBPUSD,17,35.294117647058826,0.44830790389944786,-5293.239341124732,5.003256936696786,1.8,12.0,1.0,1.5,30.0,full,False
GBPUSD,17,29.411764705882355,0.43193749238455686,-6019.3993746118795,5.054956277997718,1.8,12.0,1.2,1.8,30.0,full,False
GBPUSD,16,12.5,0.28100765233271363,-8264.153567168803,7.322746476604879,1.8,12.0,1.5,2.0,30.0,full,False
GBPUSD,17,35.294117647058826,0.448256457927965,-5293.732942251387,5.003256936696786,1.8,15.0,1.0,1.5,30.0,full,False
GBPUSD,17,29.411764705882355,0.4320312022801148,-6017.100965300648,5.052634282063502,1.8,15.0,1.2,1.8,30.0,full,False
GBPUSD,16,12.5,0.28106951922870155,-8261.62357785509,7.320190524159273,1.8,15.0,1.5,2.0,30.0,full,False
GBPUSD,9,11.11111111111111,0.14165261103436164,-6882.373134691225,5.913496189711232,1.0,8.0,1.0,1.5,30.0,full,True
GBPUSD,6,16.666666666666664,0.2756995538920288,-3676.8222424873966,3.0710975700776637,1.0,8.0,1.2,1.8,30.0,full,True
GBPUSD,4,25.0,0.5402620569263703,-1409.4999196794379,2.057289757940979,1.0,8.0,1.5,2.0,30.0,full,True
GBPUSD,9,11.11111111111111,0.14165261103436164,-6882.373134691225,5.913496189711232,1.0,10.0,1.0,1.5,30.0,full,True
GBPUSD,6,16.666666666666664,0.2756995538920288,-3676.8222424873966,3.0710975700776637,1.0,10.0,1.2,1.8,30.0,full,True
GBPUSD,4,25.0,0.5402620569263703,-1409.4999196794379,2.057289757940979,1.0,10.0,1.5,2.0,30.0,full,True
GBPUSD,7,14.285714285714285,0.18965079056353246,-4904.515334220661,4.069038674818771,1.0,12.0,1.0,1.5,30.0,full,True
GBPUSD,6,16.666666666666664,0.2756995538920288,-3676.8222424873966,3.0710975700776637,1.0,12.0,1.2,1.8,30.0,full,True
GBPUSD,4,25.0,0.5402620569263703,-1409.4999196794379,2.057289757940979,1.0,12.0,1.5,2.0,30.0,full,True
GBPUSD,7,14.285714285714285,0.19112574567218657,-4890.681184859757,4.064817050440621,1.0,15.0,1.0,1.5,30.0,full,True
GBPUSD,5,20.0,0.3463657886659788,-2657.066603208339,3.0668759456994987,1.0,15.0,1.2,1.8,30.0,full,True
GBPUSD,4,25.0,0.5428644856818969,-1400.7585527302872,2.055604095783588,1.0,15.0,1.5,2.0,30.0,full,True
GBPUSD,6,16.666666666666664,0.23123465016953643,-3880.291714837047,3.0544605212444247,1.2,8.0,1.0,1.5,30.0,full,True
GBPUSD,4,25.0,0.4667880506840068,-1625.2296320528258,2.044026453990437,1.2,8.0,1.2,1.8,30.0,full,True
GBPUSD,2,50.0,1.6569523238630972,673.3252199213312,0.0,1.2,8.0,1.5,2.0,30.0,full,True
GBPUSD,6,16.666666666666664,0.23123465016953643,-3880.291714837047,3.0544605212444247,1.2,10.0,1.0,1.5,30.0,full,True
GBPUSD,4,25.0,0.4667880506840068,-1625.2296320528258,2.044026453990437,1.2,10.0,1.2,1.8,30.0,full,True
GBPUSD,2,50.0,1.6569523238630972,673.3252199213312,0.0,1.2,10.0,1.5,2.0,30.0,full,True
GBPUSD,6,16.666666666666664,0.23123465016953643,-3880.291714837047,3.0544605212444247,1.2,12.0,1.0,1.5,30.0,full,True
GBPUSD,4,25.0,0.4667880506840068,-1625.2296320528258,2.044026453990437,1.2,12.0,1.2,1.8,30.0,full,True
GBPUSD,2,50.0,1.6569523238630972,673.3252199213312,0.0,1.2,12.0,1.5,2.0,30.0,full,True
GBPUSD,6,16.666666666666664,0.23140474855760357,-3879.433154593571,3.0544605212444247,1.2,15.0,1.0,1.5,30.0,full,True
GBPUSD,4,25.0,0.46627307761470493,-1626.7992695919238,2.044026453990437,1.2,15.0,1.2,1.8,30.0,full,True
GBPUSD,2,50.0,1.6581741502802687,674.57749731066,0.0,1.2,15.0,1.5,2.0,30.0,full,True
GBPUSD,4,25.0,0.5184389279635874,-1110.789313665271,1.2998293623551922,1.5,8.0,1.0,1.5,30.0,full,True
GBPUSD,2,50.0,1.4302360514829005,438.8719657833135,0.0,1.5,8.0,1.2,1.8,30.0,full,True
GBPUSD,1,0.0,0.0,-1020.072502689276,0.0,1.5,8.0,1.5,2.0,30.0,full,True
GBPUSD,4,25.0,0.5184389279635874,-1110.789313665271,1.2998293623551922,1.5,10.0,1.0,1.5,30.0,full,True
GBPUSD,2,50.0,1.4302360514829005,438.8719657833135,0.0,1.5,10.0,1.2,1.8,30.0,full,True
GBPUSD,1,0.0,0.0,-1020.072502689276,0.0,1.5,10.0,1.5,2.0,30.0,full,True
GBPUSD,4,25.0,0.5184389279635874,-1110.789313665271,1.2998293623551922,1.5,12.0,1.0,1.5,30.0,full,True
GBPUSD,2,50.0,1.4302360514829005,438.8719657833135,0.0,1.5,12.0,1.2,1.8,30.0,full,True
GBPUSD,1,0.0,0.0,-1020.072502689276,0.0,1.5,12.0,1.5,2.0,30.0,full,True
GBPUSD,4,25.0,0.5184389279635874,-1110.789313665271,1.2998293623551922,1.5,15.0,1.0,1.5,30.0,full,True
GBPUSD,2,50.0,1.4302360514829005,438.8719657833135,0.0,1.5,15.0,1.2,1.8,30.0,full,True
GBPUSD,1,0.0,0.0,-1020.072502689276,0.0,1.5,15.0,1.5,2.0,30.0,full,True
GBPUSD,2,50.0,1.195993401763375,199.08831035569892,0.0,1.8,8.0,1.0,1.5,30.0,full,True
GBPUSD,1,0.0,0.0,-1015.7908815525298,0.0,1.8,8.0,1.2,1.8,30.0,full,True
GBPUSD,1,0.0,0.0,-1015.7908815525298,0.0,1.8,8.0,1.5,2.0,30.0,full,True
GBPUSD,2,50.0,1.195993401763375,199.08831035569892,0.0,1.8,10.0,1.0,1.5,30.0,full,True
GBPUSD,1,0.0,0.0,-1015.7908815525298,0.0,1.8,10.0,1.2,1.8,30.0,full,True
GBPUSD,1,0.0,0.0,-1015.7908815525298,0.0,1.8,10.0,1.5,2.0,30.0,full,True
GBPUSD,2,50.0,1.195993401763375,199.08831035569892,0.0,1.8,12.0,1.0,1.5,30.0,full,True
GBPUSD,1,0.0,0.0,-1015.7908815525298,0.0,1.8,12.0,1.2,1.8,30.0,full,True
GBPUSD,1,0.0,0.0,-1015.7908815525298,0.0,1.8,12.0,1.5,2.0,30.0,full,True
GBPUSD,2,50.0,1.195993401763375,199.08831035569892,0.0,1.8,15.0,1.0,1.5,30.0,full,True
GBPUSD,1,0.0,0.0,-1015.7908815525298,0.0,1.8,15.0,1.2,1.8,30.0,full,True
GBPUSD,1,0.0,0.0,-1015.7908815525298,0.0,1.8,15.0,1.5,2.0,30.0,full,True
USDJPY,39,38.46153846153847,0.638505623998515,-7705.702286793981,6.960157385002548,1.0,8.0,1.0,1.5,15.0,peak,False
USDJPY,39,38.46153846153847,0.7052572057843992,-6435.2774096513895,5.898140911344445,1.0,8.0,1.2,1.8,15.0,peak,False
USDJPY,39,33.33333333333333,0.6797278601434507,-7609.962520948189,7.294496192949722,1.0,8.0,1.5,2.0,15.0,peak,False
USDJPY,39,38.46153846153847,0.6362722201290754,-7780.525263656353,7.035584775033664,1.0,10.0,1.0,1.5,15.0,peak,False
USDJPY,39,38.46153846153847,0.7154253110094392,-6124.964525672054,5.586046582700224,1.0,10.0,1.2,1.8,15.0,peak,False
USDJPY,39,33.33333333333333,0.688722435858799,-7299.649636968854,6.983123743797445,1.0,10.0,1.5,2.0,15.0,peak,False
USDJPY,38,39.473684210526315,0.6713615498955678,-6696.839724858917,5.943145323496057,1.0,12.0,1.0,1.5,15.0,peak,False
USDJPY,38,39.473684210526315,0.7161887604089548,-5820.879346268732,5.625266066031488,1.0,12.0,1.2,1.8,15.0,peak,False
USDJPY,38,34.21052631578947,0.7090948508943682,-6647.318278740291,6.328564996297971,1.0,12.0,1.5,2.0,15.0,peak,False
USDJPY,38,36.84210526315789,0.6345598848838606,-7306.741889433848,6.495048369663505,1.0,15.0,1.0,1.5,15.0,peak,False
USDJPY,38,36.84210526315789,0.7105172745330026,-5831.459239957199,5.453998436944378,1.0,15.0,1.2,1.8,15.0,peak,False
USDJPY,38,31.57894736842105,0.6844505652915972,-6924.7360781480675,6.576850025988734,1.0,15.0,1.5,2.0,15.0,peak,False
USDJPY,37,37.83783783783784,0.6664322564097857,-6541.725163369498,6.050488482673024,1.2,8.0,1.0,1.5,15.0,peak,False
USDJPY,36,33.33333333333333,0.5764647220606558,-8531.798631486963,7.577347990178712,1.2,8.0,1.2,1.8,15.0,peak,False
USDJPY,36,30.555555555555557,0.6026645413716233,-8370.36466965395,7.41422950032284,1.2,8.0,1.5,2.0,15.0,peak,False
USDJPY,37,37.83783783783784,0.6664322564097857,-6541.725163369498,6.050488482673024,1.2,10.0,1.0,1.5,15.0,peak,False
USDJPY,36,33.33333333333333,0.5764647220606558,-8531.798631486963,7.577347990178712,1.2,10.0,1.2,1.8,15.0,peak,False
USDJPY,36,30.555555555555557,0.6026645413716233,-8370.36466965395,7.41422950032284,1.2,10.0,1.5,2.0,15.0,peak,False
USDJPY,37,37.83783783783784,0.6677684203386771,-6502.483978381002,6.011041037623633,1.2,12.0,1.0,1.5,15.0,peak,False
USDJPY,36,33.33333333333333,0.5775898727148936,-8492.557446498482,7.5376973320223,1.2,12.0,1.2,1.8,15.0,peak,False
USDJPY,36,30.555555555555557,0.6006166048313489,-8442.19472744195,7.486809089026479,1.2,12.0,1.5,2.0,15.0,peak,False
USDJPY,37,35.13513513513514,0.6323442782678278,-6955.424916140226,6.449766272521357,1.2,15.0,1.0,1.5,15.0,peak,False
USDJPY,36,33.33333333333333,0.6082857720293043,-7381.317642633658,6.398170829946036,1.2,15.0,1.2,1.8,15.0,peak,False
USDJPY,36,27.77777777777778,0.5709281791068387,-8841.622503397812,8.311823441777436,1.2,15.0,1.5,2.0,15.0,peak,False
USDJPY,34,32.35294117647059,0.5852036337762833,-6776.196362479866,6.249035487679271,1.5,8.0,1.0,1.5,15.0,peak,False
USDJPY,34,29.411764705882355,0.6134625435771193,-6713.852949852691,7.6090068919694955,1.5,8.0,1.2,1.8,15.0,peak,False
USDJPY,33,21.21212121212121,0.5017458641517722,-9130.287609903666,8.990024836584306,1.5,8.0,1.5,2.0,15.0,peak,False
USDJPY,34,32.35294117647059,0.5852036337762833,-6776.196362479866,6.249035487679271,1.5,10.0,1.0,1.5,15.0,peak,False
USDJPY,34,29.411764705882355,0.6134625435771193,-6713.852949852691,7.6090068919694955,1.5,10.0,1.2,1.8,15.0,peak,False
USDJPY,33,21.21212121212121,0.5017458641517722,-9130.287609903666,8.990024836584306,1.5,10.0,1.5,2.0,15.0,peak,False
USDJPY,34,32.35294117647059,0.5852036337762833,-6776.196362479866,6.249035487679271,1.5,12.0,1.0,1.5,15.0,peak,False
USDJPY,34,29.411764705882355,0.6134625435771193,-6713.852949852691,7.6090068919694955,1.5,12.0,1.2,1.8,15.0,peak,False
USDJPY,33,21.21212121212121,0.5017458641517722,-9130.287609903666,8.990024836584306,1.5,12.0,1.5,2.0,15.0,peak,False
USDJPY,34,32.35294117647059,0.5801692702518976,-6917.9521796078625,6.176884385329247,1.5,15.0,1.0,1.5,15.0,peak,False
USDJPY,34,29.411764705882355,0.615997783951552,-6642.367075558388,7.536855789619485,1.5,15.0,1.2,1.8,15.0,peak,False
USDJPY,33,21.21212121212121,0.5037108889089777,-9058.801735609333,8.91787373423428,1.5,15.0,1.5,2.0,15.0,peak,False
USDJPY,32,34.375,0.6564331487577345,-4918.385111861091,6.086068626759901,1.8,8.0,1.0,1.5,15.0,peak,False
USDJPY,31,22.58064516129032,0.5173401254534861,-7186.889175518401,8.029049284551869,1.8,8.0,1.2,1.8,15.0,peak,False
USDJPY,30,20.0,0.560391025916764,-6545.853807027175,7.903178839333644,1.8,8.0,1.5,2.0,15.0,peak,False
USDJPY,32,34.375,0.6564331487577345,-4918.385111861091,6.086068626759901,1.8,10.0,1.0,1.5,15.0,peak,False
USDJPY,31,22.58064516129032,0.5173401254534861,-7186.889175518401,8.029049284551869,1.8,10.0,1.2,1.8,15.0,peak,False
USDJPY,30,20.0,0.560391025916764,-6545.853807027175,7.903178839333644,1.8,10.0,1.5,2.0,15.0,peak,False
USDJPY,32,34.375,0.6564331487577345,-4918.385111861091,6.086068626759901,1.8,12.0,1.0,1.5,15.0,peak,False
USDJPY,31,22.58064516129032,0.5173401254534861,-7186.889175518401,8.029049284551869,1.8,12.0,1.2,1.8,15.0,peak,False
USDJPY,30,20.0,0.560391025916764,-6545.853807027175,7.903178839333644,1.8,12.0,1.5,2.0,15.0,peak,False
USDJPY,32,34.375,0.6564331487577345,-4918.385111861091,6.086068626759901,1.8,15.0,1.0,1.5,15.0,peak,False
USDJPY,31,22.58064516129032,0.5173401254534861,-7186.889175518401,8.029049284551869,1.8,15.0,1.2,1.8,15.0,peak,False
USDJPY,30,20.0,0.560391025916764,-6545.853807027175,7.903178839333644,1.8,15.0,1.5,2.0,15.0,peak,False
USDJPY,20,35.0,0.6240977736600095,-3930.2088316775917,3.6076624446155425,1.0,8.0,1.0,1.5,15.0,peak,True
USDJPY,19,36.84210526315789,0.7737340368834331,-2249.036934467076,3.4990013620837064,1.0,8.0,1.2,1.8,15.0,peak,True
USDJPY,13,38.46153846153847,0.9998574781351632,-0.90096849296242,2.3877767898861717,1.0,8.0,1.5,2.0,15.0,peak,True
USDJPY,20,35.0,0.6196632194070656,-4005.031808539963,3.683228685315049,1.0,10.0,1.0,1.5,15.0,peak,True
USDJPY,19,36.84210526315789,0.7679531780301657,-2323.8599113294476,3.574622881605717,1.0,10.0,1.2,1.8,15.0,peak,True
USDJPY,13,38.46153846153847,0.9998574781351632,-0.90096849296242,2.3877767898861717,1.0,10.0,1.5,2.0,15.0,peak,True
USDJPY,20,35.0,0.622792481102315,-3964.347436789758,3.6629559751658873,1.0,12.0,1.0,1.5,15.0,peak,True
USDJPY,18,38.88888888888889,0.7740038947483756,-2019.9857761591556,3.3930042790315773,1.0,12.0,1.2,1.8,15.0,peak,True
USDJPY,13,38.46153846153847,1.0081124468251452,51.28377318599087,2.3211084696281326,1.0,12.0,1.5,2.0,15.0,peak,True
USDJPY,16,43.75,0.8930731133641316,-794.514387805888,2.9636444875241854,1.0,15.0,1.0,1.5,15.0,peak,True
USDJPY,16,43.75,1.0779881498511381,579.4866855714208,2.5887623499018435,1.0,15.0,1.2,1.8,15.0,peak,True
USDJPY,13,30.76923076923077,0.7285667240235248,-2043.2563451263559,4.254236362881728,1.0,15.0,1.5,2.0,15.0,peak,True
USDJPY,19,36.84210526315789,0.6480961534222279,-3485.1124379623943,4.176130489090057,1.2,8.0,1.0,1.5,15.0,peak,True
USDJPY,14,42.857142857142854,1.1791469057849542,1072.7703141118109,2.3092317700312592,1.2,8.0,1.2,1.8,15.0,peak,True
USDJPY,10,20.0,0.3351204971456904,-4668.240504718458,4.393622720787156,1.2,8.0,1.5,2.0,15.0,peak,True
USDJPY,19,36.84210526315789,0.6480961534222279,-3485.1124379623943,4.176130489090057,1.2,10.0,1.0,1.5,15.0,peak,True
USDJPY,14,42.857142857142854,1.1791469057849542,1072.7703141118109,2.3092317700312592,1.2,10.0,1.2,1.8,15.0,peak,True
USDJPY,10,20.0,0.3351204971456904,-4668.240504718458,4.393622720787156,1.2,10.0,1.5,2.0,15.0,peak,True
USDJPY,19,36.84210526315789,0.6506743320770891,-3445.871252973913,4.136498731308844,1.2,12.0,1.0,1.5,15.0,peak,True
USDJPY,14,42.857142857142854,1.1791469057849542,1072.7703141118109,2.3092317700312592,1.2,12.0,1.2,1.8,15.0,peak,True
USDJPY,10,20.0,0.3351204971456904,-4668.240504718458,4.393622720787156,1.2,12.0,1.5,2.0,15.0,peak,True
USDJPY,16,43.75,0.9561884282682879,-304.7043572814873,2.9371969962998628,1.2,15.0,1.0,1.5,15.0,peak,True
USDJPY,14,42.857142857142854,1.1915536716515414,1151.7013232630416,2.240987876279263,1.2,15.0,1.2,1.8,15.0,peak,True
USDJPY,10,10.0,0.20199757635894397,-6220.938088260096,6.009661110984213,1.2,15.0,1.5,2.0,15.0,peak,True
USDJPY,13,38.46153846153847,0.8466723624590788,-784.6281937466701,1.325589583447396,1.5,8.0,1.0,1.5,15.0,peak,True
USDJPY,10,20.0,0.33344350490536295,-4099.487448158005,3.4706831155245546,1.5,8.0,1.2,1.8,15.0,peak,True
USDJPY,8,0.0,0.0,-6072.37311227672,5.036044966750556,1.5,8.0,1.5,2.0,15.0,peak,True
USDJPY,13,38.46153846153847,0.8466723624590788,-784.6281937466701,1.325589583447396,1.5,10.0,1.0,1.5,15.0,peak,True
USDJPY,10,20.0,0.33344350490536295,-4099.487448158005,3.4706831155245546,1.5,10.0,1.2,1.8,15.0,peak,True
USDJPY,8,0.0,0.0,-6072.37311227672,5.036044966750556,1.5,10.0,1.5,2.0,15.0,peak,True
USDJPY,13,38.46153846153847,0.8466723624590788,-784.6281937466701,1.325589583447396,1.5,12.0,1.0,1.5,15.0,peak,True
USDJPY,10,20.0,0.33344350490536295,-4099.487448158005,3.4706831155245546,1.5,12.0,1.2,1.8,15.0,peak,True
USDJPY,8,0.0,0.0,-6072.37311227672,5.036044966750556,1.5,12.0,1.5,2.0,15.0,peak,True
USDJPY,13,38.46153846153847,0.8466723624590788,-784.6281937466701,1.325589583447396,1.5,15.0,1.0,1.5,15.0,peak,True
USDJPY,10,20.0,0.33344350490536295,-4099.487448158005,3.4706831155245546,1.5,15.0,1.2,1.8,15.0,peak,True
USDJPY,8,0.0,0.0,-6072.37311227672,5.036044966750556,1.5,15.0,1.5,2.0,15.0,peak,True
USDJPY,10,30.0,0.6100558235758847,-1462.9267883534485,2.3814114018319126,1.8,8.0,1.0,1.5,15.0,peak,True
USDJPY,10,10.0,0.31601073583515576,-3219.4512531817745,3.867428307341967,1.8,8.0,1.2,1.8,15.0,peak,True
USDJPY,6,0.0,0.0,-2863.6397924339253,2.008162594361299,1.8,8.0,1.5,2.0,15.0,peak,True
USDJPY,10,30.0,0.6100558235758847,-1462.9267883534485,2.3814114018319126,1.8,10.0,1.0,1.5,15.0,peak,True
USDJPY,10,10.0,0.31601073583515576,-3219.4512531817745,3.867428307341967,1.8,10.0,1.2,1.8,15.0,peak,True
USDJPY,6,0.0,0.0,-2863.6397924339253,2.008162594361299,1.8,10.0,1.5,2.0,15.0,peak,True
USDJPY,10,30.0,0.6100558235758847,-1462.9267883534485,2.3814114018319126,1.8,12.0,1.0,1.5,15.0,peak,True
USDJPY,10,10.0,0.31601073583515576,-3219.4512531817745,3.867428307341967,1.8,12.0,1.2,1.8,15.0,peak,True
USDJPY,6,0.0,0.0,-2863.6397924339253,2.008162594361299,1.8,12.0,1.5,2.0,15.0,peak,True
USDJPY,10,30.0,0.6100558235758847,-1462.9267883534485,2.3814114018319126,1.8,15.0,1.0,1.5,15.0,peak,True
USDJPY,10,10.0,0.31601073583515576,-3219.4512531817745,3.867428307341967,1.8,15.0,1.2,1.8,15.0,peak,True
USDJPY,6,0.0,0.0,-2863.6397924339253,2.008162594361299,1.8,15.0,1.5,2.0,15.0,peak,True
USDJPY,29,37.93103448275862,0.7004043917023346,-4844.878151534969,5.018006163404472,1.0,8.0,1.0,1.5,20.0,peak,False
USDJPY,29,37.93103448275862,0.7759593847937363,-3623.0487083469634,4.842854451030674,1.0,8.0,1.2,1.8,20.0,peak,False
USDJPY,29,34.48275862068966,0.7230690080045543,-4796.466709439192,5.499877614844697,1.0,8.0,1.5,2.0,20.0,peak,False
USDJPY,29,37.93103448275862,0.7004043917023346,-4844.878151534969,5.018006163404472,1.0,10.0,1.0,1.5,20.0,peak,False
USDJPY,29,37.93103448275862,0.7759593847937363,-3623.0487083469634,4.842854451030674,1.0,10.0,1.2,1.8,20.0,peak,False
USDJPY,29,34.48275862068966,0.7230690080045543,-4796.466709439192,5.499877614844697,1.0,10.0,1.5,2.0,20.0,peak,False
USDJPY,29,37.93103448275862,0.6993739391529689,-4860.09648728148,5.033196810465807,1.0,12.0,1.0,1.5,20.0,peak,False
USDJPY,29,37.93103448275862,0.7252182426345517,-4442.282382232908,4.90090015288621,1.0,12.0,1.2,1.8,20.0,peak,False
USDJPY,29,34.48275862068966,0.7271674146355039,-4724.170106156758,5.5143033098234415,1.0,12.0,1.5,2.0,20.0,peak,False
USDJPY,29,37.93103448275862,0.6588371436968681,-5554.079007461551,5.725916678550511,1.0,15.0,1.0,1.5,20.0,peak,False
USDJPY,29,37.93103448275862,0.7302387865105869,-4432.1488769216085,4.93338885513654,1.0,15.0,1.2,1.8,20.0,peak,False
USDJPY,29,31.03448275862069,0.6367723500160007,-6567.318173074411,7.164532242863772,1.0,15.0,1.5,2.0,20.0,peak,False
USDJPY,29,37.93103448275862,0.7401044334449535,-3858.8465811604983,4.976026294630861,1.2,8.0,1.0,1.5,20.0,peak,False
USDJPY,29,34.48275862068966,0.6596811039625584,-5401.303826857227,5.60032428180844,1.2,8.0,1.2,1.8,20.0,peak,False
USDJPY,29,31.03448275862069,0.6739508118162593,-5468.846107724632,5.458062614099095,1.2,8.0,1.5,2.0,20.0,peak,False
USDJPY,29,37.93103448275862,0.7401044334449535,-3858.8465811604983,4.976026294630861,1.2,10.0,1.0,1.5,20.0,peak,False
USDJPY,29,34.48275862068966,0.6596811039625584,-5401.303826857227,5.60032428180844,1.2,10.0,1.2,1.8,20.0,peak,False
USDJPY,29,31.03448275862069,0.6739508118162593,-5468.846107724632,5.458062614099095,1.2,10.0,1.5,2.0,20.0,peak,False
USDJPY,29,37.93103448275862,0.7401044334449535,-3858.8465811604983,4.976026294630861,1.2,12.0,1.0,1.5,20.0,peak,False
USDJPY,29,34.48275862068966,0.6596811039625584,-5401.303826857227,5.60032428180844,1.2,12.0,1.2,1.8,20.0,peak,False
USDJPY,29,31.03448275862069,0.6739508118162593,-5468.846107724632,5.458062614099095,1.2,12.0,1.5,2.0,20.0,peak,False
USDJPY,29,37.93103448275862,0.702095200928613,-4414.564534889039,4.954005567658077,1.2,15.0,1.0,1.5,20.0,peak,False
USDJPY,29,34.48275862068966,0.6584548343081763,-5410.87093271577,5.520062910368061,1.2,15.0,1.2,1.8,20.0,peak,False
USDJPY,29,27.586206896551722,0.5922818066752755,-6941.584167638954,6.930968674305658,1.2,15.0,1.5,2.0,20.0,peak,False
USDJPY,27,33.33333333333333,0.6119961097503714,-4971.916752154575,4.605705721356554,1.5,8.0,1.0,1.5,20.0,peak,False
USDJPY,27,29.629629629629626,0.6210899251833043,-5246.789409585341,5.01351856865133,1.5,8.0,1.2,1.8,20.0,peak,False
USDJPY,26,23.076923076923077,0.5783126838161161,-6241.899840909871,6.2061455736914635,1.5,8.0,1.5,2.0,20.0,peak,False
USDJPY,27,33.33333333333333,0.6119961097503714,-4971.916752154575,4.605705721356554,1.5,10.0,1.0,1.5,20.0,peak,False
USDJPY,27,29.629629629629626,0.6210899251833043,-5246.789409585341,5.01351856865133,1.5,10.0,1.2,1.8,20.0,peak,False
USDJPY,26,23.076923076923077,0.5783126838161161,-6241.899840909871,6.2061455736914635,1.5,10.0,1.5,2.0,20.0,peak,False
USDJPY,27,33.33333333333333,0.6119961097503714,-4971.916752154575,4.605705721356554,1.5,12.0,1.0,1.5,20.0,peak,False
USDJPY,27,29.629629629629626,0.6210899251833043,-5246.789409585341,5.01351856865133,1.5,12.0,1.2,1.8,20.0,peak,False
USDJPY,26,23.076923076923077,0.5783126838161161,-6241.899840909871,6.2061455736914635,1.5,12.0,1.5,2.0,20.0,peak,False
USDJPY,27,33.33333333333333,0.6119961097503714,-4971.916752154575,4.605705721356554,1.5,15.0,1.0,1.5,20.0,peak,False
USDJPY,27,29.629629629629626,0.6210899251833043,-5246.789409585341,5.01351856865133,1.5,15.0,1.2,1.8,20.0,peak,False
USDJPY,26,23.076923076923077,0.5783126838161161,-6241.899840909871,6.2061455736914635,1.5,15.0,1.5,2.0,20.0,peak,False
USDJPY,25,36.0,0.7043015335573011,-3169.3375799738715,2.868670523485177,1.8,8.0,1.0,1.5,20.0,peak,False
USDJPY,24,25.0,0.5962839066818446,-4712.732455926729,4.831296248993302,1.8,8.0,1.2,1.8,20.0,peak,False
USDJPY,24,25.0,0.698946322566969,-3514.3147872894915,4.8252682044706585,1.8,8.0,1.5,2.0,20.0,peak,False
USDJPY,25,36.0,0.7043015335573011,-3169.3375799738715,2.868670523485177,1.8,10.0,1.0,1.5,20.0,peak,False
USDJPY,24,25.0,0.5962839066818446,-4712.732455926729,4.831296248993302,1.8,10.0,1.2,1.8,20.0,peak,False
USDJPY,24,25.0,0.698946322566969,-3514.3147872894915,4.8252682044706585,1.8,10.0,1.5,2.0,20.0,peak,False
USDJPY,25,36.0,0.7043015335573011,-3169.3375799738715,2.868670523485177,1.8,12.0,1.0,1.5,20.0,peak,False
USDJPY,24,25.0,0.5962839066818446,-4712.732455926729,4.831296248993302,1.8,12.0,1.2,1.8,20.0,peak,False
USDJPY,24,25.0,0.698946322566969,-3514.3147872894915,4.8252682044706585,1.8,12.0,1.5,2.0,20.0,peak,False
USDJPY,25,36.0,0.7043015335573011,-3169.3375799738715,2.868670523485177,1.8,15.0,1.0,1.5,20.0,peak,False
USDJPY,24,25.0,0.5962839066818446,-4712.732455926729,4.831296248993302,1.8,15.0,1.2,1.8,20.0,peak,False
USDJPY,24,25.0,0.698946322566969,-3514.3147872894915,4.8252682044706585,1.8,15.0,1.5,2.0,20.0,peak,False
USDJPY,16,37.5,0.7417127500169226,-2096.9780553124147,2.8311607812458917,1.0,8.0,1.0,1.5,20.0,peak,True
USDJPY,15,40.0,0.9601549995046027,-294.74732567842875,2.133415295837042,1.0,8.0,1.2,1.8,20.0,peak,True
USDJPY,11,36.36363636363637,0.9207730221808008,-411.7120159014885,2.4648883391803196,1.0,8.0,1.5,2.0,20.0,peak,True
USDJPY,16,37.5,0.7417127500169226,-2096.9780553124147,2.8311607812458917,1.0,10.0,1.0,1.5,20.0,peak,True
USDJPY,15,40.0,0.9601549995046027,-294.74732567842875,2.133415295837042,1.0,10.0,1.2,1.8,20.0,peak,True
USDJPY,11,36.36363636363637,0.9207730221808008,-411.7120159014885,2.4648883391803196,1.0,10.0,1.5,2.0,20.0,peak,True
USDJPY,16,37.5,0.7374656316971708,-2136.6053068988404,2.8511810711946226,1.0,12.0,1.0,1.5,20.0,peak,True
USDJPY,15,40.0,0.8762500731733439,-886.700233925585,2.15106712853999,1.0,12.0,1.2,1.8,20.0,peak,True
USDJPY,11,36.36363636363637,0.9031457381518354,-503.31420548640017,2.4671016663765135,1.0,12.0,1.5,2.0,20.0,peak,True
USDJPY,14,42.857142857142854,0.8638163946036784,-868.8643878058501,2.220262313901196,1.0,15.0,1.0,1.5,20.0,peak,True
USDJPY,14,42.857142857142854,1.0157030075640197,100.18668557140336,2.2119967517163,1.0,15.0,1.2,1.8,20.0,peak,True
USDJPY,11,27.27272727272727,0.6035996568865118,-2567.6063451263326,3.7513317618015054,1.0,15.0,1.5,2.0,20.0,peak,True
USDJPY,15,40.0,0.8717053020626365,-882.4185331450426,1.9631519735993679,1.2,8.0,1.0,1.5,20.0,peak,True
USDJPY,12,41.66666666666667,1.118787488757721,587.740041348603,1.9390421324813545,1.2,8.0,1.2,1.8,20.0,peak,True
USDJPY,8,12.5,0.13835520506481272,-5153.3207774817565,4.3179604732269405,1.2,8.0,1.5,2.0,20.0,peak,True
USDJPY,15,40.0,0.8717053020626365,-882.4185331450426,1.9631519735993679,1.2,10.0,1.0,1.5,20.0,peak,True
USDJPY,12,41.66666666666667,1.118787488757721,587.740041348603,1.9390421324813545,1.2,10.0,1.2,1.8,20.0,peak,True
USDJPY,8,12.5,0.13835520506481272,-5153.3207774817565,4.3179604732269405,1.2,10.0,1.5,2.0,20.0,peak,True
USDJPY,15,40.0,0.8717053020626365,-882.4185331450426,1.9631519735993679,1.2,12.0,1.0,1.5,20.0,peak,True
USDJPY,12,41.66666666666667,1.118787488757721,587.740041348603,1.9390421324813545,1.2,12.0,1.2,1.8,20.0,peak,True
USDJPY,8,12.5,0.13835520506481272,-5153.3207774817565,4.3179604732269405,1.2,12.0,1.5,2.0,20.0,peak,True
USDJPY,14,42.857142857142854,0.9104070798628761,-529.0043572814611,1.9898692444980475,1.2,15.0,1.0,1.5,20.0,peak,True
USDJPY,12,41.66666666666667,1.1355082020361522,672.4013232630241,1.9455243111913152,1.2,15.0,1.2,1.8,20.0,peak,True
USDJPY,8,0.0,0.0,-6895.338088260076,6.075320567987553,1.2,15.0,1.5,2.0,20.0,peak,True
USDJPY,11,36.36363636363637,0.7499046031701329,-1047.5183752330195,2.0507520081949338,1.5,8.0,1.0,1.5,20.0,peak,True
USDJPY,8,12.5,0.11885825497749306,-4600.786716517454,3.5482221722763323,1.5,8.0,1.2,1.8,20.0,peak,True
USDJPY,7,0.0,0.0,-5143.517859397543,4.09694141021915,1.5,8.0,1.5,2.0,20.0,peak,True
USDJPY,11,36.36363636363637,0.7499046031701329,-1047.5183752330195,2.0507520081949338,1.5,10.0,1.0,1.5,20.0,peak,True
USDJPY,8,12.5,0.11885825497749306,-4600.786716517454,3.5482221722763323,1.5,10.0,1.2,1.8,20.0,peak,True
USDJPY,7,0.0,0.0,-5143.517859397543,4.09694141021915,1.5,10.0,1.5,2.0,20.0,peak,True
USDJPY,11,36.36363636363637,0.7499046031701329,-1047.5183752330195,2.0507520081949338,1.5,12.0,1.0,1.5,20.0,peak,True
USDJPY,8,12.5,0.11885825497749306,-4600.786716517454,3.5482221722763323,1.5,12.0,1.2,1.8,20.0,peak,True
USDJPY,7,0.0,0.0,-5143.517859397543,4.09694141021915,1.5,12.0,1.5,2.0,20.0,peak,True
USDJPY,11,36.36363636363637,0.7499046031701329,-1047.5183752330195,2.0507520081949338,1.5,15.0,1.0,1.5,20.0,peak,True
USDJPY,8,12.5,0.11885825497749306,-4600.786716517454,3.5482221722763323,1.5,15.0,1.2,1.8,20.0,peak,True
USDJPY,7,0.0,0.0,-5143.517859397543,4.09694141021915,1.5,15.0,1.5,2.0,20.0,peak,True
USDJPY,8,25.0,0.3404406633019314,-2032.740881163074,2.1316551028141775,1.8,8.0,1.0,1.5,20.0,peak,True
USDJPY,8,0.0,0.0,-3815.212912505929,2.9681161921944863,1.8,8.0,1.2,1.8,20.0,peak,True
USDJPY,5,0.0,0.0,-1971.9787496698846,1.1086487178194193,1.8,8.0,1.5,2.0,20.0,peak,True
USDJPY,8,25.0,0.3404406633019314,-2032.740881163074,2.1316551028141775,1.8,10.0,1.0,1.5,20.0,peak,True
USDJPY,8,0.0,0.0,-3815.212912505929,2.9681161921944863,1.8,10.0,1.2,1.8,20.0,peak,True
USDJPY,5,0.0,0.0,-1971.9787496698846,1.1086487178194193,1.8,10.0,1.5,2.0,20.0,peak,True
USDJPY,8,25.0,0.3404406633019314,-2032.740881163074,2.1316551028141775,1.8,12.0,1.0,1.5,20.0,peak,True
USDJPY,8,0.0,0.0,-3815.212912505929,2.9681161921944863,1.8,12.0,1.2,1.8,20.0,peak,True
USDJPY,5,0.0,0.0,-1971.9787496698846,1.1086487178194193,1.8,12.0,1.5,2.0,20.0,peak,True
USDJPY,8,25.0,0.3404406633019314,-2032.740881163074,2.1316551028141775,1.8,15.0,1.0,1.5,20.0,peak,True
USDJPY,8,0.0,0.0,-3815.212912505929,2.9681161921944863,1.8,15.0,1.2,1.8,20.0,peak,True
USDJPY,5,0.0,0.0,-1971.9787496698846,1.1086487178194193,1.8,15.0,1.5,2.0,20.0,peak,True
USDJPY,22,36.36363636363637,0.7192576873157439,-3451.530836119622,3.9459930496541418,1.0,8.0,1.0,1.5,25.0,peak,False
USDJPY,22,36.36363636363637,0.8405535420615969,-1984.7487550732621,3.8892385535368508,1.0,8.0,1.2,1.8,25.0,peak,False
USDJPY,22,31.818181818181817,0.7562828782582482,-3276.2865787196206,4.211088506917806,1.0,8.0,1.5,2.0,25.0,peak,False
USDJPY,22,36.36363636363637,0.7192576873157439,-3451.530836119622,3.9459930496541418,1.0,10.0,1.0,1.5,25.0,peak,False
USDJPY,22,36.36363636363637,0.8405535420615969,-1984.7487550732621,3.8892385535368508,1.0,10.0,1.2,1.8,25.0,peak,False
USDJPY,22,31.818181818181817,0.7562828782582482,-3276.2865787196206,4.211088506917806,1.0,10.0,1.5,2.0,25.0,peak,False
USDJPY,22,36.36363636363637,0.7179095240287249,-3466.749171866133,3.965320349132382,1.0,12.0,1.0,1.5,25.0,peak,False
USDJPY,22,36.36363636363637,0.7843247032595274,-2650.540234627246,3.9333815500346736,1.0,12.0,1.2,1.8,25.0,peak,False
USDJPY,22,31.818181818181817,0.7615756129598633,-3203.9899754371872,4.226653000007482,1.0,12.0,1.5,2.0,25.0,peak,False
USDJPY,22,36.36363636363637,0.6658839289759572,-4135.544992435476,4.309963585801886,1.0,15.0,1.0,1.5,25.0,peak,False
USDJPY,22,36.36363636363637,0.7676844345408645,-2945.220029705233,4.1566135209020185,1.0,15.0,1.2,1.8,25.0,peak,False
USDJPY,22,27.27272727272727,0.6775288062369408,-4572.051342744133,5.182018995121072,1.0,15.0,1.5,2.0,25.0,peak,False
USDJPY,22,36.36363636363637,0.7975966934042398,-2392.218609671836,4.002031314231458,1.2,8.0,1.0,1.5,25.0,peak,False
USDJPY,22,31.818181818181817,0.6799258467902064,-4110.61278643251,4.6219652439084244,1.2,8.0,1.2,1.8,25.0,peak,False
USDJPY,22,31.818181818181817,0.7817424147701004,-2803.0142752384563,4.3160001783740105,1.2,8.0,1.5,2.0,25.0,peak,False
USDJPY,22,36.36363636363637,0.7975966934042398,-2392.218609671836,4.002031314231458,1.2,10.0,1.0,1.5,25.0,peak,False
USDJPY,22,31.818181818181817,0.6799258467902064,-4110.61278643251,4.6219652439084244,1.2,10.0,1.2,1.8,25.0,peak,False
USDJPY,22,31.818181818181817,0.7817424147701004,-2803.0142752384563,4.3160001783740105,1.2,10.0,1.5,2.0,25.0,peak,False
USDJPY,22,36.36363636363637,0.7975966934042398,-2392.218609671836,4.002031314231458,1.2,12.0,1.0,1.5,25.0,peak,False
USDJPY,22,31.818181818181817,0.6799258467902064,-4110.61278643251,4.6219652439084244,1.2,12.0,1.2,1.8,25.0,peak,False
USDJPY,22,31.818181818181817,0.7817424147701004,-2803.0142752384563,4.3160001783740105,1.2,12.0,1.5,2.0,25.0,peak,False
USDJPY,22,36.36363636363637,0.7209143981866961,-3364.9912100688816,4.1336428636761084,1.2,15.0,1.0,1.5,25.0,peak,False
USDJPY,22,31.818181818181817,0.6723138562277062,-4237.234538959587,4.546334303204793,1.2,15.0,1.2,1.8,25.0,peak,False
USDJPY,22,27.27272727272727,0.6775234046298918,-4411.809126375985,4.400905052908978,1.2,15.0,1.5,2.0,25.0,peak,False
USDJPY,21,33.33333333333333,0.6591776580035585,-3769.3191913187184,3.7541525923409016,1.5,8.0,1.0,1.5,25.0,peak,False
USDJPY,21,33.33333333333333,0.7772937428484179,-2463.0162570650573,3.479919525181415,1.5,8.0,1.2,1.8,25.0,peak,False
USDJPY,20,25.0,0.712173600132945,-3458.1266883896024,4.103072842381234,1.5,8.0,1.5,2.0,25.0,peak,False
USDJPY,21,33.33333333333333,0.6591776580035585,-3769.3191913187184,3.7541525923409016,1.5,10.0,1.0,1.5,25.0,peak,False
USDJPY,21,33.33333333333333,0.7772937428484179,-2463.0162570650573,3.479919525181415,1.5,10.0,1.2,1.8,25.0,peak,False
USDJPY,20,25.0,0.712173600132945,-3458.1266883896024,4.103072842381234,1.5,10.0,1.5,2.0,25.0,peak,False
USDJPY,21,33.33333333333333,0.6591776580035585,-3769.3191913187184,3.7541525923409016,1.5,12.0,1.0,1.5,25.0,peak,False
USDJPY,21,33.33333333333333,0.7772937428484179,-2463.0162570650573,3.479919525181415,1.5,12.0,1.2,1.8,25.0,peak,False
USDJPY,20,25.0,0.712173600132945,-3458.1266883896024,4.103072842381234,1.5,12.0,1.5,2.0,25.0,peak,False
USDJPY,21,33.33333333333333,0.6591776580035585,-3769.3191913187184,3.7541525923409016,1.5,15.0,1.0,1.5,25.0,peak,False
USDJPY,21,33.33333333333333,0.7772937428484179,-2463.0162570650573,3.479919525181415,1.5,15.0,1.2,1.8,25.0,peak,False
USDJPY,20,25.0,0.712173600132945,-3458.1266883896024,4.103072842381234,1.5,15.0,1.5,2.0,25.0,peak,False
USDJPY,20,35.0,0.7045375576200522,-2904.3362813135172,2.9877193785695844,1.8,8.0,1.0,1.5,25.0,peak,False
USDJPY,19,26.31578947368421,0.6450552105492317,-3828.0409205926117,3.943766733574473,1.8,8.0,1.2,1.8,25.0,peak,False
USDJPY,19,26.31578947368421,0.7561752627880336,-2629.623251955374,3.9388460662769846,1.8,8.0,1.5,2.0,25.0,peak,False
USDJPY,20,35.0,0.7045375576200522,-2904.3362813135172,2.9877193785695844,1.8,10.0,1.0,1.5,25.0,peak,False
USDJPY,19,26.31578947368421,0.6450552105492317,-3828.0409205926117,3.943766733574473,1.8,10.0,1.2,1.8,25.0,peak,False
USDJPY,19,26.31578947368421,0.7561752627880336,-2629.623251955374,3.9388460662769846,1.8,10.0,1.5,2.0,25.0,peak,False
USDJPY,20,35.0,0.7045375576200522,-2904.3362813135172,2.9877193785695844,1.8,12.0,1.0,1.5,25.0,peak,False
USDJPY,19,26.31578947368421,0.6450552105492317,-3828.0409205926117,3.943766733574473,1.8,12.0,1.2,1.8,25.0,peak,False
USDJPY,19,26.31578947368421,0.7561752627880336,-2629.623251955374,3.9388460662769846,1.8,12.0,1.5,2.0,25.0,peak,False
USDJPY,20,35.0,0.7045375576200522,-2904.3362813135172,2.9877193785695844,1.8,15.0,1.0,1.5,25.0,peak,False
USDJPY,19,26.31578947368421,0.6450552105492317,-3828.0409205926117,3.943766733574473,1.8,15.0,1.2,1.8,25.0,peak,False
USDJPY,19,26.31578947368421,0.7561752627880336,-2629.623251955374,3.9388460662769846,1.8,15.0,1.5,2.0,25.0,peak,False
USDJPY,11,36.36363636363637,0.7973461301987286,-1066.038485037483,1.8978325934379998,1.0,8.0,1.0,1.5,25.0,peak,True
USDJPY,10,40.0,1.1405347207498753,619.0365844781045,1.2328199324352622,1.0,8.0,1.2,1.8,25.0,peak,True
USDJPY,7,28.57142857142857,0.6956424961283167,-995.5992378597875,1.160198109489246,1.0,8.0,1.5,2.0,25.0,peak,True
USDJPY,11,36.36363636363637,0.7973461301987286,-1066.038485037483,1.8978325934379998,1.0,10.0,1.0,1.5,25.0,peak,True
USDJPY,10,40.0,1.1405347207498753,619.0365844781045,1.2328199324352622,1.0,10.0,1.2,1.8,25.0,peak,True
USDJPY,7,28.57142857142857,0.6956424961283167,-995.5992378597875,1.160198109489246,1.0,10.0,1.5,2.0,25.0,peak,True
USDJPY,11,36.36363636363637,0.7905932546965275,-1105.6657366239087,1.917649174071241,1.0,12.0,1.0,1.5,25.0,peak,True
USDJPY,10,40.0,0.9751545405015617,-107.00607535893505,1.7537813537835998,1.0,12.0,1.2,1.8,25.0,peak,True
USDJPY,7,28.57142857142857,0.7162738445885465,-928.1109895277041,1.1594124660728953,1.0,12.0,1.5,2.0,25.0,peak,True
USDJPY,9,44.44444444444444,1.100796433943697,337.3118820797972,1.7456524958564943,1.0,15.0,1.0,1.5,25.0,peak,True
USDJPY,9,44.44444444444444,1.3152930313203492,1055.117543748769,1.6244769739620222,1.0,15.0,1.2,1.8,25.0,peak,True
USDJPY,7,14.285714285714285,0.35631254215298597,-2817.166429556921,2.3792385394007556,1.0,15.0,1.5,2.0,25.0,peak,True
USDJPY,10,40.0,1.1148988239008781,457.41158289834857,1.2062920014573786,1.2,8.0,1.0,1.5,25.0,peak,True
USDJPY,8,37.5,1.2905513158505344,856.0614576349617,1.004734313052413,1.2,8.0,1.2,1.8,25.0,peak,True
USDJPY,5,20.0,0.2808581643237753,-2118.760713688491,1.951259610008623,1.2,8.0,1.5,2.0,25.0,peak,True
USDJPY,10,40.0,1.1148988239008781,457.41158289834857,1.2062920014573786,1.2,10.0,1.0,1.5,25.0,peak,True
USDJPY,8,37.5,1.2905513158505344,856.0614576349617,1.004734313052413,1.2,10.0,1.2,1.8,25.0,peak,True
USDJPY,5,20.0,0.2808581643237753,-2118.760713688491,1.951259610008623,1.2,10.0,1.5,2.0,25.0,peak,True
USDJPY,10,40.0,1.1148988239008781,457.41158289834857,1.2062920014573786,1.2,12.0,1.0,1.5,25.0,peak,True
USDJPY,8,37.5,1.2905513158505344,856.0614576349617,1.004734313052413,1.2,12.0,1.2,1.8,25.0,peak,True
USDJPY,5,20.0,0.2808581643237753,-2118.760713688491,1.951259610008623,1.2,12.0,1.5,2.0,25.0,peak,True
USDJPY,9,44.44444444444444,1.2756454828753212,825.0689675387257,1.4854855912096117,1.2,15.0,1.0,1.5,25.0,peak,True
USDJPY,8,37.5,1.3241199687288603,954.9659483261785,1.003759865971464,1.2,15.0,1.2,1.8,25.0,peak,True
USDJPY,5,0.0,0.0,-3996.5848156900174,3.151036581684726,1.2,15.0,1.5,2.0,25.0,peak,True
USDJPY,7,28.57142857142857,0.7505670563474707,-563.1932081523555,1.0608721086333044,1.5,8.0,1.0,1.5,25.0,peak,True
USDJPY,5,20.0,0.27487251227283976,-1637.188669163952,1.0724307520631842,1.5,8.0,1.2,1.8,25.0,peak,True
USDJPY,5,0.0,0.0,-3212.9368731669965,2.145059817558522,1.5,8.0,1.5,2.0,25.0,peak,True
USDJPY,7,28.57142857142857,0.7505670563474707,-563.1932081523555,1.0608721086333044,1.5,10.0,1.0,1.5,25.0,peak,True
USDJPY,5,20.0,0.27487251227283976,-1637.188669163952,1.0724307520631842,1.5,10.0,1.2,1.8,25.0,peak,True
USDJPY,5,0.0,0.0,-3212.9368731669965,2.145059817558522,1.5,10.0,1.5,2.0,25.0,peak,True
USDJPY,7,28.57142857142857,0.7505670563474707,-563.1932081523555,1.0608721086333044,1.5,12.0,1.0,1.5,25.0,peak,True
USDJPY,5,20.0,0.27487251227283976,-1637.188669163952,1.0724307520631842,1.5,12.0,1.2,1.8,25.0,peak,True
USDJPY,5,0.0,0.0,-3212.9368731669965,2.145059817558522,1.5,12.0,1.5,2.0,25.0,peak,True
USDJPY,7,28.57142857142857,0.7505670563474707,-563.1932081523555,1.0608721086333044,1.5,15.0,1.0,1.5,25.0,peak,True
USDJPY,5,20.0,0.27487251227283976,-1637.188669163952,1.0724307520631842,1.5,15.0,1.2,1.8,25.0,peak,True
USDJPY,5,0.0,0.0,-3212.9368731669965,2.145059817558522,1.5,15.0,1.5,2.0,25.0,peak,True
USDJPY,5,20.0,0.21791849165261318,-1542.091698669159,1.0289549578530524,1.8,8.0,1.0,1.5,25.0,peak,True
USDJPY,5,0.0,0.0,-2926.8713771717885,2.0719510578912606,1.8,8.0,1.2,1.8,25.0,peak,True
USDJPY,4,0.0,0.0,-1971.7787496698875,1.1084469564250354,1.8,8.0,1.5,2.0,25.0,peak,True
USDJPY,5,20.0,0.21791849165261318,-1542.091698669159,1.0289549578530524,1.8,10.0,1.0,1.5,25.0,peak,True
USDJPY,5,0.0,0.0,-2926.8713771717885,2.0719510578912606,1.8,10.0,1.2,1.8,25.0,peak,True
USDJPY,4,0.0,0.0,-1971.7787496698875,1.1084469564250354,1.8,10.0,1.5,2.0,25.0,peak,True
USDJPY,5,20.0,0.21791849165261318,-1542.091698669159,1.0289549578530524,1.8,12.0,1.0,1.5,25.0,peak,True
USDJPY,5,0.0,0.0,-2926.8713771717885,2.0719510578912606,1.8,12.0,1.2,1.8,25.0,peak,True
USDJPY,4,0.0,0.0,-1971.7787496698875,1.1084469564250354,1.8,12.0,1.5,2.0,25.0,peak,True
USDJPY,5,20.0,0.21791849165261318,-1542.091698669159,1.0289549578530524,1.8,15.0,1.0,1.5,25.0,peak,True
USDJPY,5,0.0,0.0,-2926.8713771717885,2.0719510578912606,1.8,15.0,1.2,1.8,25.0,peak,True
USDJPY,4,0.0,0.0,-1971.7787496698875,1.1084469564250354,1.8,15.0,1.5,2.0,25.0,peak,True
USDJPY,13,38.46153846153847,0.7374293586876954,-1684.8048389231117,3.1867225528212306,1.0,8.0,1.0,1.5,30.0,peak,False
USDJPY,13,38.46153846153847,0.8814694681949283,-760.5603297734488,2.941200668613996,1.0,8.0,1.2,1.8,30.0,peak,False
USDJPY,13,30.76923076923077,0.7805891382569301,-1626.2342399600602,2.893803896497158,1.0,8.0,1.5,2.0,30.0,peak,False
USDJPY,13,38.46153846153847,0.7374293586876954,-1684.8048389231117,3.1867225528212306,1.0,10.0,1.0,1.5,30.0,peak,False
USDJPY,13,38.46153846153847,0.8814694681949283,-760.5603297734488,2.941200668613996,1.0,10.0,1.2,1.8,30.0,peak,False
USDJPY,13,30.76923076923077,0.7805891382569301,-1626.2342399600602,2.893803896497158,1.0,10.0,1.5,2.0,30.0,peak,False
USDJPY,13,38.46153846153847,0.7402452812094277,-1660.395923083197,3.162358047276728,1.0,12.0,1.0,1.5,30.0,peak,False
USDJPY,13,38.46153846153847,0.8848354173512334,-736.1514139335341,2.916892095929133,1.0,12.0,1.2,1.8,30.0,peak,False
USDJPY,13,30.76923076923077,0.7831683002053655,-1601.8253241201455,2.8695510004533595,1.0,12.0,1.5,2.0,30.0,peak,False
USDJPY,13,38.46153846153847,0.7099279475461489,-1886.9960460518341,3.2752504444196537,1.0,15.0,1.0,1.5,30.0,peak,False
USDJPY,13,38.46153846153847,0.8766627147459156,-802.3419272432511,3.029525329405034,1.0,15.0,1.2,1.8,30.0,peak,False
USDJPY,13,30.76923076923077,0.7987341231204055,-1520.6878084347263,2.8869693877727527,1.0,15.0,1.5,2.0,30.0,peak,False
USDJPY,13,38.46153846153847,0.8775184048695106,-732.90117475437,2.646441527930911,1.2,8.0,1.0,1.5,30.0,peak,False
USDJPY,13,30.76923076923077,0.6645248889912274,-2350.803554436963,2.649534457499648,1.2,8.0,1.2,1.8,30.0,peak,False
USDJPY,13,30.76923076923077,0.7917488394857444,-1459.2962407268788,2.246399433863702,1.2,8.0,1.5,2.0,30.0,peak,False
USDJPY,13,38.46153846153847,0.8775184048695106,-732.90117475437,2.646441527930911,1.2,10.0,1.0,1.5,30.0,peak,False
USDJPY,13,30.76923076923077,0.6645248889912274,-2350.803554436963,2.649534457499648,1.2,10.0,1.2,1.8,30.0,peak,False
USDJPY,13,30.76923076923077,0.7917488394857444,-1459.2962407268788,2.246399433863702,1.2,10.0,1.5,2.0,30.0,peak,False
USDJPY,13,38.46153846153847,0.8775184048695106,-732.90117475437,2.646441527930911,1.2,12.0,1.0,1.5,30.0,peak,False
USDJPY,13,30.76923076923077,0.6645248889912274,-2350.803554436963,2.649534457499648,1.2,12.0,1.2,1.8,30.0,peak,False
USDJPY,13,30.76923076923077,0.7917488394857444,-1459.2962407268788,2.246399433863702,1.2,12.0,1.5,2.0,30.0,peak,False
USDJPY,13,38.46153846153847,0.8856653278636198,-684.1481407626852,2.6464088509651247,1.2,15.0,1.0,1.5,30.0,peak,False
USDJPY,13,30.76923076923077,0.6215109371109688,-2652.2064823593973,2.81378471139081,1.2,15.0,1.2,1.8,30.0,peak,False
USDJPY,13,30.76923076923077,0.8017356132560834,-1389.308551558861,2.2463665865546845,1.2,15.0,1.5,2.0,30.0,peak,False
USDJPY,13,30.76923076923077,0.6583534399662754,-2127.81079685461,2.163625264408148,1.5,8.0,1.0,1.5,30.0,peak,False
USDJPY,13,30.76923076923077,0.7879930126974095,-1320.40186954182,2.1606254139030754,1.5,8.0,1.2,1.8,30.0,peak,False
USDJPY,13,30.76923076923077,1.1006191110142012,626.6664320132404,2.156141203039474,1.5,8.0,1.5,2.0,30.0,peak,False
USDJPY,13,30.76923076923077,0.6583534399662754,-2127.81079685461,2.163625264408148,1.5,10.0,1.0,1.5,30.0,peak,False
USDJPY,13,30.76923076923077,0.7879930126974095,-1320.40186954182,2.1606254139030754,1.5,10.0,1.2,1.8,30.0,peak,False
USDJPY,13,30.76923076923077,1.1006191110142012,626.6664320132404,2.156141203039474,1.5,10.0,1.5,2.0,30.0,peak,False
USDJPY,13,30.76923076923077,0.6583534399662754,-2127.81079685461,2.163625264408148,1.5,12.0,1.0,1.5,30.0,peak,False
USDJPY,13,30.76923076923077,0.7879930126974095,-1320.40186954182,2.1606254139030754,1.5,12.0,1.2,1.8,30.0,peak,False
USDJPY,13,30.76923076923077,1.1006191110142012,626.6664320132404,2.156141203039474,1.5,12.0,1.5,2.0,30.0,peak,False
USDJPY,13,30.76923076923077,0.6583534399662754,-2127.81079685461,2.163625264408148,1.5,15.0,1.0,1.5,30.0,peak,False
USDJPY,13,30.76923076923077,0.7879930126974095,-1320.40186954182,2.1606254139030754,1.5,15.0,1.2,1.8,30.0,peak,False
USDJPY,13,30.76923076923077,1.1006191110142012,626.6664320132404,2.156141203039474,1.5,15.0,1.5,2.0,30.0,peak,False
USDJPY,13,30.76923076923077,0.6929893154275679,-1838.0182809772814,2.032128959681689,1.8,8.0,1.0,1.5,30.0,peak,False
USDJPY,13,30.76923076923077,1.0888587179624594,531.9813161117054,2.030436512985704,1.8,8.0,1.2,1.8,30.0,peak,False
USDJPY,13,30.76923076923077,1.2695110964204375,1613.5149264817155,2.027903122137815,1.8,8.0,1.5,2.0,30.0,peak,False
USDJPY,13,30.76923076923077,0.6929893154275679,-1838.0182809772814,2.032128959681689,1.8,10.0,1.0,1.5,30.0,peak,False
USDJPY,13,30.76923076923077,1.0888587179624594,531.9813161117054,2.030436512985704,1.8,10.0,1.2,1.8,30.0,peak,False
USDJPY,13,30.76923076923077,1.2695110964204375,1613.5149264817155,2.027903122137815,1.8,10.0,1.5,2.0,30.0,peak,False
USDJPY,13,30.76923076923077,0.6929893154275679,-1838.0182809772814,2.032128959681689,1.8,12.0,1.0,1.5,30.0,peak,False
USDJPY,13,30.76923076923077,1.0888587179624594,531.9813161117054,2.030436512985704,1.8,12.0,1.2,1.8,30.0,peak,False
USDJPY,13,30.76923076923077,1.2695110964204375,1613.5149264817155,2.027903122137815,1.8,12.0,1.5,2.0,30.0,peak,False
USDJPY,13,30.76923076923077,0.6929893154275679,-1838.0182809772814,2.032128959681689,1.8,15.0,1.0,1.5,30.0,peak,False
USDJPY,13,30.76923076923077,1.0888587179624594,531.9813161117054,2.030436512985704,1.8,15.0,1.2,1.8,30.0,peak,False
USDJPY,13,30.76923076923077,1.2695110964204375,1613.5149264817155,2.027903122137815,1.8,15.0,1.5,2.0,30.0,peak,False
USDJPY,6,16.666666666666664,0.18412292210381406,-2730.3052491385606,2.399646885481113,1.0,8.0,1.0,1.5,30.0,peak,True
USDJPY,6,16.666666666666664,0.21809972657222765,-2616.6030137132475,2.399646885481113,1.0,8.0,1.2,1.8,30.0,peak,True
USDJPY,5,0.0,0.0,-3271.150621210021,2.323593285611075,1.0,8.0,1.5,2.0,30.0,peak,True
USDJPY,6,16.666666666666664,0.18412292210381406,-2730.3052491385606,2.399646885481113,1.0,10.0,1.0,1.5,30.0,peak,True
USDJPY,6,16.666666666666664,0.21809972657222765,-2616.6030137132475,2.399646885481113,1.0,10.0,1.2,1.8,30.0,peak,True
USDJPY,5,0.0,0.0,-3271.150621210021,2.323593285611075,1.0,10.0,1.5,2.0,30.0,peak,True
USDJPY,6,16.666666666666664,0.18412292210381406,-2730.3052491385606,2.399646885481113,1.0,12.0,1.0,1.5,30.0,peak,True
USDJPY,6,16.666666666666664,0.21809972657222765,-2616.6030137132475,2.399646885481113,1.0,12.0,1.2,1.8,30.0,peak,True
USDJPY,5,0.0,0.0,-3271.150621210021,2.323593285611075,1.0,12.0,1.5,2.0,30.0,peak,True
USDJPY,6,16.666666666666664,0.14872403801627687,-2848.7664262647304,2.399646885481113,1.0,15.0,1.0,1.5,30.0,peak,True
USDJPY,6,16.666666666666664,0.17561807744055993,-2758.7664262647304,2.399646885481113,1.0,15.0,1.2,1.8,30.0,peak,True
USDJPY,5,0.0,0.0,-3326.2560612392117,2.3792385394007556,1.0,15.0,1.5,2.0,30.0,peak,True
USDJPY,6,16.666666666666664,0.18687537617392463,-2433.865002474733,2.1388397561364703,1.2,8.0,1.0,1.5,30.0,peak,True
USDJPY,5,0.0,0.0,-2946.3348156899883,2.091536524995978,1.2,8.0,1.2,1.8,30.0,peak,True
USDJPY,4,0.0,0.0,-2946.2348156899825,2.091435644247909,1.2,8.0,1.5,2.0,30.0,peak,True
USDJPY,6,16.666666666666664,0.18687537617392463,-2433.865002474733,2.1388397561364703,1.2,10.0,1.0,1.5,30.0,peak,True
USDJPY,5,0.0,0.0,-2946.3348156899883,2.091536524995978,1.2,10.0,1.2,1.8,30.0,peak,True
USDJPY,4,0.0,0.0,-2946.2348156899825,2.091435644247909,1.2,10.0,1.5,2.0,30.0,peak,True
USDJPY,6,16.666666666666664,0.18687537617392463,-2433.865002474733,2.1388397561364703,1.2,12.0,1.0,1.5,30.0,peak,True
USDJPY,5,0.0,0.0,-2946.3348156899883,2.091536524995978,1.2,12.0,1.2,1.8,30.0,peak,True
USDJPY,4,0.0,0.0,-2946.2348156899825,2.091435644247909,1.2,12.0,1.5,2.0,30.0,peak,True
USDJPY,6,16.666666666666664,0.18687537617392463,-2433.865002474733,2.1388397561364703,1.2,15.0,1.0,1.5,30.0,peak,True
USDJPY,5,0.0,0.0,-2946.3348156899883,2.091536524995978,1.2,15.0,1.2,1.8,30.0,peak,True
USDJPY,4,0.0,0.0,-2946.2348156899825,2.091435644247909,1.2,15.0,1.5,2.0,30.0,peak,True
USDJPY,5,0.0,0.0,-2257.8942456650693,1.1794799542309526,1.5,8.0,1.0,1.5,30.0,peak,True
USDJPY,4,0.0,0.0,-2257.7942456650635,1.1793788509047305,1.5,8.0,1.2,1.8,30.0,peak,True
USDJPY,4,0.0,0.0,-2257.7942456650635,1.1793788509047305,1.5,8.0,1.5,2.0,30.0,peak,True
USDJPY,5,0.0,0.0,-2257.8942456650693,1.1794799542309526,1.5,10.0,1.0,1.5,30.0,peak,True
USDJPY,4,0.0,0.0,-2257.7942456650635,1.1793788509047305,1.5,10.0,1.2,1.8,30.0,peak,True
USDJPY,4,0.0,0.0,-2257.7942456650635,1.1793788509047305,1.5,10.0,1.5,2.0,30.0,peak,True
USDJPY,5,0.0,0.0,-2257.8942456650693,1.1794799542309526,1.5,12.0,1.0,1.5,30.0,peak,True
USDJPY,4,0.0,0.0,-2257.7942456650635,1.1793788509047305,1.5,12.0,1.2,1.8,30.0,peak,True
USDJPY,4,0.0,0.0,-2257.7942456650635,1.1793788509047305,1.5,12.0,1.5,2.0,30.0,peak,True
USDJPY,5,0.0,0.0,-2257.8942456650693,1.1794799542309526,1.5,15.0,1.0,1.5,30.0,peak,True
USDJPY,4,0.0,0.0,-2257.7942456650635,1.1793788509047305,1.5,15.0,1.2,1.8,30.0,peak,True
USDJPY,4,0.0,0.0,-2257.7942456650635,1.1793788509047305,1.5,15.0,1.5,2.0,30.0,peak,True
USDJPY,4,0.0,0.0,-1971.7787496698875,1.1084469564250354,1.8,8.0,1.0,1.5,30.0,peak,True
USDJPY,4,0.0,0.0,-1971.7787496698875,1.1084469564250354,1.8,8.0,1.2,1.8,30.0,peak,True
USDJPY,4,0.0,0.0,-1971.7787496698875,1.1084469564250354,1.8,8.0,1.5,2.0,30.0,peak,True
USDJPY,4,0.0,0.0,-1971.7787496698875,1.1084469564250354,1.8,10.0,1.0,1.5,30.0,peak,True
USDJPY,4,0.0,0.0,-1971.7787496698875,1.1084469564250354,1.8,10.0,1.2,1.8,30.0,peak,True
USDJPY,4,0.0,0.0,-1971.7787496698875,1.1084469564250354,1.8,10.0,1.5,2.0,30.0,peak,True
USDJPY,4,0.0,0.0,-1971.7787496698875,1.1084469564250354,1.8,12.0,1.0,1.5,30.0,peak,True
USDJPY,4,0.0,0.0,-1971.7787496698875,1.1084469564250354,1.8,12.0,1.2,1.8,30.0,peak,True
USDJPY,4,0.0,0.0,-1971.7787496698875,1.1084469564250354,1.8,12.0,1.5,2.0,30.0,peak,True
USDJPY,4,0.0,0.0,-1971.7787496698875,1.1084469564250354,1.8,15.0,1.0,1.5,30.0,peak,True
USDJPY,4,0.0,0.0,-1971.7787496698875,1.1084469564250354,1.8,15.0,1.2,1.8,30.0,peak,True
USDJPY,4,0.0,0.0,-1971.7787496698875,1.1084469564250354,1.8,15.0,1.5,2.0,30.0,peak,True
USDJPY,46,34.78260869565217,0.5360958416611669,-11987.131474403082,11.328262300065216,1.0,8.0,1.0,1.5,15.0,full,False
USDJPY,46,34.78260869565217,0.6033748418170329,-10414.461481340899,9.96349251003659,1.0,8.0,1.2,1.8,15.0,full,False
USDJPY,46,30.434782608695656,0.591391744535531,-11466.009505919894,11.236374559863156,1.0,8.0,1.5,2.0,15.0,full,False
USDJPY,46,34.78260869565217,0.5386391332783769,-11865.124330594132,11.20534180406753,1.0,10.0,1.0,1.5,15.0,full,False
USDJPY,46,34.78260869565217,0.6061915286499538,-10292.454337531948,9.840871188570786,1.0,10.0,1.2,1.8,15.0,full,False
USDJPY,46,30.434782608695656,0.5918548563934009,-11444.052362110931,11.214360464735218,1.0,10.0,1.5,2.0,15.0,full,False
USDJPY,45,37.77777777777778,0.5898536060652337,-10134.82982092182,9.462094214532597,1.0,12.0,1.0,1.5,15.0,full,False
USDJPY,45,37.77777777777778,0.6334960810391838,-9056.41230131009,8.59860698061473,1.0,12.0,1.2,1.8,15.0,full,False
USDJPY,45,31.11111111111111,0.6246374239386915,-9963.011135562178,9.729477789040539,1.0,12.0,1.5,2.0,15.0,full,False
USDJPY,45,35.55555555555556,0.5665904660092177,-10405.748084335384,9.674289951191577,1.0,15.0,1.0,1.5,15.0,full,False
USDJPY,45,33.33333333333333,0.6160344532235327,-9218.76046502382,8.700516281105253,1.0,15.0,1.2,1.8,15.0,full,False
USDJPY,45,28.888888888888886,0.6048932852375217,-10130.599335206716,9.837154043011138,1.0,15.0,1.5,2.0,15.0,full,False
USDJPY,43,34.883720930232556,0.5600689913025936,-9848.303413848349,9.049197769808439,1.2,8.0,1.0,1.5,15.0,full,False
USDJPY,42,30.952380952380953,0.5143730797216851,-11264.00343977043,10.338062757031729,1.2,8.0,1.2,1.8,15.0,full,False
USDJPY,42,28.57142857142857,0.53894723399575,-11102.994149714199,10.623269090423834,1.2,8.0,1.5,2.0,15.0,full,False
USDJPY,43,34.883720930232556,0.5600689913025936,-9848.303413848349,9.049197769808439,1.2,10.0,1.0,1.5,15.0,full,False
USDJPY,42,30.952380952380953,0.5143730797216851,-11264.00343977043,10.338062757031729,1.2,10.0,1.2,1.8,15.0,full,False
USDJPY,42,28.57142857142857,0.53894723399575,-11102.994149714199,10.623269090423834,1.2,10.0,1.5,2.0,15.0,full,False
USDJPY,43,37.2093023255814,0.6072643639839084,-8528.94771150635,8.427019032103649,1.2,12.0,1.0,1.5,15.0,full,False
USDJPY,42,33.33333333333333,0.5510353673627646,-10189.754443704194,9.25260420805115,1.2,12.0,1.2,1.8,15.0,full,False
USDJPY,42,28.57142857142857,0.5543436579370784,-10434.1418005101,9.80497577933563,1.2,12.0,1.5,2.0,15.0,full,False
USDJPY,43,34.883720930232556,0.5723384377511348,-9178.71810177101,8.360487985365229,1.2,15.0,1.0,1.5,15.0,full,False
USDJPY,42,30.952380952380953,0.556337887674397,-9480.012388034796,8.6725197700605,1.2,15.0,1.2,1.8,15.0,full,False
USDJPY,42,26.190476190476193,0.5235183302713365,-11102.479023655673,11.535585977550305,1.2,15.0,1.5,2.0,15.0,full,False
USDJPY,40,32.5,0.5203646678215287,-9702.816677722338,9.311361793428889,1.5,8.0,1.0,1.5,15.0,full,False
USDJPY,40,30.0,0.5518610656502978,-9528.59324812195,10.76064795430094,1.5,8.0,1.2,1.8,15.0,full,False
USDJPY,39,20.51282051282051,0.43849600641345576,-12362.701018370091,12.45135235311572,1.5,8.0,1.5,2.0,15.0,full,False
USDJPY,40,32.5,0.5203646678215287,-9702.816677722338,9.311361793428889,1.5,10.0,1.0,1.5,15.0,full,False
USDJPY,40,30.0,0.5518610656502978,-9528.59324812195,10.76064795430094,1.5,10.0,1.2,1.8,15.0,full,False
USDJPY,39,20.51282051282051,0.43849600641345576,-12362.701018370091,12.45135235311572,1.5,10.0,1.5,2.0,15.0,full,False
USDJPY,40,32.5,0.5203646678215287,-9702.816677722338,9.311361793428889,1.5,12.0,1.0,1.5,15.0,full,False
USDJPY,40,30.0,0.5518610656502978,-9528.59324812195,10.76064795430094,1.5,12.0,1.2,1.8,15.0,full,False
USDJPY,39,20.51282051282051,0.43849600641345576,-12362.701018370091,12.45135235311572,1.5,12.0,1.5,2.0,15.0,full,False
USDJPY,40,32.5,0.5206371248027547,-9623.742064654405,9.156473950049266,1.5,15.0,1.0,1.5,15.0,full,False
USDJPY,40,27.500000000000004,0.5260693058253622,-10004.405670126274,10.913323092644173,1.5,15.0,1.2,1.8,15.0,full,False
USDJPY,39,20.51282051282051,0.4415747947454211,-12209.191229941076,12.296436446276813,1.5,15.0,1.5,2.0,15.0,full,False
USDJPY,36,38.88888888888889,0.7057639178621928,-4289.713734180215,5.168442395118303,1.8,8.0,1.0,1.5,15.0,full,False
USDJPY,35,25.71428571428571,0.546313957859933,-6749.857716724451,7.5709153015601895,1.8,8.0,1.2,1.8,15.0,full,False
USDJPY,34,23.52941176470588,0.5751009021419552,-6483.404741501174,7.438680764036588,1.8,8.0,1.5,2.0,15.0,full,False
USDJPY,36,38.88888888888889,0.7057639178621928,-4289.713734180215,5.168442395118303,1.8,10.0,1.0,1.5,15.0,full,False
USDJPY,35,25.71428571428571,0.546313957859933,-6749.857716724451,7.5709153015601895,1.8,10.0,1.2,1.8,15.0,full,False
USDJPY,34,23.52941176470588,0.5751009021419552,-6483.404741501174,7.438680764036588,1.8,10.0,1.5,2.0,15.0,full,False
USDJPY,36,38.88888888888889,0.7057639178621928,-4289.713734180215,5.168442395118303,1.8,12.0,1.0,1.5,15.0,full,False
USDJPY,35,25.71428571428571,0.546313957859933,-6749.857716724451,7.5709153015601895,1.8,12.0,1.2,1.8,15.0,full,False
USDJPY,34,23.52941176470588,0.5751009021419552,-6483.404741501174,7.438680764036588,1.8,12.0,1.5,2.0,15.0,full,False
USDJPY,36,38.88888888888889,0.7057639178621928,-4289.713734180215,5.168442395118303,1.8,15.0,1.0,1.5,15.0,full,False
USDJPY,35,25.71428571428571,0.546313957859933,-6749.857716724451,7.5709153015601895,1.8,15.0,1.2,1.8,15.0,full,False
USDJPY,34,23.52941176470588,0.5751009021419552,-6483.404741501174,7.438680764036588,1.8,15.0,1.5,2.0,15.0,full,False
USDJPY,24,33.33333333333333,0.5341149895345931,-6138.689775389052,5.83808162293481,1.0,8.0,1.0,1.5,15.0,full,True
USDJPY,23,34.78260869565217,0.6753097494248375,-3985.7874922267656,5.254287261093566,1.0,8.0,1.2,1.8,15.0,full,True
USDJPY,16,37.5,0.9167989856194818,-629.1144371606642,1.8601432014537438,1.0,8.0,1.5,2.0,15.0,full,True
USDJPY,24,33.33333333333333,0.5295611095423105,-6251.998264089285,5.952515676342892,1.0,10.0,1.0,1.5,15.0,full,True
USDJPY,22,36.36363636363637,0.7279181416502193,-3098.595980927057,4.6214290473281165,1.0,10.0,1.2,1.8,15.0,full,True
USDJPY,16,37.5,0.9167989856194818,-629.1144371606642,1.8601432014537438,1.0,10.0,1.5,2.0,15.0,full,True
USDJPY,23,34.78260869565217,0.5765127186456283,-5207.330041115827,4.918285909934054,1.0,12.0,1.0,1.5,15.0,full,True
USDJPY,21,38.095238095238095,0.7216686291678445,-2877.8325196434016,4.259169674978483,1.0,12.0,1.2,1.8,15.0,full,True
USDJPY,15,33.33333333333333,0.839757865899273,-1216.073218708465,2.0417048870786347,1.0,12.0,1.5,2.0,15.0,full,True
USDJPY,19,42.10526315789473,0.8186627284565096,-1526.9796138059464,3.7032849544417656,1.0,15.0,1.0,1.5,15.0,full,True
USDJPY,18,38.88888888888889,0.9084836001532612,-770.6285404287046,3.770390532929597,1.0,15.0,1.2,1.8,15.0,full,True
USDJPY,15,26.666666666666668,0.6306591272303127,-3211.898298630753,3.8381493361088035,1.0,15.0,1.5,2.0,15.0,full,True
USDJPY,23,34.78260869565217,0.5973675835082368,-4579.756921306529,5.281670116223398,1.2,8.0,1.0,1.5,15.0,full,True
USDJPY,17,41.17647058823529,1.0812852630053078,571.672245503767,2.0886013192307002,1.2,8.0,1.2,1.8,15.0,full,True
USDJPY,12,16.666666666666664,0.3009323012793368,-5428.848258479906,5.160929512720607,1.2,8.0,1.5,2.0,15.0,full,True
USDJPY,23,34.78260869565217,0.5973675835082368,-4579.756921306529,5.281670116223398,1.2,10.0,1.0,1.5,15.0,full,True
USDJPY,17,41.17647058823529,1.0812852630053078,571.672245503767,2.0886013192307002,1.2,10.0,1.2,1.8,15.0,full,True
USDJPY,12,16.666666666666664,0.3009323012793368,-5428.848258479906,5.160929512720607,1.2,10.0,1.5,2.0,15.0,full,True
USDJPY,22,36.36363636363637,0.6539187423045714,-3596.0824206681573,5.056507218045959,1.2,12.0,1.0,1.5,15.0,full,True
USDJPY,17,41.17647058823529,1.0812852630053078,571.672245503767,2.0886013192307002,1.2,12.0,1.2,1.8,15.0,full,True
USDJPY,12,16.666666666666664,0.3009323012793368,-5428.848258479906,5.160929512720607,1.2,12.0,1.5,2.0,15.0,full,True
USDJPY,19,42.10526315789473,0.8962397635119997,-782.3904886371747,3.4585926949281816,1.2,15.0,1.0,1.5,15.0,full,True
USDJPY,16,37.5,1.0382812773461403,264.1401329496439,1.9401303188280556,1.2,15.0,1.2,1.8,15.0,full,True
USDJPY,12,8.333333333333332,0.18834838256246744,-6785.87086647797,6.579569523787969,1.2,15.0,1.5,2.0,15.0,full,True
USDJPY,16,37.5,0.6603596063056991,-2438.1141502602113,2.1637598951415256,1.5,8.0,1.0,1.5,15.0,full,True
USDJPY,12,16.666666666666664,0.2564029653455085,-5947.431713249287,5.339016234425238,1.5,8.0,1.2,1.8,15.0,full,True
USDJPY,9,0.0,0.0,-6829.62757283065,5.801654414402534,1.5,8.0,1.5,2.0,15.0,full,True
USDJPY,16,37.5,0.6603596063056991,-2438.1141502602113,2.1637598951415256,1.5,10.0,1.0,1.5,15.0,full,True
USDJPY,12,16.666666666666664,0.2564029653455085,-5947.431713249287,5.339016234425238,1.5,10.0,1.2,1.8,15.0,full,True
USDJPY,9,0.0,0.0,-6829.62757283065,5.801654414402534,1.5,10.0,1.5,2.0,15.0,full,True
USDJPY,16,37.5,0.6603596063056991,-2438.1141502602113,2.1637598951415256,1.5,12.0,1.0,1.5,15.0,full,True
USDJPY,12,16.666666666666664,0.2564029653455085,-5947.431713249287,5.339016234425238,1.5,12.0,1.2,1.8,15.0,full,True
USDJPY,9,0.0,0.0,-6829.62757283065,5.801654414402534,1.5,12.0,1.5,2.0,15.0,full,True
USDJPY,16,37.5,0.6603596063056991,-2438.1141502602113,2.1637598951415256,1.5,15.0,1.0,1.5,15.0,full,True
USDJPY,12,16.666666666666664,0.2564029653455085,-5947.431713249287,5.339016234425238,1.5,15.0,1.2,1.8,15.0,full,True
USDJPY,9,0.0,0.0,-6829.62757283065,5.801654414402534,1.5,15.0,1.5,2.0,15.0,full,True
USDJPY,12,41.66666666666667,0.7702434690579397,-900.4201004464703,2.6035726623227045,1.8,8.0,1.0,1.5,15.0,full,True
USDJPY,11,18.181818181818183,0.33256344569138785,-3105.0905641636637,3.809894647296249,1.8,8.0,1.2,1.8,15.0,full,True
USDJPY,7,14.285714285714285,0.021270694535469706,-2749.2791034158145,1.9517461441618311,1.8,8.0,1.5,2.0,15.0,full,True
USDJPY,12,41.66666666666667,0.7702434690579397,-900.4201004464703,2.6035726623227045,1.8,10.0,1.0,1.5,15.0,full,True
USDJPY,11,18.181818181818183,0.33256344569138785,-3105.0905641636637,3.809894647296249,1.8,10.0,1.2,1.8,15.0,full,True
USDJPY,7,14.285714285714285,0.021270694535469706,-2749.2791034158145,1.9517461441618311,1.8,10.0,1.5,2.0,15.0,full,True
USDJPY,12,41.66666666666667,0.7702434690579397,-900.4201004464703,2.6035726623227045,1.8,12.0,1.0,1.5,15.0,full,True
USDJPY,11,18.181818181818183,0.33256344569138785,-3105.0905641636637,3.809894647296249,1.8,12.0,1.2,1.8,15.0,full,True
USDJPY,7,14.285714285714285,0.021270694535469706,-2749.2791034158145,1.9517461441618311,1.8,12.0,1.5,2.0,15.0,full,True
USDJPY,12,41.66666666666667,0.7702434690579397,-900.4201004464703,2.6035726623227045,1.8,15.0,1.0,1.5,15.0,full,True
USDJPY,11,18.181818181818183,0.33256344569138785,-3105.0905641636637,3.809894647296249,1.8,15.0,1.2,1.8,15.0,full,True
USDJPY,7,14.285714285714285,0.021270694535469706,-2749.2791034158145,1.9517461441618311,1.8,15.0,1.5,2.0,15.0,full,True
USDJPY,33,33.33333333333333,0.5798810517338535,-8248.184036125502,8.468362849005384,1.0,8.0,1.0,1.5,20.0,full,False
USDJPY,33,33.33333333333333,0.6427082355154241,-7014.69962310257,7.461401011109639,1.0,8.0,1.2,1.8,20.0,full,False
USDJPY,33,30.303030303030305,0.6110657465326285,-8023.020460028041,8.684952795432386,1.0,8.0,1.5,2.0,20.0,full,False
USDJPY,33,33.33333333333333,0.5807309319166548,-8219.451840365378,8.439699602515487,1.0,10.0,1.0,1.5,20.0,full,False
USDJPY,33,33.33333333333333,0.6436501959244676,-6985.967427342446,7.432806844819492,1.0,10.0,1.2,1.8,20.0,full,False
USDJPY,33,30.303030303030305,0.6119180620251395,-7994.288264267918,8.656427377167413,1.0,10.0,1.5,2.0,20.0,full,False
USDJPY,33,33.33333333333333,0.5823541699282786,-8150.4450141758425,8.370858373496006,1.0,12.0,1.0,1.5,20.0,full,False
USDJPY,33,33.33333333333333,0.6083637896497639,-7592.575710700301,8.0365009819515,1.0,12.0,1.2,1.8,20.0,full,False
USDJPY,33,30.303030303030305,0.6178647600981754,-7837.766499049438,8.501032054870949,1.0,12.0,1.5,2.0,20.0,full,False
USDJPY,33,33.33333333333333,0.5453690822322343,-8614.796111791686,8.834095157761704,1.0,15.0,1.0,1.5,20.0,full,False
USDJPY,33,33.33333333333333,0.5941596253309981,-7751.1610114168,8.19432443887488,1.0,15.0,1.2,1.8,20.0,full,False
USDJPY,33,27.27272727272727,0.5587924425195557,-9154.875337734818,9.808662033368371,1.0,15.0,1.5,2.0,20.0,full,False
USDJPY,32,34.375,0.6285846792365998,-6075.751522280654,6.210717671695611,1.2,8.0,1.0,1.5,20.0,full,False
USDJPY,32,31.25,0.6077367698407562,-6758.927498304416,6.609726967339352,1.2,8.0,1.2,1.8,20.0,full,False
USDJPY,32,28.125,0.6122273306477165,-7024.318233411119,7.037892419833542,1.2,8.0,1.5,2.0,20.0,full,False
USDJPY,32,34.375,0.6285846792365998,-6075.751522280654,6.210717671695611,1.2,10.0,1.0,1.5,20.0,full,False
USDJPY,32,31.25,0.6077367698407562,-6758.927498304416,6.609726967339352,1.2,10.0,1.2,1.8,20.0,full,False
USDJPY,32,28.125,0.6122273306477165,-7024.318233411119,7.037892419833542,1.2,10.0,1.5,2.0,20.0,full,False
USDJPY,32,34.375,0.6248418877998974,-6173.737895059792,6.308563241182272,1.2,12.0,1.0,1.5,20.0,full,False
USDJPY,32,31.25,0.6095064669346408,-6708.898615194514,6.55961803006746,1.2,12.0,1.2,1.8,20.0,full,False
USDJPY,32,28.125,0.61392286907233,-6974.289350301202,6.987870840798996,1.2,12.0,1.5,2.0,20.0,full,False
USDJPY,32,34.375,0.6049206406284179,-6262.254013636135,6.3969521649193934,1.2,15.0,1.0,1.5,20.0,full,False
USDJPY,32,31.25,0.5979038232420597,-6785.068677508956,6.6359099765842045,1.2,15.0,1.2,1.8,20.0,full,False
USDJPY,32,25.0,0.5132067754998332,-9082.373922156374,9.095647638272412,1.2,15.0,1.5,2.0,20.0,full,False
USDJPY,30,30.0,0.49829819023414884,-7930.942804297418,7.608564087443774,1.5,8.0,1.0,1.5,20.0,full,False
USDJPY,30,26.666666666666668,0.5131628299328275,-8198.872479827216,8.011560736246146,1.5,8.0,1.2,1.8,20.0,full,False
USDJPY,29,20.689655172413794,0.4898337996068186,-8970.251746878086,9.03195350379641,1.5,8.0,1.5,2.0,20.0,full,False
USDJPY,30,30.0,0.49829819023414884,-7930.942804297418,7.608564087443774,1.5,10.0,1.0,1.5,20.0,full,False
USDJPY,30,26.666666666666668,0.5131628299328275,-8198.872479827216,8.011560736246146,1.5,10.0,1.2,1.8,20.0,full,False
USDJPY,29,20.689655172413794,0.4898337996068186,-8970.251746878086,9.03195350379641,1.5,10.0,1.5,2.0,20.0,full,False
USDJPY,30,30.0,0.49829819023414884,-7930.942804297418,7.608564087443774,1.5,12.0,1.0,1.5,20.0,full,False
USDJPY,30,26.666666666666668,0.5131628299328275,-8198.872479827216,8.011560736246146,1.5,12.0,1.2,1.8,20.0,full,False
USDJPY,29,20.689655172413794,0.4898337996068186,-8970.251746878086,9.03195350379641,1.5,12.0,1.5,2.0,20.0,full,False
USDJPY,30,30.0,0.500895619658725,-7848.968890162752,7.526303142616491,1.5,15.0,1.0,1.5,20.0,full,False
USDJPY,30,26.666666666666668,0.515672863607669,-8116.898565692551,7.929419561891471,1.5,15.0,1.2,1.8,20.0,full,False
USDJPY,29,20.689655172413794,0.492128156299196,-8888.277832743392,8.949991332636928,1.5,15.0,1.5,2.0,20.0,full,False
USDJPY,26,34.61538461538461,0.7084431273199973,-3115.312599338693,2.882728427005584,1.8,8.0,1.0,1.5,20.0,full,False
USDJPY,25,24.0,0.600139426928221,-4654.511686151003,4.780831386326642,1.8,8.0,1.2,1.8,20.0,full,False
USDJPY,25,24.0,0.7036339724826477,-3449.800333802952,4.774566684916464,1.8,8.0,1.5,2.0,20.0,full,False
USDJPY,26,34.61538461538461,0.7084431273199973,-3115.312599338693,2.882728427005584,1.8,10.0,1.0,1.5,20.0,full,False
USDJPY,25,24.0,0.600139426928221,-4654.511686151003,4.780831386326642,1.8,10.0,1.2,1.8,20.0,full,False
USDJPY,25,24.0,0.7036339724826477,-3449.800333802952,4.774566684916464,1.8,10.0,1.5,2.0,20.0,full,False
USDJPY,26,34.61538461538461,0.7084431273199973,-3115.312599338693,2.882728427005584,1.8,12.0,1.0,1.5,20.0,full,False
USDJPY,25,24.0,0.600139426928221,-4654.511686151003,4.780831386326642,1.8,12.0,1.2,1.8,20.0,full,False
USDJPY,25,24.0,0.7036339724826477,-3449.800333802952,4.774566684916464,1.8,12.0,1.5,2.0,20.0,full,False
USDJPY,26,34.61538461538461,0.7084431273199973,-3115.312599338693,2.882728427005584,1.8,15.0,1.0,1.5,20.0,full,False
USDJPY,25,24.0,0.600139426928221,-4654.511686151003,4.780831386326642,1.8,15.0,1.2,1.8,20.0,full,False
USDJPY,25,24.0,0.7036339724826477,-3449.800333802952,4.774566684916464,1.8,15.0,1.5,2.0,20.0,full,False
USDJPY,17,35.294117647058826,0.7053627092572803,-2515.3700088167825,2.8429663239456913,1.0,8.0,1.0,1.5,20.0,full,True
USDJPY,16,37.5,0.9246191209588436,-579.0495275929134,2.267386439208115,1.0,8.0,1.2,1.8,20.0,full,True
USDJPY,12,33.33333333333333,0.8238302097405074,-989.1944073228515,2.1506484540418302,1.0,8.0,1.5,2.0,20.0,full,True
USDJPY,17,35.294117647058826,0.7053627092572803,-2515.3700088167825,2.8429663239456913,1.0,10.0,1.0,1.5,20.0,full,True
USDJPY,16,37.5,0.9246191209588436,-579.0495275929134,2.267386439208115,1.0,10.0,1.2,1.8,20.0,full,True
USDJPY,12,33.33333333333333,0.8238302097405074,-989.1944073228515,2.1506484540418302,1.0,10.0,1.5,2.0,20.0,full,True
USDJPY,17,35.294117647058826,0.7014065231236741,-2554.997260403208,2.863072469141417,1.0,12.0,1.0,1.5,20.0,full,True
USDJPY,16,37.5,0.8279071313731161,-1305.092187429953,2.267386439208115,1.0,12.0,1.2,1.8,20.0,full,True
USDJPY,12,33.33333333333333,0.8358494755851461,-921.706158990768,2.149215001308383,1.0,12.0,1.5,2.0,20.0,full,True
USDJPY,15,40.0,0.8106554762159337,-1287.256341310218,2.3716798945440334,1.0,15.0,1.0,1.5,20.0,full,True
USDJPY,15,40.0,0.9531946955794213,-318.2052679329645,2.267386439208115,1.0,15.0,1.2,1.8,20.0,full,True
USDJPY,12,25.0,0.566976643662999,-2985.9982986307004,3.4406673268170223,1.0,15.0,1.5,2.0,20.0,full,True
USDJPY,16,37.5,0.8946787881650216,-705.8043107549165,2.398991757491364,1.2,8.0,1.0,1.5,20.0,full,True
USDJPY,13,38.46153846153847,1.1094741875497782,546.206302831255,1.9398275764945516,1.2,8.0,1.2,1.8,20.0,full,True
USDJPY,9,11.11111111111111,0.13740102118110725,-5194.8545159991045,4.359860019347967,1.2,8.0,1.5,2.0,20.0,full,True
USDJPY,16,37.5,0.8946787881650216,-705.8043107549165,2.398991757491364,1.2,10.0,1.0,1.5,20.0,full,True
USDJPY,13,38.46153846153847,1.1094741875497782,546.206302831255,1.9398275764945516,1.2,10.0,1.2,1.8,20.0,full,True
USDJPY,9,11.11111111111111,0.13740102118110725,-5194.8545159991045,4.359860019347967,1.2,10.0,1.5,2.0,20.0,full,True
USDJPY,16,37.5,0.8946787881650216,-705.8043107549165,2.398991757491364,1.2,12.0,1.0,1.5,20.0,full,True
USDJPY,13,38.46153846153847,1.1094741875497782,546.206302831255,1.9398275764945516,1.2,12.0,1.2,1.8,20.0,full,True
USDJPY,9,11.11111111111111,0.13740102118110725,-5194.8545159991045,4.359860019347967,1.2,12.0,1.5,2.0,20.0,full,True
USDJPY,15,40.0,0.9384785039754487,-352.39013489133504,2.398991757491364,1.2,15.0,1.0,1.5,20.0,full,True
USDJPY,13,38.46153846153847,1.1260826172914522,630.8675847456761,1.9382272209001281,1.2,15.0,1.2,1.8,20.0,full,True
USDJPY,9,0.0,0.0,-6786.821826777421,5.965848551617608,1.2,15.0,1.5,2.0,20.0,full,True
USDJPY,12,33.33333333333333,0.6064600827676683,-2038.2081797704595,2.071061785648191,1.5,8.0,1.0,1.5,20.0,full,True
USDJPY,9,11.11111111111111,0.09990299013357842,-5591.476521054894,4.549842517294213,1.5,8.0,1.2,1.8,20.0,full,True
USDJPY,7,0.0,0.0,-5043.517859397631,3.995838083988326,1.5,8.0,1.5,2.0,20.0,full,True
USDJPY,12,33.33333333333333,0.6064600827676683,-2038.2081797704595,2.071061785648191,1.5,10.0,1.0,1.5,20.0,full,True
USDJPY,9,11.11111111111111,0.09990299013357842,-5591.476521054894,4.549842517294213,1.5,10.0,1.2,1.8,20.0,full,True
USDJPY,7,0.0,0.0,-5043.517859397631,3.995838083988326,1.5,10.0,1.5,2.0,20.0,full,True
USDJPY,12,33.33333333333333,0.6064600827676683,-2038.2081797704595,2.071061785648191,1.5,12.0,1.0,1.5,20.0,full,True
USDJPY,9,11.11111111111111,0.09990299013357842,-5591.476521054894,4.549842517294213,1.5,12.0,1.2,1.8,20.0,full,True
USDJPY,7,0.0,0.0,-5043.517859397631,3.995838083988326,1.5,12.0,1.5,2.0,20.0,full,True
USDJPY,12,33.33333333333333,0.6064600827676683,-2038.2081797704595,2.071061785648191,1.5,15.0,1.0,1.5,20.0,full,True
USDJPY,9,11.11111111111111,0.09990299013357842,-5591.476521054894,4.549842517294213,1.5,15.0,1.2,1.8,20.0,full,True
USDJPY,7,0.0,0.0,-5043.517859397631,3.995838083988326,1.5,15.0,1.5,2.0,20.0,full,True
USDJPY,9,33.33333333333333,0.5717956007035292,-1287.5969984407275,2.1159044888849454,1.8,8.0,1.0,1.5,20.0,full,True
USDJPY,8,0.0,0.0,-3740.2129125059873,2.892455669299531,1.8,8.0,1.2,1.8,20.0,full,True
USDJPY,5,0.0,0.0,-1896.9787496699428,1.0329881949244784,1.8,8.0,1.5,2.0,20.0,full,True
USDJPY,9,33.33333333333333,0.5717956007035292,-1287.5969984407275,2.1159044888849454,1.8,10.0,1.0,1.5,20.0,full,True
USDJPY,8,0.0,0.0,-3740.2129125059873,2.892455669299531,1.8,10.0,1.2,1.8,20.0,full,True
USDJPY,5,0.0,0.0,-1896.9787496699428,1.0329881949244784,1.8,10.0,1.5,2.0,20.0,full,True
USDJPY,9,33.33333333333333,0.5717956007035292,-1287.5969984407275,2.1159044888849454,1.8,12.0,1.0,1.5,20.0,full,True
USDJPY,8,0.0,0.0,-3740.2129125059873,2.892455669299531,1.8,12.0,1.2,1.8,20.0,full,True
USDJPY,5,0.0,0.0,-1896.9787496699428,1.0329881949244784,1.8,12.0,1.5,2.0,20.0,full,True
USDJPY,9,33.33333333333333,0.5717956007035292,-1287.5969984407275,2.1159044888849454,1.8,15.0,1.0,1.5,20.0,full,True
USDJPY,8,0.0,0.0,-3740.2129125059873,2.892455669299531,1.8,15.0,1.2,1.8,20.0,full,True
USDJPY,5,0.0,0.0,-1896.9787496699428,1.0329881949244784,1.8,15.0,1.5,2.0,20.0,full,True
USDJPY,26,30.76923076923077,0.5772482751631909,-6518.7421198569355,6.743071111826665,1.0,8.0,1.0,1.5,25.0,full,False
USDJPY,26,30.76923076923077,0.6774374661588142,-5015.263103235731,5.8198800671133775,1.0,8.0,1.2,1.8,25.0,full,False
USDJPY,26,26.923076923076923,0.6194776558243447,-6295.145957047294,6.969513317071539,1.0,8.0,1.5,2.0,25.0,full,False
USDJPY,26,30.76923076923077,0.5748313272337501,-6583.5764873477165,6.807749894886577,1.0,10.0,1.0,1.5,25.0,full,False
USDJPY,26,30.76923076923077,0.6746243511204185,-5080.097470726512,5.884402970299264,1.0,10.0,1.2,1.8,25.0,full,False
USDJPY,26,26.923076923076923,0.617059375772842,-6359.980324538075,7.033881089937205,1.0,10.0,1.5,2.0,25.0,full,False
USDJPY,26,30.76923076923077,0.5726100310017093,-6628.697470168452,6.852762599911073,1.0,12.0,1.0,1.5,25.0,full,False
USDJPY,26,30.76923076923077,0.6259871433486522,-5800.8335630946385,6.253366363719212,1.0,12.0,1.2,1.8,25.0,full,False
USDJPY,26,26.923076923076923,0.620185838164655,-6317.586368329867,6.991792231054207,1.0,12.0,1.5,2.0,25.0,full,False
USDJPY,26,30.76923076923077,0.5269938855778226,-7046.212096765623,7.269275307648375,1.0,15.0,1.0,1.5,25.0,full,False
USDJPY,26,30.76923076923077,0.6213481361863993,-5754.282164200427,6.207038597747819,1.0,15.0,1.2,1.8,25.0,full,False
USDJPY,26,23.076923076923077,0.5483250612328446,-7609.508507404535,8.274416771501993,1.0,15.0,1.5,2.0,25.0,full,False
USDJPY,25,32.0,0.6517713512065514,-4739.070365292253,5.753538316031811,1.2,8.0,1.0,1.5,25.0,full,False
USDJPY,25,28.000000000000004,0.6031051955742722,-5747.5495692140685,5.771037688605632,1.2,8.0,1.2,1.8,25.0,full,False
USDJPY,25,28.000000000000004,0.6867997558755212,-4582.9641931234655,5.760976655431408,1.2,8.0,1.5,2.0,25.0,full,False
USDJPY,25,32.0,0.6517713512065514,-4739.070365292253,5.753538316031811,1.2,10.0,1.0,1.5,25.0,full,False
USDJPY,25,28.000000000000004,0.6031051955742722,-5747.5495692140685,5.771037688605632,1.2,10.0,1.2,1.8,25.0,full,False
USDJPY,25,28.000000000000004,0.6867997558755212,-4582.9641931234655,5.760976655431408,1.2,10.0,1.5,2.0,25.0,full,False
USDJPY,25,32.0,0.6541761950686569,-4689.041482182351,5.703581322831303,1.2,12.0,1.0,1.5,25.0,full,False
USDJPY,25,28.000000000000004,0.6051959813231885,-5697.520686104166,5.720928751333725,1.2,12.0,1.2,1.8,25.0,full,False
USDJPY,25,28.000000000000004,0.6891559656602524,-4532.935310013549,5.710955076396876,1.2,12.0,1.5,2.0,25.0,full,False
USDJPY,25,32.0,0.617523671870119,-5064.185402200586,5.587676308390108,1.2,15.0,1.0,1.5,25.0,full,False
USDJPY,25,28.000000000000004,0.5981122402826489,-5611.4322837527725,5.604671212077442,1.2,15.0,1.2,1.8,25.0,full,False
USDJPY,25,24.0,0.5951240479110295,-6017.665292888021,6.4950687753755965,1.2,15.0,1.5,2.0,25.0,full,False
USDJPY,24,29.166666666666668,0.527855475947062,-6552.020348628372,6.224813351074995,1.5,8.0,1.0,1.5,25.0,full,False
USDJPY,24,29.166666666666668,0.6224927698320394,-5238.724432473726,6.136199857850631,1.5,8.0,1.2,1.8,25.0,full,False
USDJPY,23,21.73913043478261,0.5804191855661218,-6223.345390946939,7.077833566208593,1.5,8.0,1.5,2.0,25.0,full,False
USDJPY,24,29.166666666666668,0.527855475947062,-6552.020348628372,6.224813351074995,1.5,10.0,1.0,1.5,25.0,full,False
USDJPY,24,29.166666666666668,0.6224927698320394,-5238.724432473726,6.136199857850631,1.5,10.0,1.2,1.8,25.0,full,False
USDJPY,23,21.73913043478261,0.5804191855661218,-6223.345390946939,7.077833566208593,1.5,10.0,1.5,2.0,25.0,full,False
USDJPY,24,29.166666666666668,0.527855475947062,-6552.020348628372,6.224813351074995,1.5,12.0,1.0,1.5,25.0,full,False
USDJPY,24,29.166666666666668,0.6224927698320394,-5238.724432473726,6.136199857850631,1.5,12.0,1.2,1.8,25.0,full,False
USDJPY,23,21.73913043478261,0.5804191855661218,-6223.345390946939,7.077833566208593,1.5,12.0,1.5,2.0,25.0,full,False
USDJPY,24,29.166666666666668,0.5309921071442948,-6470.046434493677,6.142552406247711,1.5,15.0,1.0,1.5,25.0,full,False
USDJPY,24,29.166666666666668,0.6261917562608604,-5156.75051833906,6.054058683495957,1.5,15.0,1.2,1.8,25.0,full,False
USDJPY,23,21.73913043478261,0.5836448265595143,-6141.3714768122445,6.995871395049112,1.5,15.0,1.5,2.0,25.0,full,False
USDJPY,21,33.33333333333333,0.7090554954236693,-2850.3113006783387,2.9378023013918493,1.8,8.0,1.0,1.5,25.0,full,False
USDJPY,20,25.0,0.6493792359924206,-3769.820150816886,3.893526052928012,1.8,8.0,1.2,1.8,25.0,full,False
USDJPY,20,25.0,0.7614261766607562,-2565.1087984688347,3.8884240578599356,1.8,8.0,1.5,2.0,25.0,full,False
USDJPY,21,33.33333333333333,0.7090554954236693,-2850.3113006783387,2.9378023013918493,1.8,10.0,1.0,1.5,25.0,full,False
USDJPY,20,25.0,0.6493792359924206,-3769.820150816886,3.893526052928012,1.8,10.0,1.2,1.8,25.0,full,False
USDJPY,20,25.0,0.7614261766607562,-2565.1087984688347,3.8884240578599356,1.8,10.0,1.5,2.0,25.0,full,False
USDJPY,21,33.33333333333333,0.7090554954236693,-2850.3113006783387,2.9378023013918493,1.8,12.0,1.0,1.5,25.0,full,False
USDJPY,20,25.0,0.6493792359924206,-3769.820150816886,3.893526052928012,1.8,12.0,1.2,1.8,25.0,full,False
USDJPY,20,25.0,0.7614261766607562,-2565.1087984688347,3.8884240578599356,1.8,12.0,1.5,2.0,25.0,full,False
USDJPY,21,33.33333333333333,0.7090554954236693,-2850.3113006783387,2.9378023013918493,1.8,15.0,1.0,1.5,25.0,full,False
USDJPY,20,25.0,0.6493792359924206,-3769.820150816886,3.893526052928012,1.8,15.0,1.2,1.8,25.0,full,False
USDJPY,20,25.0,0.7614261766607562,-2565.1087984688347,3.8884240578599356,1.8,15.0,1.5,2.0,25.0,full,False
USDJPY,12,33.33333333333333,0.7386005787297104,-1484.430438541851,1.9992465289699672,1.0,8.0,1.0,1.5,25.0,full,True
USDJPY,11,36.36363636363637,1.041599400534831,200.64463097373664,1.9992465289699672,1.0,8.0,1.2,1.8,25.0,full,True
USDJPY,8,25.0,0.6167570470511213,-1413.9911913641554,1.0179630282120156,1.0,8.0,1.5,2.0,25.0,full,True
USDJPY,12,33.33333333333333,0.7386005787297104,-1484.430438541851,1.9992465289699672,1.0,10.0,1.0,1.5,25.0,full,True
USDJPY,11,36.36363636363637,1.041599400534831,200.64463097373664,1.9992465289699672,1.0,10.0,1.2,1.8,25.0,full,True
USDJPY,8,25.0,0.6167570470511213,-1413.9911913641554,1.0179630282120156,1.0,10.0,1.5,2.0,25.0,full,True
USDJPY,12,33.33333333333333,0.7325455844587069,-1524.0576901282766,1.9992465289699672,1.0,12.0,1.0,1.5,25.0,full,True
USDJPY,11,36.36363636363637,0.8888107301999055,-525.3980288633029,2.1762718814697477,1.0,12.0,1.2,1.8,25.0,full,True
USDJPY,8,25.0,0.6350488127552494,-1346.502943032072,0.9987527627761512,1.0,12.0,1.5,2.0,25.0,full,True
USDJPY,10,40.0,0.9386351229926627,-231.03007142456772,2.3195619361099555,1.0,15.0,1.0,1.5,25.0,full,True
USDJPY,10,40.0,1.1213261015869687,456.77559024440416,2.2286802946891013,1.0,15.0,1.2,1.8,25.0,full,True
USDJPY,8,12.5,0.3252221641984784,-3235.5583830612886,2.801729067086918,1.0,15.0,1.5,2.0,25.0,full,True
USDJPY,11,36.36363636363637,1.16665679125909,634.0258052884747,1.9604682458810831,1.2,8.0,1.0,1.5,25.0,full,True
USDJPY,9,33.33333333333333,1.2726116307796298,814.5277191176137,1.1005986762714846,1.2,8.0,1.2,1.8,25.0,full,True
USDJPY,6,16.666666666666664,0.2769538828020168,-2160.2944522058388,1.298573126118505,1.2,8.0,1.5,2.0,25.0,full,True
USDJPY,11,36.36363636363637,1.16665679125909,634.0258052884747,1.9604682458810831,1.2,10.0,1.0,1.5,25.0,full,True
USDJPY,9,33.33333333333333,1.2726116307796298,814.5277191176137,1.1005986762714846,1.2,10.0,1.2,1.8,25.0,full,True
USDJPY,6,16.666666666666664,0.2769538828020168,-2160.2944522058388,1.298573126118505,1.2,10.0,1.5,2.0,25.0,full,True
USDJPY,11,36.36363636363637,1.16665679125909,634.0258052884747,1.9604682458810831,1.2,12.0,1.0,1.5,25.0,full,True
USDJPY,9,33.33333333333333,1.2726116307796298,814.5277191176137,1.1005986762714846,1.2,12.0,1.2,1.8,25.0,full,True
USDJPY,6,16.666666666666664,0.2769538828020168,-2160.2944522058388,1.298573126118505,1.2,12.0,1.5,2.0,25.0,full,True
USDJPY,10,40.0,1.3023964752193435,851.7331899288547,1.9604682458810831,1.2,15.0,1.0,1.5,25.0,full,True
USDJPY,9,33.33333333333333,1.305713652805315,913.4322098088305,1.1005986762714846,1.2,15.0,1.2,1.8,25.0,full,True
USDJPY,6,0.0,0.0,-4038.1185542073654,3.192936127805753,1.2,15.0,1.5,2.0,25.0,full,True
USDJPY,8,25.0,0.5216737542644384,-1553.8830126897956,1.102925877901164,1.5,8.0,1.0,1.5,25.0,full,True
USDJPY,6,16.666666666666664,0.19104467404185907,-2627.878473701392,1.5535463153054552,1.5,8.0,1.2,1.8,25.0,full,True
USDJPY,5,0.0,0.0,-3112.936873167084,2.0439564913276973,1.5,8.0,1.5,2.0,25.0,full,True
USDJPY,8,25.0,0.5216737542644384,-1553.8830126897956,1.102925877901164,1.5,10.0,1.0,1.5,25.0,full,True
USDJPY,6,16.666666666666664,0.19104467404185907,-2627.878473701392,1.5535463153054552,1.5,10.0,1.2,1.8,25.0,full,True
USDJPY,5,0.0,0.0,-3112.936873167084,2.0439564913276973,1.5,10.0,1.5,2.0,25.0,full,True
USDJPY,8,25.0,0.5216737542644384,-1553.8830126897956,1.102925877901164,1.5,12.0,1.0,1.5,25.0,full,True
USDJPY,6,16.666666666666664,0.19104467404185907,-2627.878473701392,1.5535463153054552,1.5,12.0,1.2,1.8,25.0,full,True
USDJPY,5,0.0,0.0,-3112.936873167084,2.0439564913276973,1.5,12.0,1.5,2.0,25.0,full,True
USDJPY,8,25.0,0.5216737542644384,-1553.8830126897956,1.102925877901164,1.5,15.0,1.0,1.5,25.0,full,True
USDJPY,6,16.666666666666664,0.19104467404185907,-2627.878473701392,1.5535463153054552,1.5,15.0,1.2,1.8,25.0,full,True
USDJPY,5,0.0,0.0,-3112.936873167084,2.0439564913276973,1.5,15.0,1.5,2.0,25.0,full,True
USDJPY,6,33.33333333333333,0.5798414464072413,-796.9478159468126,1.0213051030307205,1.8,8.0,1.0,1.5,25.0,full,True
USDJPY,5,0.0,0.0,-2851.8713771718467,1.9962905349963196,1.8,8.0,1.2,1.8,25.0,full,True
USDJPY,4,0.0,0.0,-1896.7787496699457,1.0327864335300947,1.8,8.0,1.5,2.0,25.0,full,True
USDJPY,6,33.33333333333333,0.5798414464072413,-796.9478159468126,1.0213051030307205,1.8,10.0,1.0,1.5,25.0,full,True
USDJPY,5,0.0,0.0,-2851.8713771718467,1.9962905349963196,1.8,10.0,1.2,1.8,25.0,full,True
USDJPY,4,0.0,0.0,-1896.7787496699457,1.0327864335300947,1.8,10.0,1.5,2.0,25.0,full,True
USDJPY,6,33.33333333333333,0.5798414464072413,-796.9478159468126,1.0213051030307205,1.8,12.0,1.0,1.5,25.0,full,True
USDJPY,5,0.0,0.0,-2851.8713771718467,1.9962905349963196,1.8,12.0,1.2,1.8,25.0,full,True
USDJPY,4,0.0,0.0,-1896.7787496699457,1.0327864335300947,1.8,12.0,1.5,2.0,25.0,full,True
USDJPY,6,33.33333333333333,0.5798414464072413,-796.9478159468126,1.0213051030307205,1.8,15.0,1.0,1.5,25.0,full,True
USDJPY,5,0.0,0.0,-2851.8713771718467,1.9962905349963196,1.8,15.0,1.2,1.8,25.0,full,True
USDJPY,4,0.0,0.0,-1896.7787496699457,1.0327864335300947,1.8,15.0,1.5,2.0,25.0,full,True
USDJPY,16,31.25,0.548039871605978,-3950.279072357356,5.503042683267372,1.0,8.0,1.0,1.5,30.0,full,False
USDJPY,16,31.25,0.6551181921341888,-3014.379593372767,5.251739564954081,1.0,8.0,1.2,1.8,30.0,full,False
USDJPY,16,25.0,0.5948083526754695,-3996.7987623166264,5.3259618688722785,1.0,8.0,1.5,2.0,30.0,full,False
USDJPY,16,31.25,0.5498473925240283,-3921.5468765972328,5.474379436777489,1.0,10.0,1.0,1.5,30.0,full,False
USDJPY,16,31.25,0.6572788740433495,-2985.6473976126435,5.223145398663933,1.0,10.0,1.2,1.8,30.0,full,False
USDJPY,16,25.0,0.5965459972740835,-3968.066566556503,5.297436450607306,1.0,10.0,1.5,2.0,30.0,full,False
USDJPY,16,31.25,0.5567906031235389,-3812.9127988212713,5.366006050542416,1.0,12.0,1.0,1.5,30.0,full,False
USDJPY,16,31.25,0.665578678147436,-2877.013319836682,5.115033199003444,1.0,12.0,1.2,1.8,30.0,full,False
USDJPY,16,25.0,0.6032086739616536,-3859.4324887805415,5.189584181596593,1.0,12.0,1.5,2.0,30.0,full,False
USDJPY,16,31.25,0.5279315745358032,-4047.613150381949,5.337323446233519,1.0,15.0,1.0,1.5,30.0,full,False
USDJPY,16,31.25,0.6313066066414148,-3161.254061738422,5.086419721547826,1.0,15.0,1.2,1.8,30.0,full,False
USDJPY,16,25.0,0.5887660785059482,-3957.944973095102,5.162014471733601,1.0,15.0,1.5,2.0,30.0,full,False
USDJPY,16,31.25,0.622926632461224,-2956.978179572994,5.021275063243931,1.2,8.0,1.0,1.5,30.0,full,False
USDJPY,16,25.0,0.5272324047478308,-4191.338825301704,5.0365472589434885,1.2,8.0,1.2,1.8,30.0,full,False
USDJPY,16,25.0,0.6287376881118307,-3291.439933310481,5.027766711702249,1.2,8.0,1.5,2.0,30.0,full,False
USDJPY,16,31.25,0.622926632461224,-2956.978179572994,5.021275063243931,1.2,10.0,1.0,1.5,30.0,full,False
USDJPY,16,25.0,0.5272324047478308,-4191.338825301704,5.0365472589434885,1.2,10.0,1.2,1.8,30.0,full,False
USDJPY,16,25.0,0.6287376881118307,-3291.439933310481,5.027766711702249,1.2,10.0,1.5,2.0,30.0,full,False
USDJPY,16,31.25,0.6269262179085198,-2906.9492964630917,4.971318070043422,1.2,12.0,1.0,1.5,30.0,full,False
USDJPY,16,25.0,0.5302245007931802,-4141.309942191801,4.986438321671581,1.2,12.0,1.2,1.8,30.0,full,False
USDJPY,16,25.0,0.6323058366801292,-3241.411050200564,4.977745132667702,1.2,12.0,1.5,2.0,30.0,full,False
USDJPY,16,31.25,0.5921081405751645,-3192.1073001095647,5.005247438537969,1.2,15.0,1.0,1.5,30.0,full,False
USDJPY,16,25.0,0.4941261539889298,-4476.723907752385,5.0204708862565655,1.2,15.0,1.2,1.8,30.0,full,False
USDJPY,16,25.0,0.5869439105882924,-3655.3343986706896,5.0117183660232465,1.2,15.0,1.5,2.0,30.0,full,False
USDJPY,16,25.0,0.4598717043667368,-4856.943076536118,5.150630103432977,1.5,8.0,1.0,1.5,30.0,full,False
USDJPY,16,25.0,0.5376884902491739,-4255.7828587447,5.143130877609385,1.5,8.0,1.2,1.8,30.0,full,False
USDJPY,16,25.0,0.7503406673335205,-2298.225084338279,5.131922894918283,1.5,8.0,1.5,2.0,30.0,full,False
USDJPY,16,25.0,0.4598717043667368,-4856.943076536118,5.150630103432977,1.5,10.0,1.0,1.5,30.0,full,False
USDJPY,16,25.0,0.5376884902491739,-4255.7828587447,5.143130877609385,1.5,10.0,1.2,1.8,30.0,full,False
USDJPY,16,25.0,0.7503406673335205,-2298.225084338279,5.131922894918283,1.5,10.0,1.5,2.0,30.0,full,False
USDJPY,16,25.0,0.4598717043667368,-4856.943076536118,5.150630103432977,1.5,12.0,1.0,1.5,30.0,full,False
USDJPY,16,25.0,0.5376884902491739,-4255.7828587447,5.143130877609385,1.5,12.0,1.2,1.8,30.0,full,False
USDJPY,16,25.0,0.7503406673335205,-2298.225084338279,5.131922894918283,1.5,12.0,1.5,2.0,30.0,full,False
USDJPY,16,25.0,0.46410251424156007,-4774.969162401423,5.068369158605694,1.5,15.0,1.0,1.5,30.0,full,False
USDJPY,16,25.0,0.5337413670152152,-4323.858944610023,5.2113458664564485,1.5,15.0,1.2,1.8,30.0,full,False
USDJPY,16,25.0,0.7448324834405686,-2366.301170203602,5.199989228708248,1.5,15.0,1.5,2.0,30.0,full,False
USDJPY,14,28.57142857142857,0.702250560777188,-1767.9593025446811,1.9824132032689477,1.8,8.0,1.0,1.5,30.0,full,False
USDJPY,14,28.57142857142857,1.102098760810832,606.2360836848529,1.9806791224458917,1.8,8.0,1.2,1.8,30.0,full,False
USDJPY,14,28.57142857142857,1.2853043166839975,1694.0633777656767,1.9780836819693701,1.8,8.0,1.5,2.0,30.0,full,False
USDJPY,14,28.57142857142857,0.702250560777188,-1767.9593025446811,1.9824132032689477,1.8,10.0,1.0,1.5,30.0,full,False
USDJPY,14,28.57142857142857,1.102098760810832,606.2360836848529,1.9806791224458917,1.8,10.0,1.2,1.8,30.0,full,False
USDJPY,14,28.57142857142857,1.2853043166839975,1694.0633777656767,1.9780836819693701,1.8,10.0,1.5,2.0,30.0,full,False
USDJPY,14,28.57142857142857,0.702250560777188,-1767.9593025446811,1.9824132032689477,1.8,12.0,1.0,1.5,30.0,full,False
USDJPY,14,28.57142857142857,1.102098760810832,606.2360836848529,1.9806791224458917,1.8,12.0,1.2,1.8,30.0,full,False
USDJPY,14,28.57142857142857,1.2853043166839975,1694.0633777656767,1.9780836819693701,1.8,12.0,1.5,2.0,30.0,full,False
USDJPY,14,28.57142857142857,0.702250560777188,-1767.9593025446811,1.9824132032689477,1.8,15.0,1.0,1.5,30.0,full,False
USDJPY,14,28.57142857142857,1.102098760810832,606.2360836848529,1.9806791224458917,1.8,15.0,1.2,1.8,30.0,full,False
USDJPY,14,28.57142857142857,1.2853043166839975,1694.0633777656767,1.9780836819693701,1.8,15.0,1.5,2.0,30.0,full,False
USDJPY,7,14.285714285714285,0.1636611832299415,-3148.6972026429285,2.822137413167276,1.0,8.0,1.0,1.5,30.0,full,True
USDJPY,7,14.285714285714285,0.19386211616178822,-3034.9949672176153,2.822137413167276,1.0,8.0,1.2,1.8,30.0,full,True
USDJPY,6,0.0,0.0,-3689.542574714389,2.746083813297223,1.0,8.0,1.5,2.0,30.0,full,True
USDJPY,7,14.285714285714285,0.1636611832299415,-3148.6972026429285,2.822137413167276,1.0,10.0,1.0,1.5,30.0,full,True
USDJPY,7,14.285714285714285,0.19386211616178822,-3034.9949672176153,2.822137413167276,1.0,10.0,1.2,1.8,30.0,full,True
USDJPY,6,0.0,0.0,-3689.542574714389,2.746083813297223,1.0,10.0,1.5,2.0,30.0,full,True
USDJPY,7,14.285714285714285,0.1636611832299415,-3148.6972026429285,2.822137413167276,1.0,12.0,1.0,1.5,30.0,full,True
USDJPY,7,14.285714285714285,0.19386211616178822,-3034.9949672176153,2.822137413167276,1.0,12.0,1.2,1.8,30.0,full,True
USDJPY,6,0.0,0.0,-3689.542574714389,2.746083813297223,1.0,12.0,1.5,2.0,30.0,full,True
USDJPY,7,14.285714285714285,0.13219620761153705,-3267.1583797690982,2.822137413167276,1.0,15.0,1.0,1.5,30.0,full,True
USDJPY,7,14.285714285714285,0.15610148927727752,-3177.1583797690982,2.822137413167276,1.0,15.0,1.2,1.8,30.0,full,True
USDJPY,6,0.0,0.0,-3594.5980147435766,2.650209174918021,1.0,15.0,1.5,2.0,30.0,full,True
USDJPY,7,14.285714285714285,0.19859330638422718,-2257.250780084607,1.960670007377236,1.2,8.0,1.0,1.5,30.0,full,True
USDJPY,6,0.0,0.0,-2987.8685542073363,2.133436071117005,1.2,8.0,1.2,1.8,30.0,full,True
USDJPY,5,0.0,0.0,-2987.7685542073305,2.133335190368936,1.2,8.0,1.5,2.0,30.0,full,True
USDJPY,7,14.285714285714285,0.19859330638422718,-2257.250780084607,1.960670007377236,1.2,10.0,1.0,1.5,30.0,full,True
USDJPY,6,0.0,0.0,-2987.8685542073363,2.133436071117005,1.2,10.0,1.2,1.8,30.0,full,True
USDJPY,5,0.0,0.0,-2987.7685542073305,2.133335190368936,1.2,10.0,1.5,2.0,30.0,full,True
USDJPY,7,14.285714285714285,0.19859330638422718,-2257.250780084607,1.960670007377236,1.2,12.0,1.0,1.5,30.0,full,True
USDJPY,6,0.0,0.0,-2987.8685542073363,2.133436071117005,1.2,12.0,1.2,1.8,30.0,full,True
USDJPY,5,0.0,0.0,-2987.7685542073305,2.133335190368936,1.2,12.0,1.5,2.0,30.0,full,True
USDJPY,7,14.285714285714285,0.19859330638422718,-2257.250780084607,1.960670007377236,1.2,15.0,1.0,1.5,30.0,full,True
USDJPY,6,0.0,0.0,-2987.8685542073363,2.133436071117005,1.2,15.0,1.2,1.8,30.0,full,True
USDJPY,5,0.0,0.0,-2987.7685542073305,2.133335190368936,1.2,15.0,1.5,2.0,30.0,full,True
USDJPY,6,0.0,0.0,-3248.5840502025094,2.1811002992488477,1.5,8.0,1.0,1.5,30.0,full,True
USDJPY,5,0.0,0.0,-3248.4840502025036,2.180999195922611,1.5,8.0,1.2,1.8,30.0,full,True
USDJPY,4,0.0,0.0,-2157.794245665151,1.0782755246739062,1.5,8.0,1.5,2.0,30.0,full,True
USDJPY,6,0.0,0.0,-3248.5840502025094,2.1811002992488477,1.5,10.0,1.0,1.5,30.0,full,True
USDJPY,5,0.0,0.0,-3248.4840502025036,2.180999195922611,1.5,10.0,1.2,1.8,30.0,full,True
USDJPY,4,0.0,0.0,-2157.794245665151,1.0782755246739062,1.5,10.0,1.5,2.0,30.0,full,True
USDJPY,6,0.0,0.0,-3248.5840502025094,2.1811002992488477,1.5,12.0,1.0,1.5,30.0,full,True
USDJPY,5,0.0,0.0,-3248.4840502025036,2.180999195922611,1.5,12.0,1.2,1.8,30.0,full,True
USDJPY,4,0.0,0.0,-2157.794245665151,1.0782755246739062,1.5,12.0,1.5,2.0,30.0,full,True
USDJPY,6,0.0,0.0,-3248.5840502025094,2.1811002992488477,1.5,15.0,1.0,1.5,30.0,full,True
USDJPY,5,0.0,0.0,-3248.4840502025036,2.180999195922611,1.5,15.0,1.2,1.8,30.0,full,True
USDJPY,4,0.0,0.0,-2157.794245665151,1.0782755246739062,1.5,15.0,1.5,2.0,30.0,full,True
USDJPY,5,20.0,0.353306300399567,-1226.634866947541,1.0257024460645374,1.8,8.0,1.0,1.5,30.0,full,True
USDJPY,4,0.0,0.0,-1896.7787496699457,1.0327864335300947,1.8,8.0,1.2,1.8,30.0,full,True
USDJPY,4,0.0,0.0,-1896.7787496699457,1.0327864335300947,1.8,8.0,1.5,2.0,30.0,full,True
USDJPY,5,20.0,0.353306300399567,-1226.634866947541,1.0257024460645374,1.8,10.0,1.0,1.5,30.0,full,True
USDJPY,4,0.0,0.0,-1896.7787496699457,1.0327864335300947,1.8,10.0,1.2,1.8,30.0,full,True
USDJPY,4,0.0,0.0,-1896.7787496699457,1.0327864335300947,1.8,10.0,1.5,2.0,30.0,full,True
USDJPY,5,20.0,0.353306300399567,-1226.634866947541,1.0257024460645374,1.8,12.0,1.0,1.5,30.0,full,True
USDJPY,4,0.0,0.0,-1896.7787496699457,1.0327864335300947,1.8,12.0,1.2,1.8,30.0,full,True
USDJPY,4,0.0,0.0,-1896.7787496699457,1.0327864335300947,1.8,12.0,1.5,2.0,30.0,full,True
USDJPY,5,20.0,0.353306300399567,-1226.634866947541,1.0257024460645374,1.8,15.0,1.0,1.5,30.0,full,True
USDJPY,4,0.0,0.0,-1896.7787496699457,1.0327864335300947,1.8,15.0,1.2,1.8,30.0,full,True
USDJPY,4,0.0,0.0,-1896.7787496699457,1.0327864335300947,1.8,15.0,1.5,2.0,30.0,full,True
GBPJPY,45,42.22222222222222,0.7385813902573426,-6379.071231346199,7.404670675729016,1.0,8.0,1.0,1.5,15.0,peak,False
GBPJPY,44,40.909090909090914,0.7616291140895862,-5570.775313283477,7.37683025025599,1.0,8.0,1.2,1.8,15.0,peak,False
GBPJPY,43,37.2093023255814,0.8824235054927483,-2832.3697877358063,7.721127619736455,1.0,8.0,1.5,2.0,15.0,peak,False
GBPJPY,45,42.22222222222222,0.7385813902573426,-6379.071231346199,7.404670675729016,1.0,10.0,1.0,1.5,15.0,peak,False
GBPJPY,44,40.909090909090914,0.7616291140895862,-5570.775313283477,7.37683025025599,1.0,10.0,1.2,1.8,15.0,peak,False
GBPJPY,43,37.2093023255814,0.8824235054927483,-2832.3697877358063,7.721127619736455,1.0,10.0,1.5,2.0,15.0,peak,False
GBPJPY,45,42.22222222222222,0.7385813902573426,-6379.071231346199,7.404670675729016,1.0,12.0,1.0,1.5,15.0,peak,False
GBPJPY,44,40.909090909090914,0.7616291140895862,-5570.775313283477,7.37683025025599,1.0,12.0,1.2,1.8,15.0,peak,False
GBPJPY,43,37.2093023255814,0.8824235054927483,-2832.3697877358063,7.721127619736455,1.0,12.0,1.5,2.0,15.0,peak,False
GBPJPY,45,42.22222222222222,0.733826493451392,-6399.061153129704,7.424441611726544,1.0,15.0,1.0,1.5,15.0,peak,False
GBPJPY,44,40.909090909090914,0.7587678498593516,-5618.535463020744,7.423676938567443,1.0,15.0,1.2,1.8,15.0,peak,False
GBPJPY,43,37.2093023255814,0.8700403291805616,-3183.2518586535007,8.054355895161184,1.0,15.0,1.5,2.0,15.0,peak,False
GBPJPY,42,45.23809523809524,0.7401922697982452,-5535.7734174901125,6.324244971028984,1.2,8.0,1.0,1.5,15.0,peak,False
GBPJPY,41,41.46341463414634,0.9365984127400802,-1317.103527101659,5.388651482501217,1.2,8.0,1.2,1.8,15.0,peak,False
GBPJPY,40,32.5,0.9385021133430747,-1334.1114991213544,5.244956962091101,1.2,8.0,1.5,2.0,15.0,peak,False
GBPJPY,42,45.23809523809524,0.7401922697982452,-5535.7734174901125,6.324244971028984,1.2,10.0,1.0,1.5,15.0,peak,False
GBPJPY,41,41.46341463414634,0.9365984127400802,-1317.103527101659,5.388651482501217,1.2,10.0,1.2,1.8,15.0,peak,False
GBPJPY,40,32.5,0.9385021133430747,-1334.1114991213544,5.244956962091101,1.2,10.0,1.5,2.0,15.0,peak,False
GBPJPY,42,45.23809523809524,0.7401922697982452,-5535.7734174901125,6.324244971028984,1.2,12.0,1.0,1.5,15.0,peak,False
GBPJPY,41,41.46341463414634,0.9365984127400802,-1317.103527101659,5.388651482501217,1.2,12.0,1.2,1.8,15.0,peak,False
GBPJPY,40,32.5,0.9385021133430747,-1334.1114991213544,5.244956962091101,1.2,12.0,1.5,2.0,15.0,peak,False
GBPJPY,42,45.23809523809524,0.7401922697982452,-5535.7734174901125,6.324244971028984,1.2,15.0,1.0,1.5,15.0,peak,False
GBPJPY,41,41.46341463414634,0.9365984127400802,-1317.103527101659,5.388651482501217,1.2,15.0,1.2,1.8,15.0,peak,False
GBPJPY,40,32.5,0.9385021133430747,-1334.1114991213544,5.244956962091101,1.2,15.0,1.5,2.0,15.0,peak,False
GBPJPY,38,44.73684210526316,1.04005205766274,672.3912954698171,4.087920943287798,1.5,8.0,1.0,1.5,15.0,peak,False
GBPJPY,37,35.13513513513514,0.932230410391147,-1268.8483889329655,5.1659869036211195,1.5,8.0,1.2,1.8,15.0,peak,False
GBPJPY,37,29.72972972972973,1.022908204041913,427.41017561021727,5.389047598144365,1.5,8.0,1.5,2.0,15.0,peak,False
GBPJPY,38,44.73684210526316,1.04005205766274,672.3912954698171,4.087920943287798,1.5,10.0,1.0,1.5,15.0,peak,False
GBPJPY,37,35.13513513513514,0.932230410391147,-1268.8483889329655,5.1659869036211195,1.5,10.0,1.2,1.8,15.0,peak,False
GBPJPY,37,29.72972972972973,1.022908204041913,427.41017561021727,5.389047598144365,1.5,10.0,1.5,2.0,15.0,peak,False
GBPJPY,38,44.73684210526316,1.04005205766274,672.3912954698171,4.087920943287798,1.5,12.0,1.0,1.5,15.0,peak,False
GBPJPY,37,35.13513513513514,0.932230410391147,-1268.8483889329655,5.1659869036211195,1.5,12.0,1.2,1.8,15.0,peak,False
GBPJPY,37,29.72972972972973,1.022908204041913,427.41017561021727,5.389047598144365,1.5,12.0,1.5,2.0,15.0,peak,False
GBPJPY,38,44.73684210526316,1.04005205766274,672.3912954698171,4.087920943287798,1.5,15.0,1.0,1.5,15.0,peak,False
GBPJPY,37,35.13513513513514,0.932230410391147,-1268.8483889329655,5.1659869036211195,1.5,15.0,1.2,1.8,15.0,peak,False
GBPJPY,37,29.72972972972973,1.022908204041913,427.41017561021727,5.389047598144365,1.5,15.0,1.5,2.0,15.0,peak,False
GBPJPY,36,36.11111111111111,1.0101091817294245,152.82510559706134,5.15972132617187,1.8,8.0,1.0,1.5,15.0,peak,False
GBPJPY,36,33.33333333333333,1.0960571237451475,1452.158511381349,5.055419815440769,1.8,8.0,1.2,1.8,15.0,peak,False
GBPJPY,36,30.555555555555557,1.1288213278510335,1969.144211272811,5.552207812985754,1.8,8.0,1.5,2.0,15.0,peak,False
GBPJPY,36,36.11111111111111,1.0101091817294245,152.82510559706134,5.15972132617187,1.8,10.0,1.0,1.5,15.0,peak,False
GBPJPY,36,33.33333333333333,1.0960571237451475,1452.158511381349,5.055419815440769,1.8,10.0,1.2,1.8,15.0,peak,False
GBPJPY,36,30.555555555555557,1.1288213278510335,1969.144211272811,5.552207812985754,1.8,10.0,1.5,2.0,15.0,peak,False
GBPJPY,36,36.11111111111111,1.0101091817294245,152.82510559706134,5.15972132617187,1.8,12.0,1.0,1.5,15.0,peak,False
GBPJPY,36,33.33333333333333,1.0960571237451475,1452.158511381349,5.055419815440769,1.8,12.0,1.2,1.8,15.0,peak,False
GBPJPY,36,30.555555555555557,1.1288213278510335,1969.144211272811,5.552207812985754,1.8,12.0,1.5,2.0,15.0,peak,False
GBPJPY,36,36.11111111111111,1.0101091817294245,152.82510559706134,5.15972132617187,1.8,15.0,1.0,1.5,15.0,peak,False
GBPJPY,36,33.33333333333333,1.0960571237451475,1452.158511381349,5.055419815440769,1.8,15.0,1.2,1.8,15.0,peak,False
GBPJPY,36,30.555555555555557,1.1288213278510335,1969.144211272811,5.552207812985754,1.8,15.0,1.5,2.0,15.0,peak,False
GBPJPY,22,45.45454545454545,0.853021929211193,-1566.3676866323076,3.500014593023198,1.0,8.0,1.0,1.5,15.0,peak,True
GBPJPY,20,45.0,0.7545389128546368,-2385.2197079211473,3.4367143114005008,1.0,8.0,1.2,1.8,15.0,peak,True
GBPJPY,14,35.714285714285715,0.8176281749605362,-1238.145860289238,3.3324267447669227,1.0,8.0,1.5,2.0,15.0,peak,True
GBPJPY,22,45.45454545454545,0.853021929211193,-1566.3676866323076,3.500014593023198,1.0,10.0,1.0,1.5,15.0,peak,True
GBPJPY,20,45.0,0.7545389128546368,-2385.2197079211473,3.4367143114005008,1.0,10.0,1.2,1.8,15.0,peak,True
GBPJPY,14,35.714285714285715,0.8176281749605362,-1238.145860289238,3.3324267447669227,1.0,10.0,1.5,2.0,15.0,peak,True
GBPJPY,22,45.45454545454545,0.853021929211193,-1566.3676866323076,3.500014593023198,1.0,12.0,1.0,1.5,15.0,peak,True
GBPJPY,20,45.0,0.7545389128546368,-2385.2197079211473,3.4367143114005008,1.0,12.0,1.2,1.8,15.0,peak,True
GBPJPY,14,35.714285714285715,0.8176281749605362,-1238.145860289238,3.3324267447669227,1.0,12.0,1.5,2.0,15.0,peak,True
GBPJPY,22,45.45454545454545,0.8430154489382711,-1694.4242574599193,3.500014593023198,1.0,15.0,1.0,1.5,15.0,peak,True
GBPJPY,20,45.0,0.7535617484017545,-2401.1029127973597,3.4367143114005008,1.0,15.0,1.2,1.8,15.0,peak,True
GBPJPY,14,35.714285714285715,0.8158691183997957,-1252.7835782468464,3.3324267447669227,1.0,15.0,1.5,2.0,15.0,peak,True
GBPJPY,20,45.0,0.6405136507091682,-3415.7396484803758,3.5149116829725595,1.2,8.0,1.0,1.5,15.0,peak,True
GBPJPY,16,43.75,0.9755492744509887,-163.60823636759596,2.8873186331827774,1.2,8.0,1.2,1.8,15.0,peak,True
GBPJPY,11,27.27272727272727,0.4440407665361193,-3177.119163132884,5.030863176164078,1.2,8.0,1.5,2.0,15.0,peak,True
GBPJPY,20,45.0,0.6405136507091682,-3415.7396484803758,3.5149116829725595,1.2,10.0,1.0,1.5,15.0,peak,True
GBPJPY,16,43.75,0.9755492744509887,-163.60823636759596,2.8873186331827774,1.2,10.0,1.2,1.8,15.0,peak,True
GBPJPY,11,27.27272727272727,0.4440407665361193,-3177.119163132884,5.030863176164078,1.2,10.0,1.5,2.0,15.0,peak,True
GBPJPY,20,45.0,0.6405136507091682,-3415.7396484803758,3.5149116829725595,1.2,12.0,1.0,1.5,15.0,peak,True
GBPJPY,16,43.75,0.9755492744509887,-163.60823636759596,2.8873186331827774,1.2,12.0,1.2,1.8,15.0,peak,True
GBPJPY,11,27.27272727272727,0.4440407665361193,-3177.119163132884,5.030863176164078,1.2,12.0,1.5,2.0,15.0,peak,True
GBPJPY,20,45.0,0.6405136507091682,-3415.7396484803758,3.5149116829725595,1.2,15.0,1.0,1.5,15.0,peak,True
GBPJPY,16,43.75,0.9755492744509887,-163.60823636759596,2.8873186331827774,1.2,15.0,1.2,1.8,15.0,peak,True
GBPJPY,11,27.27272727272727,0.4440407665361193,-3177.119163132884,5.030863176164078,1.2,15.0,1.5,2.0,15.0,peak,True
GBPJPY,13,38.46153846153847,0.8978966774345271,-455.1418727499113,2.9181846443408195,1.5,8.0,1.0,1.5,15.0,peak,True
GBPJPY,10,30.0,0.5192511293251407,-2142.9668224102934,3.7905576671574273,1.5,8.0,1.2,1.8,15.0,peak,True
GBPJPY,6,16.666666666666664,0.5592679101143443,-1122.9964306629117,1.5382600417119787,1.5,8.0,1.5,2.0,15.0,peak,True
GBPJPY,13,38.46153846153847,0.8978966774345271,-455.1418727499113,2.9181846443408195,1.5,10.0,1.0,1.5,15.0,peak,True
GBPJPY,10,30.0,0.5192511293251407,-2142.9668224102934,3.7905576671574273,1.5,10.0,1.2,1.8,15.0,peak,True
GBPJPY,6,16.666666666666664,0.5592679101143443,-1122.9964306629117,1.5382600417119787,1.5,10.0,1.5,2.0,15.0,peak,True
GBPJPY,13,38.46153846153847,0.8978966774345271,-455.1418727499113,2.9181846443408195,1.5,12.0,1.0,1.5,15.0,peak,True
GBPJPY,10,30.0,0.5192511293251407,-2142.9668224102934,3.7905576671574273,1.5,12.0,1.2,1.8,15.0,peak,True
GBPJPY,6,16.666666666666664,0.5592679101143443,-1122.9964306629117,1.5382600417119787,1.5,12.0,1.5,2.0,15.0,peak,True
GBPJPY,13,38.46153846153847,0.8978966774345271,-455.1418727499113,2.9181846443408195,1.5,15.0,1.0,1.5,15.0,peak,True
GBPJPY,10,30.0,0.5192511293251407,-2142.9668224102934,3.7905576671574273,1.5,15.0,1.2,1.8,15.0,peak,True
GBPJPY,6,16.666666666666664,0.5592679101143443,-1122.9964306629117,1.5382600417119787,1.5,15.0,1.5,2.0,15.0,peak,True
GBPJPY,10,30.0,0.4575670100944998,-2254.971480456181,3.491474466502552,1.8,8.0,1.0,1.5,15.0,peak,True
GBPJPY,6,16.666666666666664,0.40817517234871037,-1288.7918318236334,1.2663696430269238,1.8,8.0,1.2,1.8,15.0,peak,True
GBPJPY,5,20.0,0.6278668402328481,-466.98391727745184,0.9276460769775605,1.8,8.0,1.5,2.0,15.0,peak,True
GBPJPY,10,30.0,0.4575670100944998,-2254.971480456181,3.491474466502552,1.8,10.0,1.0,1.5,15.0,peak,True
GBPJPY,6,16.666666666666664,0.40817517234871037,-1288.7918318236334,1.2663696430269238,1.8,10.0,1.2,1.8,15.0,peak,True
GBPJPY,5,20.0,0.6278668402328481,-466.98391727745184,0.9276460769775605,1.8,10.0,1.5,2.0,15.0,peak,True
GBPJPY,10,30.0,0.4575670100944998,-2254.971480456181,3.491474466502552,1.8,12.0,1.0,1.5,15.0,peak,True
GBPJPY,6,16.666666666666664,0.40817517234871037,-1288.7918318236334,1.2663696430269238,1.8,12.0,1.2,1.8,15.0,peak,True
GBPJPY,5,20.0,0.6278668402328481,-466.98391727745184,0.9276460769775605,1.8,12.0,1.5,2.0,15.0,peak,True
GBPJPY,10,30.0,0.4575670100944998,-2254.971480456181,3.491474466502552,1.8,15.0,1.0,1.5,15.0,peak,True
GBPJPY,6,16.666666666666664,0.40817517234871037,-1288.7918318236334,1.2663696430269238,1.8,15.0,1.2,1.8,15.0,peak,True
GBPJPY,5,20.0,0.6278668402328481,-466.98391727745184,0.9276460769775605,1.8,15.0,1.5,2.0,15.0,peak,True
GBPJPY,30,43.333333333333336,0.7902233273572403,-3273.178840176377,5.296346620824212,1.0,8.0,1.0,1.5,20.0,peak,False
GBPJPY,30,43.333333333333336,0.8130093270703943,-2917.645256895761,5.790089468108086,1.0,8.0,1.2,1.8,20.0,peak,False
GBPJPY,29,37.93103448275862,0.9575972811832432,-672.2204168174794,6.340384589605897,1.0,8.0,1.5,2.0,20.0,peak,False
GBPJPY,30,43.333333333333336,0.7902233273572403,-3273.178840176377,5.296346620824212,1.0,10.0,1.0,1.5,20.0,peak,False
GBPJPY,30,43.333333333333336,0.8130093270703943,-2917.645256895761,5.790089468108086,1.0,10.0,1.2,1.8,20.0,peak,False
GBPJPY,29,37.93103448275862,0.9575972811832432,-672.2204168174794,6.340384589605897,1.0,10.0,1.5,2.0,20.0,peak,False
GBPJPY,30,43.333333333333336,0.7902233273572403,-3273.178840176377,5.296346620824212,1.0,12.0,1.0,1.5,20.0,peak,False
GBPJPY,30,43.333333333333336,0.8130093270703943,-2917.645256895761,5.790089468108086,1.0,12.0,1.2,1.8,20.0,peak,False
GBPJPY,29,37.93103448275862,0.9575972811832432,-672.2204168174794,6.340384589605897,1.0,12.0,1.5,2.0,20.0,peak,False
GBPJPY,30,43.333333333333336,0.7821674996963123,-3436.2109307684877,5.45596868233711,1.0,15.0,1.0,1.5,20.0,peak,False
GBPJPY,30,43.333333333333336,0.8048119703169572,-3079.004465435486,5.9466744277565375,1.0,15.0,1.2,1.8,20.0,peak,False
GBPJPY,29,37.93103448275862,0.9464904271105048,-858.2546356286912,6.515802719963297,1.0,15.0,1.5,2.0,20.0,peak,False
GBPJPY,29,44.827586206896555,0.7531924693570123,-3645.8681639509596,5.497967635980944,1.2,8.0,1.0,1.5,20.0,peak,False
GBPJPY,28,42.857142857142854,1.02105444896446,295.1530318242003,4.802272881137217,1.2,8.0,1.2,1.8,20.0,peak,False
GBPJPY,27,33.33333333333333,1.0205187781956675,302.0924824834656,5.600647529875446,1.2,8.0,1.5,2.0,20.0,peak,False
GBPJPY,29,44.827586206896555,0.7531924693570123,-3645.8681639509596,5.497967635980944,1.2,10.0,1.0,1.5,20.0,peak,False
GBPJPY,28,42.857142857142854,1.02105444896446,295.1530318242003,4.802272881137217,1.2,10.0,1.2,1.8,20.0,peak,False
GBPJPY,27,33.33333333333333,1.0205187781956675,302.0924824834656,5.600647529875446,1.2,10.0,1.5,2.0,20.0,peak,False
GBPJPY,29,44.827586206896555,0.7531924693570123,-3645.8681639509596,5.497967635980944,1.2,12.0,1.0,1.5,20.0,peak,False
GBPJPY,28,42.857142857142854,1.02105444896446,295.1530318242003,4.802272881137217,1.2,12.0,1.2,1.8,20.0,peak,False
GBPJPY,27,33.33333333333333,1.0205187781956675,302.0924824834656,5.600647529875446,1.2,12.0,1.5,2.0,20.0,peak,False
GBPJPY,29,44.827586206896555,0.7531924693570123,-3645.8681639509596,5.497967635980944,1.2,15.0,1.0,1.5,20.0,peak,False
GBPJPY,28,42.857142857142854,1.02105444896446,295.1530318242003,4.802272881137217,1.2,15.0,1.2,1.8,20.0,peak,False
GBPJPY,27,33.33333333333333,1.0205187781956675,302.0924824834656,5.600647529875446,1.2,15.0,1.5,2.0,20.0,peak,False
GBPJPY,27,40.74074074074074,1.0595586347006793,713.8304799814359,4.120704706896954,1.5,8.0,1.0,1.5,20.0,peak,False
GBPJPY,26,30.76923076923077,0.8970548512649853,-1433.0151913127338,6.236002527468199,1.5,8.0,1.2,1.8,20.0,peak,False
GBPJPY,26,30.76923076923077,1.039043816191312,543.4989738230361,6.018408856398345,1.5,8.0,1.5,2.0,20.0,peak,False
GBPJPY,27,40.74074074074074,1.0595586347006793,713.8304799814359,4.120704706896954,1.5,10.0,1.0,1.5,20.0,peak,False
GBPJPY,26,30.76923076923077,0.8970548512649853,-1433.0151913127338,6.236002527468199,1.5,10.0,1.2,1.8,20.0,peak,False
GBPJPY,26,30.76923076923077,1.039043816191312,543.4989738230361,6.018408856398345,1.5,10.0,1.5,2.0,20.0,peak,False
GBPJPY,27,40.74074074074074,1.0595586347006793,713.8304799814359,4.120704706896954,1.5,12.0,1.0,1.5,20.0,peak,False
GBPJPY,26,30.76923076923077,0.8970548512649853,-1433.0151913127338,6.236002527468199,1.5,12.0,1.2,1.8,20.0,peak,False
GBPJPY,26,30.76923076923077,1.039043816191312,543.4989738230361,6.018408856398345,1.5,12.0,1.5,2.0,20.0,peak,False
GBPJPY,27,40.74074074074074,1.0595586347006793,713.8304799814359,4.120704706896954,1.5,15.0,1.0,1.5,20.0,peak,False
GBPJPY,26,30.76923076923077,0.8970548512649853,-1433.0151913127338,6.236002527468199,1.5,15.0,1.2,1.8,20.0,peak,False
GBPJPY,26,30.76923076923077,1.039043816191312,543.4989738230361,6.018408856398345,1.5,15.0,1.5,2.0,20.0,peak,False
GBPJPY,26,30.76923076923077,0.9418346371538331,-660.9701713996765,6.086352701096286,1.8,8.0,1.0,1.5,20.0,peak,False
GBPJPY,26,30.76923076923077,1.0805103730812893,914.890795674015,5.995060836178301,1.8,8.0,1.2,1.8,20.0,peak,False
GBPJPY,26,30.76923076923077,1.1454484673891143,1652.8238407842146,6.037266847671219,1.8,8.0,1.5,2.0,20.0,peak,False
GBPJPY,26,30.76923076923077,0.9418346371538331,-660.9701713996765,6.086352701096286,1.8,10.0,1.0,1.5,20.0,peak,False
GBPJPY,26,30.76923076923077,1.0805103730812893,914.890795674015,5.995060836178301,1.8,10.0,1.2,1.8,20.0,peak,False
GBPJPY,26,30.76923076923077,1.1454484673891143,1652.8238407842146,6.037266847671219,1.8,10.0,1.5,2.0,20.0,peak,False
GBPJPY,26,30.76923076923077,0.9418346371538331,-660.9701713996765,6.086352701096286,1.8,12.0,1.0,1.5,20.0,peak,False
GBPJPY,26,30.76923076923077,1.0805103730812893,914.890795674015,5.995060836178301,1.8,12.0,1.2,1.8,20.0,peak,False
GBPJPY,26,30.76923076923077,1.1454484673891143,1652.8238407842146,6.037266847671219,1.8,12.0,1.5,2.0,20.0,peak,False
GBPJPY,26,30.76923076923077,0.9418346371538331,-660.9701713996765,6.086352701096286,1.8,15.0,1.0,1.5,20.0,peak,False
GBPJPY,26,30.76923076923077,1.0805103730812893,914.890795674015,5.995060836178301,1.8,15.0,1.2,1.8,20.0,peak,False
GBPJPY,26,30.76923076923077,1.1454484673891143,1652.8238407842146,6.037266847671219,1.8,15.0,1.5,2.0,20.0,peak,False
GBPJPY,14,50.0,1.0459378534524237,263.5178361451108,1.6939853704907903,1.0,8.0,1.0,1.5,20.0,peak,True
GBPJPY,13,46.15384615384615,0.7946446927855195,-1177.9998874811427,2.1463024744855286,1.0,8.0,1.2,1.8,20.0,peak,True
GBPJPY,10,40.0,1.260149125503807,978.4998980175296,1.6761634106554772,1.0,8.0,1.5,2.0,20.0,peak,True
GBPJPY,14,50.0,1.0459378534524237,263.5178361451108,1.6939853704907903,1.0,10.0,1.0,1.5,20.0,peak,True
GBPJPY,13,46.15384615384615,0.7946446927855195,-1177.9998874811427,2.1463024744855286,1.0,10.0,1.2,1.8,20.0,peak,True
GBPJPY,10,40.0,1.260149125503807,978.4998980175296,1.6761634106554772,1.0,10.0,1.5,2.0,20.0,peak,True
GBPJPY,14,50.0,1.0459378534524237,263.5178361451108,1.6939853704907903,1.0,12.0,1.0,1.5,20.0,peak,True
GBPJPY,13,46.15384615384615,0.7946446927855195,-1177.9998874811427,2.1463024744855286,1.0,12.0,1.2,1.8,20.0,peak,True
GBPJPY,10,40.0,1.260149125503807,978.4998980175296,1.6761634106554772,1.0,12.0,1.5,2.0,20.0,peak,True
GBPJPY,14,50.0,1.042684507228186,245.96174921651254,1.6939853704907903,1.0,15.0,1.0,1.5,20.0,peak,True
GBPJPY,13,46.15384615384615,0.7928120463947678,-1193.883092357355,2.1463024744855286,1.0,15.0,1.2,1.8,20.0,peak,True
GBPJPY,10,40.0,1.2552640637711034,963.8621800599212,1.6761634106554772,1.0,15.0,1.5,2.0,20.0,peak,True
GBPJPY,13,46.15384615384615,0.7576013345198945,-1387.6652812337124,2.1457978399892856,1.2,8.0,1.0,1.5,20.0,peak,True
GBPJPY,11,45.45454545454545,1.4563882981046283,1689.6974739819998,1.6924788841050173,1.2,8.0,1.2,1.8,20.0,peak,True
GBPJPY,8,37.5,1.0755042919575966,205.80140923016006,2.7071845284364167,1.2,8.0,1.5,2.0,20.0,peak,True
GBPJPY,13,46.15384615384615,0.7576013345198945,-1387.6652812337124,2.1457978399892856,1.2,10.0,1.0,1.5,20.0,peak,True
GBPJPY,11,45.45454545454545,1.4563882981046283,1689.6974739819998,1.6924788841050173,1.2,10.0,1.2,1.8,20.0,peak,True
GBPJPY,8,37.5,1.0755042919575966,205.80140923016006,2.7071845284364167,1.2,10.0,1.5,2.0,20.0,peak,True
GBPJPY,13,46.15384615384615,0.7576013345198945,-1387.6652812337124,2.1457978399892856,1.2,12.0,1.0,1.5,20.0,peak,True
GBPJPY,11,45.45454545454545,1.4563882981046283,1689.6974739819998,1.6924788841050173,1.2,12.0,1.2,1.8,20.0,peak,True
GBPJPY,8,37.5,1.0755042919575966,205.80140923016006,2.7071845284364167,1.2,12.0,1.5,2.0,20.0,peak,True
GBPJPY,13,46.15384615384615,0.7576013345198945,-1387.6652812337124,2.1457978399892856,1.2,15.0,1.0,1.5,20.0,peak,True
GBPJPY,11,45.45454545454545,1.4563882981046283,1689.6974739819998,1.6924788841050173,1.2,15.0,1.2,1.8,20.0,peak,True
GBPJPY,8,37.5,1.0755042919575966,205.80140923016006,2.7071845284364167,1.2,15.0,1.5,2.0,20.0,peak,True
GBPJPY,10,40.0,1.3519265024980531,901.1400222373777,1.5258766486423456,1.5,8.0,1.0,1.5,20.0,peak,True
GBPJPY,8,37.5,0.9039819547986722,-245.848590769805,2.5487765375737848,1.5,8.0,1.2,1.8,20.0,peak,True
GBPJPY,5,20.0,0.937002638518311,-95.80874479902559,0.500380589433506,1.5,8.0,1.5,2.0,20.0,peak,True
GBPJPY,10,40.0,1.3519265024980531,901.1400222373777,1.5258766486423456,1.5,10.0,1.0,1.5,20.0,peak,True
GBPJPY,8,37.5,0.9039819547986722,-245.848590769805,2.5487765375737848,1.5,10.0,1.2,1.8,20.0,peak,True
GBPJPY,5,20.0,0.937002638518311,-95.80874479902559,0.500380589433506,1.5,10.0,1.5,2.0,20.0,peak,True
GBPJPY,10,40.0,1.3519265024980531,901.1400222373777,1.5258766486423456,1.5,12.0,1.0,1.5,20.0,peak,True
GBPJPY,8,37.5,0.9039819547986722,-245.848590769805,2.5487765375737848,1.5,12.0,1.2,1.8,20.0,peak,True
GBPJPY,5,20.0,0.937002638518311,-95.80874479902559,0.500380589433506,1.5,12.0,1.5,2.0,20.0,peak,True
GBPJPY,10,40.0,1.3519265024980531,901.1400222373777,1.5258766486423456,1.5,15.0,1.0,1.5,20.0,peak,True
GBPJPY,8,37.5,0.9039819547986722,-245.848590769805,2.5487765375737848,1.5,15.0,1.2,1.8,20.0,peak,True
GBPJPY,5,20.0,0.937002638518311,-95.80874479902559,0.500380589433506,1.5,15.0,1.5,2.0,20.0,peak,True
GBPJPY,8,37.5,0.8690347826517071,-286.66090824677667,2.1788170337856645,1.8,8.0,1.0,1.5,20.0,peak,True
GBPJPY,5,20.0,0.7092917601595032,-364.307914546167,0.3332753774630712,1.8,8.0,1.2,1.8,20.0,peak,True
GBPJPY,4,25.0,2.3846852300243606,457.50000000001455,0.00019908877069362485,1.8,8.0,1.5,2.0,20.0,peak,True
GBPJPY,8,37.5,0.8690347826517071,-286.66090824677667,2.1788170337856645,1.8,10.0,1.0,1.5,20.0,peak,True
GBPJPY,5,20.0,0.7092917601595032,-364.307914546167,0.3332753774630712,1.8,10.0,1.2,1.8,20.0,peak,True
GBPJPY,4,25.0,2.3846852300243606,457.50000000001455,0.00019908877069362485,1.8,10.0,1.5,2.0,20.0,peak,True
GBPJPY,8,37.5,0.8690347826517071,-286.66090824677667,2.1788170337856645,1.8,12.0,1.0,1.5,20.0,peak,True
GBPJPY,5,20.0,0.7092917601595032,-364.307914546167,0.3332753774630712,1.8,12.0,1.2,1.8,20.0,peak,True
GBPJPY,4,25.0,2.3846852300243606,457.50000000001455,0.00019908877069362485,1.8,12.0,1.5,2.0,20.0,peak,True
GBPJPY,8,37.5,0.8690347826517071,-286.66090824677667,2.1788170337856645,1.8,15.0,1.0,1.5,20.0,peak,True
GBPJPY,5,20.0,0.7092917601595032,-364.307914546167,0.3332753774630712,1.8,15.0,1.2,1.8,20.0,peak,True
GBPJPY,4,25.0,2.3846852300243606,457.50000000001455,0.00019908877069362485,1.8,15.0,1.5,2.0,20.0,peak,True
GBPJPY,23,47.82608695652174,0.9456849123330966,-600.9082906585099,4.2182833126961405,1.0,8.0,1.0,1.5,25.0,peak,False
GBPJPY,23,47.82608695652174,0.92944327623284,-793.5341180192481,4.9059455970752985,1.0,8.0,1.2,1.8,25.0,peak,False
GBPJPY,22,40.909090909090914,1.1174452418835483,1345.3224036616011,5.442890021921103,1.0,8.0,1.5,2.0,25.0,peak,False
GBPJPY,23,47.82608695652174,0.9456849123330966,-600.9082906585099,4.2182833126961405,1.0,10.0,1.0,1.5,25.0,peak,False
GBPJPY,23,47.82608695652174,0.92944327623284,-793.5341180192481,4.9059455970752985,1.0,10.0,1.2,1.8,25.0,peak,False
GBPJPY,22,40.909090909090914,1.1174452418835483,1345.3224036616011,5.442890021921103,1.0,10.0,1.5,2.0,25.0,peak,False
GBPJPY,23,47.82608695652174,0.9456849123330966,-600.9082906585099,4.2182833126961405,1.0,12.0,1.0,1.5,25.0,peak,False
GBPJPY,23,47.82608695652174,0.92944327623284,-793.5341180192481,4.9059455970752985,1.0,12.0,1.2,1.8,25.0,peak,False
GBPJPY,22,40.909090909090914,1.1174452418835483,1345.3224036616011,5.442890021921103,1.0,12.0,1.5,2.0,25.0,peak,False
GBPJPY,23,47.82608695652174,0.9335353452330641,-745.4889745317923,4.357602353374128,1.0,15.0,1.0,1.5,25.0,peak,False
GBPJPY,23,47.82608695652174,0.917853803956641,-936.4419198401447,5.042929433362007,1.0,15.0,1.2,1.8,25.0,peak,False
GBPJPY,22,40.909090909090914,1.1149002281124705,1319.1740060501907,5.4672869733546126,1.0,15.0,1.5,2.0,25.0,peak,False
GBPJPY,22,50.0,0.9472510143963181,-540.0923942318332,4.369432774016013,1.2,8.0,1.0,1.5,25.0,peak,False
GBPJPY,21,47.61904761904761,1.319908196641942,2965.5986293722235,3.7378033083837794,1.2,8.0,1.2,1.8,25.0,peak,False
GBPJPY,20,35.0,1.2616106105998606,2665.6910137094674,3.2039238642188392,1.2,8.0,1.5,2.0,25.0,peak,False
GBPJPY,22,50.0,0.9472510143963181,-540.0923942318332,4.369432774016013,1.2,10.0,1.0,1.5,25.0,peak,False
GBPJPY,21,47.61904761904761,1.319908196641942,2965.5986293722235,3.7378033083837794,1.2,10.0,1.2,1.8,25.0,peak,False
GBPJPY,20,35.0,1.2616106105998606,2665.6910137094674,3.2039238642188392,1.2,10.0,1.5,2.0,25.0,peak,False
GBPJPY,22,50.0,0.9472510143963181,-540.0923942318332,4.369432774016013,1.2,12.0,1.0,1.5,25.0,peak,False
GBPJPY,21,47.61904761904761,1.319908196641942,2965.5986293722235,3.7378033083837794,1.2,12.0,1.2,1.8,25.0,peak,False
GBPJPY,20,35.0,1.2616106105998606,2665.6910137094674,3.2039238642188392,1.2,12.0,1.5,2.0,25.0,peak,False
GBPJPY,22,50.0,0.9472510143963181,-540.0923942318332,4.369432774016013,1.2,15.0,1.0,1.5,25.0,peak,False
GBPJPY,21,47.61904761904761,1.319908196641942,2965.5986293722235,3.7378033083837794,1.2,15.0,1.2,1.8,25.0,peak,False
GBPJPY,20,35.0,1.2616106105998606,2665.6910137094674,3.2039238642188392,1.2,15.0,1.5,2.0,25.0,peak,False
GBPJPY,20,45.0,1.291446920633492,2466.3481832659454,4.05215709609905,1.5,8.0,1.0,1.5,25.0,peak,False
GBPJPY,19,31.57894736842105,1.0346105586157877,349.32781550256186,3.6973914478123473,1.5,8.0,1.2,1.8,25.0,peak,False
GBPJPY,19,31.57894736842105,1.2002677750542128,2021.322601344582,3.4151416018795624,1.5,8.0,1.5,2.0,25.0,peak,False
GBPJPY,20,45.0,1.291446920633492,2466.3481832659454,4.05215709609905,1.5,10.0,1.0,1.5,25.0,peak,False
GBPJPY,19,31.57894736842105,1.0346105586157877,349.32781550256186,3.6973914478123473,1.5,10.0,1.2,1.8,25.0,peak,False
GBPJPY,19,31.57894736842105,1.2002677750542128,2021.322601344582,3.4151416018795624,1.5,10.0,1.5,2.0,25.0,peak,False
GBPJPY,20,45.0,1.291446920633492,2466.3481832659454,4.05215709609905,1.5,12.0,1.0,1.5,25.0,peak,False
GBPJPY,19,31.57894736842105,1.0346105586157877,349.32781550256186,3.6973914478123473,1.5,12.0,1.2,1.8,25.0,peak,False
GBPJPY,19,31.57894736842105,1.2002677750542128,2021.322601344582,3.4151416018795624,1.5,12.0,1.5,2.0,25.0,peak,False
GBPJPY,20,45.0,1.291446920633492,2466.3481832659454,4.05215709609905,1.5,15.0,1.0,1.5,25.0,peak,False
GBPJPY,19,31.57894736842105,1.0346105586157877,349.32781550256186,3.6973914478123473,1.5,15.0,1.2,1.8,25.0,peak,False
GBPJPY,19,31.57894736842105,1.2002677750542128,2021.322601344582,3.4151416018795624,1.5,15.0,1.5,2.0,25.0,peak,False
GBPJPY,19,31.57894736842105,1.1301073248390467,1049.3636795455386,3.062102014413916,1.8,8.0,1.0,1.5,25.0,peak,False
GBPJPY,19,31.57894736842105,1.297163407741835,2396.7476121488726,2.9756773534833902,1.8,8.0,1.2,1.8,25.0,peak,False
GBPJPY,19,31.57894736842105,1.409179402044168,3300.203622788744,3.0241881032390507,1.8,8.0,1.5,2.0,25.0,peak,False
GBPJPY,19,31.57894736842105,1.1301073248390467,1049.3636795455386,3.062102014413916,1.8,10.0,1.0,1.5,25.0,peak,False
GBPJPY,19,31.57894736842105,1.297163407741835,2396.7476121488726,2.9756773534833902,1.8,10.0,1.2,1.8,25.0,peak,False
GBPJPY,19,31.57894736842105,1.409179402044168,3300.203622788744,3.0241881032390507,1.8,10.0,1.5,2.0,25.0,peak,False
GBPJPY,19,31.57894736842105,1.1301073248390467,1049.3636795455386,3.062102014413916,1.8,12.0,1.0,1.5,25.0,peak,False
GBPJPY,19,31.57894736842105,1.297163407741835,2396.7476121488726,2.9756773534833902,1.8,12.0,1.2,1.8,25.0,peak,False
GBPJPY,19,31.57894736842105,1.409179402044168,3300.203622788744,3.0241881032390507,1.8,12.0,1.5,2.0,25.0,peak,False
GBPJPY,19,31.57894736842105,1.1301073248390467,1049.3636795455386,3.062102014413916,1.8,15.0,1.0,1.5,25.0,peak,False
GBPJPY,19,31.57894736842105,1.297163407741835,2396.7476121488726,2.9756773534833902,1.8,15.0,1.2,1.8,25.0,peak,False
GBPJPY,19,31.57894736842105,1.409179402044168,3300.203622788744,3.0241881032390507,1.8,15.0,1.5,2.0,25.0,peak,False
GBPJPY,10,60.0,1.793832981641225,2390.236682356961,0.9906036934603393,1.0,8.0,1.0,1.5,25.0,peak,True
GBPJPY,9,55.55555555555556,1.2782273223881284,837.7444215420983,1.4050488804904946,1.0,8.0,1.2,1.8,25.0,peak,True
GBPJPY,6,50.0,3.7297508199078115,2827.7824012578785,1.003750161033563,1.0,8.0,1.5,2.0,25.0,peak,True
GBPJPY,10,60.0,1.793832981641225,2390.236682356961,0.9906036934603393,1.0,10.0,1.0,1.5,25.0,peak,True
GBPJPY,9,55.55555555555556,1.2782273223881284,837.7444215420983,1.4050488804904946,1.0,10.0,1.2,1.8,25.0,peak,True
GBPJPY,6,50.0,3.7297508199078115,2827.7824012578785,1.003750161033563,1.0,10.0,1.5,2.0,25.0,peak,True
GBPJPY,10,60.0,1.793832981641225,2390.236682356961,0.9906036934603393,1.0,12.0,1.0,1.5,25.0,peak,True
GBPJPY,9,55.55555555555556,1.2782273223881284,837.7444215420983,1.4050488804904946,1.0,12.0,1.2,1.8,25.0,peak,True
GBPJPY,6,50.0,3.7297508199078115,2827.7824012578785,1.003750161033563,1.0,12.0,1.5,2.0,25.0,peak,True
GBPJPY,10,60.0,1.781276662054303,2372.6805954283627,1.015586174523166,1.0,15.0,1.0,1.5,25.0,peak,True
GBPJPY,9,55.55555555555556,1.2706225984507953,821.8612166658859,1.4302524985652834,1.0,15.0,1.2,1.8,25.0,peak,True
GBPJPY,6,50.0,3.6777827645520635,2813.14468330027,1.0179361584499056,1.0,15.0,1.5,2.0,25.0,peak,True
GBPJPY,9,55.55555555555556,1.2166840536101144,649.9290277895634,1.456969003161572,1.2,8.0,1.0,1.5,25.0,peak,True
GBPJPY,7,57.14285714285714,4.678609925908466,3594.1223383789475,0.0002913705167250794,1.2,8.0,1.2,1.8,25.0,peak,True
GBPJPY,4,50.0,5656.607353462515,2262.242941385004,0.00029336254641630107,1.2,8.0,1.5,2.0,25.0,peak,True
GBPJPY,9,55.55555555555556,1.2166840536101144,649.9290277895634,1.456969003161572,1.2,10.0,1.0,1.5,25.0,peak,True
GBPJPY,7,57.14285714285714,4.678609925908466,3594.1223383789475,0.0002913705167250794,1.2,10.0,1.2,1.8,25.0,peak,True
GBPJPY,4,50.0,5656.607353462515,2262.242941385004,0.00029336254641630107,1.2,10.0,1.5,2.0,25.0,peak,True
GBPJPY,9,55.55555555555556,1.2166840536101144,649.9290277895634,1.456969003161572,1.2,12.0,1.0,1.5,25.0,peak,True
GBPJPY,7,57.14285714285714,4.678609925908466,3594.1223383789475,0.0002913705167250794,1.2,12.0,1.2,1.8,25.0,peak,True
GBPJPY,4,50.0,5656.607353462515,2262.242941385004,0.00029336254641630107,1.2,12.0,1.5,2.0,25.0,peak,True
GBPJPY,9,55.55555555555556,1.2166840536101144,649.9290277895634,1.456969003161572,1.2,15.0,1.0,1.5,25.0,peak,True
GBPJPY,7,57.14285714285714,4.678609925908466,3594.1223383789475,0.0002913705167250794,1.2,15.0,1.2,1.8,25.0,peak,True
GBPJPY,4,50.0,5656.607353462515,2262.242941385004,0.00029336254641630107,1.2,15.0,1.5,2.0,25.0,peak,True
GBPJPY,6,50.0,6719.282310966593,3023.2270399349654,0.0002441688738839578,1.5,8.0,1.0,1.5,25.0,peak,True
GBPJPY,4,50.0,5339.122689671431,1868.3429413849954,0.0002454142074425722,1.5,8.0,1.2,1.8,25.0,peak,True
GBPJPY,3,33.33333333333333,4071.510504946143,1424.6786767311423,0.0002464877257117114,1.5,8.0,1.5,2.0,25.0,peak,True
GBPJPY,6,50.0,6719.282310966593,3023.2270399349654,0.0002441688738839578,1.5,10.0,1.0,1.5,25.0,peak,True
GBPJPY,4,50.0,5339.122689671431,1868.3429413849954,0.0002454142074425722,1.5,10.0,1.2,1.8,25.0,peak,True
GBPJPY,3,33.33333333333333,4071.510504946143,1424.6786767311423,0.0002464877257117114,1.5,10.0,1.5,2.0,25.0,peak,True
GBPJPY,6,50.0,6719.282310966593,3023.2270399349654,0.0002441688738839578,1.5,12.0,1.0,1.5,25.0,peak,True
GBPJPY,4,50.0,5339.122689671431,1868.3429413849954,0.0002454142074425722,1.5,12.0,1.2,1.8,25.0,peak,True
GBPJPY,3,33.33333333333333,4071.510504946143,1424.6786767311423,0.0002464877257117114,1.5,12.0,1.5,2.0,25.0,peak,True
GBPJPY,6,50.0,6719.282310966593,3023.2270399349654,0.0002441688738839578,1.5,15.0,1.0,1.5,25.0,peak,True
GBPJPY,4,50.0,5339.122689671431,1868.3429413849954,0.0002454142074425722,1.5,15.0,1.2,1.8,25.0,peak,True
GBPJPY,3,33.33333333333333,4071.510504946143,1424.6786767311423,0.0002464877257117114,1.5,15.0,1.5,2.0,25.0,peak,True
GBPJPY,4,50.0,4854.238235641733,1455.9714706925151,0.00019712945709706304,1.8,8.0,1.0,1.5,25.0,peak,True
GBPJPY,3,33.33333333333333,2962.8858827699023,888.5657648309716,0.00019823812738802287,1.8,8.0,1.2,1.8,25.0,peak,True
GBPJPY,3,33.33333333333333,2626.3333333333694,787.6000000000058,0.00019843671556640932,1.8,8.0,1.5,2.0,25.0,peak,True
GBPJPY,4,50.0,4854.238235641733,1455.9714706925151,0.00019712945709706304,1.8,10.0,1.0,1.5,25.0,peak,True
GBPJPY,3,33.33333333333333,2962.8858827699023,888.5657648309716,0.00019823812738802287,1.8,10.0,1.2,1.8,25.0,peak,True
GBPJPY,3,33.33333333333333,2626.3333333333694,787.6000000000058,0.00019843671556640932,1.8,10.0,1.5,2.0,25.0,peak,True
GBPJPY,4,50.0,4854.238235641733,1455.9714706925151,0.00019712945709706304,1.8,12.0,1.0,1.5,25.0,peak,True
GBPJPY,3,33.33333333333333,2962.8858827699023,888.5657648309716,0.00019823812738802287,1.8,12.0,1.2,1.8,25.0,peak,True
GBPJPY,3,33.33333333333333,2626.3333333333694,787.6000000000058,0.00019843671556640932,1.8,12.0,1.5,2.0,25.0,peak,True
GBPJPY,4,50.0,4854.238235641733,1455.9714706925151,0.00019712945709706304,1.8,15.0,1.0,1.5,25.0,peak,True
GBPJPY,3,33.33333333333333,2962.8858827699023,888.5657648309716,0.00019823812738802287,1.8,15.0,1.2,1.8,25.0,peak,True
GBPJPY,3,33.33333333333333,2626.3333333333694,787.6000000000058,0.00019843671556640932,1.8,15.0,1.5,2.0,25.0,peak,True
GBPJPY,12,50.0,0.9655040602848813,-177.24019144766498,2.4042546693700424,1.0,8.0,1.0,1.5,30.0,peak,False
GBPJPY,12,50.0,1.1518006704134267,779.9520786546636,2.290203512823776,1.0,8.0,1.2,1.8,30.0,peak,False
GBPJPY,11,36.36363636363637,1.12233858339717,636.7360828905948,2.218744524986085,1.0,8.0,1.5,2.0,30.0,peak,False
GBPJPY,12,50.0,0.9655040602848813,-177.24019144766498,2.4042546693700424,1.0,10.0,1.0,1.5,30.0,peak,False
GBPJPY,12,50.0,1.1518006704134267,779.9520786546636,2.290203512823776,1.0,10.0,1.2,1.8,30.0,peak,False
GBPJPY,11,36.36363636363637,1.12233858339717,636.7360828905948,2.218744524986085,1.0,10.0,1.5,2.0,30.0,peak,False
GBPJPY,12,50.0,0.9655040602848813,-177.24019144766498,2.4042546693700424,1.0,12.0,1.0,1.5,30.0,peak,False
GBPJPY,12,50.0,1.1518006704134267,779.9520786546636,2.290203512823776,1.0,12.0,1.2,1.8,30.0,peak,False
GBPJPY,11,36.36363636363637,1.12233858339717,636.7360828905948,2.218744524986085,1.0,12.0,1.5,2.0,30.0,peak,False
GBPJPY,12,50.0,0.9622774556045954,-194.79627837626322,2.4293982169960286,1.0,15.0,1.0,1.5,30.0,peak,False
GBPJPY,12,50.0,1.1479628987397112,764.0688737784512,2.315109074012922,1.0,15.0,1.2,1.8,30.0,peak,False
GBPJPY,11,36.36363636363637,1.1136602656888586,596.1778677428956,2.258151935752097,1.0,15.0,1.5,2.0,30.0,peak,False
GBPJPY,12,50.0,1.073475196918661,379.6471474968712,2.5106922332993764,1.2,8.0,1.0,1.5,30.0,peak,False
GBPJPY,11,45.45454545454545,1.5120028994885129,2149.5166208202863,1.4840693371049893,1.2,8.0,1.2,1.8,30.0,peak,False
GBPJPY,10,30.0,1.4559268660700537,1893.0702466845105,1.9476249704583968,1.2,8.0,1.5,2.0,30.0,peak,False
GBPJPY,12,50.0,1.073475196918661,379.6471474968712,2.5106922332993764,1.2,10.0,1.0,1.5,30.0,peak,False
GBPJPY,11,45.45454545454545,1.5120028994885129,2149.5166208202863,1.4840693371049893,1.2,10.0,1.2,1.8,30.0,peak,False
GBPJPY,10,30.0,1.4559268660700537,1893.0702466845105,1.9476249704583968,1.2,10.0,1.5,2.0,30.0,peak,False
GBPJPY,12,50.0,1.073475196918661,379.6471474968712,2.5106922332993764,1.2,12.0,1.0,1.5,30.0,peak,False
GBPJPY,11,45.45454545454545,1.5120028994885129,2149.5166208202863,1.4840693371049893,1.2,12.0,1.2,1.8,30.0,peak,False
GBPJPY,10,30.0,1.4559268660700537,1893.0702466845105,1.9476249704583968,1.2,12.0,1.5,2.0,30.0,peak,False
GBPJPY,12,50.0,1.073475196918661,379.6471474968712,2.5106922332993764,1.2,15.0,1.0,1.5,30.0,peak,False
GBPJPY,11,45.45454545454545,1.5120028994885129,2149.5166208202863,1.4840693371049893,1.2,15.0,1.2,1.8,30.0,peak,False
GBPJPY,10,30.0,1.4559268660700537,1893.0702466845105,1.9476249704583968,1.2,15.0,1.5,2.0,30.0,peak,False
GBPJPY,10,40.0,1.8529978746798785,2700.5902846617537,1.5201530760203248,1.5,8.0,1.0,1.5,30.0,peak,False
GBPJPY,9,22.22222222222222,1.1901474340686866,797.815828544859,2.010054760786051,1.5,8.0,1.2,1.8,30.0,peak,False
GBPJPY,9,22.22222222222222,1.365183558770063,1532.2280047484528,1.995805625674145,1.5,8.0,1.5,2.0,30.0,peak,False
GBPJPY,10,40.0,1.8529978746798785,2700.5902846617537,1.5201530760203248,1.5,10.0,1.0,1.5,30.0,peak,False
GBPJPY,9,22.22222222222222,1.1901474340686866,797.815828544859,2.010054760786051,1.5,10.0,1.2,1.8,30.0,peak,False
GBPJPY,9,22.22222222222222,1.365183558770063,1532.2280047484528,1.995805625674145,1.5,10.0,1.5,2.0,30.0,peak,False
GBPJPY,10,40.0,1.8529978746798785,2700.5902846617537,1.5201530760203248,1.5,12.0,1.0,1.5,30.0,peak,False
GBPJPY,9,22.22222222222222,1.1901474340686866,797.815828544859,2.010054760786051,1.5,12.0,1.2,1.8,30.0,peak,False
GBPJPY,9,22.22222222222222,1.365183558770063,1532.2280047484528,1.995805625674145,1.5,12.0,1.5,2.0,30.0,peak,False
GBPJPY,10,40.0,1.8529978746798785,2700.5902846617537,1.5201530760203248,1.5,15.0,1.0,1.5,30.0,peak,False
GBPJPY,9,22.22222222222222,1.1901474340686866,797.815828544859,2.010054760786051,1.5,15.0,1.2,1.8,30.0,peak,False
GBPJPY,9,22.22222222222222,1.365183558770063,1532.2280047484528,1.995805625674145,1.5,15.0,1.5,2.0,30.0,peak,False
GBPJPY,9,22.22222222222222,1.6816894685775972,2024.2014142613625,1.0226580228071418,1.8,8.0,1.0,1.5,30.0,peak,False
GBPJPY,9,22.22222222222222,1.9346566840334969,2775.3595572147024,1.0152595675263663,1.8,8.0,1.2,1.8,30.0,peak,False
GBPJPY,9,22.22222222222222,1.9909805833791043,2942.6071412942692,1.0136268269232422,1.8,8.0,1.5,2.0,30.0,peak,False
GBPJPY,9,22.22222222222222,1.6816894685775972,2024.2014142613625,1.0226580228071418,1.8,10.0,1.0,1.5,30.0,peak,False
GBPJPY,9,22.22222222222222,1.9346566840334969,2775.3595572147024,1.0152595675263663,1.8,10.0,1.2,1.8,30.0,peak,False
GBPJPY,9,22.22222222222222,1.9909805833791043,2942.6071412942692,1.0136268269232422,1.8,10.0,1.5,2.0,30.0,peak,False
GBPJPY,9,22.22222222222222,1.6816894685775972,2024.2014142613625,1.0226580228071418,1.8,12.0,1.0,1.5,30.0,peak,False
GBPJPY,9,22.22222222222222,1.9346566840334969,2775.3595572147024,1.0152595675263663,1.8,12.0,1.2,1.8,30.0,peak,False
GBPJPY,9,22.22222222222222,1.9909805833791043,2942.6071412942692,1.0136268269232422,1.8,12.0,1.5,2.0,30.0,peak,False
GBPJPY,9,22.22222222222222,1.6816894685775972,2024.2014142613625,1.0226580228071418,1.8,15.0,1.0,1.5,30.0,peak,False
GBPJPY,9,22.22222222222222,1.9346566840334969,2775.3595572147024,1.0152595675263663,1.8,15.0,1.2,1.8,30.0,peak,False
GBPJPY,9,22.22222222222222,1.9909805833791043,2942.6071412942692,1.0136268269232422,1.8,15.0,1.5,2.0,30.0,peak,False
GBPJPY,5,40.0,0.563974217605802,-869.2782594504824,1.9713761642794356,1.0,8.0,1.0,1.5,30.0,peak,True
GBPJPY,5,40.0,0.6679861295779836,-661.9159945292922,1.9673419939784391,1.0,8.0,1.2,1.8,30.0,peak,True
GBPJPY,3,0.0,0.0,-1035.9122820424382,1.0358133178557356,1.0,8.0,1.5,2.0,30.0,peak,True
GBPJPY,5,40.0,0.563974217605802,-869.2782594504824,1.9713761642794356,1.0,10.0,1.0,1.5,30.0,peak,True
GBPJPY,5,40.0,0.6679861295779836,-661.9159945292922,1.9673419939784391,1.0,10.0,1.2,1.8,30.0,peak,True
GBPJPY,3,0.0,0.0,-1035.9122820424382,1.0358133178557356,1.0,10.0,1.5,2.0,30.0,peak,True
GBPJPY,5,40.0,0.563974217605802,-869.2782594504824,1.9713761642794356,1.0,12.0,1.0,1.5,30.0,peak,True
GBPJPY,5,40.0,0.6679861295779836,-661.9159945292922,1.9673419939784391,1.0,12.0,1.2,1.8,30.0,peak,True
GBPJPY,3,0.0,0.0,-1035.9122820424382,1.0358133178557356,1.0,12.0,1.5,2.0,30.0,peak,True
GBPJPY,5,40.0,0.5608774630604331,-886.8343463790807,1.9968433199206321,1.0,15.0,1.0,1.5,30.0,peak,True
GBPJPY,5,40.0,0.6643827506300415,-677.7991994055046,1.9927244764634537,1.0,15.0,1.2,1.8,30.0,peak,True
GBPJPY,3,0.0,0.0,-1050.5500000000466,1.050451050451091,1.0,15.0,1.5,2.0,30.0,peak,True
GBPJPY,5,40.0,0.5706364861294293,-868.5160858166928,1.9996197291913855,1.2,8.0,1.0,1.5,30.0,peak,True
GBPJPY,3,33.33333333333333,1657.3826455246713,662.5530582098581,0.00029802453525674526,1.2,8.0,1.2,1.8,30.0,peak,True
GBPJPY,3,33.33333333333333,1624.750000000085,649.5000000000291,0.0003974171857187449,1.2,8.0,1.5,2.0,30.0,peak,True
GBPJPY,5,40.0,0.5706364861294293,-868.5160858166928,1.9996197291913855,1.2,10.0,1.0,1.5,30.0,peak,True
GBPJPY,3,33.33333333333333,1657.3826455246713,662.5530582098581,0.00029802453525674526,1.2,10.0,1.2,1.8,30.0,peak,True
GBPJPY,3,33.33333333333333,1624.750000000085,649.5000000000291,0.0003974171857187449,1.2,10.0,1.5,2.0,30.0,peak,True
GBPJPY,5,40.0,0.5706364861294293,-868.5160858166928,1.9996197291913855,1.2,12.0,1.0,1.5,30.0,peak,True
GBPJPY,3,33.33333333333333,1657.3826455246713,662.5530582098581,0.00029802453525674526,1.2,12.0,1.2,1.8,30.0,peak,True
GBPJPY,3,33.33333333333333,1624.750000000085,649.5000000000291,0.0003974171857187449,1.2,12.0,1.5,2.0,30.0,peak,True
GBPJPY,5,40.0,0.5706364861294293,-868.5160858166928,1.9996197291913855,1.2,15.0,1.0,1.5,30.0,peak,True
GBPJPY,3,33.33333333333333,1657.3826455246713,662.5530582098581,0.00029802453525674526,1.2,15.0,1.2,1.8,30.0,peak,True
GBPJPY,3,33.33333333333333,1624.750000000085,649.5000000000291,0.0003974171857187449,1.2,15.0,1.5,2.0,30.0,peak,True
GBPJPY,3,0.0,0.0,-0.45000000001164153,0.00035000034999161885,1.5,8.0,1.0,1.5,30.0,peak,True
GBPJPY,3,33.33333333333333,1856.8571428572404,649.550000000032,0.0003477400375020945,1.5,8.0,1.2,1.8,30.0,peak,True
GBPJPY,2,0.0,0.0,-0.35000000000582077,0.00025000025000025,1.5,8.0,1.5,2.0,30.0,peak,True
GBPJPY,3,0.0,0.0,-0.45000000001164153,0.00035000034999161885,1.5,10.0,1.0,1.5,30.0,peak,True
GBPJPY,3,33.33333333333333,1856.8571428572404,649.550000000032,0.0003477400375020945,1.5,10.0,1.2,1.8,30.0,peak,True
GBPJPY,2,0.0,0.0,-0.35000000000582077,0.00025000025000025,1.5,10.0,1.5,2.0,30.0,peak,True
GBPJPY,3,0.0,0.0,-0.45000000001164153,0.00035000034999161885,1.5,12.0,1.0,1.5,30.0,peak,True
GBPJPY,3,33.33333333333333,1856.8571428572404,649.550000000032,0.0003477400375020945,1.5,12.0,1.2,1.8,30.0,peak,True
GBPJPY,2,0.0,0.0,-0.35000000000582077,0.00025000025000025,1.5,12.0,1.5,2.0,30.0,peak,True
GBPJPY,3,0.0,0.0,-0.45000000001164153,0.00035000034999161885,1.5,15.0,1.0,1.5,30.0,peak,True
GBPJPY,3,33.33333333333333,1856.8571428572404,649.550000000032,0.0003477400375020945,1.5,15.0,1.2,1.8,30.0,peak,True
GBPJPY,2,0.0,0.0,-0.35000000000582077,0.00025000025000025,1.5,15.0,1.5,2.0,30.0,peak,True
GBPJPY,3,33.33333333333333,2166.3333333334467,649.6000000000349,0.00029806288928544415,1.8,8.0,1.0,1.5,30.0,peak,True
GBPJPY,2,0.0,0.0,-0.3000000000029104,0.00020000019999728963,1.8,8.0,1.2,1.8,30.0,peak,True
GBPJPY,2,0.0,0.0,-0.3000000000029104,0.00020000019999728963,1.8,8.0,1.5,2.0,30.0,peak,True
GBPJPY,3,33.33333333333333,2166.3333333334467,649.6000000000349,0.00029806288928544415,1.8,10.0,1.0,1.5,30.0,peak,True
GBPJPY,2,0.0,0.0,-0.3000000000029104,0.00020000019999728963,1.8,10.0,1.2,1.8,30.0,peak,True
GBPJPY,2,0.0,0.0,-0.3000000000029104,0.00020000019999728963,1.8,10.0,1.5,2.0,30.0,peak,True
GBPJPY,3,33.33333333333333,2166.3333333334467,649.6000000000349,0.00029806288928544415,1.8,12.0,1.0,1.5,30.0,peak,True
GBPJPY,2,0.0,0.0,-0.3000000000029104,0.00020000019999728963,1.8,12.0,1.2,1.8,30.0,peak,True
GBPJPY,2,0.0,0.0,-0.3000000000029104,0.00020000019999728963,1.8,12.0,1.5,2.0,30.0,peak,True
GBPJPY,3,33.33333333333333,2166.3333333334467,649.6000000000349,0.00029806288928544415,1.8,15.0,1.0,1.5,30.0,peak,True
GBPJPY,2,0.0,0.0,-0.3000000000029104,0.00020000019999728963,1.8,15.0,1.2,1.8,30.0,peak,True
GBPJPY,2,0.0,0.0,-0.3000000000029104,0.00020000019999728963,1.8,15.0,1.5,2.0,30.0,peak,True
GBPJPY,50,42.0,0.73286256042974,-7196.703974758711,7.699210112896647,1.0,8.0,1.0,1.5,15.0,full,False
GBPJPY,49,40.816326530612244,0.7623735254430721,-6191.58245214411,7.279019440669023,1.0,8.0,1.2,1.8,15.0,full,False
GBPJPY,48,37.5,0.8713744550987746,-3419.31580665597,7.6553299816614055,1.0,8.0,1.5,2.0,15.0,full,False
GBPJPY,50,42.0,0.73286256042974,-7196.703974758711,7.699210112896647,1.0,10.0,1.0,1.5,15.0,full,False
GBPJPY,49,40.816326530612244,0.7623735254430721,-6191.58245214411,7.279019440669023,1.0,10.0,1.2,1.8,15.0,full,False
GBPJPY,48,37.5,0.8713744550987746,-3419.31580665597,7.6553299816614055,1.0,10.0,1.5,2.0,15.0,full,False
GBPJPY,50,42.0,0.73286256042974,-7196.703974758711,7.699210112896647,1.0,12.0,1.0,1.5,15.0,full,False
GBPJPY,49,40.816326530612244,0.7623735254430721,-6191.58245214411,7.279019440669023,1.0,12.0,1.2,1.8,15.0,full,False
GBPJPY,48,37.5,0.8713744550987746,-3419.31580665597,7.6553299816614055,1.0,12.0,1.5,2.0,15.0,full,False
GBPJPY,50,42.0,0.7351578399486092,-7037.6326548961515,7.491348067447404,1.0,15.0,1.0,1.5,15.0,full,False
GBPJPY,49,40.816326530612244,0.7323253268503862,-6952.3227958348725,7.31354990044395,1.0,15.0,1.2,1.8,15.0,full,False
GBPJPY,48,37.5,0.8591486498922855,-3754.339454678775,7.8874020026519265,1.0,15.0,1.5,2.0,15.0,full,False
GBPJPY,47,44.680851063829785,0.7111266098246496,-6954.712357383367,7.432963862979808,1.2,8.0,1.0,1.5,15.0,full,False
GBPJPY,46,41.30434782608695,0.905572567945733,-2239.600848346905,5.040418238275352,1.2,8.0,1.2,1.8,15.0,full,False
GBPJPY,45,33.33333333333333,0.9134097921669055,-2114.7161598714592,5.048469822633341,1.2,8.0,1.5,2.0,15.0,full,False
GBPJPY,47,44.680851063829785,0.7111266098246496,-6954.712357383367,7.432963862979808,1.2,10.0,1.0,1.5,15.0,full,False
GBPJPY,46,41.30434782608695,0.905572567945733,-2239.600848346905,5.040418238275352,1.2,10.0,1.2,1.8,15.0,full,False
GBPJPY,45,33.33333333333333,0.9134097921669055,-2114.7161598714592,5.048469822633341,1.2,10.0,1.5,2.0,15.0,full,False
GBPJPY,47,44.680851063829785,0.7111266098246496,-6954.712357383367,7.432963862979808,1.2,12.0,1.0,1.5,15.0,full,False
GBPJPY,46,41.30434782608695,0.905572567945733,-2239.600848346905,5.040418238275352,1.2,12.0,1.2,1.8,15.0,full,False
GBPJPY,45,33.33333333333333,0.9134097921669055,-2114.7161598714592,5.048469822633341,1.2,12.0,1.5,2.0,15.0,full,False
GBPJPY,47,44.680851063829785,0.7111266098246496,-6954.712357383367,7.432963862979808,1.2,15.0,1.0,1.5,15.0,full,False
GBPJPY,46,41.30434782608695,0.905572567945733,-2239.600848346905,5.040418238275352,1.2,15.0,1.2,1.8,15.0,full,False
GBPJPY,45,33.33333333333333,0.9134097921669055,-2114.7161598714592,5.048469822633341,1.2,15.0,1.5,2.0,15.0,full,False
GBPJPY,41,43.90243902439025,1.0047017301833747,86.92656126154179,3.9578638955602106,1.5,8.0,1.0,1.5,15.0,full,False
GBPJPY,40,35.0,0.8829707494758084,-2390.1175293101405,5.6215843479159355,1.5,8.0,1.2,1.8,15.0,full,False
GBPJPY,40,30.0,0.9588347288516454,-849.9681298842916,6.605274984314429,1.5,8.0,1.5,2.0,15.0,full,False
GBPJPY,41,43.90243902439025,1.0047017301833747,86.92656126154179,3.9578638955602106,1.5,10.0,1.0,1.5,15.0,full,False
GBPJPY,40,35.0,0.8829707494758084,-2390.1175293101405,5.6215843479159355,1.5,10.0,1.2,1.8,15.0,full,False
GBPJPY,40,30.0,0.9588347288516454,-849.9681298842916,6.605274984314429,1.5,10.0,1.5,2.0,15.0,full,False
GBPJPY,41,43.90243902439025,1.0047017301833747,86.92656126154179,3.9578638955602106,1.5,12.0,1.0,1.5,15.0,full,False
GBPJPY,40,35.0,0.8829707494758084,-2390.1175293101405,5.6215843479159355,1.5,12.0,1.2,1.8,15.0,full,False
GBPJPY,40,30.0,0.9588347288516454,-849.9681298842916,6.605274984314429,1.5,12.0,1.5,2.0,15.0,full,False
GBPJPY,41,43.90243902439025,1.0047017301833747,86.92656126154179,3.9578638955602106,1.5,15.0,1.0,1.5,15.0,full,False
GBPJPY,40,35.0,0.8829707494758084,-2390.1175293101405,5.6215843479159355,1.5,15.0,1.2,1.8,15.0,full,False
GBPJPY,40,30.0,0.9588347288516454,-849.9681298842916,6.605274984314429,1.5,15.0,1.5,2.0,15.0,full,False
GBPJPY,39,35.8974358974359,0.945994500326858,-904.8134438981942,6.496100707388615,1.8,8.0,1.0,1.5,15.0,full,False
GBPJPY,39,33.33333333333333,1.0126569706881317,215.67708251162549,6.283192446373458,1.8,8.0,1.2,1.8,15.0,full,False
GBPJPY,38,28.947368421052634,1.0603536075468138,982.1266012858687,6.53034631207311,1.8,8.0,1.5,2.0,15.0,full,False
GBPJPY,39,35.8974358974359,0.945994500326858,-904.8134438981942,6.496100707388615,1.8,10.0,1.0,1.5,15.0,full,False
GBPJPY,39,33.33333333333333,1.0126569706881317,215.67708251162549,6.283192446373458,1.8,10.0,1.2,1.8,15.0,full,False
GBPJPY,38,28.947368421052634,1.0603536075468138,982.1266012858687,6.53034631207311,1.8,10.0,1.5,2.0,15.0,full,False
GBPJPY,39,35.8974358974359,0.945994500326858,-904.8134438981942,6.496100707388615,1.8,12.0,1.0,1.5,15.0,full,False
GBPJPY,39,33.33333333333333,1.0126569706881317,215.67708251162549,6.283192446373458,1.8,12.0,1.2,1.8,15.0,full,False
GBPJPY,38,28.947368421052634,1.0603536075468138,982.1266012858687,6.53034631207311,1.8,12.0,1.5,2.0,15.0,full,False
GBPJPY,39,35.8974358974359,0.945994500326858,-904.8134438981942,6.496100707388615,1.8,15.0,1.0,1.5,15.0,full,False
GBPJPY,39,33.33333333333333,1.0126569706881317,215.67708251162549,6.283192446373458,1.8,15.0,1.2,1.8,15.0,full,False
GBPJPY,38,28.947368421052634,1.0603536075468138,982.1266012858687,6.53034631207311,1.8,15.0,1.5,2.0,15.0,full,False
GBPJPY,22,45.45454545454545,0.853021929211193,-1566.3676866323076,3.500014593023198,1.0,8.0,1.0,1.5,15.0,full,True
GBPJPY,20,45.0,0.7545389128546368,-2385.2197079211473,3.4367143114005008,1.0,8.0,1.2,1.8,15.0,full,True
GBPJPY,14,35.714285714285715,0.8176281749605362,-1238.145860289238,3.3324267447669227,1.0,8.0,1.5,2.0,15.0,full,True
GBPJPY,22,45.45454545454545,0.853021929211193,-1566.3676866323076,3.500014593023198,1.0,10.0,1.0,1.5,15.0,full,True
GBPJPY,20,45.0,0.7545389128546368,-2385.2197079211473,3.4367143114005008,1.0,10.0,1.2,1.8,15.0,full,True
GBPJPY,14,35.714285714285715,0.8176281749605362,-1238.145860289238,3.3324267447669227,1.0,10.0,1.5,2.0,15.0,full,True
GBPJPY,22,45.45454545454545,0.853021929211193,-1566.3676866323076,3.500014593023198,1.0,12.0,1.0,1.5,15.0,full,True
GBPJPY,20,45.0,0.7545389128546368,-2385.2197079211473,3.4367143114005008,1.0,12.0,1.2,1.8,15.0,full,True
GBPJPY,14,35.714285714285715,0.8176281749605362,-1238.145860289238,3.3324267447669227,1.0,12.0,1.5,2.0,15.0,full,True
GBPJPY,22,45.45454545454545,0.8430154489382711,-1694.4242574599193,3.500014593023198,1.0,15.0,1.0,1.5,15.0,full,True
GBPJPY,20,45.0,0.7535617484017545,-2401.1029127973597,3.4367143114005008,1.0,15.0,1.2,1.8,15.0,full,True
GBPJPY,14,35.714285714285715,0.8158691183997957,-1252.7835782468464,3.3324267447669227,1.0,15.0,1.5,2.0,15.0,full,True
GBPJPY,20,45.0,0.6405136507091682,-3415.7396484803758,3.5149116829725595,1.2,8.0,1.0,1.5,15.0,full,True
GBPJPY,16,43.75,0.9755492744509887,-163.60823636759596,2.8873186331827774,1.2,8.0,1.2,1.8,15.0,full,True
GBPJPY,11,27.27272727272727,0.4440407665361193,-3177.119163132884,5.030863176164078,1.2,8.0,1.5,2.0,15.0,full,True
GBPJPY,20,45.0,0.6405136507091682,-3415.7396484803758,3.5149116829725595,1.2,10.0,1.0,1.5,15.0,full,True
GBPJPY,16,43.75,0.9755492744509887,-163.60823636759596,2.8873186331827774,1.2,10.0,1.2,1.8,15.0,full,True
GBPJPY,11,27.27272727272727,0.4440407665361193,-3177.119163132884,5.030863176164078,1.2,10.0,1.5,2.0,15.0,full,True
GBPJPY,20,45.0,0.6405136507091682,-3415.7396484803758,3.5149116829725595,1.2,12.0,1.0,1.5,15.0,full,True
GBPJPY,16,43.75,0.9755492744509887,-163.60823636759596,2.8873186331827774,1.2,12.0,1.2,1.8,15.0,full,True
GBPJPY,11,27.27272727272727,0.4440407665361193,-3177.119163132884,5.030863176164078,1.2,12.0,1.5,2.0,15.0,full,True
GBPJPY,20,45.0,0.6405136507091682,-3415.7396484803758,3.5149116829725595,1.2,15.0,1.0,1.5,15.0,full,True
GBPJPY,16,43.75,0.9755492744509887,-163.60823636759596,2.8873186331827774,1.2,15.0,1.2,1.8,15.0,full,True
GBPJPY,11,27.27272727272727,0.4440407665361193,-3177.119163132884,5.030863176164078,1.2,15.0,1.5,2.0,15.0,full,True
GBPJPY,13,38.46153846153847,0.8978966774345271,-455.1418727499113,2.9181846443408195,1.5,8.0,1.0,1.5,15.0,full,True
GBPJPY,10,30.0,0.5192511293251407,-2142.9668224102934,3.7905576671574273,1.5,8.0,1.2,1.8,15.0,full,True
GBPJPY,6,16.666666666666664,0.5592679101143443,-1122.9964306629117,1.5382600417119787,1.5,8.0,1.5,2.0,15.0,full,True
GBPJPY,13,38.46153846153847,0.8978966774345271,-455.1418727499113,2.9181846443408195,1.5,10.0,1.0,1.5,15.0,full,True
GBPJPY,10,30.0,0.5192511293251407,-2142.9668224102934,3.7905576671574273,1.5,10.0,1.2,1.8,15.0,full,True
GBPJPY,6,16.666666666666664,0.5592679101143443,-1122.9964306629117,1.5382600417119787,1.5,10.0,1.5,2.0,15.0,full,True
GBPJPY,13,38.46153846153847,0.8978966774345271,-455.1418727499113,2.9181846443408195,1.5,12.0,1.0,1.5,15.0,full,True
GBPJPY,10,30.0,0.5192511293251407,-2142.9668224102934,3.7905576671574273,1.5,12.0,1.2,1.8,15.0,full,True
GBPJPY,6,16.666666666666664,0.5592679101143443,-1122.9964306629117,1.5382600417119787,1.5,12.0,1.5,2.0,15.0,full,True
GBPJPY,13,38.46153846153847,0.8978966774345271,-455.1418727499113,2.9181846443408195,1.5,15.0,1.0,1.5,15.0,full,True
GBPJPY,10,30.0,0.5192511293251407,-2142.9668224102934,3.7905576671574273,1.5,15.0,1.2,1.8,15.0,full,True
GBPJPY,6,16.666666666666664,0.5592679101143443,-1122.9964306629117,1.5382600417119787,1.5,15.0,1.5,2.0,15.0,full,True
GBPJPY,10,30.0,0.4575670100944998,-2254.971480456181,3.491474466502552,1.8,8.0,1.0,1.5,15.0,full,True
GBPJPY,6,16.666666666666664,0.40817517234871037,-1288.7918318236334,1.2663696430269238,1.8,8.0,1.2,1.8,15.0,full,True
GBPJPY,5,20.0,0.6278668402328481,-466.98391727745184,0.9276460769775605,1.8,8.0,1.5,2.0,15.0,full,True
GBPJPY,10,30.0,0.4575670100944998,-2254.971480456181,3.491474466502552,1.8,10.0,1.0,1.5,15.0,full,True
GBPJPY,6,16.666666666666664,0.40817517234871037,-1288.7918318236334,1.2663696430269238,1.8,10.0,1.2,1.8,15.0,full,True
GBPJPY,5,20.0,0.6278668402328481,-466.98391727745184,0.9276460769775605,1.8,10.0,1.5,2.0,15.0,full,True
GBPJPY,10,30.0,0.4575670100944998,-2254.971480456181,3.491474466502552,1.8,12.0,1.0,1.5,15.0,full,True
GBPJPY,6,16.666666666666664,0.40817517234871037,-1288.7918318236334,1.2663696430269238,1.8,12.0,1.2,1.8,15.0,full,True
GBPJPY,5,20.0,0.6278668402328481,-466.98391727745184,0.9276460769775605,1.8,12.0,1.5,2.0,15.0,full,True
GBPJPY,10,30.0,0.4575670100944998,-2254.971480456181,3.491474466502552,1.8,15.0,1.0,1.5,15.0,full,True
GBPJPY,6,16.666666666666664,0.40817517234871037,-1288.7918318236334,1.2663696430269238,1.8,15.0,1.2,1.8,15.0,full,True
GBPJPY,5,20.0,0.6278668402328481,-466.98391727745184,0.9276460769775605,1.8,15.0,1.5,2.0,15.0,full,True
GBPJPY,33,39.39393939393939,0.6670763725283715,-6079.837732368003,6.434430820923269,1.0,8.0,1.0,1.5,20.0,full,False
GBPJPY,33,39.39393939393939,0.6946414586538495,-5576.445251652753,7.078853959747923,1.0,8.0,1.2,1.8,20.0,full,False
GBPJPY,32,34.375,0.7881386304979826,-3957.660941725524,6.419452826619619,1.0,8.0,1.5,2.0,20.0,full,False
GBPJPY,33,39.39393939393939,0.6670763725283715,-6079.837732368003,6.434430820923269,1.0,10.0,1.0,1.5,20.0,full,False
GBPJPY,33,39.39393939393939,0.6946414586538495,-5576.445251652753,7.078853959747923,1.0,10.0,1.2,1.8,20.0,full,False
GBPJPY,32,34.375,0.7881386304979826,-3957.660941725524,6.419452826619619,1.0,10.0,1.5,2.0,20.0,full,False
GBPJPY,33,39.39393939393939,0.6670763725283715,-6079.837732368003,6.434430820923269,1.0,12.0,1.0,1.5,20.0,full,False
GBPJPY,33,39.39393939393939,0.6946414586538495,-5576.445251652753,7.078853959747923,1.0,12.0,1.2,1.8,20.0,full,False
GBPJPY,32,34.375,0.7881386304979826,-3957.660941725524,6.419452826619619,1.0,12.0,1.5,2.0,20.0,full,False
GBPJPY,33,39.39393939393939,0.6777654111206061,-5794.810925525468,6.434430820923269,1.0,15.0,1.0,1.5,20.0,full,False
GBPJPY,33,39.39393939393939,0.6902015543022467,-5617.654460192469,7.078853959747923,1.0,15.0,1.2,1.8,20.0,full,False
GBPJPY,32,34.375,0.7866233532407612,-3993.645160536733,6.454514684951902,1.0,15.0,1.5,2.0,20.0,full,False
GBPJPY,32,40.625,0.6386641909778676,-6194.4825356388465,7.412878007834273,1.2,8.0,1.0,1.5,20.0,full,False
GBPJPY,31,38.70967741935484,0.8463587179201824,-2598.3982890481566,6.416905491563465,1.2,8.0,1.2,1.8,20.0,full,False
GBPJPY,30,30.0,0.8504726043766286,-2641.617069033775,7.561277712509589,1.2,8.0,1.5,2.0,20.0,full,False
GBPJPY,32,40.625,0.6386641909778676,-6194.4825356388465,7.412878007834273,1.2,10.0,1.0,1.5,20.0,full,False
GBPJPY,31,38.70967741935484,0.8463587179201824,-2598.3982890481566,6.416905491563465,1.2,10.0,1.2,1.8,20.0,full,False
GBPJPY,30,30.0,0.8504726043766286,-2641.617069033775,7.561277712509589,1.2,10.0,1.5,2.0,20.0,full,False
GBPJPY,32,40.625,0.6386641909778676,-6194.4825356388465,7.412878007834273,1.2,12.0,1.0,1.5,20.0,full,False
GBPJPY,31,38.70967741935484,0.8463587179201824,-2598.3982890481566,6.416905491563465,1.2,12.0,1.2,1.8,20.0,full,False
GBPJPY,30,30.0,0.8504726043766286,-2641.617069033775,7.561277712509589,1.2,12.0,1.5,2.0,20.0,full,False
GBPJPY,32,40.625,0.6386641909778676,-6194.4825356388465,7.412878007834273,1.2,15.0,1.0,1.5,20.0,full,False
GBPJPY,31,38.70967741935484,0.8463587179201824,-2598.3982890481566,6.416905491563465,1.2,15.0,1.2,1.8,20.0,full,False
GBPJPY,30,30.0,0.8504726043766286,-2641.617069033775,7.561277712509589,1.2,15.0,1.5,2.0,20.0,full,False
GBPJPY,29,37.93103448275862,0.9086690123925996,-1276.40290955409,5.6610010420210495,1.5,8.0,1.0,1.5,20.0,full,False
GBPJPY,28,28.57142857142857,0.801468046144778,-3093.2007925421494,7.894057024752335,1.5,8.0,1.2,1.8,20.0,full,False
GBPJPY,28,28.57142857142857,0.9090731201149276,-1446.684415712487,7.936844224848927,1.5,8.0,1.5,2.0,20.0,full,False
GBPJPY,29,37.93103448275862,0.9086690123925996,-1276.40290955409,5.6610010420210495,1.5,10.0,1.0,1.5,20.0,full,False
GBPJPY,28,28.57142857142857,0.801468046144778,-3093.2007925421494,7.894057024752335,1.5,10.0,1.2,1.8,20.0,full,False
GBPJPY,28,28.57142857142857,0.9090731201149276,-1446.684415712487,7.936844224848927,1.5,10.0,1.5,2.0,20.0,full,False
GBPJPY,29,37.93103448275862,0.9086690123925996,-1276.40290955409,5.6610010420210495,1.5,12.0,1.0,1.5,20.0,full,False
GBPJPY,28,28.57142857142857,0.801468046144778,-3093.2007925421494,7.894057024752335,1.5,12.0,1.2,1.8,20.0,full,False
GBPJPY,28,28.57142857142857,0.9090731201149276,-1446.684415712487,7.936844224848927,1.5,12.0,1.5,2.0,20.0,full,False
GBPJPY,29,37.93103448275862,0.9086690123925996,-1276.40290955409,5.6610010420210495,1.5,15.0,1.0,1.5,20.0,full,False
GBPJPY,28,28.57142857142857,0.801468046144778,-3093.2007925421494,7.894057024752335,1.5,15.0,1.2,1.8,20.0,full,False
GBPJPY,28,28.57142857142857,0.9090731201149276,-1446.684415712487,7.936844224848927,1.5,15.0,1.5,2.0,20.0,full,False
GBPJPY,28,28.57142857142857,0.8055498732310592,-2583.496480948801,7.998657863606054,1.8,8.0,1.0,1.5,20.0,full,False
GBPJPY,28,28.57142857142857,0.9241590399465324,-1007.6355138751096,7.904046389863587,1.8,8.0,1.2,1.8,20.0,full,False
GBPJPY,28,28.57142857142857,0.9797005029316008,-269.70246876491,7.942401794712215,1.8,8.0,1.5,2.0,20.0,full,False
GBPJPY,28,28.57142857142857,0.8055498732310592,-2583.496480948801,7.998657863606054,1.8,10.0,1.0,1.5,20.0,full,False
GBPJPY,28,28.57142857142857,0.9241590399465324,-1007.6355138751096,7.904046389863587,1.8,10.0,1.2,1.8,20.0,full,False
GBPJPY,28,28.57142857142857,0.9797005029316008,-269.70246876491,7.942401794712215,1.8,10.0,1.5,2.0,20.0,full,False
GBPJPY,28,28.57142857142857,0.8055498732310592,-2583.496480948801,7.998657863606054,1.8,12.0,1.0,1.5,20.0,full,False
GBPJPY,28,28.57142857142857,0.9241590399465324,-1007.6355138751096,7.904046389863587,1.8,12.0,1.2,1.8,20.0,full,False
GBPJPY,28,28.57142857142857,0.9797005029316008,-269.70246876491,7.942401794712215,1.8,12.0,1.5,2.0,20.0,full,False
GBPJPY,28,28.57142857142857,0.8055498732310592,-2583.496480948801,7.998657863606054,1.8,15.0,1.0,1.5,20.0,full,False
GBPJPY,28,28.57142857142857,0.9241590399465324,-1007.6355138751096,7.904046389863587,1.8,15.0,1.2,1.8,20.0,full,False
GBPJPY,28,28.57142857142857,0.9797005029316008,-269.70246876491,7.942401794712215,1.8,15.0,1.5,2.0,20.0,full,False
GBPJPY,14,50.0,1.0459378534524237,263.5178361451108,1.6939853704907903,1.0,8.0,1.0,1.5,20.0,full,True
GBPJPY,13,46.15384615384615,0.7946446927855195,-1177.9998874811427,2.1463024744855286,1.0,8.0,1.2,1.8,20.0,full,True
GBPJPY,10,40.0,1.260149125503807,978.4998980175296,1.6761634106554772,1.0,8.0,1.5,2.0,20.0,full,True
GBPJPY,14,50.0,1.0459378534524237,263.5178361451108,1.6939853704907903,1.0,10.0,1.0,1.5,20.0,full,True
GBPJPY,13,46.15384615384615,0.7946446927855195,-1177.9998874811427,2.1463024744855286,1.0,10.0,1.2,1.8,20.0,full,True
GBPJPY,10,40.0,1.260149125503807,978.4998980175296,1.6761634106554772,1.0,10.0,1.5,2.0,20.0,full,True
GBPJPY,14,50.0,1.0459378534524237,263.5178361451108,1.6939853704907903,1.0,12.0,1.0,1.5,20.0,full,True
GBPJPY,13,46.15384615384615,0.7946446927855195,-1177.9998874811427,2.1463024744855286,1.0,12.0,1.2,1.8,20.0,full,True
GBPJPY,10,40.0,1.260149125503807,978.4998980175296,1.6761634106554772,1.0,12.0,1.5,2.0,20.0,full,True
GBPJPY,14,50.0,1.042684507228186,245.96174921651254,1.6939853704907903,1.0,15.0,1.0,1.5,20.0,full,True
GBPJPY,13,46.15384615384615,0.7928120463947678,-1193.883092357355,2.1463024744855286,1.0,15.0,1.2,1.8,20.0,full,True
GBPJPY,10,40.0,1.2552640637711034,963.8621800599212,1.6761634106554772,1.0,15.0,1.5,2.0,20.0,full,True
GBPJPY,13,46.15384615384615,0.7576013345198945,-1387.6652812337124,2.1457978399892856,1.2,8.0,1.0,1.5,20.0,full,True
GBPJPY,11,45.45454545454545,1.4563882981046283,1689.6974739819998,1.6924788841050173,1.2,8.0,1.2,1.8,20.0,full,True
GBPJPY,8,37.5,1.0755042919575966,205.80140923016006,2.7071845284364167,1.2,8.0,1.5,2.0,20.0,full,True
GBPJPY,13,46.15384615384615,0.7576013345198945,-1387.6652812337124,2.1457978399892856,1.2,10.0,1.0,1.5,20.0,full,True
GBPJPY,11,45.45454545454545,1.4563882981046283,1689.6974739819998,1.6924788841050173,1.2,10.0,1.2,1.8,20.0,full,True
GBPJPY,8,37.5,1.0755042919575966,205.80140923016006,2.7071845284364167,1.2,10.0,1.5,2.0,20.0,full,True
GBPJPY,13,46.15384615384615,0.7576013345198945,-1387.6652812337124,2.1457978399892856,1.2,12.0,1.0,1.5,20.0,full,True
GBPJPY,11,45.45454545454545,1.4563882981046283,1689.6974739819998,1.6924788841050173,1.2,12.0,1.2,1.8,20.0,full,True
GBPJPY,8,37.5,1.0755042919575966,205.80140923016006,2.7071845284364167,1.2,12.0,1.5,2.0,20.0,full,True
GBPJPY,13,46.15384615384615,0.7576013345198945,-1387.6652812337124,2.1457978399892856,1.2,15.0,1.0,1.5,20.0,full,True
GBPJPY,11,45.45454545454545,1.4563882981046283,1689.6974739819998,1.6924788841050173,1.2,15.0,1.2,1.8,20.0,full,True
GBPJPY,8,37.5,1.0755042919575966,205.80140923016006,2.7071845284364167,1.2,15.0,1.5,2.0,20.0,full,True
GBPJPY,10,40.0,1.3519265024980531,901.1400222373777,1.5258766486423456,1.5,8.0,1.0,1.5,20.0,full,True
GBPJPY,8,37.5,0.9039819547986722,-245.848590769805,2.5487765375737848,1.5,8.0,1.2,1.8,20.0,full,True
GBPJPY,5,20.0,0.937002638518311,-95.80874479902559,0.500380589433506,1.5,8.0,1.5,2.0,20.0,full,True
GBPJPY,10,40.0,1.3519265024980531,901.1400222373777,1.5258766486423456,1.5,10.0,1.0,1.5,20.0,full,True
GBPJPY,8,37.5,0.9039819547986722,-245.848590769805,2.5487765375737848,1.5,10.0,1.2,1.8,20.0,full,True
GBPJPY,5,20.0,0.937002638518311,-95.80874479902559,0.500380589433506,1.5,10.0,1.5,2.0,20.0,full,True
GBPJPY,10,40.0,1.3519265024980531,901.1400222373777,1.5258766486423456,1.5,12.0,1.0,1.5,20.0,full,True
GBPJPY,8,37.5,0.9039819547986722,-245.848590769805,2.5487765375737848,1.5,12.0,1.2,1.8,20.0,full,True
GBPJPY,5,20.0,0.937002638518311,-95.80874479902559,0.500380589433506,1.5,12.0,1.5,2.0,20.0,full,True
GBPJPY,10,40.0,1.3519265024980531,901.1400222373777,1.5258766486423456,1.5,15.0,1.0,1.5,20.0,full,True
GBPJPY,8,37.5,0.9039819547986722,-245.848590769805,2.5487765375737848,1.5,15.0,1.2,1.8,20.0,full,True
GBPJPY,5,20.0,0.937002638518311,-95.80874479902559,0.500380589433506,1.5,15.0,1.5,2.0,20.0,full,True
GBPJPY,8,37.5,0.8690347826517071,-286.66090824677667,2.1788170337856645,1.8,8.0,1.0,1.5,20.0,full,True
GBPJPY,5,20.0,0.7092917601595032,-364.307914546167,0.3332753774630712,1.8,8.0,1.2,1.8,20.0,full,True
GBPJPY,4,25.0,2.3846852300243606,457.50000000001455,0.00019908877069362485,1.8,8.0,1.5,2.0,20.0,full,True
GBPJPY,8,37.5,0.8690347826517071,-286.66090824677667,2.1788170337856645,1.8,10.0,1.0,1.5,20.0,full,True
GBPJPY,5,20.0,0.7092917601595032,-364.307914546167,0.3332753774630712,1.8,10.0,1.2,1.8,20.0,full,True
GBPJPY,4,25.0,2.3846852300243606,457.50000000001455,0.00019908877069362485,1.8,10.0,1.5,2.0,20.0,full,True
GBPJPY,8,37.5,0.8690347826517071,-286.66090824677667,2.1788170337856645,1.8,12.0,1.0,1.5,20.0,full,True
GBPJPY,5,20.0,0.7092917601595032,-364.307914546167,0.3332753774630712,1.8,12.0,1.2,1.8,20.0,full,True
GBPJPY,4,25.0,2.3846852300243606,457.50000000001455,0.00019908877069362485,1.8,12.0,1.5,2.0,20.0,full,True
GBPJPY,8,37.5,0.8690347826517071,-286.66090824677667,2.1788170337856645,1.8,15.0,1.0,1.5,20.0,full,True
GBPJPY,5,20.0,0.7092917601595032,-364.307914546167,0.3332753774630712,1.8,15.0,1.2,1.8,20.0,full,True
GBPJPY,4,25.0,2.3846852300243606,457.50000000001455,0.00019908877069362485,1.8,15.0,1.5,2.0,20.0,full,True
GBPJPY,25,44.0,0.8131606386426512,-2403.9542441911617,4.337529849610433,1.0,8.0,1.0,1.5,25.0,full,False
GBPJPY,25,44.0,0.812441808705798,-2413.2030141772702,4.857540427027678,1.0,8.0,1.2,1.8,25.0,full,False
GBPJPY,24,37.5,0.9078172595721901,-1225.6479556002014,5.491892960816318,1.0,8.0,1.5,2.0,25.0,full,False
GBPJPY,25,44.0,0.8131606386426512,-2403.9542441911617,4.337529849610433,1.0,10.0,1.0,1.5,25.0,full,False
GBPJPY,25,44.0,0.812441808705798,-2413.2030141772702,4.857540427027678,1.0,10.0,1.2,1.8,25.0,full,False
GBPJPY,24,37.5,0.9078172595721901,-1225.6479556002014,5.491892960816318,1.0,10.0,1.5,2.0,25.0,full,False
GBPJPY,25,44.0,0.8131606386426512,-2403.9542441911617,4.337529849610433,1.0,12.0,1.0,1.5,25.0,full,False
GBPJPY,25,44.0,0.812441808705798,-2413.2030141772702,4.857540427027678,1.0,12.0,1.2,1.8,25.0,full,False
GBPJPY,24,37.5,0.9078172595721901,-1225.6479556002014,5.491892960816318,1.0,12.0,1.5,2.0,25.0,full,False
GBPJPY,25,44.0,0.8042504887874621,-2548.534928064444,4.479246096905513,1.0,15.0,1.0,1.5,25.0,full,False
GBPJPY,25,44.0,0.8036685951105497,-2556.110815998167,4.996868698652206,1.0,15.0,1.2,1.8,25.0,full,False
GBPJPY,24,37.5,0.8965174251820002,-1393.2307676925848,5.652237564606141,1.0,15.0,1.5,2.0,25.0,full,False
GBPJPY,24,45.83333333333333,0.7582681459194276,-2987.967728087504,4.517721428312401,1.2,8.0,1.0,1.5,25.0,full,False
GBPJPY,23,43.47826086956522,1.0721471358840196,821.8936882005219,3.856166444347,1.2,8.0,1.2,1.8,25.0,full,False
GBPJPY,22,31.818181818181817,1.042398967729016,521.9860725377803,4.250471916171547,1.2,8.0,1.5,2.0,25.0,full,False
GBPJPY,24,45.83333333333333,0.7582681459194276,-2987.967728087504,4.517721428312401,1.2,10.0,1.0,1.5,25.0,full,False
GBPJPY,23,43.47826086956522,1.0721471358840196,821.8936882005219,3.856166444347,1.2,10.0,1.2,1.8,25.0,full,False
GBPJPY,22,31.818181818181817,1.042398967729016,521.9860725377803,4.250471916171547,1.2,10.0,1.5,2.0,25.0,full,False
GBPJPY,24,45.83333333333333,0.7582681459194276,-2987.967728087504,4.517721428312401,1.2,12.0,1.0,1.5,25.0,full,False
GBPJPY,23,43.47826086956522,1.0721471358840196,821.8936882005219,3.856166444347,1.2,12.0,1.2,1.8,25.0,full,False
GBPJPY,22,31.818181818181817,1.042398967729016,521.9860725377803,4.250471916171547,1.2,12.0,1.5,2.0,25.0,full,False
GBPJPY,24,45.83333333333333,0.7582681459194276,-2987.967728087504,4.517721428312401,1.2,15.0,1.0,1.5,25.0,full,False
GBPJPY,23,43.47826086956522,1.0721471358840196,821.8936882005219,3.856166444347,1.2,15.0,1.2,1.8,25.0,full,False
GBPJPY,22,31.818181818181817,1.042398967729016,521.9860725377803,4.250471916171547,1.2,15.0,1.5,2.0,25.0,full,False
GBPJPY,22,40.909090909090914,1.0768919864287128,780.3337896860612,3.8781300319044356,1.5,8.0,1.0,1.5,25.0,full,False
GBPJPY,21,28.57142857142857,0.8642044902249981,-1640.8555740329612,4.701291760150084,1.5,8.0,1.2,1.8,25.0,full,False
GBPJPY,21,28.57142857142857,1.0025729003597328,31.089211809055996,4.4870311759043355,1.5,8.0,1.5,2.0,25.0,full,False
GBPJPY,22,40.909090909090914,1.0768919864287128,780.3337896860612,3.8781300319044356,1.5,10.0,1.0,1.5,25.0,full,False
GBPJPY,21,28.57142857142857,0.8642044902249981,-1640.8555740329612,4.701291760150084,1.5,10.0,1.2,1.8,25.0,full,False
GBPJPY,21,28.57142857142857,1.0025729003597328,31.089211809055996,4.4870311759043355,1.5,10.0,1.5,2.0,25.0,full,False
GBPJPY,22,40.909090909090914,1.0768919864287128,780.3337896860612,3.8781300319044356,1.5,12.0,1.0,1.5,25.0,full,False
GBPJPY,21,28.57142857142857,0.8642044902249981,-1640.8555740329612,4.701291760150084,1.5,12.0,1.2,1.8,25.0,full,False
GBPJPY,21,28.57142857142857,1.0025729003597328,31.089211809055996,4.4870311759043355,1.5,12.0,1.5,2.0,25.0,full,False
GBPJPY,22,40.909090909090914,1.0768919864287128,780.3337896860612,3.8781300319044356,1.5,15.0,1.0,1.5,25.0,full,False
GBPJPY,21,28.57142857142857,0.8642044902249981,-1640.8555740329612,4.701291760150084,1.5,15.0,1.2,1.8,25.0,full,False
GBPJPY,21,28.57142857142857,1.0025729003597328,31.089211809055996,4.4870311759043355,1.5,15.0,1.5,2.0,25.0,full,False
GBPJPY,21,28.57142857142857,0.9125779216710078,-873.162630003586,4.982926597988921,1.8,8.0,1.0,1.5,25.0,full,False
GBPJPY,21,28.57142857142857,1.0474846054335754,474.2713025997509,4.893152710182367,1.8,8.0,1.2,1.8,25.0,full,False
GBPJPY,21,28.57142857142857,1.0984969516342689,983.7773132396105,4.937778562493845,1.8,8.0,1.5,2.0,25.0,full,False
GBPJPY,21,28.57142857142857,0.9125779216710078,-873.162630003586,4.982926597988921,1.8,10.0,1.0,1.5,25.0,full,False
GBPJPY,21,28.57142857142857,1.0474846054335754,474.2713025997509,4.893152710182367,1.8,10.0,1.2,1.8,25.0,full,False
GBPJPY,21,28.57142857142857,1.0984969516342689,983.7773132396105,4.937778562493845,1.8,10.0,1.5,2.0,25.0,full,False
GBPJPY,21,28.57142857142857,0.9125779216710078,-873.162630003586,4.982926597988921,1.8,12.0,1.0,1.5,25.0,full,False
GBPJPY,21,28.57142857142857,1.0474846054335754,474.2713025997509,4.893152710182367,1.8,12.0,1.2,1.8,25.0,full,False
GBPJPY,21,28.57142857142857,1.0984969516342689,983.7773132396105,4.937778562493845,1.8,12.0,1.5,2.0,25.0,full,False
GBPJPY,21,28.57142857142857,0.9125779216710078,-873.162630003586,4.982926597988921,1.8,15.0,1.0,1.5,25.0,full,False
GBPJPY,21,28.57142857142857,1.0474846054335754,474.2713025997509,4.893152710182367,1.8,15.0,1.2,1.8,25.0,full,False
GBPJPY,21,28.57142857142857,1.0984969516342689,983.7773132396105,4.937778562493845,1.8,15.0,1.5,2.0,25.0,full,False
GBPJPY,10,60.0,1.793832981641225,2390.236682356961,0.9906036934603393,1.0,8.0,1.0,1.5,25.0,full,True
GBPJPY,9,55.55555555555556,1.2782273223881284,837.7444215420983,1.4050488804904946,1.0,8.0,1.2,1.8,25.0,full,True
GBPJPY,6,50.0,3.7297508199078115,2827.7824012578785,1.003750161033563,1.0,8.0,1.5,2.0,25.0,full,True
GBPJPY,10,60.0,1.793832981641225,2390.236682356961,0.9906036934603393,1.0,10.0,1.0,1.5,25.0,full,True
GBPJPY,9,55.55555555555556,1.2782273223881284,837.7444215420983,1.4050488804904946,1.0,10.0,1.2,1.8,25.0,full,True
GBPJPY,6,50.0,3.7297508199078115,2827.7824012578785,1.003750161033563,1.0,10.0,1.5,2.0,25.0,full,True
GBPJPY,10,60.0,1.793832981641225,2390.236682356961,0.9906036934603393,1.0,12.0,1.0,1.5,25.0,full,True
GBPJPY,9,55.55555555555556,1.2782273223881284,837.7444215420983,1.4050488804904946,1.0,12.0,1.2,1.8,25.0,full,True
GBPJPY,6,50.0,3.7297508199078115,2827.7824012578785,1.003750161033563,1.0,12.0,1.5,2.0,25.0,full,True
GBPJPY,10,60.0,1.781276662054303,2372.6805954283627,1.015586174523166,1.0,15.0,1.0,1.5,25.0,full,True
GBPJPY,9,55.55555555555556,1.2706225984507953,821.8612166658859,1.4302524985652834,1.0,15.0,1.2,1.8,25.0,full,True
GBPJPY,6,50.0,3.6777827645520635,2813.14468330027,1.0179361584499056,1.0,15.0,1.5,2.0,25.0,full,True
GBPJPY,9,55.55555555555556,1.2166840536101144,649.9290277895634,1.456969003161572,1.2,8.0,1.0,1.5,25.0,full,True
GBPJPY,7,57.14285714285714,4.678609925908466,3594.1223383789475,0.0002913705167250794,1.2,8.0,1.2,1.8,25.0,full,True
GBPJPY,4,50.0,5656.607353462515,2262.242941385004,0.00029336254641630107,1.2,8.0,1.5,2.0,25.0,full,True
GBPJPY,9,55.55555555555556,1.2166840536101144,649.9290277895634,1.456969003161572,1.2,10.0,1.0,1.5,25.0,full,True
GBPJPY,7,57.14285714285714,4.678609925908466,3594.1223383789475,0.0002913705167250794,1.2,10.0,1.2,1.8,25.0,full,True
GBPJPY,4,50.0,5656.607353462515,2262.242941385004,0.00029336254641630107,1.2,10.0,1.5,2.0,25.0,full,True
GBPJPY,9,55.55555555555556,1.2166840536101144,649.9290277895634,1.456969003161572,1.2,12.0,1.0,1.5,25.0,full,True
GBPJPY,7,57.14285714285714,4.678609925908466,3594.1223383789475,0.0002913705167250794,1.2,12.0,1.2,1.8,25.0,full,True
GBPJPY,4,50.0,5656.607353462515,2262.242941385004,0.00029336254641630107,1.2,12.0,1.5,2.0,25.0,full,True
GBPJPY,9,55.55555555555556,1.2166840536101144,649.9290277895634,1.456969003161572,1.2,15.0,1.0,1.5,25.0,full,True
GBPJPY,7,57.14285714285714,4.678609925908466,3594.1223383789475,0.0002913705167250794,1.2,15.0,1.2,1.8,25.0,full,True
GBPJPY,4,50.0,5656.607353462515,2262.242941385004,0.00029336254641630107,1.2,15.0,1.5,2.0,25.0,full,True
GBPJPY,6,50.0,6719.282310966593,3023.2270399349654,0.0002441688738839578,1.5,8.0,1.0,1.5,25.0,full,True
GBPJPY,4,50.0,5339.122689671431,1868.3429413849954,0.0002454142074425722,1.5,8.0,1.2,1.8,25.0,full,True
GBPJPY,3,33.33333333333333,4071.510504946143,1424.6786767311423,0.0002464877257117114,1.5,8.0,1.5,2.0,25.0,full,True
GBPJPY,6,50.0,6719.282310966593,3023.2270399349654,0.0002441688738839578,1.5,10.0,1.0,1.5,25.0,full,True
GBPJPY,4,50.0,5339.122689671431,1868.3429413849954,0.0002454142074425722,1.5,10.0,1.2,1.8,25.0,full,True
GBPJPY,3,33.33333333333333,4071.510504946143,1424.6786767311423,0.0002464877257117114,1.5,10.0,1.5,2.0,25.0,full,True
GBPJPY,6,50.0,6719.282310966593,3023.2270399349654,0.0002441688738839578,1.5,12.0,1.0,1.5,25.0,full,True
GBPJPY,4,50.0,5339.122689671431,1868.3429413849954,0.0002454142074425722,1.5,12.0,1.2,1.8,25.0,full,True
GBPJPY,3,33.33333333333333,4071.510504946143,1424.6786767311423,0.0002464877257117114,1.5,12.0,1.5,2.0,25.0,full,True
GBPJPY,6,50.0,6719.282310966593,3023.2270399349654,0.0002441688738839578,1.5,15.0,1.0,1.5,25.0,full,True
GBPJPY,4,50.0,5339.122689671431,1868.3429413849954,0.0002454142074425722,1.5,15.0,1.2,1.8,25.0,full,True
GBPJPY,3,33.33333333333333,4071.510504946143,1424.6786767311423,0.0002464877257117114,1.5,15.0,1.5,2.0,25.0,full,True
GBPJPY,4,50.0,4854.238235641733,1455.9714706925151,0.00019712945709706304,1.8,8.0,1.0,1.5,25.0,full,True
GBPJPY,3,33.33333333333333,2962.8858827699023,888.5657648309716,0.00019823812738802287,1.8,8.0,1.2,1.8,25.0,full,True
GBPJPY,3,33.33333333333333,2626.3333333333694,787.6000000000058,0.00019843671556640932,1.8,8.0,1.5,2.0,25.0,full,True
GBPJPY,4,50.0,4854.238235641733,1455.9714706925151,0.00019712945709706304,1.8,10.0,1.0,1.5,25.0,full,True
GBPJPY,3,33.33333333333333,2962.8858827699023,888.5657648309716,0.00019823812738802287,1.8,10.0,1.2,1.8,25.0,full,True
GBPJPY,3,33.33333333333333,2626.3333333333694,787.6000000000058,0.00019843671556640932,1.8,10.0,1.5,2.0,25.0,full,True
GBPJPY,4,50.0,4854.238235641733,1455.9714706925151,0.00019712945709706304,1.8,12.0,1.0,1.5,25.0,full,True
GBPJPY,3,33.33333333333333,2962.8858827699023,888.5657648309716,0.00019823812738802287,1.8,12.0,1.2,1.8,25.0,full,True
GBPJPY,3,33.33333333333333,2626.3333333333694,787.6000000000058,0.00019843671556640932,1.8,12.0,1.5,2.0,25.0,full,True
GBPJPY,4,50.0,4854.238235641733,1455.9714706925151,0.00019712945709706304,1.8,15.0,1.0,1.5,25.0,full,True
GBPJPY,3,33.33333333333333,2962.8858827699023,888.5657648309716,0.00019823812738802287,1.8,15.0,1.2,1.8,25.0,full,True
GBPJPY,3,33.33333333333333,2626.3333333333694,787.6000000000058,0.00019843671556640932,1.8,15.0,1.5,2.0,25.0,full,True
GBPJPY,14,42.857142857142854,0.7196350888495765,-1932.678710119857,2.905164055073991,1.0,8.0,1.0,1.5,30.0,full,False
GBPJPY,14,42.857142857142854,0.8584906184085856,-975.4864400175284,2.905164055073991,1.0,8.0,1.2,1.8,30.0,full,False
GBPJPY,13,30.76923076923077,0.8392701767058165,-1118.7024357815972,2.905164055073991,1.0,8.0,1.5,2.0,30.0,full,False
GBPJPY,14,42.857142857142854,0.7196350888495765,-1932.678710119857,2.905164055073991,1.0,10.0,1.0,1.5,30.0,full,False
GBPJPY,14,42.857142857142854,0.8584906184085856,-975.4864400175284,2.905164055073991,1.0,10.0,1.2,1.8,30.0,full,False
GBPJPY,13,30.76923076923077,0.8392701767058165,-1118.7024357815972,2.905164055073991,1.0,10.0,1.5,2.0,30.0,full,False
GBPJPY,14,42.857142857142854,0.7196350888495765,-1932.678710119857,2.905164055073991,1.0,12.0,1.0,1.5,30.0,full,False
GBPJPY,14,42.857142857142854,0.8584906184085856,-975.4864400175284,2.905164055073991,1.0,12.0,1.2,1.8,30.0,full,False
GBPJPY,13,30.76923076923077,0.8392701767058165,-1118.7024357815972,2.905164055073991,1.0,12.0,1.5,2.0,30.0,full,False
GBPJPY,14,42.857142857142854,0.7181481177702476,-1950.2347970484552,2.905164055073991,1.0,15.0,1.0,1.5,30.0,full,False
GBPJPY,14,42.857142857142854,0.856725251327881,-991.3696448937408,2.905164055073991,1.0,15.0,1.2,1.8,30.0,full,False
GBPJPY,13,30.76923076923077,0.8344079060647869,-1159.2606509292964,2.905164055073991,1.0,15.0,1.5,2.0,30.0,full,False
GBPJPY,14,42.857142857142854,0.7207638376332236,-2022.5250488927704,3.268374202428865,1.2,8.0,1.0,1.5,30.0,full,False
GBPJPY,13,38.46153846153847,1.008210445009103,51.514817114613834,3.268374202428865,1.2,8.0,1.2,1.8,30.0,full,False
GBPJPY,12,25.0,0.9670961166838284,-204.93155702114746,3.268374202428865,1.2,8.0,1.5,2.0,30.0,full,False
GBPJPY,14,42.857142857142854,0.7207638376332236,-2022.5250488927704,3.268374202428865,1.2,10.0,1.0,1.5,30.0,full,False
GBPJPY,13,38.46153846153847,1.008210445009103,51.514817114613834,3.268374202428865,1.2,10.0,1.2,1.8,30.0,full,False
GBPJPY,12,25.0,0.9670961166838284,-204.93155702114746,3.268374202428865,1.2,10.0,1.5,2.0,30.0,full,False
GBPJPY,14,42.857142857142854,0.7207638376332236,-2022.5250488927704,3.268374202428865,1.2,12.0,1.0,1.5,30.0,full,False
GBPJPY,13,38.46153846153847,1.008210445009103,51.514817114613834,3.268374202428865,1.2,12.0,1.2,1.8,30.0,full,False
GBPJPY,12,25.0,0.9670961166838284,-204.93155702114746,3.268374202428865,1.2,12.0,1.5,2.0,30.0,full,False
GBPJPY,14,42.857142857142854,0.7207638376332236,-2022.5250488927704,3.268374202428865,1.2,15.0,1.0,1.5,30.0,full,False
GBPJPY,13,38.46153846153847,1.008210445009103,51.514817114613834,3.268374202428865,1.2,15.0,1.2,1.8,30.0,full,False
GBPJPY,12,25.0,0.9670961166838284,-204.93155702114746,3.268374202428865,1.2,15.0,1.5,2.0,30.0,full,False
GBPJPY,12,33.33333333333333,1.1473003708361438,753.2035865005892,2.111656381211322,1.5,8.0,1.0,1.5,30.0,full,False
GBPJPY,11,18.181818181818183,0.8128698303266605,-1149.5708696163056,3.1974962634014914,1.5,8.0,1.2,1.8,30.0,full,False
GBPJPY,11,18.181818181818183,0.9324193759662576,-415.1586934127117,3.1974962634014914,1.5,8.0,1.5,2.0,30.0,full,False
GBPJPY,12,33.33333333333333,1.1473003708361438,753.2035865005892,2.111656381211322,1.5,10.0,1.0,1.5,30.0,full,False
GBPJPY,11,18.181818181818183,0.8128698303266605,-1149.5708696163056,3.1974962634014914,1.5,10.0,1.2,1.8,30.0,full,False
GBPJPY,11,18.181818181818183,0.9324193759662576,-415.1586934127117,3.1974962634014914,1.5,10.0,1.5,2.0,30.0,full,False
GBPJPY,12,33.33333333333333,1.1473003708361438,753.2035865005892,2.111656381211322,1.5,12.0,1.0,1.5,30.0,full,False
GBPJPY,11,18.181818181818183,0.8128698303266605,-1149.5708696163056,3.1974962634014914,1.5,12.0,1.2,1.8,30.0,full,False
GBPJPY,11,18.181818181818183,0.9324193759662576,-415.1586934127117,3.1974962634014914,1.5,12.0,1.5,2.0,30.0,full,False
GBPJPY,12,33.33333333333333,1.1473003708361438,753.2035865005892,2.111656381211322,1.5,15.0,1.0,1.5,30.0,full,False
GBPJPY,11,18.181818181818183,0.8128698303266605,-1149.5708696163056,3.1974962634014914,1.5,15.0,1.2,1.8,30.0,full,False
GBPJPY,11,18.181818181818183,0.9324193759662576,-415.1586934127117,3.1974962634014914,1.5,15.0,1.5,2.0,30.0,full,False
GBPJPY,11,18.181818181818183,1.0207947463853384,101.72510471224086,2.7796421609955946,1.8,8.0,1.0,1.5,30.0,full,False
GBPJPY,11,18.181818181818183,1.1743472359323675,852.8832476655807,2.7796421609955946,1.8,8.0,1.2,1.8,30.0,full,False
GBPJPY,11,18.181818181818183,1.2085361522705087,1020.1308317451476,2.7796421609955946,1.8,8.0,1.5,2.0,30.0,full,False
GBPJPY,11,18.181818181818183,1.0207947463853384,101.72510471224086,2.7796421609955946,1.8,10.0,1.0,1.5,30.0,full,False
GBPJPY,11,18.181818181818183,1.1743472359323675,852.8832476655807,2.7796421609955946,1.8,10.0,1.2,1.8,30.0,full,False
GBPJPY,11,18.181818181818183,1.2085361522705087,1020.1308317451476,2.7796421609955946,1.8,10.0,1.5,2.0,30.0,full,False
GBPJPY,11,18.181818181818183,1.0207947463853384,101.72510471224086,2.7796421609955946,1.8,12.0,1.0,1.5,30.0,full,False
GBPJPY,11,18.181818181818183,1.1743472359323675,852.8832476655807,2.7796421609955946,1.8,12.0,1.2,1.8,30.0,full,False
GBPJPY,11,18.181818181818183,1.2085361522705087,1020.1308317451476,2.7796421609955946,1.8,12.0,1.5,2.0,30.0,full,False
GBPJPY,11,18.181818181818183,1.0207947463853384,101.72510471224086,2.7796421609955946,1.8,15.0,1.0,1.5,30.0,full,False
GBPJPY,11,18.181818181818183,1.1743472359323675,852.8832476655807,2.7796421609955946,1.8,15.0,1.2,1.8,30.0,full,False
GBPJPY,11,18.181818181818183,1.2085361522705087,1020.1308317451476,2.7796421609955946,1.8,15.0,1.5,2.0,30.0,full,False
GBPJPY,5,40.0,0.563974217605802,-869.2782594504824,1.9713761642794356,1.0,8.0,1.0,1.5,30.0,full,True
GBPJPY,5,40.0,0.6679861295779836,-661.9159945292922,1.9673419939784391,1.0,8.0,1.2,1.8,30.0,full,True
GBPJPY,3,0.0,0.0,-1035.9122820424382,1.0358133178557356,1.0,8.0,1.5,2.0,30.0,full,True
GBPJPY,5,40.0,0.563974217605802,-869.2782594504824,1.9713761642794356,1.0,10.0,1.0,1.5,30.0,full,True
GBPJPY,5,40.0,0.6679861295779836,-661.9159945292922,1.9673419939784391,1.0,10.0,1.2,1.8,30.0,full,True
GBPJPY,3,0.0,0.0,-1035.9122820424382,1.0358133178557356,1.0,10.0,1.5,2.0,30.0,full,True
GBPJPY,5,40.0,0.563974217605802,-869.2782594504824,1.9713761642794356,1.0,12.0,1.0,1.5,30.0,full,True
GBPJPY,5,40.0,0.6679861295779836,-661.9159945292922,1.9673419939784391,1.0,12.0,1.2,1.8,30.0,full,True
GBPJPY,3,0.0,0.0,-1035.9122820424382,1.0358133178557356,1.0,12.0,1.5,2.0,30.0,full,True
GBPJPY,5,40.0,0.5608774630604331,-886.8343463790807,1.9968433199206321,1.0,15.0,1.0,1.5,30.0,full,True
GBPJPY,5,40.0,0.6643827506300415,-677.7991994055046,1.9927244764634537,1.0,15.0,1.2,1.8,30.0,full,True
GBPJPY,3,0.0,0.0,-1050.5500000000466,1.050451050451091,1.0,15.0,1.5,2.0,30.0,full,True
GBPJPY,5,40.0,0.5706364861294293,-868.5160858166928,1.9996197291913855,1.2,8.0,1.0,1.5,30.0,full,True
GBPJPY,3,33.33333333333333,1657.3826455246713,662.5530582098581,0.00029802453525674526,1.2,8.0,1.2,1.8,30.0,full,True
GBPJPY,3,33.33333333333333,1624.750000000085,649.5000000000291,0.0003974171857187449,1.2,8.0,1.5,2.0,30.0,full,True
GBPJPY,5,40.0,0.5706364861294293,-868.5160858166928,1.9996197291913855,1.2,10.0,1.0,1.5,30.0,full,True
GBPJPY,3,33.33333333333333,1657.3826455246713,662.5530582098581,0.00029802453525674526,1.2,10.0,1.2,1.8,30.0,full,True
GBPJPY,3,33.33333333333333,1624.750000000085,649.5000000000291,0.0003974171857187449,1.2,10.0,1.5,2.0,30.0,full,True
GBPJPY,5,40.0,0.5706364861294293,-868.5160858166928,1.9996197291913855,1.2,12.0,1.0,1.5,30.0,full,True
GBPJPY,3,33.33333333333333,1657.3826455246713,662.5530582098581,0.00029802453525674526,1.2,12.0,1.2,1.8,30.0,full,True
GBPJPY,3,33.33333333333333,1624.750000000085,649.5000000000291,0.0003974171857187449,1.2,12.0,1.5,2.0,30.0,full,True
GBPJPY,5,40.0,0.5706364861294293,-868.5160858166928,1.9996197291913855,1.2,15.0,1.0,1.5,30.0,full,True
GBPJPY,3,33.33333333333333,1657.3826455246713,662.5530582098581,0.00029802453525674526,1.2,15.0,1.2,1.8,30.0,full,True
GBPJPY,3,33.33333333333333,1624.750000000085,649.5000000000291,0.0003974171857187449,1.2,15.0,1.5,2.0,30.0,full,True
GBPJPY,3,0.0,0.0,-0.45000000001164153,0.00035000034999161885,1.5,8.0,1.0,1.5,30.0,full,True
GBPJPY,3,33.33333333333333,1856.8571428572404,649.550000000032,0.0003477400375020945,1.5,8.0,1.2,1.8,30.0,full,True
GBPJPY,2,0.0,0.0,-0.35000000000582077,0.00025000025000025,1.5,8.0,1.5,2.0,30.0,full,True
GBPJPY,3,0.0,0.0,-0.45000000001164153,0.00035000034999161885,1.5,10.0,1.0,1.5,30.0,full,True
GBPJPY,3,33.33333333333333,1856.8571428572404,649.550000000032,0.0003477400375020945,1.5,10.0,1.2,1.8,30.0,full,True
GBPJPY,2,0.0,0.0,-0.35000000000582077,0.00025000025000025,1.5,10.0,1.5,2.0,30.0,full,True
GBPJPY,3,0.0,0.0,-0.45000000001164153,0.00035000034999161885,1.5,12.0,1.0,1.5,30.0,full,True
GBPJPY,3,33.33333333333333,1856.8571428572404,649.550000000032,0.0003477400375020945,1.5,12.0,1.2,1.8,30.0,full,True
GBPJPY,2,0.0,0.0,-0.35000000000582077,0.00025000025000025,1.5,12.0,1.5,2.0,30.0,full,True
GBPJPY,3,0.0,0.0,-0.45000000001164153,0.00035000034999161885,1.5,15.0,1.0,1.5,30.0,full,True
GBPJPY,3,33.33333333333333,1856.8571428572404,649.550000000032,0.0003477400375020945,1.5,15.0,1.2,1.8,30.0,full,True
GBPJPY,2,0.0,0.0,-0.35000000000582077,0.00025000025000025,1.5,15.0,1.5,2.0,30.0,full,True
GBPJPY,3,33.33333333333333,2166.3333333334467,649.6000000000349,0.00029806288928544415,1.8,8.0,1.0,1.5,30.0,full,True
GBPJPY,2,0.0,0.0,-0.3000000000029104,0.00020000019999728963,1.8,8.0,1.2,1.8,30.0,full,True
GBPJPY,2,0.0,0.0,-0.3000000000029104,0.00020000019999728963,1.8,8.0,1.5,2.0,30.0,full,True
GBPJPY,3,33.33333333333333,2166.3333333334467,649.6000000000349,0.00029806288928544415,1.8,10.0,1.0,1.5,30.0,full,True
GBPJPY,2,0.0,0.0,-0.3000000000029104,0.00020000019999728963,1.8,10.0,1.2,1.8,30.0,full,True
GBPJPY,2,0.0,0.0,-0.3000000000029104,0.00020000019999728963,1.8,10.0,1.5,2.0,30.0,full,True
GBPJPY,3,33.33333333333333,2166.3333333334467,649.6000000000349,0.00029806288928544415,1.8,12.0,1.0,1.5,30.0,full,True
GBPJPY,2,0.0,0.0,-0.3000000000029104,0.00020000019999728963,1.8,12.0,1.2,1.8,30.0,full,True
GBPJPY,2,0.0,0.0,-0.3000000000029104,0.00020000019999728963,1.8,12.0,1.5,2.0,30.0,full,True
GBPJPY,3,33.33333333333333,2166.3333333334467,649.6000000000349,0.00029806288928544415,1.8,15.0,1.0,1.5,30.0,full,True
GBPJPY,2,0.0,0.0,-0.3000000000029104,0.00020000019999728963,1.8,15.0,1.2,1.8,30.0,full,True
GBPJPY,2,0.0,0.0,-0.3000000000029104,0.00020000019999728963,1.8,15.0,1.5,2.0,30.0,full,True
AUDUSD,48,33.33333333333333,0.405735866504341,-17827.704205658287,16.948020828003695,1.0,8.0,1.0,1.5,15.0,peak,False
AUDUSD,46,28.26086956521739,0.3895204907004577,-18834.62770056326,17.96572379368375,1.0,8.0,1.2,1.8,15.0,peak,False
AUDUSD,46,26.08695652173913,0.428961492254944,-17771.271083311032,16.890983569199054,1.0,8.0,1.5,2.0,15.0,peak,False
AUDUSD,40,35.0,0.46476885352499714,-13071.800915805477,12.14936929338603,1.0,10.0,1.0,1.5,15.0,peak,False
AUDUSD,39,30.76923076923077,0.3956423032456535,-14619.432060493622,13.713423002014807,1.0,10.0,1.2,1.8,15.0,peak,False
AUDUSD,39,30.76923076923077,0.43684997788395347,-13703.438216004914,12.787709162208127,1.0,10.0,1.5,2.0,15.0,peak,False
AUDUSD,35,34.285714285714285,0.41558879248628466,-11305.989999999787,10.372746220015655,1.0,12.0,1.0,1.5,15.0,peak,False
AUDUSD,35,31.428571428571427,0.4259065808765871,-11139.679999999571,10.204686296057222,1.0,12.0,1.2,1.8,15.0,peak,False
AUDUSD,35,31.428571428571427,0.47806418752032953,-10195.989999999583,9.251066732350134,1.0,12.0,1.5,2.0,15.0,peak,False
AUDUSD,34,29.411764705882355,0.2895256940135157,-12136.179999999513,11.218310503136177,1.0,15.0,1.0,1.5,15.0,peak,False
AUDUSD,34,29.411764705882355,0.3654923541358763,-10919.019999999218,9.988435439793587,1.0,15.0,1.2,1.8,15.0,peak,False
AUDUSD,34,20.588235294117645,0.25209593814977455,-12769.339999999342,11.858084809805565,1.0,15.0,1.5,2.0,15.0,peak,False
AUDUSD,43,34.883720930232556,0.42387357470582043,-15097.201395456505,14.197566091467998,1.2,8.0,1.0,1.5,15.0,peak,False
AUDUSD,43,30.23255813953488,0.417385592482575,-15857.276814842393,14.965695316997069,1.2,8.0,1.2,1.8,15.0,peak,False
AUDUSD,42,28.57142857142857,0.5029982075032327,-13746.129800605355,13.304233467730405,1.2,8.0,1.5,2.0,15.0,peak,False
AUDUSD,40,35.0,0.4394939147801145,-13606.103180878956,12.690668108006534,1.2,10.0,1.0,1.5,15.0,peak,False
AUDUSD,39,30.76923076923077,0.3962429652014139,-14576.514252520967,13.671361715369162,1.2,10.0,1.2,1.8,15.0,peak,False
AUDUSD,39,30.76923076923077,0.4712606423406405,-12908.677597525413,11.98585256004644,1.2,10.0,1.5,2.0,15.0,peak,False
AUDUSD,35,34.285714285714285,0.41573071957274016,-11301.001663684758,10.367705396121817,1.2,12.0,1.0,1.5,15.0,peak,False
AUDUSD,35,31.428571428571427,0.42593442874957327,-11138.411356991259,10.203404304309855,1.2,12.0,1.2,1.8,15.0,peak,False
AUDUSD,35,31.428571428571427,0.47816485402490355,-10191.877369978829,9.24691082898561,1.2,12.0,1.5,2.0,15.0,peak,False
AUDUSD,34,29.411764705882355,0.2895256940135157,-12136.179999999513,11.218310503136177,1.2,15.0,1.0,1.5,15.0,peak,False
AUDUSD,34,29.411764705882355,0.3654923541358763,-10919.019999999218,9.988435439793587,1.2,15.0,1.2,1.8,15.0,peak,False
AUDUSD,34,20.588235294117645,0.25209593814977455,-12769.339999999342,11.858084809805565,1.2,15.0,1.5,2.0,15.0,peak,False
AUDUSD,37,29.72972972972973,0.38665520503658807,-13636.59852409274,12.730129651317334,1.5,8.0,1.0,1.5,15.0,peak,False
AUDUSD,37,29.72972972972973,0.39837827587650826,-13379.31631270438,12.470147009976495,1.5,8.0,1.2,1.8,15.0,peak,False
AUDUSD,37,29.72972972972973,0.3994898279066151,-13346.781977199018,12.437271194608968,1.5,8.0,1.5,2.0,15.0,peak,False
AUDUSD,36,30.555555555555557,0.4036476885299132,-12696.80819492857,11.78047529797434,1.5,10.0,1.0,1.5,15.0,peak,False
AUDUSD,36,30.555555555555557,0.41586383309349356,-12438.957105697613,11.519917807858246,1.5,10.0,1.2,1.8,15.0,peak,False
AUDUSD,36,30.555555555555557,0.417090228111647,-12404.774871730973,11.485376797713712,1.5,10.0,1.5,2.0,15.0,peak,False
AUDUSD,34,32.35294117647059,0.4044066329748291,-10939.50214718438,10.004724594218413,1.5,12.0,1.0,1.5,15.0,peak,False
AUDUSD,34,29.411764705882355,0.41386017742932324,-10783.348053994603,9.846931510178228,1.5,12.0,1.2,1.8,15.0,peak,False
AUDUSD,34,29.411764705882355,0.41311216253807925,-10798.489700438106,9.862232083099256,1.5,12.0,1.5,2.0,15.0,peak,False
AUDUSD,34,29.411764705882355,0.2895648017781559,-12133.87298267582,11.21597938555337,1.5,15.0,1.0,1.5,15.0,peak,False
AUDUSD,34,29.411764705882355,0.3655613340436068,-10915.772799109458,9.985154317015992,1.5,15.0,1.2,1.8,15.0,peak,False
AUDUSD,34,20.588235294117645,0.25213441486209537,-12766.734516141994,11.855452107758085,1.5,15.0,1.5,2.0,15.0,peak,False
AUDUSD,34,32.35294117647059,0.40416359694317283,-10863.914102870825,9.933330733372612,1.8,8.0,1.0,1.5,15.0,peak,False
AUDUSD,34,29.411764705882355,0.3210022321557641,-12285.602860719388,11.369861963844281,1.8,8.0,1.2,1.8,15.0,peak,False
AUDUSD,34,23.52941176470588,0.27836397590309936,-13018.221152930142,12.110128812664401,1.8,8.0,1.5,2.0,15.0,peak,False
AUDUSD,34,32.35294117647059,0.4041889667410787,-10862.769665994492,9.932174348541487,1.8,10.0,1.0,1.5,15.0,peak,False
AUDUSD,34,29.411764705882355,0.3210294785952061,-12284.06720815532,11.368310279022072,1.8,10.0,1.2,1.8,15.0,peak,False
AUDUSD,34,23.52941176470588,0.27839112392828463,-13016.461948544485,12.108351242133013,1.8,10.0,1.5,2.0,15.0,peak,False
AUDUSD,34,32.35294117647059,0.40437498218943174,-10851.757105596116,9.92104681668727,1.8,12.0,1.0,1.5,15.0,peak,False
AUDUSD,34,29.411764705882355,0.32117024993109144,-12273.105843573197,11.357234477469943,1.8,12.0,1.2,1.8,15.0,peak,False
AUDUSD,34,23.52941176470588,0.27841069592308576,-13005.718126626598,12.097495254396943,1.8,12.0,1.5,2.0,15.0,peak,False
AUDUSD,34,29.411764705882355,0.32639127762156483,-11526.841373747651,10.603178984537648,1.8,15.0,1.0,1.5,15.0,peak,False
AUDUSD,34,29.411764705882355,0.3144106022234997,-11712.144964401668,10.790417150151239,1.8,15.0,1.2,1.8,15.0,peak,False
AUDUSD,34,20.588235294117645,0.2503810124762726,-12767.524160328729,11.85681453605559,1.8,15.0,1.5,2.0,15.0,peak,False
AUDUSD,17,35.294117647058826,0.4765021679804922,-5462.457859141796,4.696592183901805,1.0,8.0,1.0,1.5,15.0,peak,True
AUDUSD,14,35.714285714285715,0.5345369974869947,-3900.225134225082,3.1862400588926287,1.0,8.0,1.2,1.8,15.0,peak,True
AUDUSD,10,40.0,0.6864681459137987,-1658.5104038388963,2.447079165796976,1.0,8.0,1.5,2.0,15.0,peak,True
AUDUSD,13,38.46153846153847,0.6026678785434475,-2902.300931218895,3.1639423256379904,1.0,10.0,1.0,1.5,15.0,peak,True
AUDUSD,9,33.33333333333333,0.5001610178600028,-2606.1209312188003,3.1639423256379904,1.0,10.0,1.2,1.8,15.0,peak,True
AUDUSD,8,37.5,0.7538693264703209,-1037.650000000096,2.1383021728145586,1.0,10.0,1.5,2.0,15.0,peak,True
AUDUSD,8,37.5,0.5267681375138059,-1971.1999999999825,2.1136584688064115,1.0,12.0,1.0,1.5,15.0,peak,True
AUDUSD,7,42.857142857142854,0.8429036952670361,-496.54999999995925,1.0833301754518663,1.0,12.0,1.2,1.8,15.0,peak,True
AUDUSD,5,40.0,0.6896770405167527,-660.5999999999622,1.0422306375462735,1.0,12.0,1.5,2.0,15.0,peak,True
AUDUSD,7,42.857142857142854,0.473509455752847,-1641.1499999999505,1.0666778489412438,1.0,15.0,1.0,1.5,15.0,peak,True
AUDUSD,5,40.0,0.5593849669158142,-925.599999999904,1.0327320675368532,1.0,15.0,1.2,1.8,15.0,peak,True
AUDUSD,3,0.0,0.0,-2089.849999999933,1.067031505216653,1.0,15.0,1.5,2.0,15.0,peak,True
AUDUSD,14,42.857142857142854,0.672431853223936,-2403.6343182591663,3.1604416018985075,1.2,8.0,1.0,1.5,15.0,peak,True
AUDUSD,10,40.0,0.5770289446960759,-2230.263995767411,2.142709806313353,1.2,8.0,1.2,1.8,15.0,peak,True
AUDUSD,7,28.57142857142857,0.5713815218339809,-1810.3086439101317,2.142709806313353,1.2,8.0,1.5,2.0,15.0,peak,True
AUDUSD,13,38.46153846153847,0.5134327177083559,-3535.936584971161,3.147815644918129,1.2,10.0,1.0,1.5,15.0,peak,True
AUDUSD,8,37.5,0.6269343131220332,-1567.2475524688343,2.1300838493329746,1.2,10.0,1.2,1.8,15.0,peak,True
AUDUSD,7,28.57142857142857,0.5735554905959827,-1790.5962523878843,2.1300838493329746,1.2,10.0,1.5,2.0,15.0,peak,True
AUDUSD,8,37.5,0.5270348999223213,-1969.091653595242,2.1115279382522614,1.2,12.0,1.0,1.5,15.0,peak,True
AUDUSD,7,42.857142857142854,0.8429170291861261,-496.49999999995634,1.08327964934883,1.2,12.0,1.2,1.8,15.0,peak,True
AUDUSD,5,40.0,0.6896932400056547,-660.5499999999593,1.042230118433174,1.2,12.0,1.5,2.0,15.0,peak,True
AUDUSD,7,42.857142857142854,0.473509455752847,-1641.1499999999505,1.0666778489412438,1.2,15.0,1.0,1.5,15.0,peak,True
AUDUSD,5,40.0,0.5593849669158142,-925.599999999904,1.0327320675368532,1.2,15.0,1.2,1.8,15.0,peak,True
AUDUSD,3,0.0,0.0,-2089.849999999933,1.067031505216653,1.2,15.0,1.5,2.0,15.0,peak,True
AUDUSD,8,37.5,0.5291058296049316,-1977.480163661021,2.0850422823275343,1.5,8.0,1.0,1.5,15.0,peak,True
AUDUSD,6,33.33333333333333,0.6483680883023277,-1111.996008464237,1.0846524942619258,1.5,8.0,1.2,1.8,15.0,peak,True
AUDUSD,5,40.0,0.4666747853076688,-1666.4589289220603,1.0517103251862907,1.5,8.0,1.5,2.0,15.0,peak,True
AUDUSD,8,37.5,0.5288105398092621,-1977.4990656389418,2.083765911832454,1.5,10.0,1.0,1.5,15.0,peak,True
AUDUSD,6,33.33333333333333,0.6480112124439165,-1112.195252362857,1.0833527443557696,1.5,10.0,1.2,1.8,15.0,peak,True
AUDUSD,5,40.0,0.4664417056135704,-1665.7136396754067,1.0504105752801196,1.5,10.0,1.5,2.0,15.0,peak,True
AUDUSD,7,42.857142857142854,0.7045283883637932,-929.2718848634249,1.0750161524884523,1.5,12.0,1.0,1.5,15.0,peak,True
AUDUSD,6,33.33333333333333,0.6504429154551326,-1098.9362523877644,1.0750161524884523,1.5,12.0,1.2,1.8,15.0,peak,True
AUDUSD,4,50.0,0.704982201971238,-615.0962523877679,1.0417584195330882,1.5,12.0,1.5,2.0,15.0,peak,True
AUDUSD,7,42.857142857142854,0.47351705110518977,-1641.0999999999622,1.0666273266161832,1.5,15.0,1.0,1.5,15.0,peak,True
AUDUSD,5,40.0,0.5593982814843267,-925.549999999901,1.0327315517294386,1.5,15.0,1.2,1.8,15.0,peak,True
AUDUSD,3,0.0,0.0,-2089.849999999933,1.067031505216653,1.5,15.0,1.5,2.0,15.0,peak,True
AUDUSD,6,33.33333333333333,0.5456118556195791,-1422.7519429863169,1.0700556803904302,1.8,8.0,1.0,1.5,15.0,peak,True
AUDUSD,5,40.0,0.3766034612751776,-1931.2100265847112,1.0426222335885162,1.8,8.0,1.2,1.8,15.0,peak,True
AUDUSD,5,40.0,0.4716871602286166,-1638.5867102919583,1.042758934511743,1.8,8.0,1.5,2.0,15.0,peak,True
AUDUSD,6,33.33333333333333,0.5456118556195791,-1422.7519429863169,1.0700556803904302,1.8,10.0,1.0,1.5,15.0,peak,True
AUDUSD,5,40.0,0.3766034612751776,-1931.2100265847112,1.0426222335885162,1.8,10.0,1.2,1.8,15.0,peak,True
AUDUSD,5,40.0,0.4716871602286166,-1638.5867102919583,1.042758934511743,1.8,10.0,1.5,2.0,15.0,peak,True
AUDUSD,6,33.33333333333333,0.5453171729145198,-1422.7553757798596,1.0694497272609855,1.8,12.0,1.0,1.5,15.0,peak,True
AUDUSD,5,40.0,0.37638615173930795,-1931.3109765662375,1.0420162804590718,1.8,12.0,1.2,1.8,15.0,peak,True
AUDUSD,4,50.0,0.7107591356164908,-601.466585676535,1.0416170600760037,1.8,12.0,1.5,2.0,15.0,peak,True
AUDUSD,6,33.33333333333333,0.31072693340647634,-2140.066146522906,1.118405546691992,1.8,15.0,1.0,1.5,15.0,peak,True
AUDUSD,4,50.0,0.5681092656921343,-893.4161465228826,1.0339319835274208,1.8,15.0,1.2,1.8,15.0,peak,True
AUDUSD,3,0.0,0.0,-2089.2161465229,1.0670246711900753,1.8,15.0,1.5,2.0,15.0,peak,True
AUDUSD,33,36.36363636363637,0.444734215149681,-11610.211462126186,10.823870461752326,1.0,8.0,1.0,1.5,20.0,peak,False
AUDUSD,32,31.25,0.4163543299719619,-12749.676044047432,12.117868271173691,1.0,8.0,1.2,1.8,20.0,peak,False
AUDUSD,32,28.125,0.4462526294534993,-12171.702610897904,11.49534552286039,1.0,8.0,1.5,2.0,20.0,peak,False
AUDUSD,28,39.285714285714285,0.5228007752774966,-8081.17615720848,9.063359029840413,1.0,10.0,1.0,1.5,20.0,peak,False
AUDUSD,27,33.33333333333333,0.4338789934859787,-9521.979612919153,9.063130709854148,1.0,10.0,1.2,1.8,20.0,peak,False
AUDUSD,27,33.33333333333333,0.5080282587034091,-8352.276157208471,9.062158629069902,1.0,10.0,1.5,2.0,20.0,peak,False
AUDUSD,25,36.0,0.4159993975924257,-8531.109999999826,8.03578152286014,1.0,12.0,1.0,1.5,20.0,peak,False
AUDUSD,25,32.0,0.4412669590941688,-8215.889999999665,8.035741213462902,1.0,12.0,1.2,1.8,20.0,peak,False
AUDUSD,25,32.0,0.4856084319836809,-7608.519999999655,8.035218194620434,1.0,12.0,1.5,2.0,20.0,peak,False
AUDUSD,24,29.166666666666668,0.27638988995236924,-8985.3199999996,8.19534090851746,1.0,15.0,1.0,1.5,20.0,peak,False
AUDUSD,24,29.166666666666668,0.3567950937316549,-8044.20999999941,7.338313270494155,1.0,15.0,1.2,1.8,20.0,peak,False
AUDUSD,24,20.833333333333336,0.2290112930729483,-9585.23999999951,9.026892553043897,1.0,15.0,1.5,2.0,20.0,peak,False
AUDUSD,30,40.0,0.48328950968850726,-9225.147662678224,8.639877420512624,1.2,8.0,1.0,1.5,20.0,peak,False
AUDUSD,30,33.33333333333333,0.4392639370891687,-10569.005043738158,10.088117648295848,1.2,8.0,1.2,1.8,20.0,peak,False
AUDUSD,29,31.03448275862069,0.5800565699141117,-8083.0001455040765,10.089052508022792,1.2,8.0,1.5,2.0,20.0,peak,False
AUDUSD,28,39.285714285714285,0.4851860808376237,-8658.54691908526,9.062222515056332,1.2,10.0,1.0,1.5,20.0,peak,False
AUDUSD,27,33.33333333333333,0.4347365626831715,-9484.906871279556,9.06167365182854,1.2,10.0,1.2,1.8,20.0,peak,False
AUDUSD,27,33.33333333333333,0.5581091973696566,-7528.619717533584,9.062937376109321,1.2,10.0,1.5,2.0,20.0,peak,False
AUDUSD,25,36.0,0.41604737674614445,-8529.425379652108,8.035645419676973,1.2,12.0,1.0,1.5,20.0,peak,False
AUDUSD,25,32.0,0.44134667273897543,-8213.234152878882,8.035527383268287,1.2,12.0,1.2,1.8,20.0,peak,False
AUDUSD,25,32.0,0.4856681756554555,-7606.700472559693,8.036216887005041,1.2,12.0,1.5,2.0,20.0,peak,False
AUDUSD,24,29.166666666666668,0.27638988995236924,-8985.3199999996,8.19534090851746,1.2,15.0,1.0,1.5,20.0,peak,False
AUDUSD,24,29.166666666666668,0.3567950937316549,-8044.20999999941,7.338313270494155,1.2,15.0,1.2,1.8,20.0,peak,False
AUDUSD,24,20.833333333333336,0.2290112930729483,-9585.23999999951,9.026892553043897,1.2,15.0,1.5,2.0,20.0,peak,False
AUDUSD,25,32.0,0.404376395198716,-8720.24873308967,8.08352503729861,1.5,8.0,1.0,1.5,20.0,peak,False
AUDUSD,25,32.0,0.43885371560568104,-8241.93256928472,8.083873606946097,1.5,8.0,1.2,1.8,20.0,peak,False
AUDUSD,25,32.0,0.45561194184187576,-8012.24110137159,8.083253208174566,1.5,8.0,1.5,2.0,20.0,peak,False
AUDUSD,25,32.0,0.4044983275806895,-8711.582848419406,8.072124729725214,1.5,10.0,1.0,1.5,20.0,peak,False
AUDUSD,25,32.0,0.43906845723647636,-8231.121472219937,8.070429063662754,1.5,10.0,1.2,1.8,20.0,peak,False
AUDUSD,25,32.0,0.45575018101971765,-8004.3144716026145,8.072669453534335,1.5,10.0,1.5,2.0,20.0,peak,False
AUDUSD,24,33.33333333333333,0.3994530787636042,-8171.004153184913,8.034431464409323,1.5,12.0,1.0,1.5,20.0,peak,False
AUDUSD,24,29.166666666666668,0.42469735707097434,-7866.1640826988005,8.036375800132433,1.5,12.0,1.2,1.8,20.0,peak,False
AUDUSD,24,29.166666666666668,0.3960153349534947,-8245.639226708663,8.0358328870079,1.5,12.0,1.5,2.0,20.0,peak,False
AUDUSD,24,29.166666666666668,0.276447144466799,-8982.748263018468,8.192746849659857,1.5,15.0,1.0,1.5,20.0,peak,False
AUDUSD,24,29.166666666666668,0.3568068457533036,-8043.798079452201,7.337898187847343,1.5,15.0,1.2,1.8,20.0,peak,False
AUDUSD,24,20.833333333333336,0.22903011554800123,-9584.218263018382,9.025864506426656,1.5,15.0,1.5,2.0,20.0,peak,False
AUDUSD,24,33.33333333333333,0.3983879331144122,-8112.56054559625,8.025546404854854,1.8,8.0,1.0,1.5,20.0,peak,False
AUDUSD,24,29.166666666666668,0.29636399304238026,-9434.919200066128,8.756539785822786,1.8,8.0,1.2,1.8,20.0,peak,False
AUDUSD,24,25.0,0.26635717556250116,-9830.591998255637,9.290460286147752,1.8,8.0,1.5,2.0,20.0,peak,False
AUDUSD,24,33.33333333333333,0.39842882759876486,-8111.176484073105,8.024161032674616,1.8,10.0,1.0,1.5,20.0,peak,False
AUDUSD,24,29.166666666666668,0.29638002412420333,-9434.193922855251,8.755809075909536,1.8,10.0,1.2,1.8,20.0,peak,False
AUDUSD,24,25.0,0.26637381541813693,-9829.754945133973,9.289618218920463,1.8,10.0,1.5,2.0,20.0,peak,False
AUDUSD,24,33.33333333333333,0.39848457684799987,-8104.839600236679,8.015103562237949,1.8,12.0,1.0,1.5,20.0,peak,False
AUDUSD,24,29.166666666666668,0.29642314633601957,-9428.619106317507,8.75019250110533,1.8,12.0,1.2,1.8,20.0,peak,False
AUDUSD,24,25.0,0.2665356499038023,-9821.635650689801,9.281450288375574,1.8,12.0,1.5,2.0,20.0,peak,False
AUDUSD,24,29.166666666666668,0.3282785163908918,-8357.330462716665,7.578988422623804,1.8,15.0,1.0,1.5,20.0,peak,False
AUDUSD,24,29.166666666666668,0.2849084252105528,-8871.898298496628,8.189301565767591,1.8,15.0,1.2,1.8,20.0,peak,False
AUDUSD,24,20.833333333333336,0.22627590386838933,-9595.67808808772,9.05413919747761,1.8,15.0,1.5,2.0,20.0,peak,False
AUDUSD,10,50.0,0.8564191475740286,-768.8892720741569,2.63881856750214,1.0,8.0,1.0,1.5,20.0,peak,True
AUDUSD,7,57.14285714285714,0.9902318976110492,-31.169977254336118,1.0628983348323835,1.0,8.0,1.2,1.8,20.0,peak,True
AUDUSD,6,66.66666666666666,1.7524774241021757,1593.9700410979422,1.0621668361180792,1.0,8.0,1.5,2.0,20.0,peak,True
AUDUSD,6,66.66666666666666,1.5620459948685037,1193.8699999999226,1.050328343112534,1.0,10.0,1.0,1.5,20.0,peak,True
AUDUSD,4,75.0,2.565904761904725,1644.199999999968,0.0,1.0,10.0,1.2,1.8,20.0,peak,True
AUDUSD,4,75.0,3.0930952380951435,2197.7499999999127,0.0,1.0,10.0,1.5,2.0,20.0,peak,True
AUDUSD,4,75.0,2.153517406962792,1201.0999999999913,0.0,1.0,12.0,1.0,1.5,20.0,peak,True
AUDUSD,4,75.0,2.5870540216086906,1652.5200000000186,0.0,1.0,12.0,1.2,1.8,20.0,peak,True
AUDUSD,3,66.66666666666666,1.4099399759904325,426.8500000000204,0.0,1.0,12.0,1.5,2.0,20.0,peak,True
AUDUSD,4,75.0,1.4436330221985658,458.6499999999651,0.0,1.0,15.0,1.0,1.5,20.0,peak,True
AUDUSD,3,66.66666666666666,1.1367219615998951,141.35000000004948,0.0,1.0,15.0,1.2,1.8,20.0,peak,True
AUDUSD,2,0.0,0.0,-1066.8499999999622,0.03334473453802132,1.0,15.0,1.5,2.0,20.0,peak,True
AUDUSD,7,71.42857142857143,1.811209973733671,1731.9069836087729,1.0566897982447714,1.2,8.0,1.0,1.5,20.0,peak,True
AUDUSD,6,66.66666666666666,1.4629055068158516,984.3794334359845,1.0562432062837157,1.2,8.0,1.2,1.8,20.0,peak,True
AUDUSD,3,66.66666666666666,2.351059103596776,1416.5804068756843,0.0,1.2,8.0,1.5,2.0,20.0,peak,True
AUDUSD,6,66.66666666666666,1.246344642650754,521.0918993949599,1.0501251478438807,1.2,10.0,1.0,1.5,20.0,peak,True
AUDUSD,4,75.0,2.568173015408547,1644.2235297515872,0.0,1.2,10.0,1.2,1.8,20.0,peak,True
AUDUSD,3,66.66666666666666,2.3487446849633695,1414.1537476121011,0.0,1.2,10.0,1.5,2.0,20.0,peak,True
AUDUSD,4,75.0,2.153517406962792,1201.0999999999913,0.0,1.2,12.0,1.0,1.5,20.0,peak,True
AUDUSD,4,75.0,2.5870540216086906,1652.5200000000186,0.0,1.2,12.0,1.2,1.8,20.0,peak,True
AUDUSD,3,66.66666666666666,1.4099399759904325,426.8500000000204,0.0,1.2,12.0,1.5,2.0,20.0,peak,True
AUDUSD,4,75.0,1.4436330221985658,458.6499999999651,0.0,1.2,15.0,1.0,1.5,20.0,peak,True
AUDUSD,3,66.66666666666666,1.1367219615998951,141.35000000004948,0.0,1.2,15.0,1.2,1.8,20.0,peak,True
AUDUSD,2,0.0,0.0,-1066.8499999999622,0.03334473453802132,1.2,15.0,1.5,2.0,20.0,peak,True
AUDUSD,5,60.0,1.0710456993428237,148.97426422321587,1.0455615847652973,1.5,8.0,1.0,1.5,20.0,peak,True
AUDUSD,3,66.66666666666666,1.9952149036971956,1033.7259907907574,0.0,1.5,8.0,1.2,1.8,20.0,peak,True
AUDUSD,3,66.66666666666666,1.4201432307474375,436.401199243468,0.0,1.5,8.0,1.5,2.0,20.0,peak,True
AUDUSD,5,60.0,1.0700235324341913,146.83090347745747,1.0455837280916809,1.5,10.0,1.0,1.5,20.0,peak,True
AUDUSD,3,66.66666666666666,1.9930401619661324,1031.4670947047998,0.0,1.5,10.0,1.2,1.8,20.0,peak,True
AUDUSD,3,66.66666666666666,1.4189246087661984,435.1354211584694,0.0,1.5,10.0,1.5,2.0,20.0,peak,True
AUDUSD,4,75.0,2.157375793579191,1202.1618993950542,0.0,1.5,12.0,1.0,1.5,20.0,peak,True
AUDUSD,3,66.66666666666666,1.990023546583759,1028.3337476122251,0.0,1.5,12.0,1.2,1.8,20.0,peak,True
AUDUSD,3,66.66666666666666,1.4150912710246817,431.15374761221756,0.0,1.5,12.0,1.5,2.0,20.0,peak,True
AUDUSD,4,75.0,1.4436330221985658,458.6499999999651,0.0,1.5,15.0,1.0,1.5,20.0,peak,True
AUDUSD,3,66.66666666666666,1.1367219615998951,141.35000000004948,0.0,1.5,15.0,1.2,1.8,20.0,peak,True
AUDUSD,2,0.0,0.0,-1066.8499999999622,0.03334473453802132,1.5,15.0,1.5,2.0,20.0,peak,True
AUDUSD,3,66.66666666666666,1.6703392932385637,692.6053814228362,0.0,1.8,8.0,1.0,1.5,20.0,peak,True
AUDUSD,3,66.66666666666666,1.1419949714820814,146.7114972603449,0.0,1.8,8.0,1.2,1.8,20.0,peak,True
AUDUSD,3,66.66666666666666,1.4304577601723667,444.755908206178,0.0,1.8,8.0,1.5,2.0,20.0,peak,True
AUDUSD,3,66.66666666666666,1.6703392932385637,692.6053814228362,0.0,1.8,10.0,1.0,1.5,20.0,peak,True
AUDUSD,3,66.66666666666666,1.1419949714820814,146.7114972603449,0.0,1.8,10.0,1.2,1.8,20.0,peak,True
AUDUSD,3,66.66666666666666,1.4304577601723667,444.755908206178,0.0,1.8,10.0,1.5,2.0,20.0,peak,True
AUDUSD,3,66.66666666666666,1.668831346935275,691.0473469541903,0.0,1.8,12.0,1.0,1.5,20.0,peak,True
AUDUSD,3,66.66666666666666,1.1389772146296784,143.59350215416634,0.0,1.8,12.0,1.2,1.8,20.0,peak,True
AUDUSD,3,66.66666666666666,1.4304843820146236,444.7834143234504,0.0,1.8,12.0,1.5,2.0,20.0,peak,True
AUDUSD,3,66.66666666666666,0.945107181383264,-56.71614652297285,0.0,1.8,15.0,1.0,1.5,20.0,peak,True
AUDUSD,3,66.66666666666666,1.1374193134272081,141.98385347708245,0.0,1.8,15.0,1.2,1.8,20.0,peak,True
AUDUSD,2,0.0,0.0,-1066.2161465229292,0.03334452097469123,1.8,15.0,1.5,2.0,20.0,peak,True
AUDUSD,23,30.434782608695656,0.37827097584019914,-10183.485945233071,10.498639716630564,1.0,8.0,1.0,1.5,25.0,peak,False
AUDUSD,22,27.27272727272727,0.36881602780983136,-10314.153770700897,10.581265913572524,1.0,8.0,1.2,1.8,25.0,peak,False
AUDUSD,22,22.727272727272727,0.3909302306537899,-10000.745993214165,10.093489056449824,1.0,8.0,1.5,2.0,25.0,peak,False
AUDUSD,19,42.10526315789473,0.6534047578768476,-3993.507712320832,6.136773389707075,1.0,10.0,1.0,1.5,25.0,peak,False
AUDUSD,19,36.84210526315789,0.532740010037281,-5357.553090275847,6.136709365200725,1.0,10.0,1.2,1.8,25.0,peak,False
AUDUSD,19,36.84210526315789,0.6386161142214044,-4178.043479054046,6.137246846369193,1.0,10.0,1.5,2.0,25.0,peak,False
AUDUSD,17,41.17647058823529,0.545598756665506,-4239.449999999953,5.100003171243081,1.0,12.0,1.0,1.5,25.0,peak,False
AUDUSD,17,35.294117647058826,0.5822910071770306,-3925.649999999863,5.101771198649447,1.0,12.0,1.2,1.8,25.0,peak,False
AUDUSD,17,35.294117647058826,0.6325433351516612,-3469.1399999998976,5.101032141196678,1.0,12.0,1.5,2.0,25.0,peak,False
AUDUSD,16,31.25,0.35824798010758635,-4658.509999999864,4.101136213788015,1.0,15.0,1.0,1.5,25.0,peak,False
AUDUSD,16,31.25,0.4803202079983761,-3797.6899999997404,4.101792804836435,1.0,15.0,1.2,1.8,25.0,peak,False
AUDUSD,16,18.75,0.23685656965399965,-5553.699999999779,4.567066618232425,1.0,15.0,1.5,2.0,25.0,peak,False
AUDUSD,21,38.095238095238095,0.5027257589467758,-6701.13863676443,7.167056091441585,1.2,8.0,1.0,1.5,25.0,peak,False
AUDUSD,21,33.33333333333333,0.4979645599456894,-6786.14709916967,7.167084993813278,1.2,8.0,1.2,1.8,25.0,peak,False
AUDUSD,21,33.33333333333333,0.6766275285042875,-4459.7920583991945,7.166518333351981,1.2,8.0,1.5,2.0,25.0,peak,False
AUDUSD,19,42.10526315789473,0.5966278145978785,-4618.886058231787,6.136715388247716,1.2,10.0,1.0,1.5,25.0,peak,False
AUDUSD,19,36.84210526315789,0.5332499824417748,-5344.74111370086,6.1369070277950195,1.2,10.0,1.2,1.8,25.0,peak,False
AUDUSD,19,36.84210526315789,0.7180440227466446,-3277.4243366160954,6.136210917433818,1.2,10.0,1.5,2.0,25.0,peak,False
AUDUSD,17,41.17647058823529,0.5457823983952652,-4236.310779253254,5.099844514564789,1.2,12.0,1.0,1.5,25.0,peak,False
AUDUSD,17,35.294117647058826,0.5823908055211848,-3924.0395524801133,5.101690044393927,1.2,12.0,1.2,1.8,25.0,peak,False
AUDUSD,17,35.294117647058826,0.6326836522182204,-3467.0461788542307,5.100927142474078,1.2,12.0,1.5,2.0,25.0,peak,False
AUDUSD,16,31.25,0.35824798010758635,-4658.509999999864,4.101136213788015,1.2,15.0,1.0,1.5,25.0,peak,False
AUDUSD,16,31.25,0.4803202079983761,-3797.6899999997404,4.101792804836435,1.2,15.0,1.2,1.8,25.0,peak,False
AUDUSD,16,18.75,0.23685656965399965,-5553.699999999779,4.567066618232425,1.2,15.0,1.5,2.0,25.0,peak,False
AUDUSD,17,35.294117647058826,0.5461383357202504,-4262.9363044442725,5.120449347184656,1.5,8.0,1.0,1.5,25.0,peak,False
AUDUSD,17,35.294117647058826,0.5871022086887446,-3888.2312370346335,5.118658802141626,1.5,8.0,1.2,1.8,25.0,peak,False
AUDUSD,17,35.294117647058826,0.5976840130083237,-3791.4511474321625,5.119144995906838,1.5,8.0,1.5,2.0,25.0,peak,False
AUDUSD,17,35.294117647058826,0.5458900108675763,-4265.26871784922,5.1205677102374665,1.5,10.0,1.0,1.5,25.0,peak,False
AUDUSD,17,35.294117647058826,0.5868864237101659,-3890.263269929579,5.11876148545478,1.5,10.0,1.2,1.8,25.0,peak,False
AUDUSD,17,35.294117647058826,0.5973428606657062,-3794.6661885508074,5.119307312402641,1.5,10.0,1.5,2.0,25.0,peak,False
AUDUSD,16,37.5,0.5506574475361276,-3753.2412370384845,5.1001161545551765,1.5,12.0,1.0,1.5,25.0,peak,False
AUDUSD,16,31.25,0.5807245825922654,-3524.016137357714,5.100285087743742,1.5,12.0,1.2,1.8,25.0,peak,False
AUDUSD,16,31.25,0.5106022263893746,-4101.692141744323,5.101267943876389,1.5,12.0,1.5,2.0,25.0,peak,False
AUDUSD,16,31.25,0.358323323614381,-4656.98366261975,4.10107325163164,1.5,15.0,1.0,1.5,25.0,peak,False
AUDUSD,16,31.25,0.4803804561938175,-3796.7734790535615,4.101755330225412,1.5,15.0,1.2,1.8,25.0,peak,False
AUDUSD,16,18.75,0.23691193083731976,-5551.999429352829,4.565348282572253,1.5,15.0,1.5,2.0,25.0,peak,False
AUDUSD,16,37.5,0.5552685506225818,-3692.4868471372756,5.083403017369456,1.8,8.0,1.0,1.5,25.0,peak,False
AUDUSD,16,31.25,0.37363927744892567,-5172.526027793836,5.082099987352154,1.8,8.0,1.2,1.8,25.0,peak,False
AUDUSD,16,25.0,0.3025195798395532,-5756.635345883056,5.083290988230806,1.8,8.0,1.5,2.0,25.0,peak,False
AUDUSD,16,37.5,0.5552685506225818,-3692.4868471372756,5.083403017369456,1.8,10.0,1.0,1.5,25.0,peak,False
AUDUSD,16,31.25,0.37363927744892567,-5172.526027793836,5.082099987352154,1.8,10.0,1.2,1.8,25.0,peak,False
AUDUSD,16,25.0,0.3025195798395532,-5756.635345883056,5.083290988230806,1.8,10.0,1.5,2.0,25.0,peak,False
AUDUSD,16,37.5,0.5549833747115588,-3694.8545868193614,5.083521643569872,1.8,12.0,1.0,1.5,25.0,peak,False
AUDUSD,16,31.25,0.3734014355812833,-5174.490140814625,5.082199902689166,1.8,12.0,1.2,1.8,25.0,peak,False
AUDUSD,16,25.0,0.302240535654903,-5758.938429338872,5.0834088998516975,1.8,12.0,1.5,2.0,25.0,peak,False
AUDUSD,16,31.25,0.45323562421830166,-3983.06265686806,4.101868304338856,1.8,15.0,1.0,1.5,25.0,peak,False
AUDUSD,16,31.25,0.3603403097853435,-4638.974650990684,4.173770748485155,1.8,15.0,1.2,1.8,25.0,peak,False
AUDUSD,16,18.75,0.23762138831016677,-5539.513500392626,4.553343231342537,1.8,15.0,1.5,2.0,25.0,peak,False
AUDUSD,8,37.5,0.5454759981250321,-2410.066324063737,3.673944770404712,1.0,8.0,1.0,1.5,25.0,peak,True
AUDUSD,5,40.0,0.3923330874482863,-1926.6663820277172,1.4958818861321121,1.0,8.0,1.2,1.8,25.0,peak,True
AUDUSD,4,50.0,0.727264795987595,-577.7339364928048,1.0621668361180792,1.0,8.0,1.5,2.0,25.0,peak,True
AUDUSD,5,60.0,1.3781928819075624,801.7499999999272,1.0502916904302153,1.0,10.0,1.0,1.5,25.0,peak,True
AUDUSD,4,75.0,2.565904761904725,1644.199999999968,0.0,1.0,10.0,1.2,1.8,25.0,peak,True
AUDUSD,4,75.0,3.0930952380951435,2197.7499999999127,0.0,1.0,10.0,1.5,2.0,25.0,peak,True
AUDUSD,4,75.0,2.153517406962792,1201.0999999999913,0.0,1.0,12.0,1.0,1.5,25.0,peak,True
AUDUSD,4,75.0,2.5870540216086906,1652.5200000000186,0.0,1.0,12.0,1.2,1.8,25.0,peak,True
AUDUSD,3,66.66666666666666,1.4099399759904325,426.8500000000204,0.0,1.0,12.0,1.5,2.0,25.0,peak,True
AUDUSD,4,75.0,1.4436330221985658,458.6499999999651,0.0,1.0,15.0,1.0,1.5,25.0,peak,True
AUDUSD,3,66.66666666666666,1.1367219615998951,141.35000000004948,0.0,1.0,15.0,1.2,1.8,25.0,peak,True
AUDUSD,2,0.0,0.0,-1066.8499999999622,0.03334473453802132,1.0,15.0,1.5,2.0,25.0,peak,True
AUDUSD,6,66.66666666666666,1.6189664745929062,1318.569680876215,1.0564223283107788,1.2,8.0,1.0,1.5,25.0,peak,True
AUDUSD,5,60.0,1.271044313072727,575.1105876423389,1.055929645339038,1.2,8.0,1.2,1.8,25.0,peak,True
AUDUSD,3,66.66666666666666,2.351059103596776,1416.5804068756843,0.0,1.2,8.0,1.5,2.0,25.0,peak,True
AUDUSD,5,60.0,1.061798176775408,130.46189939495525,1.0500719911572758,1.2,10.0,1.0,1.5,25.0,peak,True
AUDUSD,4,75.0,2.568173015408547,1644.2235297515872,0.0,1.2,10.0,1.2,1.8,25.0,peak,True
AUDUSD,3,66.66666666666666,2.3487446849633695,1414.1537476121011,0.0,1.2,10.0,1.5,2.0,25.0,peak,True
AUDUSD,4,75.0,2.153517406962792,1201.0999999999913,0.0,1.2,12.0,1.0,1.5,25.0,peak,True
AUDUSD,4,75.0,2.5870540216086906,1652.5200000000186,0.0,1.2,12.0,1.2,1.8,25.0,peak,True
AUDUSD,3,66.66666666666666,1.4099399759904325,426.8500000000204,0.0,1.2,12.0,1.5,2.0,25.0,peak,True
AUDUSD,4,75.0,1.4436330221985658,458.6499999999651,0.0,1.2,15.0,1.0,1.5,25.0,peak,True
AUDUSD,3,66.66666666666666,1.1367219615998951,141.35000000004948,0.0,1.2,15.0,1.2,1.8,25.0,peak,True
AUDUSD,2,0.0,0.0,-1066.8499999999622,0.03334473453802132,1.2,15.0,1.5,2.0,25.0,peak,True
AUDUSD,5,60.0,1.0710456993428237,148.97426422321587,1.0455615847652973,1.5,8.0,1.0,1.5,25.0,peak,True
AUDUSD,3,66.66666666666666,1.9952149036971956,1033.7259907907574,0.0,1.5,8.0,1.2,1.8,25.0,peak,True
AUDUSD,3,66.66666666666666,1.4201432307474375,436.401199243468,0.0,1.5,8.0,1.5,2.0,25.0,peak,True
AUDUSD,5,60.0,1.0700235324341913,146.83090347745747,1.0455837280916809,1.5,10.0,1.0,1.5,25.0,peak,True
AUDUSD,3,66.66666666666666,1.9930401619661324,1031.4670947047998,0.0,1.5,10.0,1.2,1.8,25.0,peak,True
AUDUSD,3,66.66666666666666,1.4189246087661984,435.1354211584694,0.0,1.5,10.0,1.5,2.0,25.0,peak,True
AUDUSD,4,75.0,2.157375793579191,1202.1618993950542,0.0,1.5,12.0,1.0,1.5,25.0,peak,True
AUDUSD,3,66.66666666666666,1.990023546583759,1028.3337476122251,0.0,1.5,12.0,1.2,1.8,25.0,peak,True
AUDUSD,3,66.66666666666666,1.4150912710246817,431.15374761221756,0.0,1.5,12.0,1.5,2.0,25.0,peak,True
AUDUSD,4,75.0,1.4436330221985658,458.6499999999651,0.0,1.5,15.0,1.0,1.5,25.0,peak,True
AUDUSD,3,66.66666666666666,1.1367219615998951,141.35000000004948,0.0,1.5,15.0,1.2,1.8,25.0,peak,True
AUDUSD,2,0.0,0.0,-1066.8499999999622,0.03334473453802132,1.5,15.0,1.5,2.0,25.0,peak,True
AUDUSD,3,66.66666666666666,1.6703392932385637,692.6053814228362,0.0,1.8,8.0,1.0,1.5,25.0,peak,True
AUDUSD,3,66.66666666666666,1.1419949714820814,146.7114972603449,0.0,1.8,8.0,1.2,1.8,25.0,peak,True
AUDUSD,3,66.66666666666666,1.4304577601723667,444.755908206178,0.0,1.8,8.0,1.5,2.0,25.0,peak,True
AUDUSD,3,66.66666666666666,1.6703392932385637,692.6053814228362,0.0,1.8,10.0,1.0,1.5,25.0,peak,True
AUDUSD,3,66.66666666666666,1.1419949714820814,146.7114972603449,0.0,1.8,10.0,1.2,1.8,25.0,peak,True
AUDUSD,3,66.66666666666666,1.4304577601723667,444.755908206178,0.0,1.8,10.0,1.5,2.0,25.0,peak,True
AUDUSD,3,66.66666666666666,1.668831346935275,691.0473469541903,0.0,1.8,12.0,1.0,1.5,25.0,peak,True
AUDUSD,3,66.66666666666666,1.1389772146296784,143.59350215416634,0.0,1.8,12.0,1.2,1.8,25.0,peak,True
AUDUSD,3,66.66666666666666,1.4304843820146236,444.7834143234504,0.0,1.8,12.0,1.5,2.0,25.0,peak,True
AUDUSD,3,66.66666666666666,0.945107181383264,-56.71614652297285,0.0,1.8,15.0,1.0,1.5,25.0,peak,True
AUDUSD,3,66.66666666666666,1.1374193134272081,141.98385347708245,0.0,1.8,15.0,1.2,1.8,25.0,peak,True
AUDUSD,2,0.0,0.0,-1066.2161465229292,0.03334452097469123,1.8,15.0,1.5,2.0,25.0,peak,True
AUDUSD,16,6.25,0.07803111642859403,-13764.138142161391,12.94951338701269,1.0,8.0,1.0,1.5,30.0,peak,False
AUDUSD,16,6.25,0.09422189678895858,-13551.678971514426,12.950120047887467,1.0,8.0,1.2,1.8,30.0,peak,False
AUDUSD,16,6.25,0.11033302290989144,-13339.894888725932,12.951329120908236,1.0,8.0,1.5,2.0,30.0,peak,False
AUDUSD,13,15.384615384615385,0.15020870393978522,-9417.031535163536,8.934154891475588,1.0,10.0,1.0,1.5,30.0,peak,False
AUDUSD,13,15.384615384615385,0.10997383402951301,-9842.38961291917,9.451900935704383,1.0,10.0,1.2,1.8,30.0,peak,False
AUDUSD,13,15.384615384615385,0.21749538554583486,-8743.37039047535,9.317391303523987,1.0,10.0,1.5,2.0,30.0,peak,False
AUDUSD,11,18.181818181818183,0.11219094922737158,-8043.5499999998865,7.557162007904466,1.0,12.0,1.0,1.5,30.0,peak,False
AUDUSD,11,9.090909090909092,0.15788144487690164,-7702.689999999857,8.073027003413916,1.0,12.0,1.2,1.8,30.0,peak,False
AUDUSD,11,9.090909090909092,0.18452803019559727,-7475.349999999875,8.07315030357571,1.0,12.0,1.5,2.0,30.0,peak,False
AUDUSD,10,10.0,0.08301954164773002,-5649.699999999808,5.618223677596281,1.0,15.0,1.0,1.5,30.0,peak,False
AUDUSD,10,0.0,0.0,-7107.249999999753,7.076259932687298,1.0,15.0,1.2,1.8,30.0,peak,False
AUDUSD,10,0.0,0.0,-7107.249999999753,7.076259932687298,1.0,15.0,1.5,2.0,30.0,peak,False
AUDUSD,15,13.333333333333334,0.12618552311059333,-11373.317188358677,10.903417076363416,1.2,8.0,1.0,1.5,30.0,peak,False
AUDUSD,15,13.333333333333334,0.09326378042709678,-11777.715107927172,11.398074873696746,1.2,8.0,1.2,1.8,30.0,peak,False
AUDUSD,15,13.333333333333334,0.18490704176844197,-10700.363353683148,11.266420909096647,1.2,8.0,1.5,2.0,30.0,peak,False
AUDUSD,13,15.384615384615385,0.15022624278647234,-9408.010079214771,8.927689877000677,1.2,10.0,1.0,1.5,30.0,peak,False
AUDUSD,13,15.384615384615385,0.10993439864708929,-9834.702998485998,9.446701548342347,1.2,10.0,1.2,1.8,30.0,peak,False
AUDUSD,13,15.384615384615385,0.21778870172044962,-8730.902643531546,9.309444327178209,1.2,10.0,1.5,2.0,30.0,peak,False
AUDUSD,11,18.181818181818183,0.11221008728611302,-8042.004766265629,7.555608600919371,1.2,12.0,1.0,1.5,30.0,peak,False
AUDUSD,11,9.090909090909092,0.15792128225182603,-7700.382619412747,8.07072888104259,1.2,12.0,1.2,1.8,30.0,peak,False
AUDUSD,11,9.090909090909092,0.1845716818438034,-7473.18200602624,8.070996316976926,1.2,12.0,1.5,2.0,30.0,peak,False
AUDUSD,10,10.0,0.08301954164773002,-5649.699999999808,5.618223677596281,1.2,15.0,1.0,1.5,30.0,peak,False
AUDUSD,10,0.0,0.0,-7107.249999999753,7.076259932687298,1.2,15.0,1.2,1.8,30.0,peak,False
AUDUSD,10,0.0,0.0,-7107.249999999753,7.076259932687298,1.2,15.0,1.5,2.0,30.0,peak,False
AUDUSD,11,18.181818181818183,0.12578094774335707,-7123.90493088853,7.090225137500888,1.5,8.0,1.0,1.5,30.0,peak,False
AUDUSD,11,18.181818181818183,0.14971284861525025,-6937.556914804052,6.903809545764407,1.5,8.0,1.2,1.8,30.0,peak,False
AUDUSD,11,9.090909090909092,0.08162438131703527,-8338.091072496085,8.304851581194281,1.5,8.0,1.5,2.0,30.0,peak,False
AUDUSD,11,18.181818181818183,0.12578094774335707,-7123.90493088853,7.090225137500888,1.5,10.0,1.0,1.5,30.0,peak,False
AUDUSD,11,18.181818181818183,0.14971284861525025,-6937.556914804052,6.903809545764407,1.5,10.0,1.2,1.8,30.0,peak,False
AUDUSD,11,9.090909090909092,0.08162438131703527,-8338.091072496085,8.304851581194281,1.5,10.0,1.5,2.0,30.0,peak,False
AUDUSD,10,20.0,0.14364584083644674,-6123.122459243823,6.08907975065342,1.5,12.0,1.0,1.5,30.0,peak,False
AUDUSD,10,10.0,0.08558224377038187,-6555.252525261909,6.521366520625621,1.5,12.0,1.2,1.8,30.0,peak,False
AUDUSD,10,0.0,0.0,-8097.150302638533,8.063823438635009,1.5,12.0,1.5,2.0,30.0,peak,False
AUDUSD,10,10.0,0.08303541598969522,-5648.522129153367,5.617045413798878,1.5,15.0,1.0,1.5,30.0,peak,False
AUDUSD,10,0.0,0.0,-7105.250962819133,7.074260228605366,1.5,15.0,1.2,1.8,30.0,peak,False
AUDUSD,10,0.0,0.0,-7105.250962819133,7.074260228605366,1.5,15.0,1.5,2.0,30.0,peak,False
AUDUSD,10,20.0,0.14399074568515963,-6090.253543764498,6.061884232802793,1.8,8.0,1.0,1.5,30.0,peak,False
AUDUSD,10,0.0,0.0,-8055.161274769984,8.027385545204666,1.8,8.0,1.2,1.8,30.0,peak,False
AUDUSD,10,0.0,0.0,-8055.161274769984,8.027385545204666,1.8,8.0,1.5,2.0,30.0,peak,False
AUDUSD,10,20.0,0.14399074568515963,-6090.253543764498,6.061884232802793,1.8,10.0,1.0,1.5,30.0,peak,False
AUDUSD,10,0.0,0.0,-8055.161274769984,8.027385545204666,1.8,10.0,1.2,1.8,30.0,peak,False
AUDUSD,10,0.0,0.0,-8055.161274769984,8.027385545204666,1.8,10.0,1.5,2.0,30.0,peak,False
AUDUSD,10,20.0,0.14399074568515963,-6090.253543764498,6.061884232802793,1.8,12.0,1.0,1.5,30.0,peak,False
AUDUSD,10,0.0,0.0,-8055.161274769984,8.027385545204666,1.8,12.0,1.2,1.8,30.0,peak,False
AUDUSD,10,0.0,0.0,-8055.161274769984,8.027385545204666,1.8,12.0,1.5,2.0,30.0,peak,False
AUDUSD,10,10.0,0.08316167372194519,-5639.169859173358,5.610664279785871,1.8,15.0,1.0,1.5,30.0,peak,False
AUDUSD,10,0.0,0.0,-7096.633539492483,7.0685682471031255,1.8,15.0,1.2,1.8,30.0,peak,False
AUDUSD,10,0.0,0.0,-7096.633539492483,7.0685682471031255,1.8,15.0,1.5,2.0,30.0,peak,False
AUDUSD,3,0.0,0.0,-3154.3500000000786,2.1143145925458495,1.0,8.0,1.0,1.5,30.0,peak,True
AUDUSD,1,0.0,0.0,-1062.500000000029,0.0,1.0,8.0,1.2,1.8,30.0,peak,True
AUDUSD,1,0.0,0.0,-1050.0,0.0,1.0,10.0,1.0,1.5,30.0,peak,True
AUDUSD,2,50.0,1.114220812342115,122.06149180536158,1.0560702321552873,1.2,8.0,1.0,1.5,30.0,peak,True
AUDUSD,1,0.0,0.0,-1056.4479272728786,0.0,1.2,8.0,1.2,1.8,30.0,peak,True
AUDUSD,1,0.0,0.0,-1050.0,0.0,1.2,10.0,1.0,1.5,30.0,peak,True
AUDUSD,1,0.0,0.0,-1045.419984983193,0.0,1.5,8.0,1.0,1.5,30.0,peak,True
AUDUSD,1,0.0,0.0,-1045.419984983193,0.0,1.5,10.0,1.0,1.5,30.0,peak,True
AUDUSD,54,38.88888888888889,0.5454057038671937,-14326.221303165585,13.409053317387428,1.0,8.0,1.0,1.5,15.0,full,False
AUDUSD,51,35.294117647058826,0.5253703499470073,-14904.807003790731,13.993832981786767,1.0,8.0,1.2,1.8,15.0,full,False
AUDUSD,51,31.372549019607842,0.5540520532735377,-14544.024606375766,13.629188281695553,1.0,8.0,1.5,2.0,15.0,full,False
AUDUSD,46,41.30434782608695,0.5888671458111591,-10511.458259947423,9.561857766495658,1.0,10.0,1.0,1.5,15.0,full,False
AUDUSD,45,37.77777777777778,0.5816118164948664,-10687.918513525976,9.740190513922217,1.0,10.0,1.2,1.8,15.0,full,False
AUDUSD,43,30.23255813953488,0.5337320177820718,-12035.002660774888,11.101569136710376,1.0,10.0,1.5,2.0,15.0,full,False
AUDUSD,40,42.5,0.6079649546060609,-7718.679999999862,6.82496368668984,1.0,12.0,1.0,1.5,15.0,full,False
AUDUSD,38,31.57894736842105,0.5855033333525532,-7915.389999999519,7.372817012934742,1.0,12.0,1.2,1.8,15.0,full,False
AUDUSD,37,32.432432432432435,0.6482290012179585,-6420.5699999995995,6.916176203041961,1.0,12.0,1.5,2.0,15.0,full,False
AUDUSD,37,29.72972972972973,0.4401337410854362,-9318.469999999536,8.371165292374773,1.0,15.0,1.0,1.5,15.0,full,False
AUDUSD,36,30.555555555555557,0.5275661025177145,-7474.319999999236,6.50775037727474,1.0,15.0,1.2,1.8,15.0,full,False
AUDUSD,36,22.22222222222222,0.4249847753141981,-9036.139999999403,8.085885931704349,1.0,15.0,1.5,2.0,15.0,full,False
AUDUSD,48,39.58333333333333,0.5225807765840209,-13097.687760021567,12.176865485911751,1.2,8.0,1.0,1.5,15.0,full,False
AUDUSD,48,35.41666666666667,0.5642823544790901,-12521.631298724096,11.701265814558285,1.2,8.0,1.2,1.8,15.0,full,False
AUDUSD,46,32.608695652173914,0.6340673830341865,-10408.869680166434,11.132767487430971,1.2,8.0,1.5,2.0,15.0,full,False
AUDUSD,45,42.22222222222222,0.562484498193182,-10728.4711666878,9.782544527054315,1.2,10.0,1.0,1.5,15.0,full,False
AUDUSD,44,36.36363636363637,0.5628825249940371,-11177.93973843276,10.236775695578443,1.2,10.0,1.2,1.8,15.0,full,False
AUDUSD,42,30.952380952380953,0.5904954348131585,-10275.992972895663,9.824229192335237,1.2,10.0,1.5,2.0,15.0,full,False
AUDUSD,40,42.5,0.6079688310919289,-7718.157301109764,6.826683038815734,1.2,12.0,1.0,1.5,15.0,full,False
AUDUSD,38,31.57894736842105,0.5856099086472591,-7911.914643175784,7.371546760071617,1.2,12.0,1.2,1.8,15.0,full,False
AUDUSD,37,32.432432432432435,0.648343000839057,-6417.36068656281,6.915195555968276,1.2,12.0,1.5,2.0,15.0,full,False
AUDUSD,37,29.72972972972973,0.4401337410854362,-9318.469999999536,8.371165292374773,1.2,15.0,1.0,1.5,15.0,full,False
AUDUSD,36,30.555555555555557,0.5275661025177145,-7474.319999999236,6.50775037727474,1.2,15.0,1.2,1.8,15.0,full,False
AUDUSD,36,22.22222222222222,0.4249847753141981,-9036.139999999403,8.085885931704349,1.2,15.0,1.5,2.0,15.0,full,False
AUDUSD,42,35.714285714285715,0.5076119619836208,-11545.211173369185,10.616791132599563,1.5,8.0,1.0,1.5,15.0,full,False
AUDUSD,41,34.146341463414636,0.5386184590492543,-10535.536173523185,9.683312725207879,1.5,8.0,1.2,1.8,15.0,full,False
AUDUSD,40,30.0,0.5331792389005593,-10680.309004565148,9.803088205954413,1.5,8.0,1.5,2.0,15.0,full,False
AUDUSD,41,36.58536585365854,0.5293619529772308,-10581.69376354065,9.643160659535202,1.5,10.0,1.0,1.5,15.0,full,False
AUDUSD,40,35.0,0.5625953810017982,-9561.168813897166,8.698122104547606,1.5,10.0,1.2,1.8,15.0,full,False
AUDUSD,39,30.76923076923077,0.556902522851497,-9706.714422446676,8.82045718490988,1.5,10.0,1.5,2.0,15.0,full,False
AUDUSD,39,38.46153846153847,0.5527999918891132,-8775.535276288894,8.266937207011477,1.5,12.0,1.0,1.5,15.0,full,False
AUDUSD,37,29.72972972972973,0.5833420237230412,-7536.068816613348,7.36382904993123,1.5,12.0,1.2,1.8,15.0,full,False
AUDUSD,36,30.555555555555557,0.5887349380341731,-7040.54718342195,6.90723167879068,1.5,12.0,1.5,2.0,15.0,full,False
AUDUSD,37,29.72972972972973,0.44018019866774516,-9316.713345229407,8.369390286708564,1.5,15.0,1.0,1.5,15.0,full,False
AUDUSD,36,30.555555555555557,0.5276135951226676,-7472.89589946279,6.5063113998704,1.5,15.0,1.2,1.8,15.0,full,False
AUDUSD,36,22.22222222222222,0.42503310525168625,-9034.353113026227,8.084080378014335,1.5,15.0,1.5,2.0,15.0,full,False
AUDUSD,38,36.84210526315789,0.579537943859842,-7501.526141369759,7.317828989493023,1.8,8.0,1.0,1.5,15.0,full,False
AUDUSD,37,29.72972972972973,0.5167911516475251,-8133.667545403412,7.174580321204379,1.8,8.0,1.2,1.8,15.0,full,False
AUDUSD,36,25.0,0.4691032179598284,-8403.46320165116,7.447192652072094,1.8,8.0,1.5,2.0,15.0,full,False
AUDUSD,38,36.84210526315789,0.5795765512325743,-7500.337687690495,7.316638175606645,1.8,10.0,1.0,1.5,15.0,full,False
AUDUSD,37,29.72972972972973,0.51683364829176,-8132.283483880266,7.173181810038066,1.8,10.0,1.2,1.8,15.0,full,False
AUDUSD,36,25.0,0.46914672454663864,-8401.995308194935,7.44570943376483,1.8,10.0,1.5,2.0,15.0,full,False
AUDUSD,38,36.84210526315789,0.5799565903120866,-7488.189184927702,7.304083427711548,1.8,12.0,1.0,1.5,15.0,full,False
AUDUSD,37,29.72972972972973,0.5172549288683057,-8119.30883344858,7.160071703872624,1.8,12.0,1.2,1.8,15.0,full,False
AUDUSD,36,25.0,0.4694475827902377,-8390.961437077727,7.434560368707246,1.8,12.0,1.5,2.0,15.0,full,False
AUDUSD,37,29.72972972972973,0.5077113427399431,-7757.361455893086,6.794345585004967,1.8,15.0,1.0,1.5,15.0,full,False
AUDUSD,36,30.555555555555557,0.5018660853440321,-7359.674019299084,6.392506279826818,1.8,15.0,1.2,1.8,15.0,full,False
AUDUSD,36,22.22222222222222,0.45088007117455214,-8107.903487939475,7.148547286219594,1.8,15.0,1.5,2.0,15.0,full,False
AUDUSD,19,36.84210526315789,0.532425243819601,-5358.8682016151,4.697499150374875,1.0,8.0,1.0,1.5,15.0,full,True
AUDUSD,16,37.5,0.6222476865812919,-3556.2309178050637,4.215945972797928,1.0,8.0,1.2,1.8,15.0,full,True
AUDUSD,12,41.66666666666667,0.8318450330526502,-1064.7684895503917,3.201329026286269,1.0,8.0,1.5,2.0,15.0,full,True
AUDUSD,15,40.0,0.6668867240383358,-2770.010162733306,4.180414515142207,1.0,10.0,1.0,1.5,15.0,full,True
AUDUSD,11,36.36363636363637,0.641589206736605,-2230.7201627332106,4.180414515142207,1.0,10.0,1.2,1.8,15.0,full,True
AUDUSD,9,33.33333333333333,0.6023764158440305,-2076.450000000099,3.1658918645780783,1.0,10.0,1.5,2.0,15.0,full,True
AUDUSD,9,44.44444444444444,0.8116552739635898,-786.6499999999651,2.1136584688064115,1.0,12.0,1.0,1.5,15.0,full,True
AUDUSD,7,42.857142857142854,0.8429036952670361,-496.54999999995925,1.0833301754518663,1.0,12.0,1.2,1.8,15.0,full,True
AUDUSD,6,33.33333333333333,0.46182066512087067,-1694.3499999999476,1.0833301754518663,1.0,12.0,1.5,2.0,15.0,full,True
AUDUSD,7,42.857142857142854,0.473509455752847,-1641.1499999999505,1.0666778489412438,1.0,15.0,1.0,1.5,15.0,full,True
AUDUSD,6,33.33333333333333,0.3729959839357591,-1951.5499999998865,1.0666778489412438,1.0,15.0,1.2,1.8,15.0,full,True
AUDUSD,3,0.0,0.0,-2089.849999999933,1.067031505216653,1.0,15.0,1.5,2.0,15.0,full,True
AUDUSD,16,43.75,0.6486516268568486,-2929.1696155690443,4.187078800958607,1.2,8.0,1.0,1.5,15.0,full,True
AUDUSD,12,41.66666666666667,0.7025412491197139,-1876.4136342624843,3.179938797664858,1.2,8.0,1.2,1.8,15.0,full,True
AUDUSD,9,33.33333333333333,0.7695971375592252,-1210.9729096023948,3.179938797664858,1.2,8.0,1.5,2.0,15.0,full,True
AUDUSD,15,40.0,0.5889403788654077,-3402.6390903733554,4.1648989879068665,1.2,10.0,1.0,1.5,15.0,full,True
AUDUSD,10,40.0,0.7722168671818561,-1189.5054442467663,3.1577589846131175,1.2,10.0,1.2,1.8,15.0,full,True
AUDUSD,8,25.0,0.4582604058956066,-2819.346252387899,3.1577589846131175,1.2,10.0,1.5,2.0,15.0,full,True
AUDUSD,9,44.44444444444444,0.8120943795679416,-784.3916535952158,2.1113763599431232,1.2,12.0,1.0,1.5,15.0,full,True
AUDUSD,7,42.857142857142854,0.8429436982899238,-496.3999999999505,1.0831785971427281,1.2,12.0,1.2,1.8,15.0,full,True
AUDUSD,6,33.33333333333333,0.4618426695043238,-1694.1999999999389,1.0831785971427281,1.2,12.0,1.5,2.0,15.0,full,True
AUDUSD,7,42.857142857142854,0.473509455752847,-1641.1499999999505,1.0666778489412438,1.2,15.0,1.0,1.5,15.0,full,True
AUDUSD,6,33.33333333333333,0.3729959839357591,-1951.5499999998865,1.0666778489412438,1.2,15.0,1.2,1.8,15.0,full,True
AUDUSD,3,0.0,0.0,-2089.849999999933,1.067031505216653,1.2,15.0,1.5,2.0,15.0,full,True
AUDUSD,10,40.0,0.6478565932377622,-1840.724406936497,2.121017051535694,1.5,8.0,1.0,1.5,15.0,full,True
AUDUSD,8,37.5,0.8260352007487279,-729.2759424781398,2.121017051535694,1.5,8.0,1.2,1.8,15.0,full,True
AUDUSD,6,33.33333333333333,0.3489225428327444,-2695.0865451561112,2.0885296056528033,1.5,8.0,1.5,2.0,15.0,full,True
AUDUSD,10,40.0,0.6478379749480273,-1839.9176214219333,2.119717301629523,1.5,10.0,1.0,1.5,15.0,full,True
AUDUSD,8,37.5,0.826163610414074,-728.2955732157716,2.119717301629523,1.5,10.0,1.2,1.8,15.0,full,True
AUDUSD,6,33.33333333333333,0.3485433500054098,-2694.6827657987888,2.087229855746647,1.5,10.0,1.5,2.0,15.0,full,True
AUDUSD,8,50.0,1.0848666542438998,267.9618993950862,1.0749151028900548,1.5,12.0,1.0,1.5,15.0,full,True
AUDUSD,6,33.33333333333333,0.6504636058419648,-1098.8362523877586,1.0749151028900548,1.5,12.0,1.2,1.8,15.0,full,True
AUDUSD,5,40.0,0.46826897531057116,-1650.9962523877475,1.0420739834128023,1.5,12.0,1.5,2.0,15.0,full,True
AUDUSD,7,42.857142857142854,0.47353224254090054,-1640.9999999999563,1.0665262819660768,1.5,15.0,1.0,1.5,15.0,full,True
AUDUSD,6,33.33333333333333,0.37301396051216934,-1951.3999999998923,1.0665262819660768,1.5,15.0,1.2,1.8,15.0,full,True
AUDUSD,3,0.0,0.0,-2089.849999999933,1.067031505216653,1.5,15.0,1.5,2.0,15.0,full,True
AUDUSD,7,42.857142857142854,0.9268638422893196,-229.88860340285464,1.0700051583889505,1.8,8.0,1.0,1.5,15.0,full,True
AUDUSD,5,40.0,0.3766034612751776,-1931.2100265847112,1.0426222335885162,1.8,8.0,1.2,1.8,15.0,full,True
AUDUSD,5,40.0,0.4716871602286166,-1638.5867102919583,1.042758934511743,1.8,8.0,1.5,2.0,15.0,full,True
AUDUSD,7,42.857142857142854,0.9268638422893196,-229.88860340285464,1.0700051583889505,1.8,10.0,1.0,1.5,15.0,full,True
AUDUSD,5,40.0,0.3766034612751776,-1931.2100265847112,1.0426222335885162,1.8,10.0,1.2,1.8,15.0,full,True
AUDUSD,5,40.0,0.4716871602286166,-1638.5867102919583,1.042758934511743,1.8,10.0,1.5,2.0,15.0,full,True
AUDUSD,7,42.857142857142854,0.9265801877293789,-230.65319671346515,1.0693992052595058,1.8,12.0,1.0,1.5,15.0,full,True
AUDUSD,5,40.0,0.37638615173930795,-1931.3109765662375,1.0420162804590718,1.8,12.0,1.2,1.8,15.0,full,True
AUDUSD,5,40.0,0.47154821442158595,-1636.9196024694538,1.041267593760995,1.8,12.0,1.5,2.0,15.0,full,True
AUDUSD,6,33.33333333333333,0.3107319374376778,-2140.0161465229176,1.118355024690512,1.8,15.0,1.0,1.5,15.0,full,True
AUDUSD,5,40.0,0.37687053959303085,-1919.7161465228419,1.033804265808789,1.8,15.0,1.2,1.8,15.0,full,True
AUDUSD,3,0.0,0.0,-2089.2161465229,1.0670246711900753,1.8,15.0,1.5,2.0,15.0,full,True
AUDUSD,36,41.66666666666667,0.5722328905022207,-9028.680237334003,8.219406599201202,1.0,8.0,1.0,1.5,20.0,full,False
AUDUSD,34,38.23529411764706,0.5533239009382811,-9421.789737087805,8.7659562394167,1.0,8.0,1.2,1.8,20.0,full,False
AUDUSD,34,32.35294117647059,0.5496638231547399,-9976.953102744897,9.287438678838814,1.0,8.0,1.5,2.0,20.0,full,False
AUDUSD,31,45.16129032258064,0.6471630953523433,-6003.925695020196,6.146582889028763,1.0,10.0,1.0,1.5,20.0,full,False
AUDUSD,30,40.0,0.629853634704662,-6298.799205549003,5.957745565617268,1.0,10.0,1.2,1.8,20.0,full,False
AUDUSD,30,33.33333333333333,0.5388694398644244,-8743.639074366147,9.060853006907326,1.0,10.0,1.5,2.0,20.0,full,False
AUDUSD,27,44.44444444444444,0.6020257324738916,-5473.35999999987,5.1072066676477075,1.0,12.0,1.0,1.5,20.0,full,False
AUDUSD,27,33.33333333333333,0.5341017410430262,-6916.049999999654,7.105554668476175,1.0,12.0,1.2,1.8,20.0,full,False
AUDUSD,27,33.33333333333333,0.5939244366861459,-6071.519999999655,7.1073933248168295,1.0,12.0,1.5,2.0,20.0,full,False
AUDUSD,26,30.76923076923077,0.3682788420451562,-7909.369999999632,7.110051997437636,1.0,15.0,1.0,1.5,20.0,full,False
AUDUSD,26,30.76923076923077,0.46731121127387965,-6724.6099999994185,6.104751125026747,1.0,15.0,1.2,1.8,20.0,full,False
AUDUSD,26,23.076923076923077,0.3582079691803316,-8063.089999999502,7.495342665609778,1.0,15.0,1.5,2.0,20.0,full,False
AUDUSD,32,43.75,0.5723066973630743,-7680.4117501252185,6.8551174539697834,1.2,8.0,1.0,1.5,20.0,full,False
AUDUSD,32,37.5,0.5849376317284568,-7938.877553114842,8.532203268739066,1.2,8.0,1.2,1.8,20.0,full,False
AUDUSD,31,35.483870967741936,0.7022867132029799,-5783.610447058207,8.39775662459771,1.2,8.0,1.5,2.0,20.0,full,False
AUDUSD,30,46.666666666666664,0.608252154897605,-6241.916817766687,6.1501869568026635,1.2,10.0,1.0,1.5,20.0,full,False
AUDUSD,29,37.93103448275862,0.599010634157251,-6830.479395568604,7.515938271082251,1.2,10.0,1.2,1.8,20.0,full,False
AUDUSD,29,34.48275862068966,0.6179927328058138,-6935.880393001309,9.054904359686892,1.2,10.0,1.5,2.0,20.0,full,False
AUDUSD,27,44.44444444444444,0.601922186966172,-5474.784066544802,5.108636250380573,1.2,12.0,1.0,1.5,20.0,full,False
AUDUSD,27,33.33333333333333,0.5341234383206603,-6915.446981484463,7.104952877614343,1.2,12.0,1.2,1.8,20.0,full,False
AUDUSD,27,33.33333333333333,0.5939416657167655,-6071.086281821612,7.106964389821599,1.2,12.0,1.5,2.0,20.0,full,False
AUDUSD,26,30.76923076923077,0.3682788420451562,-7909.369999999632,7.110051997437636,1.2,15.0,1.0,1.5,20.0,full,False
AUDUSD,26,30.76923076923077,0.46731121127387965,-6724.6099999994185,6.104751125026747,1.2,15.0,1.2,1.8,20.0,full,False
AUDUSD,26,23.076923076923077,0.3582079691803316,-8063.089999999502,7.495342665609778,1.2,15.0,1.5,2.0,20.0,full,False
AUDUSD,27,37.03703703703704,0.5162585700415872,-7122.88514641262,6.605884028517595,1.5,8.0,1.0,1.5,20.0,full,False
AUDUSD,27,37.03703703703704,0.5729962684351351,-6316.871906798158,6.514626504145188,1.5,8.0,1.2,1.8,20.0,full,False
AUDUSD,27,33.33333333333333,0.530589536596697,-7420.342882996745,8.071030991466674,1.5,8.0,1.5,2.0,20.0,full,False
AUDUSD,27,37.03703703703704,0.5165650780749453,-7113.216273889746,6.594695820697662,1.5,10.0,1.0,1.5,20.0,full,False
AUDUSD,27,37.03703703703704,0.573306708460647,-6307.643337611298,6.504194100189305,1.5,10.0,1.2,1.8,20.0,full,False
AUDUSD,27,33.33333333333333,0.530803386948255,-7411.705082515997,8.060110305771477,1.5,10.0,1.5,2.0,20.0,full,False
AUDUSD,26,38.46153846153847,0.5202815417836638,-6572.167482716875,6.574999313364403,1.5,12.0,1.0,1.5,20.0,full,False
AUDUSD,26,30.76923076923077,0.5253184444835004,-6553.343497535941,7.097543827514251,1.5,12.0,1.2,1.8,20.0,full,False
AUDUSD,26,30.76923076923077,0.5138512322007055,-6710.869067966749,7.099074387487452,1.5,12.0,1.5,2.0,20.0,full,False
AUDUSD,26,30.76923076923077,0.3682674936194438,-7909.755823522821,7.110441169788922,1.5,15.0,1.0,1.5,20.0,full,False
AUDUSD,26,30.76923076923077,0.4673453561445224,-6723.687681147116,6.1038226769314985,1.5,15.0,1.2,1.8,20.0,full,False
AUDUSD,26,23.076923076923077,0.3581978308388366,-8063.445591319643,7.495700452849086,1.5,15.0,1.5,2.0,20.0,full,False
AUDUSD,26,38.46153846153847,0.5597075400960329,-5561.69029479356,5.615900746746498,1.8,8.0,1.0,1.5,20.0,full,False
AUDUSD,26,30.76923076923077,0.42757459967424166,-7217.9405594538985,6.522954825663047,1.8,8.0,1.2,1.8,20.0,full,False
AUDUSD,26,26.923076923076923,0.4140675498079671,-7392.950433815859,6.838216790289259,1.8,8.0,1.5,2.0,20.0,full,False
AUDUSD,26,38.46153846153847,0.5597819708689984,-5560.010720668215,5.614222136747606,1.8,10.0,1.0,1.5,20.0,full,False
AUDUSD,26,30.76923076923077,0.42761205979119554,-7216.835937707714,6.5218419297272385,1.8,10.0,1.2,1.8,20.0,full,False
AUDUSD,26,26.923076923076923,0.41410563794010097,-7391.789924114288,6.837049328916319,1.8,10.0,1.5,2.0,20.0,full,False
AUDUSD,26,38.46153846153847,0.5599559762656438,-5554.654730710507,5.607766692576989,1.8,12.0,1.0,1.5,20.0,full,False
AUDUSD,26,30.76923076923077,0.4278652080724061,-7209.038484454024,6.5139860695056075,1.8,12.0,1.2,1.8,20.0,full,False
AUDUSD,26,26.923076923076923,0.41446654975829683,-7382.288812623301,6.827491303980625,1.8,12.0,1.5,2.0,20.0,full,False
AUDUSD,26,30.76923076923077,0.4542018674247649,-6333.467113161096,5.537935941233528,1.8,15.0,1.0,1.5,20.0,full,False
AUDUSD,26,30.76923076923077,0.42789392703454165,-6628.598823746652,5.929198614774782,1.8,15.0,1.2,1.8,20.0,full,False
AUDUSD,26,23.076923076923077,0.3844235119999555,-7140.842488143433,6.584598670608282,1.8,15.0,1.5,2.0,20.0,full,False
AUDUSD,10,50.0,0.8564191475740286,-768.8892720741569,2.63881856750214,1.0,8.0,1.0,1.5,20.0,full,True
AUDUSD,7,57.14285714285714,0.9902318976110492,-31.169977254336118,1.0628983348323835,1.0,8.0,1.2,1.8,20.0,full,True
AUDUSD,6,66.66666666666666,1.7524774241021757,1593.9700410979422,1.0621668361180792,1.0,8.0,1.5,2.0,20.0,full,True
AUDUSD,6,66.66666666666666,1.5620459948685037,1193.8699999999226,1.050328343112534,1.0,10.0,1.0,1.5,20.0,full,True
AUDUSD,4,75.0,2.565904761904725,1644.199999999968,0.0,1.0,10.0,1.2,1.8,20.0,full,True
AUDUSD,4,75.0,3.0930952380951435,2197.7499999999127,0.0,1.0,10.0,1.5,2.0,20.0,full,True
AUDUSD,4,75.0,2.153517406962792,1201.0999999999913,0.0,1.0,12.0,1.0,1.5,20.0,full,True
AUDUSD,4,75.0,2.5870540216086906,1652.5200000000186,0.0,1.0,12.0,1.2,1.8,20.0,full,True
AUDUSD,3,66.66666666666666,1.4099399759904325,426.8500000000204,0.0,1.0,12.0,1.5,2.0,20.0,full,True
AUDUSD,4,75.0,1.4436330221985658,458.6499999999651,0.0,1.0,15.0,1.0,1.5,20.0,full,True
AUDUSD,3,66.66666666666666,1.1367219615998951,141.35000000004948,0.0,1.0,15.0,1.2,1.8,20.0,full,True
AUDUSD,2,0.0,0.0,-1066.8499999999622,0.03334473453802132,1.0,15.0,1.5,2.0,20.0,full,True
AUDUSD,7,71.42857142857143,1.5014843586171471,1066.8887760621437,1.0562988341074169,1.2,8.0,1.0,1.5,20.0,full,True
AUDUSD,6,66.66666666666666,1.4629055068158516,984.3794334359845,1.0562432062837157,1.2,8.0,1.2,1.8,20.0,full,True
AUDUSD,3,66.66666666666666,2.351059103596776,1416.5804068756843,0.0,1.2,8.0,1.5,2.0,20.0,full,True
AUDUSD,6,66.66666666666666,1.246344642650754,521.0918993949599,1.0501251478438807,1.2,10.0,1.0,1.5,20.0,full,True
AUDUSD,4,75.0,2.568173015408547,1644.2235297515872,0.0,1.2,10.0,1.2,1.8,20.0,full,True
AUDUSD,3,66.66666666666666,2.3487446849633695,1414.1537476121011,0.0,1.2,10.0,1.5,2.0,20.0,full,True
AUDUSD,4,75.0,2.153517406962792,1201.0999999999913,0.0,1.2,12.0,1.0,1.5,20.0,full,True
AUDUSD,4,75.0,2.5870540216086906,1652.5200000000186,0.0,1.2,12.0,1.2,1.8,20.0,full,True
AUDUSD,3,66.66666666666666,1.4099399759904325,426.8500000000204,0.0,1.2,12.0,1.5,2.0,20.0,full,True
AUDUSD,4,75.0,1.4436330221985658,458.6499999999651,0.0,1.2,15.0,1.0,1.5,20.0,full,True
AUDUSD,3,66.66666666666666,1.1367219615998951,141.35000000004948,0.0,1.2,15.0,1.2,1.8,20.0,full,True
AUDUSD,2,0.0,0.0,-1066.8499999999622,0.03334473453802132,1.2,15.0,1.5,2.0,20.0,full,True
AUDUSD,5,60.0,1.0710456993428237,148.97426422321587,1.0455615847652973,1.5,8.0,1.0,1.5,20.0,full,True
AUDUSD,3,66.66666666666666,1.9952149036971956,1033.7259907907574,0.0,1.5,8.0,1.2,1.8,20.0,full,True
AUDUSD,3,66.66666666666666,1.4201432307474375,436.401199243468,0.0,1.5,8.0,1.5,2.0,20.0,full,True
AUDUSD,5,60.0,1.0700235324341913,146.83090347745747,1.0455837280916809,1.5,10.0,1.0,1.5,20.0,full,True
AUDUSD,3,66.66666666666666,1.9930401619661324,1031.4670947047998,0.0,1.5,10.0,1.2,1.8,20.0,full,True
AUDUSD,3,66.66666666666666,1.4189246087661984,435.1354211584694,0.0,1.5,10.0,1.5,2.0,20.0,full,True
AUDUSD,4,75.0,2.157375793579191,1202.1618993950542,0.0,1.5,12.0,1.0,1.5,20.0,full,True
AUDUSD,3,66.66666666666666,1.990023546583759,1028.3337476122251,0.0,1.5,12.0,1.2,1.8,20.0,full,True
AUDUSD,3,66.66666666666666,1.4150912710246817,431.15374761221756,0.0,1.5,12.0,1.5,2.0,20.0,full,True
AUDUSD,4,75.0,1.4436330221985658,458.6499999999651,0.0,1.5,15.0,1.0,1.5,20.0,full,True
AUDUSD,3,66.66666666666666,1.1367219615998951,141.35000000004948,0.0,1.5,15.0,1.2,1.8,20.0,full,True
AUDUSD,2,0.0,0.0,-1066.8499999999622,0.03334473453802132,1.5,15.0,1.5,2.0,20.0,full,True
AUDUSD,3,66.66666666666666,1.6703392932385637,692.6053814228362,0.0,1.8,8.0,1.0,1.5,20.0,full,True
AUDUSD,3,66.66666666666666,1.1419949714820814,146.7114972603449,0.0,1.8,8.0,1.2,1.8,20.0,full,True
AUDUSD,3,66.66666666666666,1.4304577601723667,444.755908206178,0.0,1.8,8.0,1.5,2.0,20.0,full,True
AUDUSD,3,66.66666666666666,1.6703392932385637,692.6053814228362,0.0,1.8,10.0,1.0,1.5,20.0,full,True
AUDUSD,3,66.66666666666666,1.1419949714820814,146.7114972603449,0.0,1.8,10.0,1.2,1.8,20.0,full,True
AUDUSD,3,66.66666666666666,1.4304577601723667,444.755908206178,0.0,1.8,10.0,1.5,2.0,20.0,full,True
AUDUSD,3,66.66666666666666,1.668831346935275,691.0473469541903,0.0,1.8,12.0,1.0,1.5,20.0,full,True
AUDUSD,3,66.66666666666666,1.1389772146296784,143.59350215416634,0.0,1.8,12.0,1.2,1.8,20.0,full,True
AUDUSD,3,66.66666666666666,1.4304843820146236,444.7834143234504,0.0,1.8,12.0,1.5,2.0,20.0,full,True
AUDUSD,3,66.66666666666666,0.945107181383264,-56.71614652297285,0.0,1.8,15.0,1.0,1.5,20.0,full,True
AUDUSD,3,66.66666666666666,1.1374193134272081,141.98385347708245,0.0,1.8,15.0,1.2,1.8,20.0,full,True
AUDUSD,2,0.0,0.0,-1066.2161465229292,0.03334452097469123,1.8,15.0,1.5,2.0,20.0,full,True
AUDUSD,25,36.0,0.47538375262655014,-8646.013888400907,8.966504451026923,1.0,8.0,1.0,1.5,25.0,full,False
AUDUSD,24,33.33333333333333,0.4857985007326893,-8463.447123995778,8.735249047699497,1.0,8.0,1.2,1.8,25.0,full,False
AUDUSD,24,25.0,0.4597819485400399,-9443.505766169721,9.540565871530415,1.0,8.0,1.5,2.0,25.0,full,False
AUDUSD,22,45.45454545454545,0.7327572991403282,-3356.0338373957784,4.643066370591704,1.0,10.0,1.0,1.5,25.0,full,False
AUDUSD,22,40.909090909090914,0.7122568278519507,-3617.95316216207,4.54885950011526,1.0,10.0,1.2,1.8,25.0,full,False
AUDUSD,22,36.36363636363637,0.6623331953547837,-4588.882634813228,6.134832556097306,1.0,10.0,1.5,2.0,25.0,full,False
AUDUSD,19,47.368421052631575,0.7255002128565369,-2579.199999999968,3.602889119000722,1.0,12.0,1.0,1.5,25.0,full,False
AUDUSD,19,36.84210526315789,0.6620915219924117,-3538.5099999998347,5.099845305102243,1.0,12.0,1.2,1.8,25.0,full,False
AUDUSD,19,36.84210526315789,0.7301938111445062,-2841.989999999889,5.09990988409167,1.0,12.0,1.5,2.0,25.0,full,False
AUDUSD,18,33.33333333333333,0.4578624389655783,-4496.759999999878,4.101986236541206,1.0,15.0,1.0,1.5,25.0,full,False
AUDUSD,18,33.33333333333333,0.5938326517923574,-3396.9399999996676,4.103276903638409,1.0,15.0,1.2,1.8,25.0,full,False
AUDUSD,18,22.22222222222222,0.40823450248129317,-4924.849999999744,4.101561908988508,1.0,15.0,1.5,2.0,25.0,full,False
AUDUSD,23,43.47826086956522,0.5766571507753895,-5727.603465216453,5.843475572440258,1.2,8.0,1.0,1.5,25.0,full,False
AUDUSD,23,34.78260869565217,0.614797479040468,-5659.69797542716,7.146998680506518,1.2,8.0,1.2,1.8,25.0,full,False
AUDUSD,23,34.78260869565217,0.7412098262342466,-3858.3789622143377,7.146685315470402,1.2,8.0,1.5,2.0,25.0,full,False
AUDUSD,21,47.61904761904761,0.684584939035755,-3626.0132208375144,4.6476837192050064,1.2,10.0,1.0,1.5,25.0,full,False
AUDUSD,21,38.095238095238095,0.6678679720165688,-4189.2202736985055,6.128403732744644,1.2,10.0,1.2,1.8,25.0,full,False
AUDUSD,21,38.095238095238095,0.7914398308772784,-2656.8048846483143,6.127924616960326,1.2,10.0,1.5,2.0,25.0,full,False
AUDUSD,19,47.368421052631575,0.7254861420902061,-2579.3322089204157,3.603019938681569,1.2,12.0,1.0,1.5,25.0,full,False
AUDUSD,19,36.84210526315789,0.6620990651636922,-3538.390696733637,5.09972793289062,1.2,12.0,1.2,1.8,25.0,full,False
AUDUSD,19,36.84210526315789,0.7301920218720884,-2842.015811308389,5.099935095553933,1.2,12.0,1.5,2.0,25.0,full,False
AUDUSD,18,33.33333333333333,0.4578624389655783,-4496.759999999878,4.101986236541206,1.2,15.0,1.0,1.5,25.0,full,False
AUDUSD,18,33.33333333333333,0.5938326517923574,-3396.9399999996676,4.103276903638409,1.2,15.0,1.2,1.8,25.0,full,False
AUDUSD,18,22.22222222222222,0.40823450248129317,-4924.849999999744,4.101561908988508,1.2,15.0,1.5,2.0,25.0,full,False
AUDUSD,19,36.84210526315789,0.6058960515803219,-4115.184081675092,5.1037997551391365,1.5,8.0,1.0,1.5,25.0,full,False
AUDUSD,19,36.84210526315789,0.665617817515472,-3506.487580050234,5.105593167602116,1.5,8.0,1.2,1.8,25.0,full,False
AUDUSD,19,36.84210526315789,0.6981285063768573,-3172.1860841319867,5.105860240104921,1.5,8.0,1.5,2.0,25.0,full,False
AUDUSD,19,36.84210526315789,0.605763993334812,-4116.563017339024,5.103869408574659,1.5,10.0,1.0,1.5,25.0,full,False
AUDUSD,19,36.84210526315789,0.6655209961336401,-3507.5028942346107,5.105644146858452,1.5,10.0,1.2,1.8,25.0,full,False
AUDUSD,19,36.84210526315789,0.6979171179282929,-3174.4074382811814,5.105971396754297,1.5,10.0,1.5,2.0,25.0,full,False
AUDUSD,18,38.88888888888889,0.6175353416000262,-3599.4201442563644,5.091890420911659,1.5,12.0,1.0,1.5,25.0,full,False
AUDUSD,18,33.33333333333333,0.6696322759562372,-3131.582512180059,5.092718802717487,1.5,12.0,1.2,1.8,25.0,full,False
AUDUSD,18,33.33333333333333,0.6328929874394984,-3472.9432086534944,5.092865240596903,1.5,12.0,1.5,2.0,25.0,full,False
AUDUSD,18,33.33333333333333,0.45790000400252256,-4496.079538772086,4.101302962547678,1.5,15.0,1.0,1.5,25.0,full,False
AUDUSD,18,33.33333333333333,0.5938637959204348,-3396.5013963963574,4.102841506992632,1.5,15.0,1.2,1.8,25.0,full,False
AUDUSD,18,22.22222222222222,0.4082723336589396,-4924.078842162751,4.100784073433289,1.5,15.0,1.5,2.0,25.0,full,False
AUDUSD,18,38.88888888888889,0.6947931438866308,-2557.895655480388,4.11350057018686,1.8,8.0,1.0,1.5,25.0,full,False
AUDUSD,18,33.33333333333333,0.5422500504245419,-3820.399692655119,4.111954606359917,1.8,8.0,1.2,1.8,25.0,full,False
AUDUSD,18,27.77777777777778,0.4998399581882377,-4176.458857705627,4.111924851756084,1.8,8.0,1.5,2.0,25.0,full,False
AUDUSD,18,38.88888888888889,0.6947931438866308,-2557.895655480388,4.11350057018686,1.8,10.0,1.0,1.5,25.0,full,False
AUDUSD,18,33.33333333333333,0.5422500504245419,-3820.399692655119,4.111954606359917,1.8,10.0,1.2,1.8,25.0,full,False
AUDUSD,18,27.77777777777778,0.4998399581882377,-4176.458857705627,4.111924851756084,1.8,10.0,1.5,2.0,25.0,full,False
AUDUSD,18,38.88888888888889,0.6946578115338705,-2559.0298568596627,4.113546481254236,1.8,12.0,1.0,1.5,25.0,full,False
AUDUSD,18,33.33333333333333,0.5422418360112774,-3820.4682504822413,4.111957416882965,1.8,12.0,1.2,1.8,25.0,full,False
AUDUSD,18,27.77777777777778,0.4997678424408081,-4177.061041860608,4.111949629941278,1.8,12.0,1.5,2.0,25.0,full,False
AUDUSD,18,33.33333333333333,0.6133680227296545,-2841.852535841521,3.1284928689343463,1.8,15.0,1.0,1.5,25.0,full,False
AUDUSD,18,33.33333333333333,0.5537145530213555,-3269.460342172548,3.1280657354507344,1.8,15.0,1.2,1.8,25.0,full,False
AUDUSD,18,22.22222222222222,0.4629526646021032,-3944.545003782987,3.126257339552492,1.8,15.0,1.5,2.0,25.0,full,False
AUDUSD,8,37.5,0.5454759981250321,-2410.066324063737,3.673944770404712,1.0,8.0,1.0,1.5,25.0,full,True
AUDUSD,5,40.0,0.3923330874482863,-1926.6663820277172,1.4958818861321121,1.0,8.0,1.2,1.8,25.0,full,True
AUDUSD,4,50.0,0.727264795987595,-577.7339364928048,1.0621668361180792,1.0,8.0,1.5,2.0,25.0,full,True
AUDUSD,5,60.0,1.3781928819075624,801.7499999999272,1.0502916904302153,1.0,10.0,1.0,1.5,25.0,full,True
AUDUSD,4,75.0,2.565904761904725,1644.199999999968,0.0,1.0,10.0,1.2,1.8,25.0,full,True
AUDUSD,4,75.0,3.0930952380951435,2197.7499999999127,0.0,1.0,10.0,1.5,2.0,25.0,full,True
AUDUSD,4,75.0,2.153517406962792,1201.0999999999913,0.0,1.0,12.0,1.0,1.5,25.0,full,True
AUDUSD,4,75.0,2.5870540216086906,1652.5200000000186,0.0,1.0,12.0,1.2,1.8,25.0,full,True
AUDUSD,3,66.66666666666666,1.4099399759904325,426.8500000000204,0.0,1.0,12.0,1.5,2.0,25.0,full,True
AUDUSD,4,75.0,1.4436330221985658,458.6499999999651,0.0,1.0,15.0,1.0,1.5,25.0,full,True
AUDUSD,3,66.66666666666666,1.1367219615998951,141.35000000004948,0.0,1.0,15.0,1.2,1.8,25.0,full,True
AUDUSD,2,0.0,0.0,-1066.8499999999622,0.03334473453802132,1.0,15.0,1.5,2.0,25.0,full,True
AUDUSD,6,66.66666666666666,1.3091360400428085,656.2248865829024,1.0560002375951547,1.2,8.0,1.0,1.5,25.0,full,True
AUDUSD,5,60.0,1.271044313072727,575.1105876423389,1.055929645339038,1.2,8.0,1.2,1.8,25.0,full,True
AUDUSD,3,66.66666666666666,2.351059103596776,1416.5804068756843,0.0,1.2,8.0,1.5,2.0,25.0,full,True
AUDUSD,5,60.0,1.061798176775408,130.46189939495525,1.0500719911572758,1.2,10.0,1.0,1.5,25.0,full,True
AUDUSD,4,75.0,2.568173015408547,1644.2235297515872,0.0,1.2,10.0,1.2,1.8,25.0,full,True
AUDUSD,3,66.66666666666666,2.3487446849633695,1414.1537476121011,0.0,1.2,10.0,1.5,2.0,25.0,full,True
AUDUSD,4,75.0,2.153517406962792,1201.0999999999913,0.0,1.2,12.0,1.0,1.5,25.0,full,True
AUDUSD,4,75.0,2.5870540216086906,1652.5200000000186,0.0,1.2,12.0,1.2,1.8,25.0,full,True
AUDUSD,3,66.66666666666666,1.4099399759904325,426.8500000000204,0.0,1.2,12.0,1.5,2.0,25.0,full,True
AUDUSD,4,75.0,1.4436330221985658,458.6499999999651,0.0,1.2,15.0,1.0,1.5,25.0,full,True
AUDUSD,3,66.66666666666666,1.1367219615998951,141.35000000004948,0.0,1.2,15.0,1.2,1.8,25.0,full,True
AUDUSD,2,0.0,0.0,-1066.8499999999622,0.03334473453802132,1.2,15.0,1.5,2.0,25.0,full,True
AUDUSD,5,60.0,1.0710456993428237,148.97426422321587,1.0455615847652973,1.5,8.0,1.0,1.5,25.0,full,True
AUDUSD,3,66.66666666666666,1.9952149036971956,1033.7259907907574,0.0,1.5,8.0,1.2,1.8,25.0,full,True
AUDUSD,3,66.66666666666666,1.4201432307474375,436.401199243468,0.0,1.5,8.0,1.5,2.0,25.0,full,True
AUDUSD,5,60.0,1.0700235324341913,146.83090347745747,1.0455837280916809,1.5,10.0,1.0,1.5,25.0,full,True
AUDUSD,3,66.66666666666666,1.9930401619661324,1031.4670947047998,0.0,1.5,10.0,1.2,1.8,25.0,full,True
AUDUSD,3,66.66666666666666,1.4189246087661984,435.1354211584694,0.0,1.5,10.0,1.5,2.0,25.0,full,True
AUDUSD,4,75.0,2.157375793579191,1202.1618993950542,0.0,1.5,12.0,1.0,1.5,25.0,full,True
AUDUSD,3,66.66666666666666,1.990023546583759,1028.3337476122251,0.0,1.5,12.0,1.2,1.8,25.0,full,True
AUDUSD,3,66.66666666666666,1.4150912710246817,431.15374761221756,0.0,1.5,12.0,1.5,2.0,25.0,full,True
AUDUSD,4,75.0,1.4436330221985658,458.6499999999651,0.0,1.5,15.0,1.0,1.5,25.0,full,True
AUDUSD,3,66.66666666666666,1.1367219615998951,141.35000000004948,0.0,1.5,15.0,1.2,1.8,25.0,full,True
AUDUSD,2,0.0,0.0,-1066.8499999999622,0.03334473453802132,1.5,15.0,1.5,2.0,25.0,full,True
AUDUSD,3,66.66666666666666,1.6703392932385637,692.6053814228362,0.0,1.8,8.0,1.0,1.5,25.0,full,True
AUDUSD,3,66.66666666666666,1.1419949714820814,146.7114972603449,0.0,1.8,8.0,1.2,1.8,25.0,full,True
AUDUSD,3,66.66666666666666,1.4304577601723667,444.755908206178,0.0,1.8,8.0,1.5,2.0,25.0,full,True
AUDUSD,3,66.66666666666666,1.6703392932385637,692.6053814228362,0.0,1.8,10.0,1.0,1.5,25.0,full,True
AUDUSD,3,66.66666666666666,1.1419949714820814,146.7114972603449,0.0,1.8,10.0,1.2,1.8,25.0,full,True
AUDUSD,3,66.66666666666666,1.4304577601723667,444.755908206178,0.0,1.8,10.0,1.5,2.0,25.0,full,True
AUDUSD,3,66.66666666666666,1.668831346935275,691.0473469541903,0.0,1.8,12.0,1.0,1.5,25.0,full,True
AUDUSD,3,66.66666666666666,1.1389772146296784,143.59350215416634,0.0,1.8,12.0,1.2,1.8,25.0,full,True
AUDUSD,3,66.66666666666666,1.4304843820146236,444.7834143234504,0.0,1.8,12.0,1.5,2.0,25.0,full,True
AUDUSD,3,66.66666666666666,0.945107181383264,-56.71614652297285,0.0,1.8,15.0,1.0,1.5,25.0,full,True
AUDUSD,3,66.66666666666666,1.1374193134272081,141.98385347708245,0.0,1.8,15.0,1.2,1.8,25.0,full,True
AUDUSD,2,0.0,0.0,-1066.2161465229292,0.03334452097469123,1.8,15.0,1.5,2.0,25.0,full,True
AUDUSD,18,16.666666666666664,0.18483487907307006,-12283.914296927047,11.921646113166375,1.0,8.0,1.0,1.5,30.0,full,False
AUDUSD,18,16.666666666666664,0.22249920649233665,-11761.723144921067,11.703179981668093,1.0,8.0,1.2,1.8,30.0,full,False
AUDUSD,18,11.11111111111111,0.21210953233702837,-11932.091433936977,11.538250307967525,1.0,8.0,1.5,2.0,30.0,full,False
AUDUSD,16,25.0,0.27456327611807735,-8818.30000000009,8.457852795381864,1.0,10.0,1.0,1.5,30.0,full,False
AUDUSD,16,18.75,0.27803343504938,-8801.35000000002,8.186521038131875,1.0,10.0,1.2,1.8,30.0,full,False
AUDUSD,16,18.75,0.3285364647814166,-8216.800000000105,7.825102774239196,1.0,10.0,1.5,2.0,30.0,full,False
AUDUSD,13,23.076923076923077,0.23779687705025668,-6970.499999999884,6.478436292553143,1.0,12.0,1.0,1.5,30.0,full,False
AUDUSD,13,15.384615384615385,0.308062875935792,-6395.989999999845,6.771570052884791,1.0,12.0,1.2,1.8,30.0,full,False
AUDUSD,13,15.384615384615385,0.36017600336477457,-5932.7999999998865,6.540566694783682,1.0,12.0,1.5,2.0,30.0,full,False
AUDUSD,12,16.666666666666664,0.2722392084165939,-4534.349999999846,4.502501584278183,1.0,15.0,1.0,1.5,30.0,full,False
AUDUSD,12,8.333333333333332,0.19569576539067676,-5775.949999999735,5.744515796017701,1.0,15.0,1.2,1.8,30.0,full,False
AUDUSD,12,8.333333333333332,0.2288733374144428,-5542.54999999977,5.511037931149788,1.0,15.0,1.5,2.0,30.0,full,False
AUDUSD,17,23.52941176470588,0.20297832336444052,-10445.026783092238,10.438666498724384,1.2,8.0,1.0,1.5,30.0,full,False
AUDUSD,17,17.647058823529413,0.2571534860612761,-9816.83149519004,10.169420293229413,1.2,8.0,1.2,1.8,30.0,full,False
AUDUSD,17,17.647058823529413,0.3040326059587758,-9235.773635126185,9.81291365603946,1.2,8.0,1.5,2.0,30.0,full,False
AUDUSD,15,26.666666666666668,0.24107804617067613,-8459.988250563358,8.453486986760266,1.2,10.0,1.0,1.5,30.0,full,False
AUDUSD,15,20.0,0.3048259861765379,-7819.227659569689,8.17962648188566,1.2,10.0,1.2,1.8,30.0,full,False
AUDUSD,15,20.0,0.36012775406718467,-7228.392232494298,7.818296535009457,1.2,10.0,1.5,2.0,30.0,full,False
AUDUSD,13,23.076923076923077,0.23779687705025668,-6970.499999999884,6.478436292553143,1.2,12.0,1.0,1.5,30.0,full,False
AUDUSD,13,15.384615384615385,0.308062875935792,-6395.989999999845,6.771570052884791,1.2,12.0,1.2,1.8,30.0,full,False
AUDUSD,13,15.384615384615385,0.36017600336477457,-5932.7999999998865,6.540566694783682,1.2,12.0,1.5,2.0,30.0,full,False
AUDUSD,12,16.666666666666664,0.2722392084165939,-4534.349999999846,4.502501584278183,1.2,15.0,1.0,1.5,30.0,full,False
AUDUSD,12,8.333333333333332,0.19569576539067676,-5775.949999999735,5.744515796017701,1.2,15.0,1.2,1.8,30.0,full,False
AUDUSD,12,8.333333333333332,0.2288733374144428,-5542.54999999977,5.511037931149788,1.2,15.0,1.5,2.0,30.0,full,False
AUDUSD,13,23.076923076923077,0.2654007265844871,-6046.809873884587,6.01273949195042,1.5,8.0,1.0,1.5,30.0,full,False
AUDUSD,13,23.076923076923077,0.3181089427504207,-5628.861927076912,5.594639984071124,1.5,8.0,1.2,1.8,30.0,full,False
AUDUSD,13,15.384615384615385,0.2573438640030485,-6820.631422031802,6.7868416521306845,1.5,8.0,1.5,2.0,30.0,full,False
AUDUSD,13,23.076923076923077,0.26555646270060607,-6045.527941382403,6.011457094579202,1.5,10.0,1.0,1.5,30.0,full,False
AUDUSD,13,23.076923076923077,0.31827061773306625,-5627.527335363615,5.593304908392907,1.5,10.0,1.2,1.8,30.0,full,False
AUDUSD,13,15.384615384615385,0.25755297921607606,-6818.710886101835,6.784920419753981,1.5,10.0,1.5,2.0,30.0,full,False
AUDUSD,12,25.0,0.3052225151486808,-5027.317804787599,4.992877722962158,1.5,12.0,1.0,1.5,30.0,full,False
AUDUSD,12,16.666666666666664,0.28005736961985134,-5230.1333729367325,5.1957668384156435,1.5,12.0,1.2,1.8,30.0,full,False
AUDUSD,12,8.333333333333332,0.19942553661547766,-6567.161793205843,6.533280107244704,1.5,12.0,1.5,2.0,30.0,full,False
AUDUSD,12,16.666666666666664,0.2722392084165939,-4534.349999999846,4.502501584278183,1.5,15.0,1.0,1.5,30.0,full,False
AUDUSD,12,8.333333333333332,0.19569576539067676,-5775.949999999735,5.744515796017701,1.5,15.0,1.2,1.8,30.0,full,False
AUDUSD,12,8.333333333333332,0.2288733374144428,-5542.54999999977,5.511037931149788,1.5,15.0,1.5,2.0,30.0,full,False
AUDUSD,12,25.0,0.30659548967880473,-4989.639420276944,4.960937623439212,1.8,8.0,1.0,1.5,30.0,full,False
AUDUSD,12,8.333333333333332,0.17137326332067696,-6749.721155390682,6.721551063811971,1.8,8.0,1.2,1.8,30.0,full,False
AUDUSD,12,8.333333333333332,0.20057253675419798,-6518.492545251836,6.4902526015375175,1.8,8.0,1.5,2.0,30.0,full,False
AUDUSD,12,25.0,0.30659548967880473,-4989.639420276944,4.960937623439212,1.8,10.0,1.0,1.5,30.0,full,False
AUDUSD,12,8.333333333333332,0.17137326332067696,-6749.721155390682,6.721551063811971,1.8,10.0,1.2,1.8,30.0,full,False
AUDUSD,12,8.333333333333332,0.20057253675419798,-6518.492545251836,6.4902526015375175,1.8,10.0,1.5,2.0,30.0,full,False
AUDUSD,12,25.0,0.3067948458591187,-4988.204881791593,4.959502651592363,1.8,12.0,1.0,1.5,30.0,full,False
AUDUSD,12,8.333333333333332,0.17161138990335464,-6747.781454483615,6.719610776938268,1.8,12.0,1.2,1.8,30.0,full,False
AUDUSD,12,8.333333333333332,0.2008412798045013,-6516.301227526928,6.48806062183474,1.8,12.0,1.5,2.0,30.0,full,False
AUDUSD,12,16.666666666666664,0.27266625993388466,-4524.591675549644,4.49574939186599,1.8,15.0,1.0,1.5,30.0,full,False
AUDUSD,12,8.333333333333332,0.19597443937514084,-5765.738252534022,5.737270908348361,1.8,15.0,1.2,1.8,30.0,full,False
AUDUSD,12,8.333333333333332,0.229149484524305,-5533.88825253406,5.505350868496349,1.8,15.0,1.5,2.0,30.0,full,False
AUDUSD,3,0.0,0.0,-3154.3500000000786,2.1143145925458495,1.0,8.0,1.0,1.5,30.0,full,True
AUDUSD,1,0.0,0.0,-1062.500000000029,0.0,1.0,8.0,1.2,1.8,30.0,full,True
AUDUSD,1,0.0,0.0,-1050.0,0.0,1.0,10.0,1.0,1.5,30.0,full,True
AUDUSD,2,50.0,0.49785309306109604,-533.31883731173,1.0564910264802927,1.2,8.0,1.0,1.5,30.0,full,True
AUDUSD,1,0.0,0.0,-1056.4479272728786,0.0,1.2,8.0,1.2,1.8,30.0,full,True
AUDUSD,1,0.0,0.0,-1050.0,0.0,1.2,10.0,1.0,1.5,30.0,full,True
AUDUSD,1,0.0,0.0,-1045.419984983193,0.0,1.5,8.0,1.0,1.5,30.0,full,True
AUDUSD,1,0.0,0.0,-1045.419984983193,0.0,1.5,10.0,1.0,1.5,30.0,full,True
