trade_id,symbol,direction,entry_time,entry_price,sl_price,tp1_price,tp2_price,current_sl,sl_dist,tp1_dist,tp2_dist,total_lots,part_lots,run_lots,tp1_hit,tp2_hit,be_hit,starting_balance,exit_time,exit_price,exit_reason,duration_m,partial_pnl,runner_pnl,commission,net_pnl,ending_balance,return_pct
2,NAS100,BUY,2026-01-02 08:00:00+00:00,25484.5,25440.019082459534,25551.2213763107,25573.461835080932,25484.5,44.48091754046623,66.72137631069934,88.96183508093246,0.11,0.06,0.05,True,True,True,5000.0,2026-01-02 09:55:00+00:00,25573.461835080932,FULL_TP2,115.0,40.03,44.48,0.55,83.96,5083.96,1.6791999999999998
1,XAUUSD,BUY,2026-01-02 07:35:00+00:00,4379.87,4363.337960812272,4403.014854862818,4416.240486213,4363.337960812272,16.53203918772728,23.14485486281819,36.370486213000014,0.03,0.01,0.02,False,False,False,5000.0,2026-01-02 13:55:00+00:00,4363.337960812272,SL,380.0,-16.53,-33.06,0.15,-49.75,5034.22,-0.9950000000000001
3,NAS100,BUY,2026-01-02 14:45:00+00:00,25588.899999999998,25545.52287387794,25653.965689183085,25675.654252244116,25545.52287387794,43.37712612205858,65.06568918308787,86.75425224411715,0.12,0.06,0.06,False,False,False,5034.217625763705,2026-01-02 15:05:00+00:00,25545.52287387794,SL,20.0,-26.03,-26.03,0.6,-52.65,4981.57,-1.0458427488424846
4,XAUUSD,SELL,2026-01-02 19:55:00+00:00,4317.75,4334.291865264908,4294.591388629129,4281.357896417203,4334.291865264908,16.541865264907564,23.158611370870588,36.39210358279664,0.03,0.01,0.02,False,False,False,4981.565074417234,2026-01-02 21:00:00+00:00,4330.6,EOD_EXIT,65.0,-12.85,-25.7,0.15,-38.7,4942.87,-0.7768642870639866
5,XAUUSD,BUY,2026-01-05 14:00:00+00:00,4422.51,4406.5042995198055,4444.917980672273,4457.722541056429,4422.51,16.005700480194754,22.407980672272654,35.21254105642846,0.03,0.01,0.02,True,False,True,4942.865074417234,2026-01-05 21:00:00+00:00,4446.39,EOD_EXIT,420.0,22.41,47.76,0.15,70.02,5012.88,1.4165873222476215
6,NAS100,BUY,2026-01-05 20:40:00+00:00,25442.899999999998,25374.104939608093,25546.092590587858,25580.490120783812,25374.104939608093,68.79506039190682,103.19259058786022,137.59012078381363,0.07,0.04,0.03,False,False,False,4942.865074417234,2026-01-05 21:00:00+00:00,25430.0,EOD_EXIT,20.0,-5.16,-3.87,0.35,-9.38,5003.5,-0.1897684816150056
7,XAUUSD,BUY,2026-01-06 06:50:00+00:00,4464.83,4449.958204777363,4485.650513311692,4497.547949489802,4449.958204777363,14.871795222637168,20.820513311692032,32.717949489801775,0.03,0.01,0.02,False,False,False,5003.503055089508,2026-01-06 09:45:00+00:00,4449.958204777363,SL,175.0,-14.87,-29.74,0.15,-44.77,4958.74,-0.8947731120991413
9,NAS100,BUY,2026-01-06 14:25:00+00:00,25481.699999999997,25432.872826995186,25554.940759507215,25579.354346009623,25481.699999999997,48.827173004812366,73.24075950721854,97.65434600962473,0.1,0.05,0.05,True,True,True,4958.737669421596,2026-01-06 14:50:00+00:00,25579.354346009623,FULL_TP2,25.0,36.62,48.83,0.5,84.95,5043.69,1.7131376100786726
8,XAUUSD,BUY,2026-01-06 11:30:00+00:00,4460.86,4445.821957356684,4481.913259700642,4493.943693815294,4460.86,15.038042643315658,21.05325970064192,33.08369381529445,0.03,0.01,0.02,True,True,True,4958.737669421596,2026-01-06 18:15:00+00:00,4493.943693815294,FULL_TP2,405.0,21.05,66.17,0.15,87.07,5130.76,1.7558904262454385
10,NAS100,BUY,2026-01-06 17:10:00+00:00,25559.5,25498.441764179457,25651.087353730814,25681.61647164109,25559.5,61.05823582054388,91.58735373081582,122.11647164108776,0.08,0.04,0.04,True,False,True,5043.685222180018,2026-01-06 21:00:00+00:00,25662.8,EOD_EXIT,230.0,36.63,41.32,0.4,77.55,5208.31,1.537566215650563
11,XAUUSD,BUY,2026-01-06 20:20:00+00:00,4486.67,4471.935497322687,4507.298303748237,4519.085905890088,4471.935497322687,14.734502677312477,20.628303748237467,32.41590589008745,0.03,0.01,0.02,False,False,False,5130.755869511249,2026-01-06 21:00:00+00:00,4493.07,EOD_EXIT,40.0,6.4,12.8,0.15,19.05,5227.36,0.37129032221551955
12,XAUUSD,SELL,2026-01-07 10:25:00+00:00,4459.52,4474.431826932384,4438.643442294664,4426.713980748757,4459.52,14.911826932383219,20.876557705336506,32.806019251243086,0.04,0.02,0.02,True,True,True,5227.360811003575,2026-01-07 15:10:00+00:00,4426.713980748757,FULL_TP2,285.0,41.75,65.61,0.2,107.17,5334.53,2.0501741485762293
14,NAS100,BUY,2026-01-07 18:40:00+00:00,25818.3,25767.623812313504,25894.314281529743,25919.65237537299,25767.623812313504,50.67618768649497,76.01428152974245,101.35237537298994,0.11,0.06,0.05,False,False,False,5334.525964916734,2026-01-07 19:10:00+00:00,25767.623812313504,SL,30.0,-30.41,-25.34,0.55,-56.29,5278.23,-1.0552015374974113
13,XAUUSD,SELL,2026-01-07 17:55:00+00:00,4451.57,4468.072372822951,4428.466678047867,4415.264779789506,4468.072372822951,16.502372822951607,23.103321952132248,36.30522021049354,0.03,0.01,0.02,False,False,False,5334.525964916734,2026-01-07 21:00:00+00:00,4453.31,EOD_EXIT,185.0,-1.74,-3.48,0.15,-5.37,5272.86,-0.10066498945391898
16,NAS100,SELL,2026-01-08 12:05:00+00:00,25601.0,25651.29265803454,25525.56101294819,25500.414683930918,25651.29265803454,50.292658034540224,75.43898705181033,100.58531606908045,0.1,0.05,0.05,False,False,False,5272.862158461588,2026-01-08 13:20:00+00:00,25651.29265803454,SL,75.0,-25.15,-25.15,0.5,-50.79,5222.07,-0.9632339794526036
17,NAS100,SELL,2026-01-08 14:30:00+00:00,25553.9,25603.68346534611,25479.22480198084,25454.333069307784,25553.9,49.783465346108564,74.67519801916285,99.56693069221713,0.1,0.05,0.05,True,True,True,5222.069500427047,2026-01-08 14:45:00+00:00,25454.333069307784,FULL_TP2,15.0,37.34,49.78,0.5,86.62,5308.69,1.658729359938937
15,XAUUSD,SELL,2026-01-08 08:00:00+00:00,4425.33,4439.37817045262,4405.662561366332,4394.424025004236,4439.37817045262,14.04817045262026,19.667438633668365,30.905974995764574,0.04,0.02,0.02,False,False,False,5272.862158461588,2026-01-08 15:05:00+00:00,4439.37817045262,SL,425.0,-28.1,-28.1,0.2,-56.39,5252.3,-1.0694381591126663
18,NAS100,SELL,2026-01-08 18:10:00+00:00,25472.2,25542.374707250892,25366.937939123665,25331.85058549822,25542.374707250892,70.17470725089026,105.2620608763354,140.34941450178053,0.07,0.04,0.03,False,False,False,5252.297882972256,2026-01-08 20:35:00+00:00,25542.374707250892,SL,145.0,-28.07,-21.05,0.35,-49.47,5202.83,-0.9418734638105695
19,XAUUSD,BUY,2026-01-08 20:00:00+00:00,4457.7,4443.570893527271,4477.48074906182,4488.784034240001,4457.7,14.129106472728152,19.78074906181941,31.084034240001937,0.04,0.02,0.02,True,False,True,5252.297882972256,2026-01-08 21:00:00+00:00,4478.42,EOD_EXIT,60.0,39.56,41.44,0.2,80.8,5283.63,1.5383742849382254
20,NAS100,SELL,2026-01-09 07:20:00+00:00,25509.5,25562.75746744048,25429.61379883928,25402.985065119043,25562.75746744048,53.25746744047885,79.88620116071827,106.5149348809577,0.1,0.05,0.05,False,False,False,5283.627086020272,2026-01-09 09:30:00+00:00,25562.75746744048,SL,130.0,-26.63,-26.63,0.5,-53.76,5229.87,-1.0174828602541108
21,XAUUSD,BUY,2026-01-09 08:05:00+00:00,4474.12,4461.844165420039,4491.306168411946,4501.126836075914,4461.844165420039,12.275834579961145,17.1861684119456,27.00683607591452,0.04,0.02,0.02,False,False,False,5283.627086020272,2026-01-09 12:30:00+00:00,4461.844165420039,SL,265.0,-24.55,-24.55,0.2,-49.3,5180.57,-0.9330711497493985
22,NAS100,BUY,2026-01-09 12:55:00+00:00,25600.699999999997,25551.362221919477,25674.706667120776,25699.375556161038,25551.362221919477,49.33777808052021,74.00666712078032,98.67555616104042,0.11,0.06,0.05,False,False,False,5180.566280259949,2026-01-09 14:20:00+00:00,25551.362221919477,SL,85.0,-29.6,-24.67,0.55,-54.82,5125.74,-1.0581854769214392
23,NAS100,SELL,2026-01-12 08:15:00+00:00,25546.2,25606.495968676343,25455.756046985487,25425.608062647316,25606.495968676343,60.29596867634168,90.44395301451252,120.59193735268336,0.09,0.04,0.05,False,False,False,5125.744724371377,2026-01-12 12:50:00+00:00,25606.495968676343,SL,275.0,-24.12,-30.15,0.45,-54.72,5071.03,-1.0675521888521453
24,XAUUSD,BUY,2026-01-12 10:45:00+00:00,4592.55,4576.28586812372,4615.319784626792,4628.331090127816,4592.55,16.264131876280103,22.769784626792145,35.78109012781623,0.03,0.01,0.02,True,False,True,5125.744724371377,2026-01-12 14:10:00+00:00,4592.55,TP1_THEN_BE,205.0,22.77,0.0,0.15,22.62,5093.65,0.44130172718997673
25,NAS100,SELL,2026-01-12 14:20:00+00:00,25581.5,25637.622102088455,25497.31684686732,25469.255795823094,25637.622102088455,56.12210208845336,84.18315313268005,112.24420417690672,0.09,0.04,0.05,False,False,False,5093.6481371894615,2026-01-12 14:30:00+00:00,25637.622102088455,SL,10.0,-22.45,-28.06,0.45,-50.96,5042.69,-1.0004617246317757
26,XAUUSD,BUY,2026-01-12 14:35:00+00:00,4611.0199999999995,4594.919269900081,4633.561022139885,4646.441606219819,4594.919269900081,16.100730099917673,22.541022139884742,35.421606219818884,0.03,0.01,0.02,False,False,False,5042.688245309853,2026-01-12 20:40:00+00:00,4594.919269900081,SL,365.0,-16.1,-32.2,0.15,-48.45,4994.24,-0.9607970519506693
27,NAS100,BUY,2026-01-13 08:20:00+00:00,25781.0,25735.21587154562,25849.676192681567,25872.56825690876,25735.21587154562,45.78412845437859,68.67619268156788,91.56825690875718,0.11,0.06,0.05,False,False,False,4994.2360550101,2026-01-13 10:10:00+00:00,25735.21587154562,SL,110.0,-27.47,-22.89,0.55,-50.91,4943.32,-1.0193751244282554
28,XAUUSD,BUY,2026-01-13 11:40:00+00:00,4590.05,4575.96477787439,4609.769310975854,4621.037488676341,4590.05,14.08522212560972,19.719310975853606,30.987488676341385,0.04,0.02,0.02,True,True,True,4943.323513710284,2026-01-13 13:45:00+00:00,4621.037488676341,FULL_TP2,125.0,39.44,61.97,0.2,101.21,5044.54,2.047407978039361
29,XAUUSD,BUY,2026-01-13 15:55:00+00:00,4619.28,4603.845068431655,4640.888904195683,4653.236849450359,4603.845068431655,15.43493156834493,21.608904195682904,33.95684945035885,0.03,0.01,0.02,False,False,False,5044.537113014674,2026-01-13 16:25:00+00:00,4603.845068431655,SL,30.0,-15.43,-30.87,0.15,-46.45,4998.08,-0.9207980625251251
30,NAS100,BUY,2026-01-13 16:30:00+00:00,25805.199999999997,25743.214062094215,25898.17890685867,25929.17187581156,25743.214062094215,61.985937905780865,92.9789068586713,123.97187581156173,0.08,0.04,0.04,False,False,False,4998.082318309639,2026-01-13 17:55:00+00:00,25743.214062094215,SL,85.0,-24.79,-24.79,0.4,-49.99,4948.09,-1.000183606757936
31,XAUUSD,BUY,2026-01-14 06:15:00+00:00,4633.24,4618.012885909935,4654.557959726091,4666.739650998144,4618.012885909935,15.227114090065237,21.31795972609133,33.49965099814352,0.03,0.01,0.02,False,False,False,4948.0935679850145,2026-01-14 14:35:00+00:00,4618.012885909935,SL,500.0,-15.23,-30.45,0.15,-45.83,4902.26,-0.9262153063662275
32,XAUUSD,SELL,2026-01-15 08:00:00+00:00,4599.57,4615.763116879473,4576.8996363687365,4563.945142865157,4615.763116879473,16.193116879473877,22.670363631263427,35.62485713484253,0.03,0.01,0.02,False,False,False,4902.262225714819,2026-01-15 10:20:00+00:00,4615.763116879473,SL,140.0,-16.19,-32.39,0.15,-48.73,4853.53,-0.994030873019945
33,NAS100,BUY,2026-01-15 12:40:00+00:00,25695.6,25625.92972286203,25800.10541570695,25834.94055427593,25695.6,69.67027713796634,104.5054157069495,139.34055427593267,0.07,0.04,0.03,True,False,True,4853.532875076397,2026-01-15 15:45:00+00:00,25695.6,TP1_THEN_BE,185.0,41.8,0.0,0.35,41.45,4894.99,0.8540170854276444
34,NAS100,BUY,2026-01-15 16:05:00+00:00,25767.3,25692.084540677388,25880.12318898392,25917.730918645222,25692.084540677388,75.21545932261171,112.82318898391756,150.43091864522341,0.07,0.04,0.03,False,False,False,4894.985041359178,2026-01-15 19:05:00+00:00,25692.084540677388,SL,180.0,-30.09,-22.56,0.35,-53.0,4841.98,-1.082740795981751
35,XAUUSD,SELL,2026-01-16 06:45:00+00:00,4596.26,4609.533599701884,4577.676960417364,4567.058080655857,4609.533599701884,13.273599701883127,18.583039582636378,29.20191934414288,0.04,0.02,0.02,False,False,False,4841.984219833349,2026-01-16 07:10:00+00:00,4609.533599701884,SL,25.0,-26.55,-26.55,0.2,-53.29,4788.69,-1.1005818602571598
37,XAUUSD,SELL,2026-01-16 11:00:00+00:00,4600.91,4613.604489223447,4583.137715087174,4572.982123708416,4613.604489223447,12.69448922344729,17.772284912826205,27.92787629158404,0.04,0.02,0.02,False,False,False,4788.689821025817,2026-01-16 11:35:00+00:00,4613.604489223447,SL,35.0,-25.39,-25.39,0.2,-50.98,4737.71,-1.06459181749799
36,NAS100,BUY,2026-01-16 10:15:00+00:00,25700.699999999997,25649.83361857607,25776.999572135886,25802.43276284785,25649.83361857607,50.866381423926725,76.29957213589009,101.73276284785345,0.09,0.04,0.05,False,False,False,4788.689821025817,2026-01-16 14:50:00+00:00,25649.83361857607,SL,275.0,-20.35,-25.43,0.45,-46.23,4691.48,-0.9653997591787384
38,XAUUSD,BUY,2026-01-19 12:15:00+00:00,4670.38,4654.646365794948,4692.407087887073,4704.993995251115,4654.646365794948,15.733634205052399,22.027087887073357,34.61399525111528,0.03,0.01,0.02,False,False,False,4691.482120850494,2026-01-19 23:00:00+00:00,4668.65,EOD_EXIT,645.0,-1.73,-3.46,0.15,-5.34,4686.14,-0.1138233049267582
39,XAUUSD,BUY,2026-01-20 11:40:00+00:00,4732.49,4719.873591372321,4750.15297207875,4760.246098980892,4719.873591372321,12.616408627678618,17.662972078750066,27.75609898089296,0.04,0.02,0.02,False,False,False,4686.142120850493,2026-01-20 13:20:00+00:00,4719.873591372321,SL,100.0,-25.23,-25.23,0.2,-50.67,4635.48,-1.0812732241847554
40,XAUUSD,BUY,2026-01-20 16:10:00+00:00,4741.63,4727.425893339463,4761.515749324752,4772.879034653181,4741.63,14.204106660537095,19.88574932475193,31.24903465318161,0.03,0.01,0.02,True,False,True,4635.476486339778,2026-01-20 21:00:00+00:00,4759.0,EOD_EXIT,290.0,19.89,34.74,0.15,54.48,4689.95,1.1752837094643098
41,XAUUSD,BUY,2026-01-21 08:10:00+00:00,4858.74,4838.384709673408,4887.237406457229,4903.521638718502,4838.384709673408,20.355290326591973,28.49740645722876,44.78163871850234,0.02,0.01,0.01,False,False,False,4689.952235664529,2026-01-21 14:10:00+00:00,4838.384709673408,SL,360.0,-20.36,-20.36,0.1,-40.81,4649.14,-0.8701581156767911
42,NAS100,BUY,2026-01-21 18:50:00+00:00,25167.3,25058.89169510636,25329.91245734046,25384.116609787277,25167.3,108.40830489363918,162.61245734045877,216.81660978727837,0.04,0.02,0.02,True,True,True,4649.141655011345,2026-01-21 19:35:00+00:00,25384.116609787277,FULL_TP2,45.0,32.52,43.36,0.2,75.69,4724.83,1.6280424563620937
44,NAS100,BUY,2026-01-22 12:55:00+00:00,25574.8,25490.595743150334,25701.106385274496,25743.208513699326,25490.595743150334,84.20425684966403,126.30638527449605,168.40851369932807,0.06,0.03,0.03,False,False,False,4724.827468436893,2026-01-22 14:45:00+00:00,25490.595743150334,SL,110.0,-25.26,-25.26,0.3,-50.82,4674.0,-1.0755948304883332
43,XAUUSD,BUY,2026-01-22 10:40:00+00:00,4828.58,4804.8917352003045,4861.743570719574,4880.69418255933,4828.58,23.68826479969581,33.16357071957413,52.114182559330786,0.02,0.01,0.01,True,True,True,4724.827468436893,2026-01-22 16:25:00+00:00,4880.69418255933,FULL_TP2,345.0,33.16,52.11,0.1,85.18,4759.18,1.8028171519283005
46,NAS100,BUY,2026-01-23 07:20:00+00:00,25609.1,25547.620167970275,25701.31974804458,25732.059664059445,25547.620167970275,61.47983202972282,92.21974804458424,122.95966405944564,0.08,0.04,0.04,False,False,False,4759.182667605999,2026-01-23 08:10:00+00:00,25547.620167970275,SL,50.0,-24.59,-24.59,0.4,-49.58,4709.6,-1.0417755203529542
45,XAUUSD,BUY,2026-01-23 06:20:00+00:00,4959.01,4938.962937669507,4987.075887262691,5003.113537127086,4938.962937669507,20.047062330493343,28.06588726269068,44.10353712708536,0.02,0.01,0.01,False,False,False,4759.182667605999,2026-01-23 08:15:00+00:00,4938.962937669507,SL,115.0,-20.05,-20.05,0.1,-40.19,4669.4,-0.844472734227213
47,NAS100,BUY,2026-01-23 19:20:00+00:00,25656.399999999998,25578.387081344998,25773.4193779825,25812.42583731,25578.387081344998,78.01291865500104,117.01937798250157,156.0258373100021,0.06,0.03,0.03,False,False,False,4669.404677321234,2026-01-23 20:10:00+00:00,25578.387081344998,SL,50.0,-23.4,-23.4,0.3,-47.11,4622.3,-1.0089080569265692
48,XAUUSD,BUY,2026-01-23 19:25:00+00:00,4977.6,4956.233368760027,5007.513283735963,5024.606588727942,4956.233368760027,21.366631239973326,29.913283735962654,47.00658872794132,0.02,0.01,0.01,False,False,False,4669.404677321234,2026-01-23 21:00:00+00:00,4983.82,EOD_EXIT,95.0,6.22,6.22,0.1,12.34,4634.64,0.2642735177769871
49,XAUUSD,BUY,2026-01-26 06:00:00+00:00,5079.5599999999995,5056.476266892189,5111.877226350934,5130.344212837182,5056.476266892189,23.083733107809906,32.317226350933865,50.7842128371818,0.02,0.01,0.01,False,False,False,4634.636926128232,2026-01-26 13:30:00+00:00,5056.476266892189,SL,450.0,-23.08,-23.08,0.1,-46.27,4588.37,-0.9983522061706329
50,XAUUSD,BUY,2026-01-26 14:35:00+00:00,5089.37,5067.373844408017,5120.164617828776,5137.761542302362,5067.373844408017,21.99615559198268,30.794617828775753,48.391542302361906,0.02,0.01,0.01,False,False,False,4588.369459912612,2026-01-26 16:35:00+00:00,5067.373844408017,SL,120.0,-22.0,-22.0,0.1,-44.09,4544.28,-0.960907799278215
51,XAUUSD,BUY,2026-01-26 17:00:00+00:00,5095.3,5071.585656036595,5128.500081548768,5147.4715567194935,5071.585656036595,23.714343963405998,33.200081548768395,52.171556719493196,0.02,0.01,0.01,False,False,False,4544.277148728646,2026-01-26 18:30:00+00:00,5071.585656036595,SL,90.0,-23.71,-23.71,0.1,-47.53,4496.75,-1.045930924642162
52,NAS100,BUY,2026-01-26 18:20:00+00:00,25804.199999999997,25729.489002715294,25916.266495927048,25953.6219945694,25729.489002715294,74.71099728470112,112.06649592705168,149.42199456940224,0.06,0.03,0.03,False,False,False,4544.277148728646,2026-01-26 21:00:00+00:00,25734.9,EOD_EXIT,160.0,-20.79,-20.79,0.3,-41.88,4454.87,-0.9215987192092098
54,XAUUSD,BUY,2026-01-27 12:40:00+00:00,5089.35,5063.841571920216,5125.061799311698,5145.468541775526,5063.841571920216,25.508428079784622,35.71179931169847,56.118541775526175,0.02,0.01,0.01,False,False,False,4454.868460801837,2026-01-27 14:05:00+00:00,5063.841571920216,SL,85.0,-25.51,-25.51,0.1,-51.12,4403.75,-1.147508629038148
53,NAS100,BUY,2026-01-27 10:20:00+00:00,25885.5,25837.0728254986,25958.1407617521,25982.354349002802,25837.0728254986,48.42717450140036,72.64076175210053,96.85434900280072,0.09,0.04,0.05,False,False,False,4454.868460801837,2026-01-27 14:35:00+00:00,25837.0728254986,SL,255.0,-19.37,-24.21,0.45,-44.03,4359.72,-0.98835690407961
56,XAUUSD,BUY,2026-01-27 15:30:00+00:00,5078.04,5052.862209004633,5113.288907393514,5133.431140189808,5078.04,25.177790995366976,35.24890739351376,55.39114018980735,0.02,0.01,0.01,True,True,True,4359.717147591006,2026-01-27 20:10:00+00:00,5133.431140189808,FULL_TP2,280.0,35.25,55.39,0.1,90.54,4450.26,2.07674023187556
55,NAS100,BUY,2026-01-27 14:55:00+00:00,25950.6,25904.026657358012,26020.460013962977,26043.746685283968,25904.026657358012,46.57334264198489,69.86001396297733,93.14668528396977,0.09,0.04,0.05,False,False,False,4359.717147591006,2026-01-27 21:00:00+00:00,25973.1,EOD_EXIT,365.0,9.0,11.25,0.45,19.8,4470.06,0.4541579035910767
57,NAS100,BUY,2026-01-28 10:25:00+00:00,26193.1,26146.01744118939,26263.72383821591,26287.265117621213,26146.01744118939,47.082558810607566,70.62383821591135,94.16511762121513,0.09,0.04,0.05,False,False,False,4470.057195174328,2026-01-28 14:10:00+00:00,26146.01744118939,SL,225.0,-18.83,-23.54,0.45,-42.82,4427.23,-0.9579295774162921
58,XAUUSD,BUY,2026-01-28 12:40:00+00:00,5269.86,5243.96203096879,5306.117156643694,5326.835531868662,5243.96203096879,25.897969031210085,36.25715664369412,56.975531868662195,0.02,0.01,0.01,False,False,False,4470.057195174328,2026-01-28 15:05:00+00:00,5243.96203096879,SL,145.0,-25.9,-25.9,0.1,-51.9,4375.34,-1.1610589693579068
59,XAUUSD,BUY,2026-01-28 15:35:00+00:00,5274.66,5247.823561238495,5312.231014266106,5333.70016527531,5274.66,26.836438761504517,37.571014266106324,59.040165275309946,0.02,0.01,0.01,True,False,True,4375.33695418236,2026-01-28 18:35:00+00:00,5274.66,TP1_THEN_BE,180.0,37.57,0.0,0.1,37.47,4412.81,0.8563911852362053
60,XAUUSD,BUY,2026-01-28 19:35:00+00:00,5301.48,5271.6549801002875,5343.235027859596,5367.095043779365,5301.48,29.825019899711776,41.75502785959648,65.61504377936592,0.01,0.01,0.0,True,True,True,4412.807968448466,2026-01-28 20:35:00+00:00,5367.095043779365,FULL_TP2,60.0,41.76,0.0,0.05,41.71,4454.51,0.9452031517851239
61,NAS100,SELL,2026-01-28 20:55:00+00:00,26042.9,26103.244085308885,25952.383872036673,25922.21182938223,26103.244085308885,60.34408530888495,90.51612796332742,120.6881706177699,0.07,0.04,0.03,False,False,False,4454.512996308063,2026-01-28 21:00:00+00:00,25943.5,EOD_EXIT,5.0,39.76,29.82,0.35,69.23,4523.74,1.5541541815542665
62,XAUUSD,BUY,2026-01-29 14:10:00+00:00,5529.44,5486.167300194635,5590.021779727511,5624.639939571804,5486.167300194635,43.27269980536529,60.5817797275114,95.19993957180365,0.01,0.01,0.0,False,False,False,4523.742996308064,2026-01-29 15:00:00+00:00,5486.167300194635,SL,50.0,-43.27,-0.0,0.05,-43.32,4480.42,-0.9576140827486112
63,XAUUSD,SELL,2026-01-29 19:10:00+00:00,5305.97,5377.120981642384,5206.358625700663,5149.437840386756,5377.120981642384,71.1509816423839,99.61137429933746,156.53215961324457,0.01,0.01,0.0,False,False,False,4480.420296502699,2026-01-29 20:50:00+00:00,5377.120981642384,SL,100.0,-71.15,-0.0,0.05,-71.2,4409.22,-1.5891366275520378
65,NAS100,SELL,2026-01-30 15:25:00+00:00,25688.600000000002,25795.2608581291,25528.608712806355,25475.27828374181,25795.2608581291,106.66085812909661,159.99128719364492,213.32171625819322,0.04,0.02,0.02,False,False,False,4409.219314860315,2026-01-30 15:40:00+00:00,25795.2608581291,SL,15.0,-21.33,-21.33,0.2,-42.86,4366.35,-0.97205416513417
64,XAUUSD,SELL,2026-01-30 12:45:00+00:00,5065.46,5147.509219030022,4950.591093357969,4884.951718133951,5065.46,82.04921903002237,114.8689066420313,180.50828186604923,0.01,0.01,0.0,True,True,True,4409.219314860315,2026-01-30 17:40:00+00:00,4884.951718133951,FULL_TP2,295.0,114.87,0.0,0.05,114.82,4481.17,2.604089109675814
66,NAS100,SELL,2026-01-30 19:45:00+00:00,25559.0,25677.4278703932,25381.3581944102,25322.1442592136,25677.4278703932,118.4278703931988,177.6418055897982,236.8557407863976,0.04,0.02,0.02,False,False,False,4481.173878250707,2026-01-30 21:00:00+00:00,25555.4,EOD_EXIT,75.0,0.72,0.72,0.2,1.24,4482.41,0.0276713208121273
67,XAUUSD,SELL,2026-01-30 20:40:00+00:00,4861.05,4959.038343719847,4723.866318792215,4645.475643816338,4959.038343719847,97.98834371984672,137.1836812077854,215.57435618366281,0.01,0.01,0.0,False,False,False,4481.173878250707,2026-01-30 21:00:00+00:00,4859.0,EOD_EXIT,20.0,2.05,0.0,0.05,2.0,4484.41,0.044631162600205325
68,XAUUSD,SELL,2026-02-02 20:55:00+00:00,4652.9400000000005,4748.66454805381,4518.925632724667,4442.345994281619,4748.66454805381,95.7245480538097,134.01436727533357,210.59400571838134,0.01,0.01,0.0,False,False,False,4484.413878250707,2026-02-02 21:00:00+00:00,4655.59,EOD_EXIT,5.0,-2.65,-0.0,0.05,-2.7,4481.71,-0.06020853724262454
70,NAS100,BUY,2026-02-03 12:15:00+00:00,25885.0,25812.683394658583,25993.474908012122,26029.63321068283,25812.683394658583,72.31660534141564,108.47490801212345,144.63321068283128,0.06,0.03,0.03,False,False,False,4481.713878250707,2026-02-03 14:30:00+00:00,25812.683394658583,SL,135.0,-21.69,-21.69,0.3,-43.69,4438.02,-0.9748502735086021
69,XAUUSD,BUY,2026-02-03 12:00:00+00:00,4932.48,4867.797085014421,5023.036080979809,5074.782412968272,4867.797085014421,64.68291498557863,90.55608097981008,142.30241296827302,0.01,0.01,0.0,False,False,False,4481.713878250707,2026-02-03 21:00:00+00:00,4950.63,EOD_EXIT,540.0,18.15,0.0,0.05,18.1,4456.12,0.4038633543260632
71,XAUUSD,BUY,2026-02-04 07:20:00+00:00,5081.57,5034.056971848735,5148.088239411771,5186.098661932782,5034.056971848735,47.51302815126496,66.51823941177095,104.52866193278292,0.01,0.01,0.0,False,False,False,4456.123915045859,2026-02-04 11:15:00+00:00,5034.056971848735,SL,235.0,-47.51,-0.0,0.05,-47.56,4408.56,-1.0672952751474496
72,XAUUSD,BUY,2026-02-04 12:30:00+00:00,5062.9,5020.988934362602,5121.575491892356,5155.104344402274,5020.988934362602,41.911065637397456,58.67549189235643,92.20434440227442,0.01,0.01,0.0,False,False,False,4408.560886894594,2026-02-04 14:30:00+00:00,5020.988934362602,SL,120.0,-41.91,-0.0,0.05,-41.96,4366.6,-0.9517845182706952
74,NAS100,SELL,2026-02-05 08:50:00+00:00,24935.2,25055.02397152036,24755.46404271946,24695.552056959285,24935.2,119.82397152035887,179.7359572805383,239.64794304071773,0.04,0.02,0.02,True,True,True,4366.599821257197,2026-02-05 12:40:00+00:00,24695.552056959285,FULL_TP2,230.0,35.95,47.93,0.2,83.68,4450.28,1.9163652137902467
73,XAUUSD,SELL,2026-02-05 08:50:00+00:00,4904.1900000000005,4958.897700094174,4827.599219868158,4783.833059792819,4904.1900000000005,54.7077000941734,76.59078013184275,120.35694020718148,0.01,0.01,0.0,True,False,True,4366.599821257197,2026-02-05 16:50:00+00:00,4904.1900000000005,TP1_THEN_BE,480.0,76.59,0.0,0.05,76.54,4526.82,1.7528512603191382
75,NAS100,SELL,2026-02-05 15:00:00+00:00,24616.0,24757.237436403335,24404.143845394996,24333.52512719333,24757.237436403335,141.23743640333532,211.85615460500298,282.47487280667065,0.03,0.01,0.02,False,False,False,4450.276601321448,2026-02-05 16:55:00+00:00,24757.237436403335,SL,115.0,-14.12,-28.25,0.15,-42.52,4484.3,-0.955446229732648
76,NAS100,SELL,2026-02-05 18:20:00+00:00,24642.100000000002,24802.27352324276,24401.839715135866,24321.752953514486,24802.27352324276,160.17352324275785,240.2602848641368,320.3470464855157,0.03,0.01,0.02,False,False,False,4484.296150532289,2026-02-05 21:00:00+00:00,24488.1,EOD_EXIT,160.0,15.4,30.8,0.15,46.05,4530.35,1.0269170111464165
77,NAS100,BUY,2026-02-06 14:15:00+00:00,24727.899999999998,24593.099517938506,24930.100723092237,24997.500964122984,24727.899999999998,134.8004820614931,202.20072309223968,269.6009641229862,0.03,0.01,0.02,True,True,True,4530.34615053229,2026-02-06 17:30:00+00:00,24997.500964122984,FULL_TP2,195.0,20.22,53.92,0.15,73.99,4604.34,1.6332085350985064
78,XAUUSD,BUY,2026-02-09 08:20:00+00:00,5026.29,4989.988801410925,5077.111678024706,5106.152636895966,4989.988801410925,36.30119858907554,50.821678024705754,79.86263689596619,0.01,0.01,0.0,False,False,False,4604.336415666112,2026-02-09 10:25:00+00:00,4989.988801410925,SL,125.0,-36.3,-0.0,0.05,-36.35,4567.99,-0.7894731557042672
79,XAUUSD,BUY,2026-02-09 14:15:00+00:00,5015.82,4982.936909885079,5061.856326160888,5088.162798252824,5015.82,32.88309011492037,46.036326160888514,72.34279825282482,0.01,0.01,0.0,True,False,True,4567.985217077036,2026-02-09 21:00:00+00:00,5075.47,EOD_EXIT,405.0,46.04,0.0,0.05,45.99,4613.97,1.0067895979187975
80,NAS100,BUY,2026-02-10 07:20:00+00:00,25263.1,25186.340903218643,25378.23864517203,25416.618193562706,25186.340903218643,76.75909678135439,115.13864517203157,153.51819356270877,0.06,0.03,0.03,False,False,False,4613.971543237925,2026-02-10 14:45:00+00:00,25186.340903218643,SL,445.0,-23.03,-23.03,0.3,-46.36,4567.62,-1.0047742940231954
81,XAUUSD,BUY,2026-02-10 07:55:00+00:00,5034.29,5005.241489621034,5074.957914530552,5098.196722833725,5034.29,29.048510378965894,40.667914530552245,63.90672283372497,0.02,0.01,0.01,True,False,True,4613.971543237925,2026-02-10 14:45:00+00:00,5034.29,TP1_THEN_BE,410.0,40.67,0.0,0.1,40.57,4608.18,0.8792858737817308
82,NAS100,BUY,2026-02-10 15:00:00+00:00,25330.899999999998,25255.62817389773,25443.8077391534,25481.443652204533,25255.62817389773,75.271826102268,112.90773915340199,150.543652204536,0.06,0.03,0.03,False,False,False,4608.183999699665,2026-02-10 16:30:00+00:00,25255.62817389773,SL,90.0,-22.58,-22.58,0.3,-45.46,4562.72,-0.9865057472306406
83,XAUUSD,BUY,2026-02-11 16:30:00+00:00,5075.37,5045.088070618547,5117.764701134033,5141.990244639195,5045.088070618547,30.28192938145253,42.39470113403354,66.62024463919558,0.02,0.01,0.01,False,False,False,4562.720904038304,2026-02-11 21:00:00+00:00,5086.09,EOD_EXIT,270.0,10.72,10.72,0.1,21.34,4584.06,0.46770338245130694
84,NAS100,SELL,2026-02-12 19:10:00+00:00,24796.2,24896.075198234983,24646.38720264753,24596.44960353004,24896.075198234983,99.87519823498091,149.81279735247136,199.75039646996183,0.05,0.03,0.02,False,False,False,4584.060904038304,2026-02-12 21:00:00+00:00,24715.5,EOD_EXIT,110.0,24.21,16.14,0.25,40.1,4624.16,0.8747702275219362
85,XAUUSD,SELL,2026-02-12 20:15:00+00:00,4937.2300000000005,4971.382447967192,4889.416572845932,4862.094614472178,4971.382447967192,34.1524479671919,47.813427154068656,75.13538552782218,0.01,0.01,0.0,False,False,False,4584.060904038304,2026-02-12 21:00:00+00:00,4919.87,EOD_EXIT,45.0,17.36,0.0,0.05,17.31,4641.47,0.37761278400011755
86,NAS100,SELL,2026-02-13 08:20:00+00:00,24649.0,24741.836184175587,24509.74572373662,24463.32763164883,24741.836184175587,92.83618417558509,139.25427626337762,185.67236835117018,0.05,0.03,0.02,False,False,False,4641.470904038305,2026-02-13 13:55:00+00:00,24741.836184175587,SL,335.0,-27.85,-18.57,0.25,-46.67,4594.8,-1.005500216739371
87,NAS100,SELL,2026-02-13 14:35:00+00:00,24601.2,24699.6716811905,24453.492478214255,24404.256637619008,24699.6716811905,98.47168119049721,147.70752178574583,196.94336238099442,0.05,0.03,0.02,False,False,False,4594.8028119505125,2026-02-13 14:45:00+00:00,24699.6716811905,SL,10.0,-29.54,-19.69,0.25,-49.49,4545.32,-1.0770864828253923
88,NAS100,SELL,2026-02-13 14:55:00+00:00,24625.800000000003,24724.2716811905,24478.092478214257,24428.85663761901,24724.2716811905,98.47168119049721,147.70752178574583,196.94336238099442,0.05,0.03,0.02,False,False,False,4545.316971355264,2026-02-13 15:05:00+00:00,24724.2716811905,SL,10.0,-29.54,-19.69,0.25,-49.49,4495.83,-1.0888129543415255
89,NAS100,SELL,2026-02-17 07:25:00+00:00,24529.9,24605.76777225682,24416.098341614776,24378.164455486367,24605.76777225682,75.86777225681773,113.8016583852266,151.73554451363546,0.06,0.03,0.03,False,False,False,4495.831130760016,2026-02-17 08:00:00+00:00,24605.76777225682,SL,35.0,-22.76,-22.76,0.3,-45.82,4450.01,-1.0191663936508704
91,XAUUSD,SELL,2026-02-17 10:50:00+00:00,4911.54,4934.426247925391,4879.499252904452,4861.19025456414,4934.426247925391,22.886247925391203,32.04074709554768,50.34974543586065,0.02,0.01,0.01,False,False,False,4450.010467405926,2026-02-17 12:05:00+00:00,4934.426247925391,SL,75.0,-22.89,-22.89,0.1,-45.87,4404.14,-1.0307840922167382
90,NAS100,SELL,2026-02-17 10:30:00+00:00,24580.7,24657.283088793087,24465.82536681037,24427.53382241383,24580.7,76.58308879308633,114.87463318962949,153.16617758617267,0.06,0.03,0.03,True,False,True,4450.010467405926,2026-02-17 13:50:00+00:00,24580.7,TP1_THEN_BE,200.0,34.46,0.0,0.3,34.16,4438.3,0.7676386437785867
92,NAS100,SELL,2026-02-17 14:55:00+00:00,24421.0,24507.088939478846,24291.86659078173,24248.822121042307,24507.088939478846,86.08893947884589,129.13340921826884,172.17787895769177,0.05,0.03,0.02,False,False,False,4438.3003615120315,2026-02-17 15:05:00+00:00,24507.088939478846,SL,10.0,-25.83,-17.22,0.25,-43.29,4395.01,-0.9753733743529707
93,XAUUSD,SELL,2026-02-17 16:55:00+00:00,4868.82,4896.53131361169,4830.024160943633,4807.855110054282,4896.53131361169,27.711313611690006,38.795839056366006,60.96488994571802,0.02,0.01,0.01,False,False,False,4395.005891772608,2026-02-17 18:50:00+00:00,4896.53131361169,SL,115.0,-27.71,-27.71,0.1,-55.52,4339.48,-1.2632520039150048
94,XAUUSD,BUY,2026-02-18 06:45:00+00:00,4935.97,4913.579171474949,4967.317159935071,4985.229822755112,4913.579171474949,22.390828525050622,31.34715993507087,49.25982275511137,0.02,0.01,0.01,False,False,False,4339.483264549228,2026-02-18 09:05:00+00:00,4913.579171474949,SL,140.0,-22.39,-22.39,0.1,-44.88,4294.6,-1.034224520846539
96,XAUUSD,BUY,2026-02-18 12:05:00+00:00,4924.25,4905.760864161593,4950.134790173769,4964.926098844494,4924.25,18.489135838406337,25.88479017376887,40.67609884449394,0.02,0.01,0.01,True,True,True,4294.601607499127,2026-02-18 13:35:00+00:00,4964.926098844494,FULL_TP2,90.0,25.88,40.68,0.1,66.46,4361.06,1.547524219335018
95,NAS100,BUY,2026-02-18 07:35:00+00:00,24778.399999999998,24693.56614864518,24905.650777032228,24948.067702709635,24778.399999999998,84.83385135481892,127.25077703222837,169.66770270963784,0.05,0.03,0.02,True,True,True,4339.483264549228,2026-02-18 15:00:00+00:00,24948.067702709635,FULL_TP2,445.0,38.18,33.93,0.25,71.86,4432.92,1.6559575327101668
97,XAUUSD,BUY,2026-02-19 14:45:00+00:00,4999.96,4983.101729988415,5023.561578016219,5037.048194025486,4983.101729988415,16.8582700115846,23.60157801621844,37.088194025486125,0.03,0.01,0.02,False,False,False,4432.921270168986,2026-02-19 17:55:00+00:00,4983.101729988415,SL,190.0,-16.86,-33.72,0.15,-50.72,4382.2,-1.1441664967369591
98,NAS100,SELL,2026-02-19 16:40:00+00:00,24781.5,24864.750027031423,24656.624959452864,24614.999945937154,24864.750027031423,83.25002703142314,124.87504054713472,166.5000540628463,0.05,0.03,0.02,False,False,False,4432.921270168986,2026-02-19 21:00:00+00:00,24806.3,EOD_EXIT,260.0,-7.44,-4.96,0.25,-12.65,4369.55,-0.2853648695528891
99,NAS100,BUY,2026-02-20 08:55:00+00:00,24884.399999999998,24818.743578586407,24982.884632120382,25015.71284282718,24818.743578586407,65.65642141358983,98.48463212038473,131.31284282717965,0.07,0.04,0.03,False,False,False,4369.546460134232,2026-02-20 11:00:00+00:00,24818.743578586407,SL,125.0,-26.26,-19.7,0.35,-46.31,4323.24,-1.0598353953324795
100,NAS100,BUY,2026-02-20 18:35:00+00:00,24972.6,24862.058459968637,25138.412310047042,25193.683080062725,24862.058459968637,110.54154003136283,165.81231004704424,221.08308006272566,0.04,0.02,0.02,False,False,False,4323.236965144719,2026-02-20 21:00:00+00:00,25029.6,EOD_EXIT,145.0,11.4,11.4,0.2,22.6,4345.84,0.522756448055201
101,XAUUSD,BUY,2026-02-23 12:35:00+00:00,5158.29,5138.076304604816,5186.589173553257,5202.760129869404,5158.29,20.21369539518371,28.29917355325719,44.47012986940416,0.02,0.01,0.01,True,True,True,4345.836965144719,2026-02-23 15:20:00+00:00,5202.760129869404,FULL_TP2,165.0,28.3,44.47,0.1,72.67,4418.51,1.6721750167537643
102,XAUUSD,SELL,2026-02-24 12:00:00+00:00,5169.2300000000005,5189.51228697745,5140.834798231572,5124.6089686496125,5169.2300000000005,20.282286977449026,28.395201768428635,44.62103135038786,0.02,0.01,0.01,True,True,True,4418.50626856738,2026-02-24 13:50:00+00:00,5124.6089686496125,FULL_TP2,110.0,28.4,44.62,0.1,72.92,4491.42,1.650331482355076
103,XAUUSD,SELL,2026-02-24 16:50:00+00:00,5137.72,5162.326662754137,5103.270672144209,5083.5853419408995,5162.326662754137,24.606662754136824,34.44932785579155,54.13465805910102,0.02,0.01,0.01,False,False,False,4491.4225016861965,2026-02-24 17:20:00+00:00,5162.326662754137,SL,30.0,-24.61,-24.61,0.1,-49.31,4442.11,-1.097870440411423
104,XAUUSD,SELL,2026-02-24 19:10:00+00:00,5155.87,5179.18788085672,5123.2249668005925,5104.570662115217,5179.18788085672,23.31788085671959,32.64503319940742,51.2993378847831,0.02,0.01,0.01,False,False,False,4442.109176177923,2026-02-24 21:00:00+00:00,5158.14,EOD_EXIT,110.0,-2.27,-2.27,0.1,-4.64,4437.47,-0.10445488428972713
105,XAUUSD,BUY,2026-02-25 08:25:00+00:00,5193.7,5172.1943229577655,5223.807947859128,5241.012489492916,5172.1943229577655,21.50567704223469,30.107947859128565,47.31248949291632,0.02,0.01,0.01,False,False,False,4437.469176177921,2026-02-25 10:30:00+00:00,5172.1943229577655,SL,125.0,-21.51,-21.51,0.1,-43.11,4394.36,-0.9714997059907802
106,XAUUSD,BUY,2026-02-25 12:05:00+00:00,5181.25,5160.247444033651,5210.653578352889,5227.455623125968,5160.247444033651,21.002555966349014,29.40357835288862,46.20562312596783,0.02,0.01,0.01,False,False,False,4394.357822093452,2026-02-25 14:35:00+00:00,5160.247444033651,SL,150.0,-21.0,-21.0,0.1,-42.11,4352.25,-0.9582742622433733
107,NAS100,BUY,2026-02-26 12:00:00+00:00,25337.5,25285.935327932883,25414.847008100678,25440.62934413424,25285.935327932883,51.56467206711926,77.34700810067889,103.12934413423852,0.08,0.04,0.04,False,False,False,4352.252710160755,2026-02-26 14:30:00+00:00,25285.935327932883,SL,150.0,-20.63,-20.63,0.4,-41.65,4310.6,-0.956975680726536
108,XAUUSD,SELL,2026-02-26 17:35:00+00:00,5173.53,5195.5113919788555,5142.756051229601,5125.170937646516,5195.5113919788555,21.981391978856127,30.773948770398576,48.35906235348348,0.02,0.01,0.01,False,False,False,4310.600972507059,2026-02-26 20:05:00+00:00,5195.5113919788555,SL,150.0,-21.98,-21.98,0.1,-44.06,4266.54,-1.022131259214526
109,NAS100,SELL,2026-02-27 06:15:00+00:00,24964.100000000002,25035.21104583542,24857.433431246878,24821.87790832917,25035.21104583542,71.11104583541581,106.66656875312371,142.22209167083162,0.06,0.03,0.03,False,False,False,4266.538188549347,2026-02-27 07:35:00+00:00,25035.21104583542,SL,80.0,-21.33,-21.33,0.3,-42.97,4223.57,-1.0071397020498742
110,NAS100,SELL,2026-02-27 17:25:00+00:00,24911.600000000002,24998.7607597301,24780.858860404856,24737.278480539808,24998.7607597301,87.16075973009644,130.74113959514466,174.3215194601929,0.05,0.03,0.02,False,False,False,4223.5715610480975,2026-02-27 21:00:00+00:00,24943.4,EOD_EXIT,215.0,-9.54,-6.36,0.25,-16.15,4207.42,-0.38237779960788226
111,XAUUSD,BUY,2026-02-27 17:50:00+00:00,5235.2,5215.394637175406,5262.92750795443,5278.771798214105,5235.2,19.805362824593242,27.72750795443054,43.57179821410514,0.02,0.01,0.01,True,False,True,4223.5715610480975,2026-02-27 21:00:00+00:00,5259.8,EOD_EXIT,190.0,27.73,24.6,0.1,52.23,4259.65,1.236631112911436
113,NAS100,SELL,2026-03-02 12:20:00+00:00,24610.300000000003,24707.29404593655,24464.808931095184,24416.31190812691,24707.29404593655,96.9940459365455,145.49106890481826,193.988091873091,0.04,0.02,0.02,False,False,False,4259.649069002528,2026-03-02 13:25:00+00:00,24707.29404593655,SL,65.0,-19.4,-19.4,0.2,-39.0,4220.65,-0.9155683805927359
112,XAUUSD,BUY,2026-03-02 11:35:00+00:00,5396.25,5371.2309318795,5431.2766953687005,5451.291949865102,5371.2309318795,25.01906812050064,35.02669536870089,55.041949865101415,0.02,0.01,0.01,False,False,False,4259.649069002528,2026-03-02 14:05:00+00:00,5371.2309318795,SL,150.0,-25.02,-25.02,0.1,-50.14,4170.51,-1.1770922718697379
114,NAS100,BUY,2026-03-02 19:10:00+00:00,25020.0,24902.235858633936,25196.646212049094,25255.528282732128,24902.235858633936,117.76414136606341,176.6462120490951,235.52828273212683,0.04,0.02,0.02,False,False,False,4170.513314386909,2026-03-02 21:00:00+00:00,24986.0,EOD_EXIT,110.0,-6.8,-6.8,0.2,-13.8,4156.71,-0.33089451968405204
115,XAUUSD,SELL,2026-03-03 08:25:00+00:00,5311.89,5340.832358167256,5271.370698565843,5248.2168120320375,5311.89,28.942358167255716,40.519301434158,63.673187967962576,0.01,0.01,0.0,True,True,True,4156.713314386909,2026-03-03 09:25:00+00:00,5248.2168120320375,FULL_TP2,60.0,40.52,0.0,0.05,40.47,4197.18,0.9736057538519249
116,NAS100,SELL,2026-03-03 14:55:00+00:00,24457.600000000002,24567.420036269505,24292.869945595747,24237.959927460994,24567.420036269505,109.82003626950382,164.73005440425572,219.64007253900763,0.04,0.02,0.02,False,False,False,4197.182615821067,2026-03-03 16:15:00+00:00,24567.420036269505,SL,80.0,-21.96,-21.96,0.2,-44.13,4153.05,-1.051419584024155
117,XAUUSD,SELL,2026-03-03 20:45:00+00:00,5104.29,5159.437352735084,5027.083706170883,4982.965823982816,5159.437352735084,55.14735273508375,77.20629382911724,121.32417601718426,0.01,0.01,0.0,False,False,False,4153.054601313265,2026-03-03 21:00:00+00:00,5105.29,EOD_EXIT,15.0,-1.0,-0.0,0.05,-1.05,4152.0,-0.025282595602474683
118,XAUUSD,SELL,2026-03-04 08:10:00+00:00,5156.91,5197.958819695175,5099.4416524267535,5066.602596670613,5197.958819695175,41.04881969517586,57.4683475732462,90.3074033293869,0.01,0.01,0.0,False,False,False,4152.004601313265,2026-03-04 10:10:00+00:00,5197.958819695175,SL,120.0,-41.05,-0.0,0.05,-41.1,4110.91,-0.9898832960589737
119,XAUUSD,SELL,2026-03-04 20:15:00+00:00,5127.8,5160.9391791745875,5081.405149155577,5054.893805815907,5160.9391791745875,33.13917917458748,46.39485084442247,72.90619418409247,0.01,0.01,0.0,False,False,False,4110.905781618089,2026-03-04 21:00:00+00:00,5140.57,EOD_EXIT,45.0,-12.77,-0.0,0.05,-12.82,4098.09,-0.311853413360253
120,XAUUSD,BUY,2026-03-05 07:00:00+00:00,5170.89,5142.894539068748,5210.083645303754,5232.480014048756,5142.894539068748,27.995460931252424,39.19364530375339,61.590014048755336,0.01,0.01,0.0,False,False,False,4098.08578161809,2026-03-05 08:10:00+00:00,5142.894539068748,SL,70.0,-28.0,-0.0,0.05,-28.05,4070.04,-0.6844659066390926
121,XAUUSD,BUY,2026-03-05 08:45:00+00:00,5168.37,5141.455571992408,5206.050199210628,5227.581741616701,5141.455571992408,26.914428007591535,37.680199210628146,59.21174161670138,0.02,0.01,0.01,False,False,False,4070.0403206868373,2026-03-05 13:15:00+00:00,5141.455571992408,SL,270.0,-26.91,-26.91,0.1,-53.93,4016.11,-1.3250482980694174
122,NAS100,BUY,2026-03-05 12:25:00+00:00,25095.399999999998,24999.20177205553,25239.697341916697,25287.79645588893,24999.20177205553,96.19822794446628,144.29734191669942,192.39645588893256,0.04,0.02,0.02,False,False,False,4070.0403206868373,2026-03-05 13:25:00+00:00,24999.20177205553,SL,60.0,-19.24,-19.24,0.2,-38.68,3977.43,-0.9503591353481379
123,XAUUSD,SELL,2026-03-05 18:55:00+00:00,5069.04,5100.209725759926,5025.4023839361025,5000.466603328161,5100.209725759926,31.169725759926674,43.63761606389734,68.5733966718387,0.01,0.01,0.0,False,False,False,3977.4321734938676,2026-03-05 21:00:00+00:00,5079.5,EOD_EXIT,125.0,-10.46,-0.0,0.05,-10.51,3966.92,-0.26424083533190146
124,XAUUSD,SELL,2026-03-06 11:40:00+00:00,5080.89,5104.687527865774,5047.573460987916,5028.535438695297,5104.687527865774,23.797527865774363,33.31653901208411,52.3545613047036,0.02,0.01,0.01,False,False,False,3966.9221734938674,2026-03-06 13:30:00+00:00,5104.687527865774,SL,110.0,-23.8,-23.8,0.1,-47.7,3919.23,-1.2024435548224588
125,XAUUSD,SELL,2026-03-06 14:45:00+00:00,5090.09,5116.818648586409,5052.669891979028,5031.286973109901,5116.818648586409,26.728648586408966,37.42010802097255,58.80302689009973,0.01,0.01,0.0,False,False,False,3919.227117762319,2026-03-06 14:55:00+00:00,5116.818648586409,SL,10.0,-26.73,-0.0,0.05,-26.78,3892.45,-0.6832979869584601
127,NAS100,SELL,2026-03-06 17:35:00+00:00,24742.600000000002,24860.103599124348,24566.344601313485,24507.59280175131,24860.103599124348,117.50359912434556,176.25539868651833,235.0071982486911,0.03,0.01,0.02,False,False,False,3892.44846917591,2026-03-06 18:10:00+00:00,24860.103599124348,SL,35.0,-11.75,-23.5,0.15,-35.4,3857.05,-0.9094532729291267
126,XAUUSD,BUY,2026-03-06 17:15:00+00:00,5143.7,5115.037928591712,5183.826899971602,5206.7565570982315,5115.037928591712,28.6620714082873,40.12689997160222,63.05655709823206,0.01,0.01,0.0,False,False,False,3892.44846917591,2026-03-06 21:00:00+00:00,5161.01,EOD_EXIT,225.0,17.31,0.0,0.05,17.26,3874.31,0.44342269747900365
128,NAS100,SELL,2026-03-06 18:55:00+00:00,24769.100000000002,24890.739056329752,24586.64141550538,24525.821887340502,24769.100000000002,121.6390563297493,182.45858449462395,243.2781126594986,0.03,0.01,0.02,True,False,True,3857.0473894386064,2026-03-06 21:00:00+00:00,24614.5,EOD_EXIT,125.0,18.25,30.92,0.15,49.02,3923.32,1.2709203452938354
129,NAS100,BUY,2026-03-09 18:20:00+00:00,24640.899999999998,24505.775913004134,24843.586130493793,24911.148173991725,24640.899999999998,135.1240869958635,202.68613049379525,270.248173991727,0.03,0.01,0.02,True,True,True,3923.3232478880695,2026-03-09 19:25:00+00:00,24911.148173991725,FULL_TP2,65.0,20.27,54.05,0.15,74.17,3997.49,1.8904891418244931
130,NAS100,BUY,2026-03-10 14:30:00+00:00,25037.8,24926.845433863084,25204.231849205375,25259.709132273834,24926.845433863084,110.9545661369169,166.43184920537533,221.9091322738338,0.04,0.02,0.02,False,False,False,3997.4914957357946,2026-03-10 19:50:00+00:00,24926.845433863084,SL,320.0,-22.19,-22.19,0.2,-44.58,3952.91,-1.1151993705941436
131,NAS100,SELL,2026-03-11 11:45:00+00:00,24918.2,25006.96960027751,24785.04559958374,24740.660799444984,25006.96960027751,88.76960027750786,133.1544004162618,177.53920055501573,0.04,0.02,0.02,False,False,False,3952.909669281028,2026-03-11 13:25:00+00:00,25006.96960027751,SL,100.0,-17.75,-17.75,0.2,-35.71,3917.2,-0.9033851766841686
132,XAUUSD,SELL,2026-03-11 15:10:00+00:00,5170.45,5191.395389675136,5141.1264544548085,5124.370142714699,5191.395389675136,20.945389675136656,29.323545545191315,46.07985728530065,0.02,0.01,0.01,False,False,False,3917.201829170025,2026-03-11 22:00:00+00:00,5178.05,EOD_EXIT,410.0,-7.6,-7.6,0.1,-15.3,3901.9,-0.3905849294275898
133,XAUUSD,BUY,2026-03-12 12:50:00+00:00,5184.09,5165.902379041544,5209.55266934184,5224.102766108605,5165.902379041544,18.18762095845656,25.46266934183918,40.01276610860443,0.02,0.01,0.01,False,False,False,3901.9018291700245,2026-03-12 13:20:00+00:00,5165.902379041544,SL,30.0,-18.19,-18.19,0.1,-36.48,3865.43,-0.9349286988022371
134,NAS100,SELL,2026-03-12 16:05:00+00:00,24579.800000000003,24682.803285003207,24425.295072495195,24373.793429993595,24682.803285003207,103.00328500320443,154.50492750480663,206.00657000640885,0.04,0.02,0.02,False,False,False,3865.4265872531114,2026-03-12 16:15:00+00:00,24682.803285003207,SL,10.0,-20.6,-20.6,0.2,-41.4,3824.03,-1.0710331464196838
135,NAS100,SELL,2026-03-12 16:25:00+00:00,24622.7,24725.703285003205,24468.195072495193,24416.693429993593,24725.703285003205,103.00328500320443,154.50492750480663,206.00657000640885,0.04,0.02,0.02,False,False,False,3824.0252732518297,2026-03-12 22:05:00+00:00,24545.2,EOD_EXIT,340.0,15.5,15.5,0.2,30.8,3854.83,0.8054340073387815
136,XAUUSD,SELL,2026-03-13 17:55:00+00:00,5045.6900000000005,5069.165310444777,5012.824565377314,4994.044317021492,5045.6900000000005,23.475310444776348,32.865434622686884,51.64568297850797,0.02,0.01,0.01,True,False,True,3854.82527325183,2026-03-15 22:00:00+00:00,5015.06,EOD_EXIT,3125.0,32.87,30.63,0.1,63.4,3918.22,1.644691925206701
137,NAS100,SELL,2026-03-13 19:20:00+00:00,24372.600000000002,24484.744926346004,24204.382610481,24148.310147308,24484.744926346004,112.14492634600238,168.21738951900358,224.28985269200476,0.03,0.01,0.02,False,False,False,3854.82527325183,2026-03-15 22:05:00+00:00,24319.9,EOD_EXIT,3045.0,5.27,10.54,0.15,15.66,3933.88,0.40624409382865834
139,XAUUSD,SELL,2026-03-16 17:35:00+00:00,4986.06,5010.737209804074,4951.511906274297,4931.770138431038,5010.737209804074,24.677209804074092,34.54809372570373,54.289861568963005,0.02,0.01,0.01,False,False,False,3933.880707874517,2026-03-16 18:30:00+00:00,5010.737209804074,SL,55.0,-24.68,-24.68,0.1,-49.45,3884.43,-1.2570284579553996
138,NAS100,BUY,2026-03-16 15:10:00+00:00,24707.3,24617.003032332064,24842.7454515019,24887.893935335873,24617.003032332064,90.29696766793589,135.44545150190385,180.59393533587178,0.04,0.02,0.02,False,False,False,3933.880707874517,2026-03-16 22:05:00+00:00,24641.0,EOD_EXIT,415.0,-13.26,-13.26,0.2,-26.72,3857.71,-0.6792275105473868
140,NAS100,SELL,2026-03-17 08:10:00+00:00,24554.2,24627.357827796448,24444.46325830533,24407.884344407106,24627.357827796448,73.15782779644712,109.73674169467068,146.31565559289425,0.05,0.03,0.02,False,False,False,3857.706288266369,2026-03-17 09:25:00+00:00,24627.357827796448,SL,75.0,-21.95,-14.63,0.25,-36.83,3820.88,-0.9547123924914249
141,XAUUSD,SELL,2026-03-17 11:55:00+00:00,5002.88,5021.674842468259,4976.567220544437,4961.53134656983,5021.674842468259,18.794842468259326,26.312779455563053,41.34865343017052,0.02,0.01,0.01,False,False,False,3820.8773743681454,2026-03-17 12:30:00+00:00,5021.674842468259,SL,35.0,-18.79,-18.79,0.1,-37.69,3783.19,-0.9864226539390774
142,XAUUSD,SELL,2026-03-17 14:20:00+00:00,5009.16,5028.170239760483,4982.545664335324,4967.337472526937,5009.16,19.010239760483216,26.614335664676503,41.822527473063076,0.02,0.01,0.01,True,False,True,3783.187689431627,2026-03-17 22:00:00+00:00,5001.09,EOD_EXIT,460.0,26.61,8.07,0.1,34.58,3817.77,0.9140439977799562
143,NAS100,BUY,2026-03-17 17:00:00+00:00,24826.6,24740.07888989471,24956.38166515793,24999.642220210575,24740.07888989471,86.52111010528762,129.78166515793143,173.04222021057524,0.04,0.02,0.02,False,False,False,3783.187689431627,2026-03-17 22:05:00+00:00,24808.6,EOD_EXIT,305.0,-3.6,-3.6,0.2,-7.4,3810.37,-0.1956022435966361
144,XAUUSD,SELL,2026-03-18 07:45:00+00:00,4995.2300000000005,5010.647520869341,4973.645470782924,4961.311454087452,4995.2300000000005,15.417520869340331,21.58452921707646,33.91854591254873,0.02,0.01,0.01,True,True,True,3810.372025096303,2026-03-18 10:35:00+00:00,4961.311454087452,FULL_TP2,170.0,21.58,33.92,0.1,55.4,3865.78,1.4539262737370067
145,NAS100,BUY,2026-03-18 10:05:00+00:00,24976.6,24924.837505266863,25054.2437420997,25080.12498946627,24924.837505266863,51.7624947331349,77.64374209970235,103.5249894662698,0.07,0.04,0.03,False,False,False,3810.372025096303,2026-03-18 11:25:00+00:00,24924.837505266863,SL,80.0,-20.7,-15.53,0.35,-36.58,3829.19,-0.9600112471714748
146,NAS100,SELL,2026-03-18 18:20:00+00:00,24637.600000000002,24716.49670138218,24519.254947926736,24479.806597235645,24637.600000000002,78.8967013821783,118.34505207326745,157.7934027643566,0.05,0.03,0.02,True,True,True,3829.1913539127336,2026-03-18 19:40:00+00:00,24479.806597235645,FULL_TP2,80.0,35.5,31.56,0.25,66.81,3896.0,1.7447548013429102
147,XAUUSD,SELL,2026-03-18 18:30:00+00:00,4876.54,4899.545990818271,4844.33161285442,4825.926820199803,4876.54,23.005990818271318,32.20838714557984,50.6131798001969,0.02,0.01,0.01,True,True,True,3829.1913539127336,2026-03-18 20:10:00+00:00,4825.926820199803,FULL_TP2,100.0,32.21,50.61,0.1,82.72,3978.73,2.1602472259704464
148,NAS100,SELL,2026-03-19 11:05:00+00:00,24374.9,24457.804948501882,24250.54257724718,24209.090102996237,24374.9,82.90494850188166,124.35742275282249,165.80989700376333,0.05,0.03,0.02,True,True,True,3978.725117033362,2026-03-19 13:15:00+00:00,24209.090102996237,FULL_TP2,130.0,37.31,33.16,0.25,70.22,4048.94,1.7648869407786032
149,NAS100,SELL,2026-03-19 14:25:00+00:00,24226.100000000002,24321.641352718165,24082.78797092276,24035.01729456368,24321.641352718165,95.54135271816115,143.31202907724173,191.0827054363223,0.04,0.02,0.02,False,False,False,4048.9443232599615,2026-03-19 14:30:00+00:00,24321.641352718165,SL,5.0,-19.11,-19.11,0.2,-38.42,4010.53,-0.9488893136734113
151,NAS100,SELL,2026-03-19 15:30:00+00:00,24215.800000000003,24314.33125609544,24068.00311585685,24018.737487809132,24314.33125609544,98.53125609543545,147.7968841431532,197.0625121908709,0.04,0.02,0.02,False,False,False,4010.5277821726972,2026-03-19 16:00:00+00:00,24314.33125609544,SL,30.0,-19.71,-19.71,0.2,-39.61,3970.92,-0.9876505575169297
150,XAUUSD,SELL,2026-03-19 15:30:00+00:00,4579.26,4623.581745881648,4517.209555765693,4481.752159060376,4623.581745881648,44.321745881647686,62.05044423430676,97.50784093962491,0.01,0.01,0.0,False,False,False,4010.5277821726972,2026-03-19 16:05:00+00:00,4623.581745881648,SL,35.0,-44.32,-0.0,0.05,-44.37,3926.54,-1.1063381781627408
152,XAUUSD,SELL,2026-03-19 16:30:00+00:00,4593.24,4639.099692604387,4529.036430353858,4492.348676270348,4639.099692604387,45.85969260438715,64.203569646142,100.89132372965173,0.01,0.01,0.0,False,False,False,3926.5435338528755,2026-03-19 19:00:00+00:00,4639.099692604387,SL,150.0,-45.86,-0.0,0.05,-45.91,3880.63,-1.1692217239968135
153,NAS100,SELL,2026-03-19 18:45:00+00:00,24234.9,24338.68639564201,24079.220406536988,24027.327208715986,24338.68639564201,103.78639564200869,155.67959346301302,207.57279128401737,0.04,0.02,0.02,False,False,False,3926.5435338528755,2026-03-19 19:00:00+00:00,24338.68639564201,SL,15.0,-20.76,-20.76,0.2,-41.71,3838.92,-1.0622574190352232
154,NAS100,SELL,2026-03-20 08:55:00+00:00,24358.9,24441.250736825023,24235.373894762473,24194.198526349963,24358.9,82.35073682501948,123.52610523752922,164.70147365003896,0.05,0.03,0.02,True,True,True,3838.9192829916847,2026-03-20 10:00:00+00:00,24194.198526349963,FULL_TP2,65.0,37.06,32.94,0.25,69.75,3908.67,1.8169175973307663
155,NAS100,SELL,2026-03-20 11:50:00+00:00,24229.0,24319.03923790254,24093.941143146192,24048.92152419492,24319.03923790254,90.03923790253944,135.05885685380917,180.07847580507888,0.04,0.02,0.02,False,False,False,3908.667409292951,2026-03-20 13:25:00+00:00,24319.03923790254,SL,95.0,-18.01,-18.01,0.2,-36.22,3872.45,-0.9266585310862232
157,XAUUSD,SELL,2026-03-20 17:20:00+00:00,4569.51,4610.150478511174,4512.613330084358,4480.100947275419,4569.51,40.64047851117351,56.89666991564291,89.40905272458174,0.01,0.01,0.0,True,True,True,3872.451714131935,2026-03-20 18:55:00+00:00,4480.100947275419,FULL_TP2,95.0,56.9,0.0,0.05,56.85,3929.3,1.4680622044307072
156,NAS100,SELL,2026-03-20 16:35:00+00:00,24072.0,24171.037465525056,23923.443801712416,23873.925068949888,24072.0,99.03746552505584,148.55619828758375,198.07493105011167,0.04,0.02,0.02,True,True,True,3872.451714131935,2026-03-20 19:10:00+00:00,23873.925068949888,FULL_TP2,155.0,29.71,39.61,0.2,69.13,3998.42,1.78517396996121
158,NAS100,BUY,2026-03-23 17:55:00+00:00,24282.1,24095.620728963095,24561.818906555352,24655.058542073806,24095.620728963095,186.47927103690293,279.7189065553544,372.95854207380586,0.02,0.01,0.01,False,False,False,3998.4246099151173,2026-03-23 22:05:00+00:00,24233.4,EOD_EXIT,250.0,-4.87,-4.87,0.1,-9.84,3988.58,-0.24609692466375882
160,XAUUSD,BUY,2026-03-24 11:30:00+00:00,4428.12,4375.913228511953,4501.209480083266,4542.9748972737025,4375.913228511953,52.206771488046634,73.08948008326529,114.8548972737026,0.01,0.01,0.0,False,False,False,3988.584609915118,2026-03-24 12:30:00+00:00,4375.913228511953,SL,60.0,-52.21,-0.0,0.05,-52.26,3936.33,-1.3102392229586464
159,NAS100,BUY,2026-03-24 10:00:00+00:00,24220.199999999997,24087.084487690405,24419.873268464387,24486.43102461918,24087.084487690405,133.1155123095925,199.67326846438874,266.231024619185,0.03,0.01,0.02,False,False,False,3988.584609915118,2026-03-24 12:35:00+00:00,24087.084487690405,SL,155.0,-13.31,-26.62,0.15,-40.08,3896.24,-1.0048677393069756
162,NAS100,SELL,2026-03-24 16:40:00+00:00,24101.600000000002,24236.648220096904,23899.027669854648,23831.5035598062,24236.648220096904,135.04822009690247,202.5723301453537,270.09644019380494,0.03,0.01,0.02,False,False,False,3896.2431847341936,2026-03-24 20:30:00+00:00,24236.648220096904,SL,230.0,-13.5,-27.01,0.15,-40.66,3855.58,-1.0435693582810557
161,XAUUSD,BUY,2026-03-24 14:10:00+00:00,4395.36,4343.3490951314725,4468.175266815938,4509.783990710759,4395.36,52.01090486852709,72.81526681593792,114.42399071075961,0.01,0.01,0.0,True,False,True,3896.2431847341936,2026-03-24 22:00:00+00:00,4479.05,EOD_EXIT,470.0,72.82,0.0,0.05,72.77,3928.34,1.867696561783385
163,NAS100,BUY,2026-03-25 10:00:00+00:00,24291.699999999997,24188.580862963354,24446.378705554966,24497.938274073287,24188.580862963354,103.11913703664452,154.67870555496677,206.23827407328903,0.04,0.02,0.02,False,False,False,3928.343985521061,2026-03-25 13:50:00+00:00,24188.580862963354,SL,230.0,-20.62,-20.62,0.2,-41.45,3886.9,-1.05515199668804
164,NAS100,BUY,2026-03-25 14:25:00+00:00,24300.0,24192.20978308768,24461.68532536848,24515.580433824634,24192.20978308768,107.79021691231799,161.68532536847698,215.58043382463597,0.04,0.02,0.02,False,False,False,3886.896330706403,2026-03-25 15:15:00+00:00,24192.20978308768,SL,50.0,-21.56,-21.56,0.2,-43.32,3843.58,-1.114513902976338
165,XAUUSD,BUY,2026-03-25 14:30:00+00:00,4566.07,4530.763572435794,4615.498998589887,4643.744140641252,4530.763572435794,35.306427564205364,49.428998589887506,77.67414064125181,0.01,0.01,0.0,False,False,False,3886.896330706403,2026-03-25 15:15:00+00:00,4530.763572435794,SL,45.0,-35.31,-0.0,0.05,-35.36,3808.22,-0.9097232596778233
167,XAUUSD,SELL,2026-03-26 11:50:00+00:00,4427.0,4459.4814793989935,4381.525928841409,4355.540745322214,4459.4814793989935,32.48147939899338,45.474071158590725,71.45925467778544,0.01,0.01,0.0,False,False,False,3808.223816377271,2026-03-26 13:45:00+00:00,4459.4814793989935,SL,115.0,-32.48,-0.0,0.05,-32.53,3775.69,-0.8542039955767489
168,XAUUSD,SELL,2026-03-26 15:30:00+00:00,4442.1900000000005,4475.107444791614,4396.105577291741,4369.77162145845,4442.1900000000005,32.91744479161414,46.08442270825979,72.4183785415511,0.01,0.01,0.0,True,True,True,3775.6923369782776,2026-03-26 16:35:00+00:00,4369.77162145845,FULL_TP2,65.0,46.08,0.0,0.05,46.03,3821.73,1.219114162168156
166,NAS100,SELL,2026-03-26 10:35:00+00:00,23977.4,24076.157054726427,23829.264417910366,23779.885890547153,23977.4,98.7570547264245,148.13558208963676,197.514109452849,0.04,0.02,0.02,True,True,True,3808.223816377271,2026-03-26 17:20:00+00:00,23779.885890547153,FULL_TP2,405.0,29.63,39.5,0.2,68.93,3890.66,1.8100301695390502
169,NAS100,SELL,2026-03-26 20:55:00+00:00,23637.5,23744.359671426333,23477.2104928605,23423.780657147334,23744.359671426333,106.85967142633287,160.2895071394993,213.71934285266573,0.04,0.02,0.02,False,False,False,3890.6566979950344,2026-03-26 22:05:00+00:00,23664.0,EOD_EXIT,70.0,-5.3,-5.3,0.2,-10.8,3879.86,-0.2775880998589659
170,NAS100,SELL,2026-03-27 16:10:00+00:00,23336.2,23438.779971250227,23182.33004312466,23131.040057499547,23336.2,102.5799712502275,153.86995687534124,205.159942500455,0.04,0.02,0.02,True,True,True,3879.856697995034,2026-03-27 19:40:00+00:00,23131.040057499547,FULL_TP2,210.0,30.77,41.03,0.2,71.61,3951.46,1.845686724383542
171,XAUUSD,BUY,2026-03-27 18:30:00+00:00,4514.18,4482.19508084968,4558.958886810448,4584.546822130704,4482.19508084968,31.984919150319786,44.7788868104477,70.36682213070354,0.01,0.01,0.0,False,False,False,3879.856697995034,2026-03-29 23:00:00+00:00,4510.65,EOD_EXIT,3150.0,-3.53,-0.0,0.05,-3.58,3947.88,-0.09227144914527413
172,XAUUSD,BUY,2026-03-30 10:40:00+00:00,4537.46,4507.199735126544,4579.824370822839,4604.032582721605,4537.46,30.26026487345678,42.36437082283949,66.57258272160492,0.01,0.01,0.0,True,False,True,3947.8826778701928,2026-03-30 14:45:00+00:00,4537.46,TP1_THEN_BE,245.0,42.36,0.0,0.05,42.31,3990.2,1.0717137121923146
173,NAS100,SELL,2026-03-30 17:05:00+00:00,23154.800000000003,23259.585936285777,22997.62109557134,22945.228127428454,23154.800000000003,104.78593628577475,157.17890442866212,209.5718725715495,0.04,0.02,0.02,True,True,True,3990.1970486930322,2026-03-30 20:00:00+00:00,22945.228127428454,FULL_TP2,175.0,31.44,41.91,0.2,73.15,4063.35,1.8332427974693606
174,XAUUSD,BUY,2026-03-31 06:00:00+00:00,4569.37,4538.275376907809,4612.902472329067,4637.77817080282,4538.275376907809,31.094623092190595,43.53247232906683,68.40817080281931,0.01,0.01,0.0,False,False,False,4063.3472040930747,2026-03-31 11:35:00+00:00,4538.275376907809,SL,335.0,-31.09,-0.0,0.05,-31.14,4032.2,-0.7663632575781902
175,XAUUSD,BUY,2026-03-31 12:20:00+00:00,4576.09,4548.435411803464,4614.806423475151,4636.930094032379,4576.09,27.65458819653613,38.716423475150584,60.8400940323795,0.01,0.01,0.0,True,True,True,4032.202581000884,2026-03-31 17:40:00+00:00,4636.930094032379,FULL_TP2,320.0,38.72,0.0,0.05,38.67,4070.87,0.9590291961571344
176,NAS100,BUY,2026-03-31 16:10:00+00:00,23382.699999999997,23260.1209837822,23566.568524326696,23627.858032435593,23382.699999999997,122.57901621779867,183.868524326698,245.15803243559733,0.03,0.01,0.02,True,True,True,4032.202581000884,2026-03-31 17:40:00+00:00,23627.858032435593,FULL_TP2,90.0,18.39,49.03,0.15,67.27,4138.14,1.6683189559216556
178,NAS100,BUY,2026-04-01 14:35:00+00:00,24027.3,23920.843698917444,24186.984451623834,24240.212602165113,23920.843698917444,106.45630108255594,159.68445162383392,212.91260216511188,0.04,0.02,0.02,False,False,False,4138.137463395824,2026-04-01 14:40:00+00:00,23920.843698917444,SL,5.0,-21.29,-21.29,0.2,-42.78,4095.35,-1.033798426910981
177,XAUUSD,BUY,2026-04-01 11:25:00+00:00,4728.61,4701.6188220449985,4766.397649137001,4787.990591501003,4728.61,26.991177955001433,37.787649137002006,59.38059150100316,0.02,0.01,0.01,True,True,True,4138.137463395824,2026-04-01 16:50:00+00:00,4787.990591501003,FULL_TP2,325.0,37.79,59.38,0.1,97.07,4192.42,2.3457413113662673
179,NAS100,BUY,2026-04-01 15:00:00+00:00,23987.899999999998,23877.833434709053,24152.999847936415,24208.033130581887,23987.899999999998,110.0665652909448,165.09984793641718,220.1331305818896,0.04,0.02,0.02,True,False,True,4095.3549429628015,2026-04-01 19:20:00+00:00,23987.899999999998,TP1_THEN_BE,260.0,33.02,0.0,0.2,32.82,4225.24,0.8013957387599776
180,XAUUSD,BUY,2026-04-01 20:35:00+00:00,4775.2,4748.321014779407,4812.830579308829,4834.333767485303,4748.321014779407,26.87898522059236,37.6305793088293,59.133767485303196,0.02,0.01,0.01,False,False,False,4225.24315318809,2026-04-01 21:00:00+00:00,4765.02,EOD_EXIT,25.0,-10.18,-10.18,0.1,-20.46,4204.78,-0.4842324869413073
181,NAS100,BUY,2026-04-01 20:45:00+00:00,24074.6,23965.46264126076,24238.30603810885,24292.87471747847,23965.46264126076,109.13735873923595,163.70603810885393,218.2747174784719,0.04,0.02,0.02,False,False,False,4225.24315318809,2026-04-01 21:00:00+00:00,24023.5,EOD_EXIT,15.0,-10.22,-10.22,0.2,-20.64,4184.14,-0.48849259679709595
183,NAS100,SELL,2026-04-02 10:15:00+00:00,23665.9,23760.942704654855,23523.335943017722,23475.814590690294,23665.9,95.0427046548538,142.5640569822807,190.0854093097076,0.04,0.02,0.02,True,False,True,4184.143153188092,2026-04-02 14:50:00+00:00,23665.9,TP1_THEN_BE,275.0,28.51,0.0,0.2,28.31,4212.46,0.6766020894488112
182,XAUUSD,SELL,2026-04-02 10:00:00+00:00,4617.93,4654.7787520319425,4566.341747155281,4536.862745529728,4654.7787520319425,36.848752031941956,51.58825284471874,81.0672544702723,0.01,0.01,0.0,False,False,False,4184.143153188092,2026-04-02 15:10:00+00:00,4654.7787520319425,SL,310.0,-36.85,-0.0,0.05,-36.9,4175.56,-0.8819009926054798
184,XAUUSD,SELL,2026-04-02 18:25:00+00:00,4651.6,4688.585198457126,4599.820722160024,4570.232563394324,4688.585198457126,36.985198457125676,51.77927783997595,81.36743660567649,0.01,0.01,0.0,False,False,False,4175.557212552606,2026-04-02 21:00:00+00:00,4675.07,EOD_EXIT,155.0,-23.47,-0.0,0.05,-23.52,4152.04,-0.5632781160151253
185,NAS100,BUY,2026-04-06 07:10:00+00:00,24124.899999999998,24021.57616065234,24279.88575902148,24331.547678695308,24124.899999999998,103.32383934765525,154.98575902148286,206.6476786953105,0.04,0.02,0.02,True,False,True,4152.037212552606,2026-04-06 15:05:00+00:00,24124.899999999998,TP1_THEN_BE,475.0,31.0,0.0,0.2,30.8,4182.83,0.7418045268689837
186,XAUUSD,BUY,2026-04-06 15:15:00+00:00,4683.63,4657.0121139763205,4720.895040433151,4742.189349252094,4657.0121139763205,26.617886023679155,37.265040433150816,58.559349252094144,0.02,0.01,0.01,False,False,False,4182.834364356903,2026-04-06 16:15:00+00:00,4657.0121139763205,SL,60.0,-26.62,-26.62,0.1,-53.34,4129.5,-1.2752118624281419
187,NAS100,BUY,2026-04-06 17:30:00+00:00,24176.0,24076.50699580565,24325.23950629153,24374.986008388707,24076.50699580565,99.493004194353,149.2395062915295,198.986008388706,0.04,0.02,0.02,False,False,False,4129.498592309545,2026-04-06 18:10:00+00:00,24076.50699580565,SL,40.0,-19.9,-19.9,0.2,-40.0,4089.5,-0.9686406014156992
188,NAS100,BUY,2026-04-06 19:20:00+00:00,24203.399999999998,24104.385113730375,24351.922329404428,24401.42977253924,24104.385113730375,99.01488626962075,148.5223294044311,198.0297725392415,0.04,0.02,0.02,False,False,False,4089.5013906318036,2026-04-06 21:00:00+00:00,24208.1,EOD_EXIT,100.0,0.94,0.94,0.2,1.68,4091.18,0.04108080275626095
189,NAS100,SELL,2026-04-07 06:35:00+00:00,24070.7,24154.173330976057,23945.490003535917,23903.753338047893,24154.173330976057,83.4733309760547,125.20999646408205,166.9466619521094,0.05,0.03,0.02,False,False,False,4091.181390631804,2026-04-07 09:00:00+00:00,24154.173330976057,SL,145.0,-25.04,-16.69,0.25,-41.99,4049.19,-1.026353905895027
190,NAS100,SELL,2026-04-07 14:35:00+00:00,24063.2,24155.618560460898,23924.572159308653,23878.362879078202,24063.2,92.41856046089855,138.6278406913478,184.8371209217971,0.04,0.02,0.02,True,True,True,4049.1947251437764,2026-04-07 15:05:00+00:00,23878.362879078202,FULL_TP2,30.0,27.73,36.97,0.2,64.49,4113.69,1.5926623533203905
191,NAS100,BUY,2026-04-08 08:20:00+00:00,25042.0,24927.682394410305,25213.476408384544,25270.635211179393,24927.682394410305,114.31760558969593,171.4764083845439,228.63521117939186,0.04,0.02,0.02,False,False,False,4113.687717466405,2026-04-08 14:50:00+00:00,24927.682394410305,SL,390.0,-22.86,-22.86,0.2,-45.93,4067.76,-1.1165164483678407
192,NAS100,BUY,2026-04-08 19:05:00+00:00,24982.6,24876.22968965507,25142.155465517393,25195.340620689858,24876.22968965507,106.37031034492941,159.5554655173941,212.74062068985882,0.04,0.02,0.02,False,False,False,4067.760675230527,2026-04-08 19:40:00+00:00,24876.22968965507,SL,35.0,-21.27,-21.27,0.2,-42.75,4025.01,-1.0509467840700162
193,NAS100,BUY,2026-04-09 06:25:00+00:00,24887.899999999998,24809.345696441796,25005.7314553373,25045.0086071164,24809.345696441796,78.55430355820106,117.83145533730158,157.1086071164021,0.05,0.03,0.02,False,False,False,4025.012551092555,2026-04-09 09:10:00+00:00,24809.345696441796,SL,165.0,-23.57,-15.71,0.25,-39.53,3985.49,-0.9821087387484027
194,XAUUSD,SELL,2026-04-09 06:50:00+00:00,4708.18,4732.628167692874,4673.952565229977,4654.394031075678,4732.628167692874,24.44816769287361,34.22743477002305,53.78596892432195,0.02,0.01,0.01,False,False,False,4025.012551092555,2026-04-09 09:40:00+00:00,4732.628167692874,SL,170.0,-24.45,-24.45,0.1,-49.0,3936.49,-1.2173875081880023
195,XAUUSD,BUY,2026-04-09 14:05:00+00:00,4749.79,4728.13360698913,4780.108950215217,4797.4340646239125,4749.79,21.656393010869238,30.31895021521693,47.64406462391233,0.02,0.01,0.01,True,True,True,3936.489063927707,2026-04-09 16:35:00+00:00,4797.4340646239125,FULL_TP2,150.0,30.32,47.64,0.1,77.86,4014.35,1.9779046438481325
196,NAS100,BUY,2026-04-09 20:05:00+00:00,25072.899999999998,24992.26351952112,25193.854720718315,25234.172960957752,24992.26351952112,80.63648047887804,120.95472071831706,161.27296095775608,0.05,0.03,0.02,False,False,False,4014.3520787668363,2026-04-09 21:00:00+00:00,25081.5,EOD_EXIT,55.0,2.58,1.72,0.25,4.05,4018.4,0.10088801182690768
197,XAUUSD,BUY,2026-04-14 07:40:00+00:00,4769.91,4753.309479651303,4793.1507284881745,4806.431144767132,4769.91,16.600520348696413,23.240728488174977,36.521144767132114,0.02,0.01,0.01,True,False,True,4018.4020787668373,2026-04-14 08:25:00+00:00,4769.91,TP1_THEN_BE,45.0,23.24,0.0,0.1,23.14,4041.54,0.575850787114394
199,XAUUSD,BUY,2026-04-14 11:15:00+00:00,4787.41,4770.231604912559,4811.459753122416,4825.202469192369,4770.231604912559,17.178395087440585,24.049753122416817,37.79246919236929,0.02,0.01,0.01,False,False,False,4041.542807255012,2026-04-14 11:35:00+00:00,4770.231604912559,SL,20.0,-17.18,-17.18,0.1,-34.46,4007.09,-0.8526446865325917
198,NAS100,BUY,2026-04-14 07:55:00+00:00,25452.0,25397.809685596996,25533.285471604504,25560.380628806008,25452.0,54.19031440300319,81.28547160450479,108.38062880600638,0.07,0.04,0.03,True,True,True,4018.4020787668373,2026-04-14 13:30:00+00:00,25560.380628806008,FULL_TP2,335.0,32.51,32.51,0.35,64.68,4071.76,1.6095950263854366
200,XAUUSD,BUY,2026-04-14 14:10:00+00:00,4782.25,4764.400772592162,4807.238918370973,4821.5183002972435,4782.25,17.849227407837905,24.988918370973064,39.26830029724339,0.02,0.01,0.01,True,True,True,4071.764394363735,2026-04-14 18:05:00+00:00,4821.5183002972435,FULL_TP2,235.0,24.99,39.27,0.1,64.16,4135.92,1.5757296784856287
201,NAS100,BUY,2026-04-14 20:05:00+00:00,25817.3,25751.85901840751,25915.461472388728,25948.181963184972,25751.85901840751,65.44098159248684,98.16147238873026,130.88196318497367,0.06,0.03,0.03,False,False,False,4135.921613031951,2026-04-14 21:00:00+00:00,25839.6,EOD_EXIT,55.0,6.69,6.69,0.3,13.08,4149.0,0.3162535759571939
202,NAS100,BUY,2026-04-15 18:30:00+00:00,26077.5,26010.833906161188,26177.499140758217,26210.83218767762,26077.5,66.66609383881078,99.99914075821617,133.33218767762156,0.06,0.03,0.03,True,True,True,4149.001613031951,2026-04-15 20:30:00+00:00,26210.83218767762,FULL_TP2,120.0,30.0,40.0,0.3,69.7,4218.7,1.679922219867868
203,XAUUSD,SELL,2026-04-15 20:55:00+00:00,4795.4400000000005,4812.077706778133,4772.147210510615,4758.837045088109,4812.077706778133,16.637706778132493,23.292789489385488,36.60295491189149,0.03,0.01,0.02,False,False,False,4218.701011562703,2026-04-15 21:00:00+00:00,4794.0,EOD_EXIT,5.0,1.44,2.88,0.15,4.17,4222.87,0.09884559224677876
205,XAUUSD,BUY,2026-04-16 08:00:00+00:00,4829.0199999999995,4813.958392408986,4850.106250627419,4862.155536700231,4813.958392408986,15.061607591014287,21.08625062742,33.135536700231434,0.03,0.01,0.02,False,False,False,4222.871011562705,2026-04-16 09:00:00+00:00,4813.958392408986,SL,60.0,-15.06,-30.12,0.15,-45.33,4177.54,-1.0734403176389065
204,NAS100,BUY,2026-04-16 06:35:00+00:00,26325.899999999998,26270.970727287975,26408.29390906803,26435.75854542404,26270.970727287975,54.929272712021096,82.39390906803165,109.85854542404219,0.08,0.04,0.04,False,False,False,4222.871011562705,2026-04-16 11:30:00+00:00,26270.970727287975,SL,295.0,-21.97,-21.97,0.4,-44.34,4133.19,-1.0499965516017895
206,NAS100,BUY,2026-04-16 14:25:00+00:00,26308.8,26257.663201771174,26385.50519734324,26411.073596457652,26257.663201771174,51.13679822882657,76.70519734323986,102.27359645765314,0.08,0.04,0.04,False,False,False,4133.192770620045,2026-04-16 14:30:00+00:00,26257.663201771174,SL,5.0,-20.45,-20.45,0.4,-41.31,4091.88,-0.9994694729373303
208,XAUUSD,SELL,2026-04-17 11:05:00+00:00,4788.66,4802.336835147386,4769.5124307936585,4758.570962675749,4802.336835147386,13.676835147386974,19.147569206341764,30.089037324251347,0.03,0.01,0.02,False,False,False,4091.8833320369836,2026-04-17 12:45:00+00:00,4802.336835147386,SL,100.0,-13.68,-27.35,0.15,-41.18,4050.7,-1.0063825543994713
207,NAS100,BUY,2026-04-17 08:00:00+00:00,26349.899999999998,26297.47079473182,26428.543807902268,26454.758410536357,26349.899999999998,52.42920526817906,78.64380790226859,104.85841053635812,0.08,0.04,0.04,True,True,True,4091.8833320369836,2026-04-17 13:00:00+00:00,26454.758410536357,FULL_TP2,300.0,31.46,41.94,0.4,73.0,4123.7,1.7840195840495727
209,XAUUSD,BUY,2026-04-17 16:50:00+00:00,4869.42,4850.259640201295,4896.244503718187,4911.5727915571515,4850.259640201295,19.160359798705056,26.824503718187078,42.152791557151126,0.02,0.01,0.01,False,False,False,4123.703713970273,2026-04-17 21:00:00+00:00,4850.16,EOD_EXIT,250.0,-19.26,-19.26,0.1,-38.62,4085.08,-0.936536731995639
210,NAS100,BUY,2026-04-17 20:40:00+00:00,26696.5,26619.21152551604,26812.43271172594,26851.076948967922,26619.21152551604,77.28847448396057,115.93271172594086,154.57694896792114,0.05,0.03,0.02,False,False,False,4123.703713970273,2026-04-17 21:00:00+00:00,26701.4,EOD_EXIT,20.0,1.47,0.98,0.25,2.2,4087.28,0.0533500986636563
211,NAS100,BUY,2026-04-20 07:55:00+00:00,26567.8,26497.808276191434,26672.78758571285,26707.78344761713,26497.808276191434,69.99172380856545,104.98758571284819,139.9834476171309,0.06,0.03,0.03,False,False,False,4087.2837139702738,2026-04-20 09:05:00+00:00,26497.808276191434,SL,70.0,-21.0,-21.0,0.3,-42.3,4044.99,-1.0349171469408702
212,NAS100,BUY,2026-04-20 12:10:00+00:00,26584.6,26518.404505176313,26683.89324223553,26716.99098964737,26584.6,66.19549482368545,99.29324223552817,132.3909896473709,0.06,0.03,0.03,True,False,True,4044.9886796851347,2026-04-20 15:40:00+00:00,26584.6,TP1_THEN_BE,210.0,29.79,0.0,0.3,29.49,4074.48,0.729050247979817
213,XAUUSD,SELL,2026-04-21 10:25:00+00:00,4781.9400000000005,4796.658372052133,4761.334279127014,4749.559581485309,4796.658372052133,14.718372052132775,20.605720872985884,32.38041851469211,0.03,0.01,0.02,False,False,False,4074.4766523557932,2026-04-21 12:45:00+00:00,4796.658372052133,SL,140.0,-14.72,-29.44,0.15,-44.31,4030.17,-1.0875016297953435
214,NAS100,BUY,2026-04-21 15:10:00+00:00,26738.8,26682.76169113954,26822.857463290686,26850.876617720915,26682.76169113954,56.03830886045685,84.05746329068528,112.0766177209137,0.07,0.04,0.03,False,False,False,4030.1715361993947,2026-04-21 15:45:00+00:00,26682.76169113954,SL,35.0,-22.42,-16.81,0.35,-39.58,3990.59,-0.9820921924659675
215,XAUUSD,SELL,2026-04-21 15:15:00+00:00,4777.27,4793.666471963603,4754.314939250957,4741.197761680075,4777.27,16.3964719636024,22.955060749043362,36.07223831992528,0.02,0.01,0.01,True,True,True,4030.1715361993947,2026-04-21 15:45:00+00:00,4741.197761680075,FULL_TP2,30.0,22.96,36.07,0.1,58.93,4049.52,1.4622206392627455
216,NAS100,SELL,2026-04-21 19:20:00+00:00,26556.100000000002,26633.19003122042,26440.46495316938,26401.91993755917,26633.19003122042,77.09003122041628,115.63504683062442,154.18006244083256,0.05,0.03,0.02,False,False,False,4049.522019066044,2026-04-21 20:10:00+00:00,26633.19003122042,SL,50.0,-23.13,-15.42,0.25,-38.8,4010.73,-0.9581377707621054
218,NAS100,SELL,2026-04-21 20:40:00+00:00,26449.0,26526.58360041896,26332.624599371564,26293.832799162083,26526.58360041896,77.58360041895797,116.37540062843695,155.16720083791594,0.05,0.03,0.02,False,False,False,4010.7270034558355,2026-04-21 20:50:00+00:00,26526.58360041896,SL,10.0,-23.28,-15.52,0.25,-39.04,3971.69,-0.9733896115682082
217,XAUUSD,SELL,2026-04-21 20:35:00+00:00,4700.83,4721.621976484466,4671.721232921746,4655.087651734173,4700.83,20.791976484466687,29.10876707825336,45.74234826582671,0.02,0.01,0.01,True,False,True,4010.7270034558355,2026-04-21 21:00:00+00:00,4676.59,EOD_EXIT,25.0,29.11,24.24,0.1,53.25,4024.93,1.3276894676231326
220,XAUUSD,BUY,2026-04-22 11:50:00+00:00,4757.73,4741.152181083475,4780.938946483134,4794.2012016163535,4741.152181083475,16.577818916524656,23.20894648313452,36.47120161635424,0.02,0.01,0.01,False,False,False,4024.9339703246096,2026-04-22 14:00:00+00:00,4741.152181083475,SL,130.0,-16.58,-16.58,0.1,-33.26,3991.68,-0.8263489598890884
219,NAS100,BUY,2026-04-22 06:20:00+00:00,26729.699999999997,26658.62413737435,26836.313793938465,26871.85172525129,26729.699999999997,71.07586262564591,106.61379393846886,142.15172525129182,0.06,0.03,0.03,True,True,True,4024.9339703246096,2026-04-22 15:25:00+00:00,26871.85172525129,FULL_TP2,545.0,31.98,42.65,0.3,74.33,4066.01,1.846738370070834
221,XAUUSD,SELL,2026-04-22 15:05:00+00:00,4745.56,4761.936065859925,4722.633507796106,4709.532655108166,4761.936065859925,16.376065859924495,22.92649220389429,36.02734489183389,0.02,0.01,0.01,False,False,False,3991.6783324915605,2026-04-22 21:00:00+00:00,4738.7,EOD_EXIT,355.0,6.86,6.86,0.1,13.62,4079.63,0.3412098587487772
222,XAUUSD,SELL,2026-04-23 06:35:00+00:00,4702.56,4719.371536690297,4679.023848633585,4665.574619281348,4719.371536690297,16.8115366902969,23.53615136641566,36.98538071865318,0.02,0.01,0.01,False,False,False,4079.62798824849,2026-04-23 07:45:00+00:00,4719.371536690297,SL,70.0,-16.81,-16.81,0.1,-33.72,4045.9,-0.8265459521586681
223,XAUUSD,SELL,2026-04-23 08:20:00+00:00,4704.9800000000005,4721.685391329899,4681.592452138142,4668.228139074223,4721.685391329899,16.705391329898845,23.38754786185838,36.751860925777464,0.02,0.01,0.01,False,False,False,4045.9049148678964,2026-04-23 09:00:00+00:00,4721.685391329899,SL,40.0,-16.71,-16.71,0.1,-33.51,4012.39,-0.8282448724105554
224,NAS100,BUY,2026-04-23 11:30:00+00:00,26865.199999999997,26795.35311554576,26969.97032668135,27004.893768908467,26865.199999999997,69.8468844542349,104.77032668135234,139.6937689084698,0.06,0.03,0.03,True,False,True,4012.3941322080987,2026-04-23 15:00:00+00:00,26865.199999999997,TP1_THEN_BE,210.0,31.43,0.0,0.3,31.13,4043.53,0.7758460154777604
225,NAS100,BUY,2026-04-23 15:35:00+00:00,26917.3,26838.707010961647,27035.18948355753,27074.485978076707,26917.3,78.59298903835395,117.88948355753092,157.1859780767079,0.05,0.03,0.02,True,False,True,4043.5252302125045,2026-04-23 18:00:00+00:00,26917.3,TP1_THEN_BE,145.0,35.37,0.0,0.25,35.12,4078.64,0.8685490506548488
226,XAUUSD,SELL,2026-04-23 18:05:00+00:00,4710.6,4728.103271959489,4686.095419256716,4672.092801689125,4710.6,17.50327195948868,24.504580743284148,38.5071983108751,0.02,0.01,0.01,True,True,True,4078.642075279764,2026-04-23 18:45:00+00:00,4672.092801689125,FULL_TP2,40.0,24.5,38.51,0.1,62.91,4141.55,1.5424251218632576
227,XAUUSD,SELL,2026-04-23 19:45:00+00:00,4706.26,4727.06318110524,4677.135546452665,4660.493001568473,4727.06318110524,20.80318110523947,29.124453547335257,45.76699843152684,0.02,0.01,0.01,False,False,False,4141.5538543339235,2026-04-23 21:00:00+00:00,4697.37,EOD_EXIT,75.0,8.89,8.89,0.1,17.68,4159.23,0.42689291560216674
228,XAUUSD,SELL,2026-04-24 07:30:00+00:00,4671.82,4689.867091033782,4646.5540725527035,4632.116399725677,4689.867091033782,18.047091033782863,25.265927447296008,39.7036002743223,0.02,0.01,0.01,False,False,False,4159.233854333924,2026-04-24 08:45:00+00:00,4689.867091033782,SL,75.0,-18.05,-18.05,0.1,-36.19,4123.04,-0.8701121713146761
229,NAS100,BUY,2026-04-24 10:10:00+00:00,26989.0,26911.440054712937,27105.339917930592,27144.119890574126,26989.0,77.55994528706196,116.33991793059295,155.11989057412393,0.05,0.03,0.02,True,True,True,4123.039672266358,2026-04-24 12:05:00+00:00,27144.119890574126,FULL_TP2,115.0,34.9,31.02,0.25,65.68,4188.72,1.5929994669174972
230,XAUUSD,SELL,2026-04-24 10:30:00+00:00,4682.39,4700.2951865893665,4657.3227387748875,4642.998589503395,4700.2951865893665,17.905186589366195,25.067261225112674,39.39141049660563,0.02,0.01,0.01,False,False,False,4123.039672266358,2026-04-24 12:05:00+00:00,4700.2951865893665,SL,95.0,-17.91,-17.91,0.1,-35.91,4152.81,-0.8709593614038872
231,NAS100,BUY,2026-04-24 15:45:00+00:00,27151.1,27060.98124020968,27286.278139685477,27331.337519580637,27151.1,90.11875979031984,135.17813968547978,180.23751958063968,0.05,0.03,0.02,True,True,True,4152.805252581628,2026-04-24 18:50:00+00:00,27331.337519580637,FULL_TP2,185.0,40.55,36.05,0.25,76.35,4229.16,1.838516264458497
232,XAUUSD,BUY,2026-04-27 08:10:00+00:00,4717.42,4701.49449216784,4739.715710965024,4752.456117230753,4701.49449216784,15.925507832160335,22.29571096502447,35.03611723075274,0.03,0.01,0.02,False,False,False,4229.156198403401,2026-04-27 10:30:00+00:00,4701.49449216784,SL,140.0,-15.93,-31.85,0.15,-47.93,4181.23,-1.1333230023070473
233,NAS100,SELL,2026-04-28 10:15:00+00:00,27227.600000000002,27284.127056504283,27142.80941524358,27114.54588699144,27227.600000000002,56.52705650428135,84.79058475642202,113.0541130085627,0.07,0.04,0.03,True,True,True,4181.229674906919,2026-04-28 12:05:00+00:00,27114.54588699144,FULL_TP2,110.0,33.92,33.92,0.35,67.48,4248.71,1.6138792950067304
234,XAUUSD,SELL,2026-04-28 14:05:00+00:00,4572.83,4591.603819009611,4546.546653386545,4531.527598178856,4591.603819009611,18.773819009610882,26.283346613455233,41.302401821143945,0.02,0.01,0.01,False,False,False,4248.712142712056,2026-04-28 14:40:00+00:00,4591.603819009611,SL,35.0,-18.77,-18.77,0.1,-37.65,4211.06,-0.8861508790277114
235,NAS100,SELL,2026-04-28 15:35:00+00:00,26965.0,27044.997023358283,26845.004464962578,26805.00595328344,27044.997023358283,79.99702335828106,119.99553503742158,159.9940467165621,0.05,0.03,0.02,False,False,False,4211.064504692835,2026-04-28 19:15:00+00:00,27044.997023358283,SL,220.0,-24.0,-16.0,0.25,-40.25,4170.82,-0.9558153278142656
236,XAUUSD,SELL,2026-04-29 10:25:00+00:00,4565.66,4581.020767322944,4544.154925747878,4531.866311889523,4565.66,15.360767322944202,21.505074252121883,33.79368811047725,0.03,0.01,0.02,True,True,True,4170.815993013694,2026-04-29 14:30:00+00:00,4531.866311889523,FULL_TP2,245.0,21.51,67.59,0.15,88.94,4259.76,2.132436438072994
238,NAS100,SELL,2026-04-29 19:05:00+00:00,27071.600000000002,27150.42714252807,26953.3592862079,26913.945714943864,27150.42714252807,78.8271425280685,118.24071379210275,157.654285056137,0.05,0.03,0.02,False,False,False,4259.75844348677,2026-04-29 19:35:00+00:00,27150.42714252807,SL,30.0,-23.65,-15.77,0.25,-39.66,4220.09,-0.9310387085596528
237,XAUUSD,SELL,2026-04-29 18:00:00+00:00,4544.65,4563.433659502204,4518.352876696913,4503.325949095149,4544.65,18.783659502204866,26.29712330308681,41.32405090485071,0.02,0.01,0.01,True,False,True,4259.75844348677,2026-04-29 20:00:00+00:00,4544.65,TP1_THEN_BE,120.0,26.3,0.0,0.1,26.2,4246.29,0.6150583500822719
239,NAS100,BUY,2026-04-30 16:05:00+00:00,27301.699999999997,27171.8097927319,27496.53531090214,27561.48041453619,27301.699999999997,129.89020726809622,194.83531090214433,259.78041453619244,0.03,0.01,0.02,True,False,True,4246.291995525823,2026-04-30 21:00:00+00:00,27476.4,EOD_EXIT,295.0,19.48,34.94,0.15,54.27,4300.57,1.2780562442993204
240,XAUUSD,BUY,2026-04-30 18:15:00+00:00,4618.0199999999995,4599.730601595663,4643.625157766071,4658.256676489541,4599.730601595663,18.289398404337046,25.605157766071862,40.2366764895415,0.02,0.01,0.01,False,False,False,4246.291995525823,2026-04-30 21:00:00+00:00,4616.64,EOD_EXIT,165.0,-1.38,-1.38,0.1,-2.86,4297.71,-0.06735288112577954
241,NAS100,BUY,2026-05-01 18:10:00+00:00,27756.6,27663.894531741724,27895.658202387407,27942.010936516544,27663.894531741724,92.70546825827296,139.05820238740944,185.41093651654592,0.05,0.03,0.02,False,False,False,4297.70552661604,2026-05-01 21:00:00+00:00,27723.8,EOD_EXIT,170.0,-9.84,-6.56,0.25,-16.65,4281.06,-0.387416026921463
242,NAS100,BUY,2026-05-04 08:20:00+00:00,27846.899999999998,27772.528763392405,27958.456854911386,27995.642473215186,27772.528763392405,74.37123660759345,111.55685491139016,148.7424732151869,0.06,0.03,0.03,False,False,False,4281.05552661604,2026-05-04 09:05:00+00:00,27772.528763392405,SL,45.0,-22.31,-22.31,0.3,-44.92,4236.13,-1.0492739400534479
243,XAUUSD,SELL,2026-05-04 10:50:00+00:00,4578.93,4595.00048789598,4556.431316945629,4543.574926628846,4578.93,16.07048789597931,22.498683054371032,35.35507337115448,0.03,0.01,0.02,True,True,True,4236.132784651484,2026-05-04 11:05:00+00:00,4543.574926628846,FULL_TP2,15.0,22.5,70.71,0.15,93.06,4329.19,2.196814989775073
244,XAUUSD,SELL,2026-05-04 14:25:00+00:00,4560.45,4578.2476613077115,4535.533274169203,4521.295145123034,4578.2476613077115,17.797661307712016,24.91672583079682,39.15485487696644,0.02,0.01,0.01,False,False,False,4329.191614448164,2026-05-04 15:20:00+00:00,4578.2476613077115,SL,55.0,-17.8,-17.8,0.1,-35.7,4293.5,-0.8246343238967637
245,XAUUSD,SELL,2026-05-04 16:05:00+00:00,4557.57,4576.033845719405,4531.720615992833,4516.949539417309,4557.57,18.463845719404738,25.84938400716663,40.62046058269043,0.02,0.01,0.01,True,True,True,4293.49629183274,2026-05-04 16:20:00+00:00,4516.949539417309,FULL_TP2,15.0,25.85,40.62,0.1,66.37,4359.87,1.5458264195138975
246,NAS100,SELL,2026-05-04 19:40:00+00:00,27629.0,27723.4105019872,27487.3842470192,27440.1789960256,27723.4105019872,94.41050198720094,141.6157529808014,188.8210039744019,0.05,0.03,0.02,False,False,False,4359.866136422597,2026-05-04 21:00:00+00:00,27663.3,EOD_EXIT,80.0,-10.29,-6.86,0.25,-17.4,4342.47,-0.3990948220781207
247,NAS100,BUY,2026-05-05 06:10:00+00:00,27744.6,27675.28897868861,27848.56653196708,27883.222042622772,27744.6,69.31102131138691,103.96653196708036,138.62204262277382,0.06,0.03,0.03,True,True,True,4342.466136422598,2026-05-05 13:10:00+00:00,27883.222042622772,FULL_TP2,420.0,31.19,41.59,0.3,72.48,4414.94,1.669097644586593
248,NAS100,BUY,2026-05-06 08:05:00+00:00,28254.8,28187.531795554343,28355.702306668485,28389.336408891315,28254.8,67.26820444565783,100.90230666848674,134.53640889131566,0.07,0.04,0.03,True,True,True,4414.942708799554,2026-05-06 09:55:00+00:00,28389.336408891315,FULL_TP2,110.0,40.36,40.36,0.35,80.37,4495.31,1.8204086734763776
250,NAS100,BUY,2026-05-06 15:35:00+00:00,28411.3,28321.014544939917,28546.728182590123,28591.870910120164,28411.3,90.2854550600824,135.42818259012358,180.5709101201648,0.05,0.03,0.02,True,True,True,4495.314554134343,2026-05-06 20:15:00+00:00,28591.870910120164,FULL_TP2,280.0,40.63,36.11,0.25,76.49,4571.81,1.7015494484062768
249,XAUUSD,BUY,2026-05-06 14:35:00+00:00,4694.41,4675.4989975517055,4720.885403427612,4736.014205386247,4675.4989975517055,18.911002448294106,26.475403427611745,41.60420538624704,0.02,0.01,0.01,False,False,False,4495.314554134343,2026-05-06 21:00:00+00:00,4695.15,EOD_EXIT,385.0,0.74,0.74,0.1,1.38,4573.19,0.03069863039352415
251,XAUUSD,BUY,2026-05-07 06:35:00+00:00,4705.4,4689.558175181648,4727.578554745692,4740.2520146003735,4705.4,15.84182481835164,22.178554745692296,34.85201460037361,0.03,0.01,0.02,True,True,True,4573.187190935412,2026-05-07 07:35:00+00:00,4740.2520146003735,FULL_TP2,60.0,22.18,69.7,0.15,91.73,4664.92,2.0058221142099653
253,NAS100,BUY,2026-05-07 12:05:00+00:00,28656.0,28587.968520030598,28758.047219954107,28792.06295993881,28656.0,68.03147996940375,102.04721995410563,136.0629599388075,0.07,0.04,0.03,True,True,True,4664.9197748818515,2026-05-07 15:20:00+00:00,28792.06295993881,FULL_TP2,195.0,40.82,40.82,0.35,81.29,4746.21,1.7425808786188361
252,XAUUSD,BUY,2026-05-07 11:40:00+00:00,4739.49,4721.856782272118,4764.176504819035,4778.2830790013395,4739.49,17.63321772788177,24.68650481903448,38.7930790013399,0.03,0.01,0.02,True,False,True,4664.9197748818515,2026-05-07 16:25:00+00:00,4739.49,TP1_THEN_BE,285.0,24.69,0.0,0.15,24.54,4770.74,0.526054062754413
254,NAS100,BUY,2026-05-08 11:15:00+00:00,28780.399999999998,28708.407671463465,28888.3884928048,28924.384657073064,28780.399999999998,71.9923285365339,107.98849280480086,143.9846570730678,0.07,0.04,0.03,True,False,True,4770.74405566417,2026-05-08 14:10:00+00:00,28780.399999999998,TP1_THEN_BE,175.0,43.2,0.0,0.35,42.85,4813.59,0.8981827467588709
256,NAS100,BUY,2026-05-08 14:30:00+00:00,28878.0,28806.991455614152,28984.512816578772,29020.017088771696,28878.0,71.0085443858474,106.5128165787711,142.0170887716948,0.07,0.04,0.03,True,True,True,4813.589452786091,2026-05-08 15:00:00+00:00,29020.017088771696,FULL_TP2,30.0,42.61,42.61,0.35,84.86,4898.45,1.7629255845839384
255,XAUUSD,BUY,2026-05-08 11:20:00+00:00,4721.61,4702.3094223436265,4748.630808718923,4764.0712708440215,4721.61,19.30057765637344,27.020808718922815,42.46127084402158,0.02,0.01,0.01,True,False,True,4770.74405566417,2026-05-08 15:10:00+00:00,4721.61,TP1_THEN_BE,230.0,27.02,0.0,0.1,26.92,4925.37,0.5642725680921542
257,NAS100,BUY,2026-05-08 20:05:00+00:00,29207.199999999997,29126.554384743158,29328.168422885254,29368.49123051367,29126.554384743158,80.64561525683735,120.96842288525602,161.2912305136747,0.06,0.03,0.03,False,False,False,4925.37051476803,2026-05-08 21:00:00+00:00,29266.4,EOD_EXIT,55.0,17.76,17.76,0.3,35.22,4960.59,0.7150731075844505
258,NAS100,BUY,2026-05-11 07:20:00+00:00,29266.8,29193.807212033087,29376.289181950367,29412.785575933824,29193.807212033087,72.99278796691176,109.48918195036765,145.98557593382353,0.07,0.04,0.03,False,False,False,4960.590514768033,2026-05-11 09:05:00+00:00,29193.807212033087,SL,105.0,-29.2,-21.9,0.35,-51.44,4909.15,-1.0369733169238509
259,XAUUSD,SELL,2026-05-11 08:50:00+00:00,4668.78,4688.015872676861,4641.849778252393,4626.461080110904,4688.015872676861,19.235872676861867,26.930221747606613,42.31891988909611,0.03,0.01,0.02,False,False,False,4960.590514768033,2026-05-11 13:20:00+00:00,4688.015872676861,SL,270.0,-19.24,-38.47,0.15,-57.86,4851.29,-1.1663933926363532
260,NAS100,BUY,2026-05-11 12:05:00+00:00,29257.8,29190.471820479193,29358.79226928121,29392.456359041615,29190.471820479193,67.32817952080724,100.99226928121087,134.65635904161448,0.07,0.04,0.03,False,False,False,4909.145563191195,2026-05-11 13:40:00+00:00,29190.471820479193,SL,95.0,-26.93,-20.2,0.35,-47.48,4803.81,-0.9671744173977106
262,NAS100,SELL,2026-05-12 11:35:00+00:00,29121.600000000002,29199.490637019207,29004.76404447119,28965.818725961588,29199.490637019207,77.89063701920671,116.83595552881006,155.78127403841341,0.06,0.03,0.03,False,False,False,4803.808219496044,2026-05-12 14:40:00+00:00,29199.490637019207,SL,185.0,-23.37,-23.37,0.3,-47.03,4756.77,-0.9790149367148091
263,NAS100,SELL,2026-05-12 15:00:00+00:00,29028.800000000003,29116.75419054315,28896.868714185282,28852.89161891371,29116.75419054315,87.95419054314779,131.9312858147217,175.90838108629558,0.05,0.03,0.02,False,False,False,4756.773837284521,2026-05-12 15:15:00+00:00,29116.75419054315,SL,15.0,-26.39,-17.59,0.25,-44.23,4712.55,-0.9298318884391062
261,XAUUSD,SELL,2026-05-12 10:10:00+00:00,4697.39,4714.284707910872,4673.73740892478,4660.221642596082,4697.39,16.894707910871674,23.652591075220343,37.16835740391768,0.03,0.01,0.02,True,True,True,4803.808219496044,2026-05-12 16:15:00+00:00,4660.221642596082,FULL_TP2,365.0,23.65,74.34,0.15,97.84,4810.39,2.036717444358429
264,XAUUSD,SELL,2026-05-13 06:40:00+00:00,4696.53,4712.257710827744,4674.511204841158,4661.9290361789635,4712.257710827744,15.727710827743875,22.018795158841424,34.60096382103653,0.03,0.01,0.02,False,False,False,4810.386047896003,2026-05-13 07:05:00+00:00,4712.257710827744,SL,25.0,-15.73,-31.46,0.15,-47.33,4763.05,-0.983912715710239
265,XAUUSD,SELL,2026-05-13 08:05:00+00:00,4698.36,4713.79070474433,4676.7570133579375,4664.412449562474,4698.36,15.430704744330136,21.602986642062188,33.9475504375263,0.03,0.01,0.02,True,False,True,4763.052915412772,2026-05-13 16:35:00+00:00,4698.36,TP1_THEN_BE,510.0,21.6,0.0,0.15,21.45,4784.51,0.45034141717363474
266,NAS100,BUY,2026-05-14 14:40:00+00:00,29554.8,29466.850572359275,29686.724141461087,29730.69885528145,29466.850572359275,87.94942764072573,131.9241414610886,175.89885528145146,0.05,0.03,0.02,False,False,False,4784.505902054834,2026-05-14 14:55:00+00:00,29466.850572359275,SL,15.0,-26.38,-17.59,0.25,-44.22,4740.28,-0.9242333671489158
267,NAS100,BUY,2026-05-14 18:55:00+00:00,29660.1,29555.83033103793,29816.5045034431,29868.63933792413,29555.83033103793,104.26966896206689,156.40450344310034,208.53933792413378,0.05,0.03,0.02,False,False,False,4740.281188234471,2026-05-14 21:00:00+00:00,29658.2,EOD_EXIT,125.0,-0.57,-0.38,0.25,-1.2,4739.08,-0.025314953952065924
268,XAUUSD,SELL,2026-05-15 08:45:00+00:00,4574.47,4593.659460871162,4547.604754780374,4532.253186083444,4574.47,19.18946087116177,26.865245219626477,42.2168139165559,0.02,0.01,0.01,True,True,True,4739.081188234472,2026-05-15 10:50:00+00:00,4532.253186083444,FULL_TP2,125.0,26.87,42.22,0.1,68.98,4808.06,1.4555564097794715
269,XAUUSD,SELL,2026-05-15 12:45:00+00:00,4556.1900000000005,4576.650033656322,4527.545952881151,4511.177925956093,4556.1900000000005,20.4600336563216,28.644047118850235,45.012074043907525,0.02,0.01,0.01,True,True,True,4808.063247370655,2026-05-15 14:45:00+00:00,4511.177925956093,FULL_TP2,120.0,28.64,45.01,0.1,73.56,4881.62,1.529929957560919
270,NAS100,SELL,2026-05-15 12:55:00+00:00,29179.5,29299.465364946027,28999.55195258096,28939.56927010795,29299.465364946027,119.96536494602569,179.94804741903852,239.93072989205137,0.04,0.02,0.02,False,False,False,4808.063247370655,2026-05-15 15:20:00+00:00,29299.465364946027,SL,145.0,-23.99,-23.99,0.2,-48.19,4833.43,-1.0022746690437832
272,NAS100,SELL,2026-05-15 17:00:00+00:00,29205.5,29340.912962506143,29002.380556240783,28934.67407498771,29340.912962506143,135.412962506145,203.1194437592175,270.82592501229,0.04,0.02,0.02,False,False,False,4833.4332225550015,2026-05-15 18:25:00+00:00,29340.912962506143,SL,85.0,-27.08,-27.08,0.2,-54.37,4779.07,-1.1248733042650678
271,XAUUSD,SELL,2026-05-15 16:30:00+00:00,4543.49,4566.05529946528,4511.898580748608,4493.846341176383,4566.05529946528,22.56529946528012,31.591419251392164,49.64365882361627,0.02,0.01,0.01,False,False,False,4833.4332225550015,2026-05-15 21:00:00+00:00,4540.03,EOD_EXIT,270.0,3.46,3.46,0.1,6.82,4785.89,0.14110053218848195
273,NAS100,SELL,2026-05-15 19:45:00+00:00,29297.7,29430.931585018054,29097.85262247292,29031.236829963895,29430.931585018054,133.23158501805366,199.84737752708048,266.46317003610733,0.04,0.02,0.02,False,False,False,4779.0680375525435,2026-05-15 21:00:00+00:00,29100.7,EOD_EXIT,75.0,39.4,39.4,0.2,78.6,4864.49,1.6446721281719319
274,NAS100,SELL,2026-05-18 07:00:00+00:00,28956.0,29088.689210423392,28756.96618436491,28690.621579153212,29088.689210423392,132.68921042339375,199.0338156350906,265.3784208467875,0.04,0.02,0.02,False,False,False,4864.488037552544,2026-05-18 08:25:00+00:00,29088.689210423392,SL,85.0,-26.54,-26.54,0.2,-53.28,4811.21,-1.095284839610925
275,NAS100,SELL,2026-05-18 19:00:00+00:00,28885.5,29048.130784664616,28641.553823003076,28560.238430670768,29048.130784664616,162.63078466461647,243.9461769969247,325.26156932923294,0.03,0.01,0.02,False,False,False,4811.212353383186,2026-05-18 20:50:00+00:00,29048.130784664616,SL,110.0,-16.26,-32.53,0.15,-48.94,4762.27,-1.0172072318858674
276,XAUUSD,SELL,2026-05-19 08:40:00+00:00,4542.08,4559.5115319893885,4517.675855214856,4503.7306296233455,4559.5115319893885,17.43153198938846,24.404144785143842,38.34937037665462,0.03,0.01,0.02,False,False,False,4762.273117983801,2026-05-19 09:00:00+00:00,4559.5115319893885,SL,20.0,-17.43,-34.86,0.15,-52.44,4709.83,-1.1011548204148667
277,NAS100,SELL,2026-05-19 14:05:00+00:00,28792.300000000003,28918.34010547208,28603.23984179189,28540.21978905585,28918.34010547208,126.0401054720773,189.06015820811595,252.0802109441546,0.04,0.02,0.02,False,False,False,4709.828522015636,2026-05-19 14:30:00+00:00,28918.34010547208,SL,25.0,-25.21,-25.21,0.2,-50.62,4659.21,-1.0747737367375845
278,NAS100,SELL,2026-05-19 15:05:00+00:00,28728.100000000002,28863.994383652644,28524.25842452104,28456.311232694716,28863.994383652644,135.8943836526432,203.84157547896478,271.7887673052864,0.03,0.01,0.02,False,False,False,4659.212479826805,2026-05-19 17:30:00+00:00,28863.994383652644,SL,145.0,-13.59,-27.18,0.15,-40.92,4618.29,-0.8782600101878398
279,XAUUSD,SELL,2026-05-20 07:40:00+00:00,4466.63,4485.540172750734,4440.155758148972,4425.027619948385,4485.540172750734,18.910172750734162,26.474241851027827,41.60238005161516,0.02,0.01,0.01,False,False,False,4618.294164731012,2026-05-20 08:30:00+00:00,4485.540172750734,SL,50.0,-18.91,-18.91,0.1,-37.92,4580.37,-0.8210823877263483
280,XAUUSD,SELL,2026-05-20 10:25:00+00:00,4473.99,4491.83586936347,4449.005782891141,4434.729087400365,4491.83586936347,17.845869363470424,24.98421710885859,39.260912599634935,0.03,0.01,0.02,False,False,False,4580.373819229543,2026-05-20 11:05:00+00:00,4491.83586936347,SL,40.0,-17.85,-35.69,0.15,-53.69,4526.69,-1.1721750695237163
281,NAS100,BUY,2026-05-20 17:40:00+00:00,29231.3,29103.193355496893,29423.459966754657,29487.51328900621,29103.193355496893,128.10664450310554,192.1599667546583,256.2132890062111,0.04,0.02,0.02,False,False,False,4526.686211139132,2026-05-20 21:00:00+00:00,29296.4,EOD_EXIT,200.0,13.02,13.02,0.2,25.84,4552.53,0.5708370051454795
282,XAUUSD,SELL,2026-05-21 15:40:00+00:00,4504.4,4522.395125879945,4479.206823768075,4464.810723064119,4522.395125879945,17.995125879945938,25.193176231924312,39.58927693588107,0.03,0.01,0.02,False,False,False,4552.526211139133,2026-05-21 18:10:00+00:00,4522.395125879945,SL,150.0,-18.0,-35.99,0.15,-54.14,4498.39,-1.1892298361189027
283,NAS100,BUY,2026-05-22 07:40:00+00:00,29536.699999999997,29437.150644690195,29686.024032964702,29735.7987106196,29437.150644690195,99.54935530980254,149.3240329647038,199.09871061960507,0.05,0.03,0.02,False,False,False,4498.390833499295,2026-05-22 10:25:00+00:00,29437.150644690195,SL,165.0,-29.86,-19.91,0.25,-50.02,4448.37,-1.111953181735645
284,XAUUSD,SELL,2026-05-22 08:10:00+00:00,4522.1,4537.686020596471,4500.2795711649405,4487.810754687764,4522.1,15.586020596471313,21.820428835059836,34.28924531223689,0.03,0.01,0.02,True,False,True,4498.390833499295,2026-05-22 16:30:00+00:00,4522.1,TP1_THEN_BE,500.0,21.82,0.0,0.15,21.67,4470.04,0.4817278178370936
285,NAS100,BUY,2026-05-22 15:35:00+00:00,29552.699999999997,29454.708525925027,29699.687211112454,29748.68294814994,29454.708525925027,97.99147407497138,146.98721111245706,195.98294814994276,0.05,0.03,0.02,False,False,False,4448.366155844394,2026-05-22 21:00:00+00:00,29496.5,EOD_EXIT,325.0,-16.86,-11.24,0.25,-28.35,4441.69,-0.6373126448404643
286,NAS100,BUY,2026-05-25 08:55:00+00:00,29925.5,29843.081076541028,30049.12838518846,30090.33784691794,29843.081076541028,82.41892345897104,123.62838518845655,164.83784691794207,0.05,0.03,0.02,False,False,False,4441.686584679455,2026-05-25 23:00:00+00:00,29885.3,EOD_EXIT,845.0,-12.06,-8.04,0.25,-20.35,4421.34,-0.4581592962950718
287,XAUUSD,BUY,2026-05-25 10:30:00+00:00,4565.23,4551.305205774878,4584.72471191517,4595.864547295267,4551.305205774878,13.924794225121321,19.494711915169848,30.63454729526691,0.03,0.01,0.02,False,False,False,4441.686584679455,2026-05-25 23:00:00+00:00,4570.98,EOD_EXIT,750.0,5.75,11.5,0.15,17.1,4438.44,0.3849888927098638
289,NAS100,SELL,2026-05-26 08:05:00+00:00,29734.600000000002,29793.008669877825,29646.98699518327,29617.78266024436,29793.008669877825,58.40866987782154,87.61300481673231,116.81733975564308,0.08,0.04,0.04,False,False,False,4438.436584679455,2026-05-26 10:25:00+00:00,29793.008669877825,SL,140.0,-23.36,-23.36,0.4,-47.13,4391.31,-1.061860389369599
288,XAUUSD,SELL,2026-05-26 07:55:00+00:00,4530.63,4543.610272770263,4512.457618121633,4502.073399905422,4530.63,12.98027277026286,18.172381878368004,28.556600094578297,0.03,0.01,0.02,True,False,True,4438.436584679455,2026-05-26 11:10:00+00:00,4530.63,TP1_THEN_BE,195.0,18.17,0.0,0.15,18.02,4409.33,0.4059988163895645
291,NAS100,BUY,2026-05-26 14:40:00+00:00,29890.1,29829.38402023122,29981.17396965317,30011.53195953756,29890.1,60.715979768779555,91.07396965316933,121.43195953755911,0.07,0.04,0.03,True,True,True,4409.332030655566,2026-05-26 15:20:00+00:00,30011.53195953756,FULL_TP2,40.0,36.43,36.43,0.35,72.51,4481.84,1.6444667694761792
290,XAUUSD,SELL,2026-05-26 12:30:00+00:00,4518.9400000000005,4532.576061989962,4499.849513214054,4488.940663622085,4518.9400000000005,13.636061989961842,19.090486785946577,29.999336377916055,0.03,0.01,0.02,True,True,True,4409.332030655566,2026-05-26 19:00:00+00:00,4488.940663622085,FULL_TP2,390.0,19.09,60.0,0.15,78.94,4560.78,1.7902938461239772
292,NAS100,BUY,2026-05-26 18:40:00+00:00,29941.899999999998,29859.20849130112,30065.937263048316,30107.283017397756,29859.20849130112,82.69150869887847,124.0372630483177,165.38301739775693,0.05,0.03,0.02,False,False,False,4481.841206378102,2026-05-26 21:00:00+00:00,30023.0,EOD_EXIT,140.0,24.33,16.22,0.25,40.3,4601.08,0.8991840215724092
293,XAUUSD,SELL,2026-05-27 06:30:00+00:00,4496.2300000000005,4511.3270126218695,4475.094182329383,4463.016572231888,4496.2300000000005,15.097012621869377,21.135817670617126,33.21342776811263,0.03,0.01,0.02,True,True,True,4601.080365919881,2026-05-27 11:35:00+00:00,4463.016572231888,FULL_TP2,305.0,21.14,66.43,0.15,87.41,4688.49,1.8997712069418367
294,NAS100,BUY,2026-05-27 08:10:00+00:00,30074.1,30007.383313954935,30174.175029067595,30207.53337209013,30074.1,66.71668604506444,100.07502906759666,133.43337209012887,0.07,0.04,0.03,True,True,True,4601.080365919881,2026-05-27 12:00:00+00:00,30207.53337209013,FULL_TP2,230.0,40.03,40.03,0.35,79.71,4768.2,1.7324192072455529
295,XAUUSD,SELL,2026-05-27 16:10:00+00:00,4431.66,4452.1106154415465,4403.029138381834,4386.668646028596,4452.1106154415465,20.450615441547072,28.6308616181659,44.99135397140356,0.02,0.01,0.01,False,False,False,4768.2030623808005,2026-05-27 17:40:00+00:00,4452.1106154415465,SL,90.0,-20.45,-20.45,0.1,-41.0,4727.2,-0.8598627085216539
296,NAS100,SELL,2026-05-27 18:05:00+00:00,29851.5,29951.142928109628,29702.035607835558,29652.214143780748,29951.142928109628,99.6429281096268,149.4643921644402,199.2858562192536,0.05,0.03,0.02,False,False,False,4727.201831497707,2026-05-27 19:05:00+00:00,29951.142928109628,SL,60.0,-29.89,-19.93,0.25,-50.07,4677.13,-1.059188961773956
297,XAUUSD,SELL,2026-05-28 11:45:00+00:00,4380.61,4397.650204516842,4356.753713676421,4343.121550062948,4397.650204516842,17.040204516841918,23.856286323578683,37.48844993705222,0.03,0.01,0.02,False,False,False,4677.130367442894,2026-05-28 13:35:00+00:00,4397.650204516842,SL,110.0,-17.04,-34.08,0.15,-51.27,4625.86,-1.0961849675366353
298,NAS100,SELL,2026-05-28 14:45:00+00:00,29889.4,29983.729981695848,29747.905027456232,29700.740036608306,29983.729981695848,94.32998169584715,141.49497254377073,188.6599633916943,0.05,0.03,0.02,False,False,False,4625.859753892368,2026-05-28 15:05:00+00:00,29983.729981695848,SL,20.0,-28.3,-18.87,0.25,-47.41,4578.44,-1.0248905613731045
299,NAS100,BUY,2026-05-28 19:50:00+00:00,30274.699999999997,30169.463932822266,30432.554100766596,30485.17213435546,30169.463932822266,105.23606717773146,157.85410076659718,210.4721343554629,0.04,0.02,0.02,False,False,False,4578.444763044444,2026-05-28 21:00:00+00:00,30273.3,EOD_EXIT,70.0,-0.28,-0.28,0.2,-0.76,4577.68,-0.01659952318600513
301,NAS100,BUY,2026-05-29 11:35:00+00:00,30303.199999999997,30234.75411119534,30405.86883320698,30440.09177760931,30303.199999999997,68.4458888046561,102.66883320698415,136.8917776093122,0.07,0.04,0.03,True,True,True,4577.6847630444445,2026-05-29 14:45:00+00:00,30440.09177760931,FULL_TP2,190.0,41.07,41.07,0.35,81.79,4659.47,1.786711061021261
300,XAUUSD,BUY,2026-05-29 10:05:00+00:00,4524.11,4508.9281819718935,4545.364545239348,4557.509999661834,4524.11,15.181818028106258,21.25454523934876,33.399999661833775,0.03,0.01,0.02,True,True,True,4577.6847630444445,2026-05-29 15:50:00+00:00,4557.509999661834,FULL_TP2,345.0,21.25,66.8,0.15,87.9,4747.37,1.9201846468244146
302,NAS100,BUY,2026-05-29 16:30:00+00:00,30364.5,30276.243653700938,30496.884519448595,30541.012692598128,30276.243653700938,88.25634629906293,132.3845194485944,176.51269259812585,0.05,0.03,0.02,False,False,False,4747.374374173048,2026-05-29 18:55:00+00:00,30276.243653700938,SL,145.0,-26.48,-17.65,0.25,-44.38,4703.0,-0.9348325306181614
303,NAS100,BUY,2026-05-29 19:40:00+00:00,30347.5,30256.55105946828,30483.92341079758,30529.39788106344,30256.55105946828,90.94894053172054,136.4234107975808,181.89788106344108,0.05,0.03,0.02,False,False,False,4702.996201023516,2026-05-29 21:00:00+00:00,30366.6,EOD_EXIT,80.0,5.73,3.82,0.25,9.3,4712.3,0.19774627923314156
304,XAUUSD,SELL,2026-06-01 07:10:00+00:00,4513.8,4529.020466635309,4492.491346710568,4480.314973402321,4513.8,15.220466635308918,21.308653289432485,33.48502659767962,0.03,0.01,0.02,True,True,True,4712.296201023515,2026-06-01 14:10:00+00:00,4480.314973402321,FULL_TP2,420.0,21.31,66.97,0.15,88.13,4800.42,1.870213506121667
305,XAUUSD,SELL,2026-06-01 20:40:00+00:00,4483.27,4500.175089922299,4459.602874108782,4446.078802170943,4500.175089922299,16.905089922298572,23.667125891218,37.19119782905686,0.03,0.01,0.02,False,False,False,4800.424907508307,2026-06-01 21:00:00+00:00,4482.8,EOD_EXIT,20.0,0.47,0.94,0.15,1.26,4801.68,0.02624767649274638
306,XAUUSD,BUY,2026-06-02 11:50:00+00:00,4532.6,4517.631639273761,4553.555705016735,4565.530393597727,4517.631639273761,14.968360726239307,20.955705016735028,32.93039359772648,0.03,0.01,0.02,False,False,False,4801.684907508308,2026-06-02 13:50:00+00:00,4517.631639273761,SL,120.0,-14.97,-29.94,0.15,-45.06,4756.63,-0.9384205933533976
307,NAS100,BUY,2026-06-02 12:35:00+00:00,30539.399999999998,30468.21843811856,30646.172342822152,30681.76312376287,30468.21843811856,71.18156188143692,106.77234282215538,142.36312376287384,0.07,0.04,0.03,False,False,False,4801.684907508308,2026-06-02 14:05:00+00:00,30468.21843811856,SL,90.0,-28.47,-21.35,0.35,-50.18,4706.45,-1.045049830769496
308,NAS100,BUY,2026-06-02 14:55:00+00:00,30576.199999999997,30507.552632867533,30679.171050698693,30713.494734264925,30576.199999999997,68.64736713246369,102.97105069869554,137.29473426492737,0.07,0.04,0.03,True,False,True,4706.452732012584,2026-06-02 19:40:00+00:00,30576.199999999997,TP1_THEN_BE,285.0,41.19,0.0,0.35,40.84,4747.29,0.8677448245089653
309,XAUUSD,SELL,2026-06-03 14:20:00+00:00,4449.96,4465.035793899338,4428.853888540926,4416.793253421455,4449.96,15.075793899338548,21.106111459073965,33.16674657854481,0.03,0.01,0.02,True,False,True,4747.291152292062,2026-06-03 14:55:00+00:00,4449.96,TP1_THEN_BE,35.0,21.11,0.0,0.15,20.96,4768.25,0.44151494668449404
310,XAUUSD,SELL,2026-06-03 16:10:00+00:00,4445.51,4461.991337596879,4422.43612736437,4409.251057286867,4461.991337596879,16.481337596878635,23.07387263563009,36.258942713133,0.03,0.01,0.02,False,False,False,4768.247263751136,2026-06-03 21:00:00+00:00,4442.06,EOD_EXIT,290.0,3.45,6.9,0.15,10.2,4778.45,0.2139150810726991
311,XAUUSD,BUY,2026-06-04 10:05:00+00:00,4468.75,4453.056328015499,4490.721140778302,4503.276078365902,4468.75,15.693671984501066,21.97114077830149,34.52607836590235,0.03,0.01,0.02,True,True,True,4778.447263751136,2026-06-04 12:45:00+00:00,4503.276078365902,FULL_TP2,160.0,21.97,69.05,0.15,90.87,4869.32,1.901663761978321
312,NAS100,SELL,2026-06-04 14:45:00+00:00,30219.0,30318.793936825336,30069.309094761997,30019.41212634933,30318.793936825336,99.79393682533629,149.69090523800443,199.58787365067258,0.05,0.03,0.02,False,False,False,4869.320561261243,2026-06-04 15:25:00+00:00,30318.793936825336,SL,40.0,-29.94,-19.96,0.25,-50.15,4819.17,-1.0299178164398821
313,XAUUSD,BUY,2026-06-04 20:00:00+00:00,4481.75,4465.332434091727,4504.734592271583,4517.8686449982015,4465.332434091727,16.417565908273424,22.98459227158279,36.11864499820154,0.03,0.01,0.02,False,False,False,4819.173592848575,2026-06-04 21:00:00+00:00,4479.62,EOD_EXIT,60.0,-2.13,-4.26,0.15,-6.54,4812.63,-0.13570791493597678
315,XAUUSD,SELL,2026-06-05 07:00:00+00:00,4437.15,4451.122176078944,4417.588953489478,4406.411212626323,4451.122176078944,13.972176078944006,19.561046510521606,30.738787373676814,0.03,0.01,0.02,False,False,False,4812.633592848575,2026-06-05 07:45:00+00:00,4451.122176078944,SL,45.0,-13.97,-27.94,0.15,-42.07,4770.57,-0.8741575519589673
314,NAS100,SELL,2026-06-05 06:50:00+00:00,30136.100000000002,30241.636832202348,29977.79475169648,29925.02633559531,30136.100000000002,105.53683220234642,158.30524830351962,211.07366440469283,0.05,0.03,0.02,True,True,True,4812.633592848575,2026-06-05 14:40:00+00:00,29925.02633559531,FULL_TP2,470.0,47.49,42.21,0.25,89.46,4860.02,1.8588574898561736
316,XAUUSD,SELL,2026-06-05 18:45:00+00:00,4339.65,4360.8718681753235,4309.939384554546,4292.961890014288,4360.8718681753235,21.221868175323433,29.710615445452802,46.688109985711556,0.02,0.01,0.01,False,False,False,4860.023371983738,2026-06-05 21:00:00+00:00,4313.61,EOD_EXIT,135.0,26.04,26.04,0.1,51.98,4912.0,1.0695421816208897
317,NAS100,SELL,2026-06-08 07:45:00+00:00,29037.7,29203.438768430144,28789.091847354786,28706.222463139715,29203.438768430144,165.73876843014312,248.6081526452147,331.47753686028625,0.03,0.01,0.02,False,False,False,4912.003371983737,2026-06-08 08:25:00+00:00,29203.438768430144,SL,40.0,-16.57,-33.15,0.15,-49.87,4862.13,-1.0152680326817396
318,XAUUSD,SELL,2026-06-08 08:50:00+00:00,4296.18,4317.678093708266,4266.082668808428,4248.884193841815,4317.678093708266,21.498093708265753,30.097331191572053,47.29580615818466,0.02,0.01,0.01,False,False,False,4862.131741454695,2026-06-08 12:10:00+00:00,4317.678093708266,SL,200.0,-21.5,-21.5,0.1,-43.1,4819.04,-0.8864424555288781
319,NAS100,BUY,2026-06-08 19:20:00+00:00,29563.199999999997,29390.369422262855,29822.44586660571,29908.861155474282,29390.369422262855,172.8305777371422,259.2458666057133,345.6611554742844,0.03,0.01,0.02,False,False,False,4819.035554038163,2026-06-08 20:15:00+00:00,29390.369422262855,SL,55.0,-17.28,-34.57,0.15,-52.0,4767.04,-1.0790540849283845
320,XAUUSD,BUY,2026-06-09 06:30:00+00:00,4343.04,4327.704686140493,4364.509439403309,4376.777690490915,4327.704686140493,15.335313859506726,21.469439403309416,33.7376904909148,0.03,0.01,0.02,False,False,False,4767.036380717021,2026-06-09 08:10:00+00:00,4327.704686140493,SL,100.0,-15.34,-30.67,0.15,-46.16,4720.88,-0.9683165034510807
321,XAUUSD,SELL,2026-06-09 11:05:00+00:00,4326.9800000000005,4341.926025705135,4306.055564012813,4294.098743448706,4341.926025705135,14.946025705133797,20.924435987187316,32.881256551294356,0.03,0.01,0.02,False,False,False,4720.8804391385,2026-06-09 12:50:00+00:00,4341.926025705135,SL,105.0,-14.95,-29.89,0.15,-44.99,4675.89,-0.9530001994333518
322,NAS100,BUY,2026-06-09 11:50:00+00:00,29664.6,29541.78457259355,29848.823141109668,29910.230854812893,29541.78457259355,122.8154274064466,184.2231411096699,245.6308548128932,0.04,0.02,0.02,False,False,False,4720.8804391385,2026-06-09 15:10:00+00:00,29541.78457259355,SL,200.0,-24.56,-24.56,0.2,-49.33,4626.57,-1.044932203557396
323,XAUUSD,SELL,2026-06-09 20:10:00+00:00,4258.39,4278.232844879112,4230.610017169243,4214.735741265954,4278.232844879112,19.84284487911192,27.779982830756683,43.65425873404622,0.02,0.01,0.01,False,False,False,4626.56619106052,2026-06-09 21:00:00+00:00,4260.72,EOD_EXIT,50.0,-2.33,-2.33,0.1,-4.76,4621.81,-0.10288407867582877
324,NAS100,SELL,2026-06-10 08:40:00+00:00,28928.100000000002,29102.402607586537,28666.6460886202,28579.494784826933,28928.100000000002,174.3026075865348,261.4539113798022,348.6052151730696,0.03,0.01,0.02,True,False,True,4621.80619106052,2026-06-10 13:30:00+00:00,28928.100000000002,TP1_THEN_BE,290.0,26.15,0.0,0.15,26.0,4647.8,0.5625506333495571
325,XAUUSD,SELL,2026-06-10 12:00:00+00:00,4160.97,4181.786721665738,4131.826589667968,4115.173212335378,4160.97,20.81672166573746,29.143410332032442,45.79678766462242,0.02,0.01,0.01,True,False,True,4621.80619106052,2026-06-10 13:30:00+00:00,4160.97,TP1_THEN_BE,90.0,29.14,0.0,0.1,29.04,4676.84,0.628325784325813
326,XAUUSD,SELL,2026-06-10 15:40:00+00:00,4149.61,4174.015779701029,4115.441908418558,4095.917284657735,4149.61,24.405779701029555,34.168091581441374,53.692715342265025,0.02,0.01,0.01,True,True,True,4676.844992530532,2026-06-10 20:00:00+00:00,4095.917284657735,FULL_TP2,260.0,34.17,53.69,0.1,87.76,4764.61,1.8764786975014776
327,NAS100,SELL,2026-06-10 16:05:00+00:00,28806.5,29017.519972989652,28489.970040515524,28384.460054020696,28806.5,211.01997298965205,316.52995948447807,422.0399459793041,0.02,0.01,0.01,True,False,True,4676.844992530532,2026-06-10 21:00:00+00:00,28493.9,EOD_EXIT,295.0,31.65,31.26,0.1,62.81,4827.42,1.342999395967044
328,NAS100,BUY,2026-06-11 12:50:00+00:00,28889.6,28737.16426533449,29118.25360199826,29194.47146933102,28737.16426533449,152.43573466550987,228.6536019982648,304.87146933101974,0.03,0.01,0.02,False,False,False,4827.418795402687,2026-06-11 13:20:00+00:00,28737.16426533449,SL,30.0,-15.24,-30.49,0.15,-45.88,4781.54,-0.9504043867851919
329,NAS100,BUY,2026-06-11 14:50:00+00:00,28966.5,28808.48092266086,29203.52861600871,29282.538154678277,28808.48092266086,158.0190773391388,237.02861600870818,316.0381546782776,0.03,0.01,0.02,False,False,False,4781.538075003034,2026-06-11 15:15:00+00:00,28808.48092266086,SL,25.0,-15.8,-31.6,0.15,-47.56,4733.98,-0.9946590250663188
330,XAUUSD,SELL,2026-06-11 15:05:00+00:00,4062.44,4086.4977733415435,4028.759117321839,4009.5128986486043,4086.4977733415435,24.057773341543584,33.68088267816101,52.92710135139589,0.02,0.01,0.01,False,False,False,4781.538075003034,2026-06-11 16:05:00+00:00,4086.4977733415435,SL,60.0,-24.06,-24.06,0.1,-48.22,4685.77,-1.0084621149852373
331,NAS100,BUY,2026-06-11 16:40:00+00:00,28816.0,28624.449877192274,29103.32518421159,29199.100245615453,28816.0,191.55012280772667,287.32518421159,383.10024561545333,0.02,0.01,0.01,True,True,True,4685.7668051182045,2026-06-11 18:30:00+00:00,29199.100245615453,FULL_TP2,110.0,28.73,38.31,0.1,66.94,4752.71,1.4285815488487876
333,NAS100,BUY,2026-06-12 15:15:00+00:00,29606.699999999997,29426.222814959252,29877.415777561117,29967.654370081487,29426.222814959252,180.47718504074516,270.71577756111776,360.9543700814903,0.03,0.01,0.02,False,False,False,4752.709348100909,2026-06-12 15:45:00+00:00,29426.222814959252,SL,30.0,-18.05,-36.1,0.15,-54.29,4698.42,-1.1422958153688325
334,NAS100,BUY,2026-06-12 15:50:00+00:00,29621.699999999997,29441.222814959252,29892.415777561117,29982.654370081487,29441.222814959252,180.47718504074516,270.71577756111776,360.9543700814903,0.03,0.01,0.02,False,False,False,4698.416192588686,2026-06-12 16:55:00+00:00,29441.222814959252,SL,65.0,-18.05,-36.1,0.15,-54.29,4644.12,-1.155495762287671
332,XAUUSD,BUY,2026-06-12 08:55:00+00:00,4194.66,4169.322666022844,4230.132267568018,4250.402134749743,4194.66,25.33733397715585,35.47226756801819,55.742134749742874,0.02,0.01,0.01,True,False,True,4752.709348100909,2026-06-12 21:00:00+00:00,4210.85,EOD_EXIT,725.0,35.47,16.19,0.1,51.56,4695.69,1.084854894831774
335,NAS100,BUY,2026-06-12 17:25:00+00:00,29613.1,29411.658447592417,29915.26232861137,30015.98310481516,29411.658447592417,201.4415524075814,302.1623286113721,402.8831048151628,0.02,0.01,0.01,False,False,False,4644.123037076462,2026-06-12 21:00:00+00:00,29702.1,EOD_EXIT,215.0,8.9,8.9,0.1,17.7,4713.39,0.38112685341649316
336,XAUUSD,BUY,2026-06-15 08:25:00+00:00,4316.99,4295.652500329866,4346.862499538187,4363.932499274295,4316.99,21.33749967013397,29.872499538187554,46.94249927429473,0.02,0.01,0.01,True,True,True,4713.385304644481,2026-06-15 14:30:00+00:00,4363.932499274295,FULL_TP2,365.0,29.87,46.94,0.1,76.71,4790.1,1.627492662745212
337,NAS100,BUY,2026-06-15 12:00:00+00:00,30321.8,30202.99825220087,30500.002621698695,30559.40349559826,30321.8,118.80174779913088,178.2026216986963,237.60349559826176,0.04,0.02,0.02,True,True,True,4713.385304644481,2026-06-15 16:05:00+00:00,30559.40349559826,FULL_TP2,245.0,35.64,47.52,0.2,82.96,4873.06,1.7600937465955262
338,XAUUSD,BUY,2026-06-15 16:50:00+00:00,4356.93,4337.846621810003,4383.646729465997,4398.913432017995,4337.846621810003,19.083378189997593,26.71672946599663,41.98343201799471,0.03,0.01,0.02,False,False,False,4873.0615269163545,2026-06-15 17:35:00+00:00,4337.846621810003,SL,45.0,-19.08,-38.17,0.15,-57.4,4815.66,-1.177904273995949
339,NAS100,BUY,2026-06-15 19:10:00+00:00,30609.0,30496.801974344733,30777.2970384829,30833.39605131053,30496.801974344733,112.19802565526594,168.2970384828989,224.39605131053187,0.04,0.02,0.02,False,False,False,4815.661392346362,2026-06-15 21:00:00+00:00,30607.6,EOD_EXIT,110.0,-0.28,-0.28,0.2,-0.76,4814.9,-0.015781840500826844
340,NAS100,BUY,2026-06-16 06:00:00+00:00,30571.1,30485.06896488212,30700.14655267682,30743.162070235758,30571.1,86.03103511787953,129.0465526768193,172.06207023575905,0.06,0.03,0.03,True,False,True,4814.901392346362,2026-06-16 13:40:00+00:00,30571.1,TP1_THEN_BE,460.0,38.71,0.0,0.3,38.41,4853.32,0.7977318094417365
341,XAUUSD,BUY,2026-06-16 08:00:00+00:00,4327.12,4312.654200007267,4347.3721199898255,4358.944759984012,4327.12,14.465799992732789,20.252119989825903,31.82475998401214,0.03,0.01,0.02,True,False,True,4814.901392346362,2026-06-16 15:15:00+00:00,4327.12,TP1_THEN_BE,435.0,20.25,0.0,0.15,20.1,4873.42,0.41745403201715453
342,XAUUSD,BUY,2026-06-16 16:55:00+00:00,4335.43,4320.768911437482,4355.955523987526,4367.684394837542,4320.768911437482,14.66108856251867,20.525523987526135,32.25439483754108,0.03,0.01,0.02,False,False,False,4873.417478139233,2026-06-16 21:00:00+00:00,4332.51,EOD_EXIT,245.0,-2.92,-5.84,0.15,-8.91,4864.51,-0.1828285805590785
343,NAS100,SELL,2026-06-17 14:35:00+00:00,30152.2,30238.03459712009,30023.44810431986,29980.530805759816,30238.03459712009,85.83459712009187,128.7518956801378,171.66919424018374,0.06,0.03,0.03,False,False,False,4864.507478139233,2026-06-17 14:40:00+00:00,30238.03459712009,SL,5.0,-25.75,-25.75,0.3,-51.8,4812.71,-1.0648560051101923
344,NAS100,SELL,2026-06-17 14:45:00+00:00,30194.4,30280.234597120092,30065.648104319862,30022.730805759817,30280.234597120092,85.83459712009187,128.7518956801378,171.66919424018374,0.06,0.03,0.03,False,False,False,4812.706719867178,2026-06-17 15:20:00+00:00,30280.234597120092,SL,35.0,-25.75,-25.75,0.3,-51.8,4760.91,-1.0763174033889515
345,NAS100,SELL,2026-06-17 15:35:00+00:00,30166.2,30259.73212589723,30025.90181115416,29979.135748205546,30166.2,93.53212589722806,140.29818884584208,187.0642517944561,0.05,0.03,0.02,True,True,True,4760.905961595124,2026-06-17 19:00:00+00:00,29979.135748205546,FULL_TP2,205.0,42.09,37.41,0.25,79.25,4840.16,1.6645991464500087
346,NAS100,SELL,2026-06-17 19:00:00+00:00,29916.600000000002,30021.334276024336,29759.498585963505,29707.13144795134,30021.334276024336,104.73427602433188,157.10141403649783,209.46855204866375,0.05,0.03,0.02,False,False,False,4840.158268607767,2026-06-17 19:10:00+00:00,30021.334276024336,SL,10.0,-31.42,-20.95,0.25,-52.62,4787.54,-1.0871545325548977
347,NAS100,SELL,2026-06-17 19:55:00+00:00,30017.300000000003,30122.034276024337,29860.198585963506,29807.83144795134,30017.300000000003,104.73427602433188,157.10141403649783,209.46855204866375,0.05,0.03,0.02,True,True,True,4787.541130595601,2026-06-17 20:30:00+00:00,29807.83144795134,FULL_TP2,35.0,47.13,41.89,0.25,88.77,4876.32,1.8541877255675177
348,XAUUSD,SELL,2026-06-18 06:45:00+00:00,4302.83,4324.711890269659,4272.195353622476,4254.689841406749,4302.83,21.881890269659355,30.634646377523094,48.14015859325058,0.02,0.01,0.01,True,True,True,4876.3152652162835,2026-06-18 11:55:00+00:00,4254.689841406749,FULL_TP2,310.0,30.63,48.14,0.1,78.67,4954.99,1.6133083223959819
349,XAUUSD,SELL,2026-06-18 15:05:00+00:00,4243.16,4264.139144606392,4213.789197551051,4197.005881865938,4243.16,20.9791446063918,29.370802448948517,46.15411813406196,0.02,0.01,0.01,True,False,True,4954.990070187057,2026-06-18 21:00:00+00:00,4216.76,EOD_EXIT,355.0,29.37,26.4,0.1,55.67,5010.66,1.1235138559601268
350,NAS100,BUY,2026-06-18 19:50:00+00:00,30454.399999999998,30330.09382272475,30640.859265912874,30703.012354550498,30330.09382272475,124.30617727524944,186.45926591287417,248.61235455049888,0.04,0.02,0.02,False,False,False,4954.990070187057,2026-06-18 21:00:00+00:00,30465.8,EOD_EXIT,70.0,2.28,2.28,0.2,4.36,5015.02,0.08799210368216549
351,XAUUSD,SELL,2026-06-19 07:35:00+00:00,4133.34,4151.85330667476,4107.421370655337,4092.61072531553,4151.85330667476,18.513306674759033,25.918629344662644,40.72927468446988,0.03,0.01,0.02,False,False,False,5015.020872636006,2026-06-19 08:00:00+00:00,4151.85330667476,SL,25.0,-18.51,-37.03,0.15,-55.69,4959.33,-1.110463972420679
352,XAUUSD,SELL,2026-06-19 11:00:00+00:00,4157.54,4175.231474540238,4132.771935643666,4118.618756011476,4175.231474540238,17.691474540238215,24.7680643563335,38.921243988524076,0.03,0.01,0.02,False,False,False,4959.330952611729,2026-06-19 13:55:00+00:00,4175.231474540238,SL,175.0,-17.69,-35.38,0.15,-53.22,4906.11,-1.0731286237707687
353,XAUUSD,SELL,2026-06-19 14:55:00+00:00,4151.05,4168.974918573215,4125.955113997498,4111.615179138926,4168.974918573215,17.924918573215553,25.094886002501774,39.43482086107422,0.03,0.01,0.02,False,False,False,4906.106528991015,2026-06-21 23:00:00+00:00,4156.35,EOD_EXIT,3365.0,-5.3,-10.6,0.15,-16.05,4890.06,-0.32714332445000593
354,XAUUSD,BUY,2026-06-22 15:05:00+00:00,4206.5199999999995,4189.535767139312,4230.2979260049615,4243.885312293512,4189.535767139312,16.98423286068724,23.777926004962133,37.36531229351193,0.03,0.01,0.02,False,False,False,4890.056528991015,2026-06-22 15:30:00+00:00,4189.535767139312,SL,25.0,-16.98,-33.97,0.15,-51.1,4838.95,-1.0449776949826728
355,XAUUSD,SELL,2026-06-23 18:25:00+00:00,4130.68,4148.260824295103,4106.066845986857,4092.0021865507742,4148.260824295103,17.58082429510285,24.61315401314399,38.67781344922627,0.03,0.01,0.02,False,False,False,4838.953830408953,2026-06-23 21:00:00+00:00,4111.28,EOD_EXIT,155.0,19.4,38.8,0.15,58.05,4897.0,1.1996394682503932
356,NAS100,SELL,2026-06-23 18:50:00+00:00,29515.800000000003,29670.973699658767,29283.039450511853,29205.45260068247,29670.973699658767,155.17369965876603,232.76054948814902,310.34739931753205,0.03,0.01,0.02,False,False,False,4838.953830408953,2026-06-23 21:00:00+00:00,29436.1,EOD_EXIT,130.0,7.97,15.94,0.15,23.76,4920.76,0.4910152242141145
357,XAUUSD,SELL,2026-06-24 08:50:00+00:00,4078.44,4097.377756382552,4051.927141064427,4036.776935958385,4078.44,18.937756382552333,26.512858935573266,41.66306404161514,0.03,0.01,0.02,True,True,True,4920.763830408956,2026-06-24 13:05:00+00:00,4036.776935958385,FULL_TP2,255.0,26.51,83.33,0.15,109.69,5030.45,2.2291254728005074
358,NAS100,SELL,2026-06-24 12:05:00+00:00,29536.7,29667.194889827704,29340.957665258444,29275.71022034459,29536.7,130.49488982770507,195.7423347415576,260.98977965541013,0.04,0.02,0.02,True,False,True,4920.763830408956,2026-06-24 14:50:00+00:00,29536.7,TP1_THEN_BE,165.0,39.15,0.0,0.2,38.95,5069.4,0.7915437794291164
359,XAUUSD,SELL,2026-06-24 15:55:00+00:00,4007.6,4031.4243268156274,3974.2459424581216,3955.1864810056195,4007.6,23.82432681562737,33.35405754187831,52.41351899438022,0.02,0.01,0.01,True,False,True,5069.401284376071,2026-06-24 21:00:00+00:00,3997.21,EOD_EXIT,305.0,33.35,10.39,0.1,43.64,5113.05,0.8608511647026005
360,XAUUSD,SELL,2026-06-25 06:40:00+00:00,3982.85,4007.2357931738534,3948.709889556605,3929.2012550175223,4007.2357931738534,24.385793173853546,34.14011044339496,53.64874498247781,0.02,0.01,0.01,False,False,False,5113.045341917949,2026-06-25 13:30:00+00:00,4007.2357931738534,SL,410.0,-24.39,-24.39,0.1,-48.87,5064.17,-0.9557904679497409
361,NAS100,BUY,2026-06-25 11:10:00+00:00,29928.8,29790.40056431413,30136.3991535288,30205.598871371734,29790.40056431413,138.39943568586662,207.59915352879995,276.79887137173324,0.04,0.02,0.02,False,False,False,5113.045341917949,2026-06-25 14:35:00+00:00,29790.40056431413,SL,205.0,-27.68,-27.68,0.2,-55.56,5008.61,-1.0866322569938125
362,NAS100,SELL,2026-06-25 17:50:00+00:00,29453.4,29666.508669573195,29133.73699564021,29027.182660853614,29666.508669573195,213.10866957319317,319.66300435978974,426.21733914638634,0.02,0.01,0.01,False,False,False,5008.613981295895,2026-06-25 21:00:00+00:00,29604.5,EOD_EXIT,190.0,-15.11,-15.11,0.1,-30.32,4978.29,-0.6053570930646007
363,XAUUSD,SELL,2026-06-29 14:35:00+00:00,4035.71,4052.45029292377,4012.273589906722,3998.8813555677057,4035.71,16.74029292377016,23.436410093278223,36.828644432294354,0.03,0.01,0.02,True,False,True,4978.293981295896,2026-06-29 21:00:00+00:00,4015.11,EOD_EXIT,385.0,23.44,41.2,0.15,64.49,5042.78,1.2954236982045937
364,XAUUSD,BUY,2026-06-30 14:50:00+00:00,4029.16,4011.1251481503073,4054.4087925895697,4068.836674069324,4029.16,18.034851849692778,25.248792589569888,39.676674069324115,0.03,0.01,0.02,True,False,True,5042.780391389174,2026-06-30 16:15:00+00:00,4029.16,TP1_THEN_BE,85.0,25.25,0.0,0.15,25.1,5067.88,0.4977412865898273
365,XAUUSD,BUY,2026-06-30 18:55:00+00:00,4031.06,4012.730977699941,4056.720631220083,4071.38384906013,4012.730977699941,18.32902230005922,25.660631220082905,40.323849060130286,0.03,0.01,0.02,False,False,False,5067.879183978744,2026-06-30 21:00:00+00:00,4017.92,EOD_EXIT,125.0,-13.14,-26.28,0.15,-39.57,5028.31,-0.7807999868089588
366,NAS100,SELL,2026-07-01 15:30:00+00:00,30017.300000000003,30114.0530604368,29872.170409344806,29823.79387912641,30114.0530604368,96.75306043679713,145.1295906551957,193.50612087359426,0.05,0.03,0.02,False,False,False,5028.309183978744,2026-07-01 16:20:00+00:00,30114.0530604368,SL,50.0,-29.03,-19.35,0.25,-48.63,4979.68,-0.9671243000519034
367,NAS100,SELL,2026-07-01 17:00:00+00:00,30023.800000000003,30131.78146537663,29861.827801935066,29807.83706924675,30023.800000000003,107.9814653766258,161.9721980649387,215.9629307532516,0.05,0.03,0.02,True,False,True,4979.682653760346,2026-07-01 21:00:00+00:00,29813.0,EOD_EXIT,240.0,48.59,42.16,0.25,90.5,5070.18,1.8173848876024266
369,NAS100,SELL,2026-07-02 11:05:00+00:00,29723.100000000002,29840.307697400935,29547.288453898604,29488.684605198134,29840.307697400935,117.2076974009333,175.81154610139995,234.4153948018666,0.04,0.02,0.02,False,False,False,5070.184313179828,2026-07-02 12:40:00+00:00,29840.307697400935,SL,95.0,-23.44,-23.44,0.2,-47.08,5023.1,-0.9285658487328877
368,XAUUSD,BUY,2026-07-02 06:55:00+00:00,4066.38,4048.5306917687885,4091.3690315236963,4105.648478108666,4066.38,17.849308231211698,24.989031523696376,39.26847810866574,0.03,0.01,0.02,True,True,True,5070.184313179828,2026-07-02 13:30:00+00:00,4105.648478108666,FULL_TP2,395.0,24.99,78.54,0.15,103.38,5126.48,2.038979130034111
370,NAS100,SELL,2026-07-02 14:35:00+00:00,29838.5,29966.276388917584,29646.835416623624,29582.947222164832,29966.276388917584,127.776388917584,191.66458337637602,255.552777835168,0.04,0.02,0.02,False,False,False,5126.477221960482,2026-07-02 14:40:00+00:00,29966.276388917584,SL,5.0,-25.56,-25.56,0.2,-51.31,5075.17,-1.0008822389808236
371,NAS100,SELL,2026-07-02 15:25:00+00:00,29717.4,29854.056646852045,29512.41502972194,29444.086706295915,29717.4,136.65664685204246,204.98497027806368,273.3132937040849,0.04,0.02,0.02,True,True,True,5075.166666393448,2026-07-02 16:05:00+00:00,29444.086706295915,FULL_TP2,40.0,41.0,54.66,0.2,95.46,5170.63,1.8809234508910515
373,NAS100,SELL,2026-07-02 20:00:00+00:00,29186.0,29363.462049443006,28919.80692583549,28831.07590111399,29363.462049443006,177.46204944300624,266.19307416450937,354.9240988860125,0.03,0.01,0.02,False,False,False,5170.626319189878,2026-07-02 20:55:00+00:00,29363.462049443006,SL,55.0,-17.75,-35.49,0.15,-53.39,5117.24,-1.0325634981946448
372,XAUUSD,BUY,2026-07-02 19:20:00+00:00,4118.2699999999995,4098.138766799862,4146.453726480191,4162.5587130403,4098.138766799862,20.13123320013672,28.183726480191407,44.288713040300784,0.03,0.01,0.02,False,False,False,5170.626319189878,2026-07-02 21:00:00+00:00,4120.1,EOD_EXIT,100.0,1.83,3.66,0.15,5.34,5122.58,0.10327568983628775
374,XAUUSD,BUY,2026-07-03 06:00:00+00:00,4180.97,4163.269556191319,4205.750621332155,4219.9109763791,4163.269556191319,17.70044380868191,24.780621332154674,38.940976379100206,0.03,0.01,0.02,False,False,False,5122.577704356979,2026-07-03 07:10:00+00:00,4163.269556191319,SL,70.0,-17.7,-35.4,0.15,-53.25,5069.33,-1.0395157101220451
375,XAUUSD,BUY,2026-07-03 08:05:00+00:00,4180.6,4163.670448960882,4204.301371454766,4217.845012286061,4163.670448960882,16.92955103911861,23.701371454766054,37.24501228606095,0.03,0.01,0.02,False,False,False,5069.326372930933,2026-07-03 14:45:00+00:00,4163.670448960882,SL,400.0,-16.93,-33.86,0.15,-50.94,5018.39,-1.0048672397975438
376,XAUUSD,BUY,2026-07-03 16:00:00+00:00,4171.97,4157.491392585487,4192.240050380318,4203.822936311928,4157.491392585487,14.47860741451279,20.270050380317905,31.852936311928143,0.03,0.01,0.02,False,False,False,5018.387719813577,2026-07-05 23:00:00+00:00,4180.18,EOD_EXIT,3300.0,8.21,16.42,0.15,24.48,5042.87,0.48780607172594836
377,NAS100,BUY,2026-07-03 17:40:00+00:00,29714.0,29624.98719842602,29847.519202360967,29892.025603147955,29624.98719842602,89.01280157397765,133.5192023609665,178.0256031479553,0.06,0.03,0.03,False,False,False,5018.387719813577,2026-07-05 23:00:00+00:00,29685.2,EOD_EXIT,3200.0,-8.64,-8.64,0.3,-17.58,5025.29,-0.35031171327378147
378,NAS100,SELL,2026-07-06 06:30:00+00:00,29549.800000000003,29654.15065699957,29393.274014500654,29341.098686000867,29654.15065699957,104.35065699956711,156.52598549935067,208.70131399913421,0.05,0.03,0.02,False,False,False,5025.2877198135775,2026-07-06 07:40:00+00:00,29654.15065699957,SL,70.0,-31.31,-20.87,0.25,-52.43,4972.86,-1.0433233463087161
379,XAUUSD,SELL,2026-07-07 08:55:00+00:00,4124.35,4137.220058503303,4106.331918095377,4096.035871292735,4137.220058503303,12.870058503302745,18.01808190462384,28.314128707266043,0.04,0.02,0.02,False,False,False,4972.8623913137935,2026-07-07 09:10:00+00:00,4137.220058503303,SL,15.0,-25.74,-25.74,0.2,-51.68,4921.18,-1.039240500406176
380,NAS100,SELL,2026-07-07 08:55:00+00:00,29443.600000000002,29548.170871388975,29286.743692916545,29234.458257222057,29443.600000000002,104.5708713889721,156.85630708345815,209.1417427779442,0.05,0.03,0.02,True,True,True,4972.8623913137935,2026-07-07 14:55:00+00:00,29234.458257222057,FULL_TP2,360.0,47.06,41.83,0.25,88.64,5009.82,1.7824744186533175
381,XAUUSD,BUY,2026-07-07 18:35:00+00:00,4146.36,4131.988912571832,4166.479522399435,4177.97639234197,4131.988912571832,14.371087428168236,20.119522399435528,31.616392341970123,0.03,0.01,0.02,False,False,False,5009.817397981209,2026-07-07 19:45:00+00:00,4131.988912571832,SL,70.0,-14.37,-28.74,0.15,-43.26,4966.55,-0.8635045264809922
382,NAS100,SELL,2026-07-07 19:40:00+00:00,29269.5,29391.081603223243,29087.127595165133,29026.33679355351,29269.5,121.58160322324423,182.37240483486636,243.16320644648846,0.04,0.02,0.02,True,False,True,5009.817397981209,2026-07-07 21:00:00+00:00,29219.4,EOD_EXIT,80.0,36.47,10.02,0.2,46.29,5012.85,0.9239857727879133
383,NAS100,SELL,2026-07-08 12:00:00+00:00,28793.5,28935.54362150971,28580.434567735432,28509.41275698058,28935.54362150971,142.04362150971104,213.06543226456657,284.0872430194221,0.04,0.02,0.02,False,False,False,5012.848616663678,2026-07-08 13:05:00+00:00,28935.54362150971,SL,65.0,-28.41,-28.41,0.2,-57.02,4955.83,-1.1374769988156934
384,XAUUSD,SELL,2026-07-08 15:05:00+00:00,4063.3,4082.01113468204,4037.1044114451443,4022.1355036995124,4063.3,18.71113468203993,26.1955885548559,41.16449630048785,0.03,0.01,0.02,True,True,True,4955.8311680597935,2026-07-08 16:30:00+00:00,4022.1355036995124,FULL_TP2,85.0,26.2,82.33,0.15,108.37,5064.21,2.186716946663597
385,NAS100,SELL,2026-07-08 15:55:00+00:00,29010.300000000003,29163.01477276124,28781.227840858148,28704.87045447753,29163.01477276124,152.71477276123727,229.0721591418559,305.42954552247454,0.03,0.01,0.02,False,False,False,4955.8311680597935,2026-07-08 17:50:00+00:00,29163.01477276124,SL,115.0,-15.27,-30.54,0.15,-45.96,5018.24,-0.9273923675247663
386,NAS100,BUY,2026-07-09 12:35:00+00:00,29473.8,29353.30765310436,29654.53852034346,29714.78469379128,29473.8,120.49234689563957,180.73852034345936,240.98469379127914,0.04,0.02,0.02,True,True,True,5018.241317387255,2026-07-09 14:50:00+00:00,29714.78469379128,FULL_TP2,135.0,36.15,48.2,0.2,84.14,5102.39,1.676683018580052
387,XAUUSD,BUY,2026-07-09 12:45:00+00:00,4106.49,4091.1493216637496,4127.96694967075,4140.2394923397505,4106.49,15.340678336250162,21.476949670750226,33.74949233975036,0.03,0.01,0.02,True,False,True,5018.241317387255,2026-07-09 21:00:00+00:00,4122.27,EOD_EXIT,495.0,21.48,31.56,0.15,52.89,5155.27,1.0539548948502373
388,NAS100,BUY,2026-07-09 16:00:00+00:00,29628.699999999997,29485.531541032735,29843.45268845089,29915.03691793452,29485.531541032735,143.16845896726227,214.7526884508934,286.33691793452454,0.04,0.02,0.02,False,False,False,5102.385960214202,2026-07-09 21:00:00+00:00,29755.6,EOD_EXIT,300.0,25.38,25.38,0.2,50.56,5205.83,0.9909089667900673
389,XAUUSD,SELL,2026-07-10 12:25:00+00:00,4099.82,4111.297729816239,4083.751178257265,4074.568994404274,4111.297729816239,11.4777298162391,16.068821742734738,25.25100559572602,0.05,0.03,0.02,False,False,False,5205.832909884954,2026-07-10 13:10:00+00:00,4111.297729816239,SL,45.0,-34.43,-22.96,0.25,-57.64,5148.19,-1.1072195554058575
390,NAS100,BUY,2026-07-10 14:30:00+00:00,29714.1,29622.332112461852,29851.751831307218,29897.63577507629,29622.332112461852,91.76788753814613,137.6518313072192,183.53577507629225,0.06,0.03,0.03,False,False,False,5148.194260803758,2026-07-10 14:40:00+00:00,29622.332112461852,SL,10.0,-27.53,-27.53,0.3,-55.36,5092.83,-1.0753284976343718
391,XAUUSD,SELL,2026-07-10 15:30:00+00:00,4089.61,4102.016422524153,4072.241008466185,4062.3158704468624,4102.016422524153,12.406422524153461,17.368991533814846,27.294129553137616,0.04,0.02,0.02,False,False,False,5092.83352828087,2026-07-10 15:45:00+00:00,4102.016422524153,SL,15.0,-24.81,-24.81,0.2,-49.83,5043.01,-0.9784337093150686
392,XAUUSD,SELL,2026-07-13 06:55:00+00:00,4053.29,4068.791205608476,4031.588312148134,4019.187347661353,4068.791205608476,15.50120560847588,21.701687851866232,34.10265233864694,0.03,0.01,0.02,False,False,False,5043.007838184257,2026-07-13 09:05:00+00:00,4068.791205608476,SL,130.0,-15.5,-31.0,0.15,-46.65,4996.35,-0.9250431785328417
393,XAUUSD,SELL,2026-07-13 14:30:00+00:00,4058.08,4073.32733007899,4036.7337378894135,4024.5358738262216,4058.08,15.247330078990167,21.34626211058623,33.54412617377837,0.03,0.01,0.02,True,True,True,4996.354221358829,2026-07-13 15:15:00+00:00,4024.5358738262216,FULL_TP2,45.0,21.35,67.09,0.15,88.28,5084.64,1.7668883367518928
394,NAS100,SELL,2026-07-13 15:50:00+00:00,29454.600000000002,29559.447146601557,29297.329280097667,29244.90570679689,29559.447146601557,104.8471466015558,157.27071990233372,209.6942932031116,0.05,0.03,0.02,False,False,False,5084.638735816972,2026-07-13 16:00:00+00:00,29559.447146601557,SL,10.0,-31.45,-20.97,0.25,-52.67,5031.97,-1.035865136867728
395,NAS100,SELL,2026-07-13 16:45:00+00:00,29452.7,29566.636636130017,29281.795045804978,29224.82672773997,29452.7,113.93663613001625,170.90495419502437,227.8732722600325,0.04,0.02,0.02,True,True,True,5031.965162516194,2026-07-13 20:25:00+00:00,29224.82672773997,FULL_TP2,220.0,34.18,45.57,0.2,79.56,5111.52,1.5810920272789937
396,XAUUSD,SELL,2026-07-13 20:35:00+00:00,3994.9300000000003,4012.1627461302055,3970.804155417713,3957.017958513549,4012.1627461302055,17.232746130205204,24.125844582287282,37.91204148645145,0.03,0.01,0.02,False,False,False,5111.5208078072055,2026-07-13 21:00:00+00:00,4004.48,EOD_EXIT,25.0,-9.55,-19.1,0.15,-28.8,5082.72,-0.563433097171621
397,NAS100,BUY,2026-07-14 15:40:00+00:00,29551.5,29426.247163826636,29739.379254260042,29802.005672346724,29426.247163826636,125.2528361733623,187.87925426004344,250.5056723467246,0.04,0.02,0.02,False,False,False,5082.720807807206,2026-07-14 21:00:00+00:00,29597.4,EOD_EXIT,320.0,9.18,9.18,0.2,18.16,5100.88,0.3572889538238204
398,XAUUSD,SELL,2026-07-15 08:20:00+00:00,4025.56,4039.2059284639663,4006.4557001504472,3995.538957379274,4039.2059284639663,13.645928463966275,19.104299849552785,30.021042620725808,0.04,0.02,0.02,False,False,False,5100.880807807207,2026-07-15 12:40:00+00:00,4039.2059284639663,SL,260.0,-27.29,-27.29,0.2,-54.78,5046.1,-1.0739321710116396
399,XAUUSD,BUY,2026-07-15 18:30:00+00:00,4055.14,4040.102180694119,4076.1929470282334,4088.2232024729383,4055.14,15.037819305881117,21.05294702823356,33.08320247293846,0.03,0.01,0.02,True,False,True,5046.097093951342,2026-07-15 20:20:00+00:00,4055.14,TP1_THEN_BE,110.0,21.05,0.0,0.15,20.9,5067.0,0.41418148741236904
400,NAS100,SELL,2026-07-15 20:15:00+00:00,29438.800000000003,29572.510507809457,29238.23423828582,29171.378984381092,29572.510507809457,133.71050780945532,200.565761714183,267.42101561891064,0.04,0.02,0.02,False,False,False,5046.097093951342,2026-07-15 21:00:00+00:00,29548.9,EOD_EXIT,45.0,-22.02,-22.02,0.2,-44.24,5022.76,-0.8767171771829287
402,XAUUSD,SELL,2026-07-16 11:10:00+00:00,4031.42,4043.464401571712,4014.557837799603,4004.9223165422336,4031.42,12.044401571712122,16.86216220039697,26.49768345776667,0.04,0.02,0.02,True,True,True,5022.760040979576,2026-07-16 13:40:00+00:00,4004.9223165422336,FULL_TP2,150.0,33.72,53.0,0.2,86.52,5109.28,1.7225588977793618
401,NAS100,SELL,2026-07-16 10:50:00+00:00,29393.600000000002,29506.063915042738,29224.904127435897,29168.672169914527,29393.600000000002,112.46391504273682,168.69587256410523,224.92783008547363,0.04,0.02,0.02,True,True,True,5022.760040979576,2026-07-16 14:40:00+00:00,29168.672169914527,FULL_TP2,230.0,33.74,44.99,0.2,78.52,5187.8,1.5632839187891294
403,NAS100,SELL,2026-07-16 16:05:00+00:00,29216.2,29344.152607611348,29024.27108858298,28960.294784777307,29216.2,127.95260761134791,191.92891141702188,255.90521522269583,0.04,0.02,0.02,True,True,True,5187.804472825819,2026-07-16 20:25:00+00:00,28960.294784777307,FULL_TP2,260.0,38.39,51.18,0.2,89.37,5277.17,1.7226940696806907
404,XAUUSD,SELL,2026-07-16 17:10:00+00:00,3989.41,4006.0134274728157,3966.1652015380578,3952.8824595598053,4006.0134274728157,16.60342747281564,23.244798461941894,36.52754044019441,0.03,0.01,0.02,False,False,False,5187.804472825819,2026-07-16 21:00:00+00:00,3978.01,EOD_EXIT,230.0,11.4,22.8,0.15,34.05,5311.22,0.6563470188276548
405,NAS100,SELL,2026-07-20 06:10:00+00:00,28704.0,28838.823762987202,28501.764355519197,28434.352474025596,28838.823762987202,134.82376298720172,202.2356444808026,269.64752597440344,0.04,0.02,0.02,False,False,False,5311.221298153762,2026-07-20 10:50:00+00:00,28838.823762987202,SL,280.0,-26.96,-26.96,0.2,-54.13,5257.09,-1.0191629563395554
406,NAS100,BUY,2026-07-20 16:40:00+00:00,28875.699999999997,28745.330122297764,29071.254816553344,29136.43975540446,28745.330122297764,130.369877702231,195.5548165533465,260.739755404462,0.04,0.02,0.02,False,False,False,5257.091792958881,2026-07-20 19:30:00+00:00,28745.330122297764,SL,170.0,-26.07,-26.07,0.2,-52.35,5204.74,-0.9957977159560977
407,XAUUSD,BUY,2026-07-21 11:15:00+00:00,4067.7,4054.4141975218786,4086.3001234693693,4096.928765451866,4054.4141975218786,13.285802478121019,18.600123469369425,29.228765451866245,0.04,0.02,0.02,False,False,False,5204.743841877989,2026-07-21 12:45:00+00:00,4054.4141975218786,SL,90.0,-26.57,-26.57,0.2,-53.34,5151.4,-1.024834297719323
408,XAUUSD,BUY,2026-07-21 15:10:00+00:00,4066.16,4053.2806876932104,4084.1910372295047,4094.494487074936,4066.16,12.879312306789206,18.031037229504886,28.334487074936256,0.04,0.02,0.02,True,False,True,5151.400631965505,2026-07-21 21:00:00+00:00,4084.51,EOD_EXIT,350.0,36.06,36.7,0.2,72.56,5223.96,1.40854895947619
409,NAS100,BUY,2026-07-21 15:25:00+00:00,29059.8,28960.19877261281,29209.201841080783,29259.00245477438,29059.8,99.60122738719042,149.40184108078563,199.20245477438084,0.05,0.03,0.02,True,False,True,5151.400631965505,2026-07-21 21:00:00+00:00,29141.4,EOD_EXIT,335.0,44.82,16.32,0.25,60.89,5284.85,1.1820086293068524
410,XAUUSD,BUY,2026-07-22 06:40:00+00:00,4132.83,4120.509596281853,4150.078565205405,4159.934888179922,4120.509596281853,12.320403718146485,17.24856520540508,27.10488817992227,0.04,0.02,0.02,False,False,False,5284.8532587487525,2026-07-22 07:25:00+00:00,4120.509596281853,SL,45.0,-24.64,-24.64,0.2,-49.48,5235.37,-0.936260622148569
411,XAUUSD,BUY,2026-07-22 10:00:00+00:00,4120.21,4107.8016837100695,4137.581642805903,4147.508295837848,4107.8016837100695,12.408316289930822,17.37164280590315,27.29829583784781,0.04,0.02,0.02,False,False,False,5235.371643876167,2026-07-22 13:55:00+00:00,4107.8016837100695,SL,235.0,-24.82,-24.82,0.2,-49.83,5185.54,-0.9517948942227689
412,NAS100,SELL,2026-07-22 12:20:00+00:00,28970.9,29050.66892259036,28851.246616114462,28811.362154819282,28970.9,79.76892259035967,119.6533838855395,159.53784518071933,0.07,0.04,0.03,True,False,True,5235.371643876167,2026-07-22 14:30:00+00:00,28970.9,TP1_THEN_BE,130.0,47.86,0.0,0.35,47.51,5233.05,0.9074809436990519
413,XAUUSD,BUY,2026-07-22 14:15:00+00:00,4130.91,4118.376476349523,4148.456933110668,4158.483752031048,4130.91,12.533523650476795,17.54693311066751,27.57375203104895,0.04,0.02,0.02,True,True,True,5185.538378716444,2026-07-22 15:00:00+00:00,4158.483752031048,FULL_TP2,45.0,35.09,55.15,0.2,90.04,5323.09,1.73636744006294
415,XAUUSD,BUY,2026-07-23 06:35:00+00:00,4126.5,4113.224436817398,4145.085788455643,4155.7062390017245,4113.224436817398,13.275563182601955,18.585788455642735,29.206239001724303,0.04,0.02,0.02,False,False,False,5323.091102554093,2026-07-23 08:05:00+00:00,4113.224436817398,SL,90.0,-26.55,-26.55,0.2,-53.3,5269.79,-1.0012979108027276
414,NAS100,SELL,2026-07-23 06:15:00+00:00,28964.300000000003,29068.96198531572,28807.307022026424,28754.976029368565,28964.300000000003,104.66198531571881,156.9929779735782,209.32397063143762,0.05,0.03,0.02,True,False,True,5323.091102554093,2026-07-23 09:55:00+00:00,28964.300000000003,TP1_THEN_BE,220.0,47.1,0.0,0.25,46.85,5316.64,0.8801277133416094
416,NAS100,SELL,2026-07-23 11:05:00+00:00,28902.100000000002,29009.118337995013,28741.572493007483,28688.063324009978,28902.100000000002,107.01833799501169,160.52750699251754,214.03667599002338,0.05,0.03,0.02,True,True,True,5316.6367432157585,2026-07-23 13:30:00+00:00,28688.063324009978,FULL_TP2,145.0,48.16,42.81,0.25,90.72,5407.35,1.7063418920948914
417,NAS100,SELL,2026-07-23 18:35:00+00:00,28443.5,28581.554606437254,28236.418090344123,28167.390787125496,28581.554606437254,138.05460643725246,207.0819096558787,276.1092128745049,0.04,0.02,0.02,False,False,False,5407.352330511519,2026-07-23 21:00:00+00:00,28564.9,EOD_EXIT,145.0,-24.28,-24.28,0.2,-48.76,5358.59,-0.9017352119791954
418,NAS100,SELL,2026-07-24 07:05:00+00:00,28372.4,28488.44934764591,28198.32597853114,28140.30130470818,28488.44934764591,116.04934764590966,174.0740214688645,232.09869529181933,0.05,0.03,0.02,False,False,False,5358.592330511518,2026-07-24 08:10:00+00:00,28488.44934764591,SL,65.0,-34.81,-23.21,0.25,-58.27,5300.32,-1.0874124472618294
419,NAS100,SELL,2026-07-24 18:00:00+00:00,28333.7,28471.238154371487,28127.392768442773,28058.623691257028,28333.7,137.53815437148597,206.30723155722896,275.07630874297195,0.04,0.02,0.02,True,False,True,5300.317656688563,2026-07-24 21:00:00+00:00,28133.3,EOD_EXIT,180.0,41.26,40.08,0.2,81.14,5381.46,1.5308516442898101
420,XAUUSD,BUY,2026-07-27 10:45:00+00:00,4097.53,4085.1106330620155,4114.917113713178,4124.852607263565,4085.1106330620155,12.419366937984211,17.387113713177893,27.322607263565267,0.04,0.02,0.02,False,False,False,5381.459103000009,2026-07-27 13:15:00+00:00,4085.1106330620155,SL,150.0,-24.84,-24.84,0.2,-49.88,5331.58,-0.9268861668426196
421,NAS100,SELL,2026-07-27 19:30:00+00:00,27905.300000000003,28052.317719702005,27684.773420447,27611.264560596,28052.317719702005,147.0177197020025,220.52657955300373,294.035439404005,0.04,0.02,0.02,False,False,False,5331.581635248072,2026-07-27 19:55:00+00:00,28052.317719702005,SL,25.0,-29.4,-29.4,0.2,-59.01,5272.57,-1.1068010214806423
422,NAS100,SELL,2026-07-28 10:55:00+00:00,27822.600000000002,27947.75784987016,27634.863225194767,27572.28430025969,27822.600000000002,125.15784987015589,187.73677480523384,250.31569974031177,0.04,0.02,0.02,True,True,True,5272.574547367271,2026-07-28 14:45:00+00:00,27572.28430025969,FULL_TP2,230.0,37.55,50.06,0.2,87.41,5359.99,1.6578238811937898
423,XAUUSD,SELL,2026-07-28 14:35:00+00:00,4021.57,4032.990631405571,4005.581116032201,3996.444610907744,4032.990631405571,11.420631405570955,15.988883967799335,25.125389092256103,0.05,0.03,0.02,False,False,False,5272.574547367271,2026-07-28 15:10:00+00:00,4032.990631405571,SL,35.0,-34.26,-22.84,0.25,-57.35,5302.63,-1.087703919305158
424,XAUUSD,SELL,2026-07-28 18:15:00+00:00,4035.07,4047.7276175441098,4017.3493354382467,4007.223241402959,4047.7276175441098,12.657617544109565,17.720664561753388,27.846758597041045,0.04,0.02,0.02,False,False,False,5302.631885248526,2026-07-28 21:00:00+00:00,4023.28,EOD_EXIT,165.0,23.58,23.58,0.2,46.96,5349.59,0.8855979637326656
425,NAS100,SELL,2026-07-28 20:55:00+00:00,27788.5,27936.918786217975,27565.871820673037,27491.66242756405,27936.918786217975,148.41878621797545,222.62817932696316,296.8375724359509,0.04,0.02,0.02,False,False,False,5302.631885248526,2026-07-28 21:00:00+00:00,27786.5,EOD_EXIT,5.0,0.4,0.4,0.2,0.6,5350.19,0.011315135822819407
426,NAS100,SELL,2026-07-29 20:30:00+00:00,27479.0,27669.24735913978,27193.628961290327,27098.505281720438,27479.0,190.24735913978083,285.3710387096712,380.49471827956165,0.03,0.01,0.02,True,False,True,5350.191885248526,2026-07-29 21:00:00+00:00,27124.3,EOD_EXIT,30.0,28.54,70.94,0.15,99.33,5449.52,1.8565689255720208
427,XAUUSD,BUY,2026-07-30 14:25:00+00:00,4080.2999999999997,4062.0725000141297,4105.818499980218,4120.400499968914,4080.2999999999997,18.227499985870125,25.518499980218174,40.10049996891428,0.03,0.01,0.02,True,False,True,5449.518989119493,2026-07-30 21:00:00+00:00,4117.18,EOD_EXIT,395.0,25.52,73.76,0.15,99.13,5548.65,1.8190596307292977
428,NAS100,BUY,2026-07-31 08:35:00+00:00,28440.899999999998,28304.91716782617,28644.874248260738,28712.865664347653,28304.91716782617,135.9828321738274,203.9742482607411,271.9656643476548,0.04,0.02,0.02,False,False,False,5548.647489099712,2026-07-31 14:40:00+00:00,28304.91716782617,SL,365.0,-27.2,-27.2,0.2,-54.59,5494.05,-0.9838433619587793
429,XAUUSD,SELL,2026-07-31 12:35:00+00:00,4052.82,4066.4427501266105,4033.7481498227457,4022.8499497214575,4052.82,13.622750126610347,19.071850177254486,29.970050278542764,0.04,0.02,0.02,True,True,True,5548.647489099712,2026-07-31 14:40:00+00:00,4022.8499497214575,FULL_TP2,125.0,38.14,59.94,0.2,97.88,5591.94,1.7640334909053912
430,XAUUSD,SELL,2026-07-31 18:05:00+00:00,4041.58,4056.1547600725826,4021.175335898384,4009.515527840318,4056.1547600725826,14.574760072582679,20.40466410161575,32.0644721596819,0.04,0.02,0.02,False,False,False,5591.938157141776,2026-07-31 21:00:00+00:00,4048.66,EOD_EXIT,175.0,-14.16,-14.16,0.2,-28.52,5563.42,-0.5100199465470754
431,XAUUSD,SELL,2026-08-03 18:05:00+00:00,4034.4700000000003,4048.1174870303767,4015.363518157473,4004.445528533172,4048.1174870303767,13.647487030376496,19.106481842527092,30.02447146682829,0.04,0.02,0.02,False,False,False,5563.418157141777,2026-08-03 20:00:00+00:00,4048.1174870303767,SL,115.0,-27.29,-27.29,0.2,-54.79,5508.63,-0.9848262067029045
432,NAS100,BUY,2026-08-04 10:55:00+00:00,28973.3,28873.034633800376,29123.698049299437,29173.83073239925,28973.3,100.26536619962404,150.39804929943605,200.53073239924808,0.05,0.03,0.02,True,True,True,5508.62820902027,2026-08-04 14:30:00+00:00,29173.83073239925,FULL_TP2,215.0,45.12,40.11,0.25,84.98,5593.6,1.5426708206745
433,XAUUSD,BUY,2026-08-04 16:40:00+00:00,4084.34,4069.712256633306,4104.818840713372,4116.521035406728,4084.34,14.627743366694304,20.478840713372023,32.181035406727474,0.04,0.02,0.02,True,False,True,5593.603770289951,2026-08-04 19:30:00+00:00,4084.34,TP1_THEN_BE,170.0,40.96,0.0,0.2,40.76,5634.36,0.7286894401869147
434,XAUUSD,BUY,2026-08-05 12:00:00+00:00,4164.3,4149.251537017299,4185.3678481757825,4197.406618561943,4164.3,15.048462982701507,21.067848175782107,33.106618561943314,0.04,0.02,0.02,True,True,True,5634.361451716695,2026-08-05 13:05:00+00:00,4197.406618561943,FULL_TP2,65.0,42.14,66.21,0.2,108.15,5742.51,1.9194721695933887
435,NAS100,BUY,2026-08-05 12:00:00+00:00,29793.199999999997,29703.484288114454,29927.773567828313,29972.631423771087,29793.199999999997,89.71571188554472,134.5735678283171,179.43142377108944,0.06,0.03,0.03,True,False,True,5634.361451716695,2026-08-05 15:30:00+00:00,29793.199999999997,TP1_THEN_BE,210.0,40.37,0.0,0.3,40.07,5782.58,0.711171981836404
436,XAUUSD,BUY,2026-08-05 17:35:00+00:00,4243.9,4224.389950254663,4271.214069643472,4286.822109439741,4224.389950254663,19.51004974533706,27.314069643471882,42.92210943974153,0.03,0.01,0.02,False,False,False,5782.582455540641,2026-08-05 21:00:00+00:00,4248.58,EOD_EXIT,205.0,4.68,9.36,0.15,13.89,5796.47,0.24020409750821892
437,NAS100,SELL,2026-08-06 06:45:00+00:00,29442.300000000003,29544.011293083167,29289.733060375253,29238.87741383367,29442.300000000003,101.71129308316598,152.56693962474898,203.42258616633197,0.06,0.03,0.03,True,True,True,5796.472455540642,2026-08-06 14:15:00+00:00,29238.87741383367,FULL_TP2,450.0,45.77,61.03,0.3,106.5,5902.97,1.8373243522998275
438,NAS100,SELL,2026-08-06 16:55:00+00:00,29409.0,29524.886938323627,29235.169592514558,29177.226123352746,29524.886938323627,115.88693832362699,173.8304074854405,231.77387664725399,0.05,0.03,0.02,False,False,False,5902.969313277967,2026-08-06 21:00:00+00:00,29434.7,EOD_EXIT,245.0,-7.71,-5.14,0.25,-13.1,5889.87,-0.2219222107513458
439,NAS100,BUY,2026-08-07 12:05:00+00:00,29539.6,29459.495383493002,29659.756924760495,29699.809233013995,29539.6,80.10461650699813,120.15692476049719,160.20923301399625,0.07,0.04,0.03,True,True,True,5889.869313277966,2026-08-07 13:40:00+00:00,29699.809233013995,FULL_TP2,95.0,48.06,48.06,0.35,95.78,5985.64,1.6261820917499152
440,XAUUSD,BUY,2026-08-07 15:20:00+00:00,4351.58,4331.493662279325,4379.700872808945,4395.769942985485,4331.493662279325,20.0863377206751,28.120872808945137,44.189942985485224,0.03,0.01,0.02,False,False,False,5985.6448530863645,2026-08-07 17:55:00+00:00,4331.493662279325,SL,155.0,-20.09,-40.17,0.15,-60.41,5925.24,-1.009247983846735
441,NAS100,BUY,2026-08-07 16:05:00+00:00,29657.1,29548.858505517066,29819.4622417244,29873.582988965867,29548.858505517066,108.2414944829336,162.3622417244004,216.4829889658672,0.06,0.03,0.03,False,False,False,5985.6448530863645,2026-08-07 21:00:00+00:00,29713.3,EOD_EXIT,295.0,16.86,16.86,0.3,33.42,5958.66,0.5583358321496091
442,XAUUSD,BUY,2026-08-07 19:05:00+00:00,4342.2,4322.691046578503,4369.512534790095,4385.1196975272915,4322.691046578503,19.5089534214963,27.31253479009482,42.919697527291866,0.03,0.01,0.02,False,False,False,5925.235839924339,2026-08-07 21:00:00+00:00,4343.53,EOD_EXIT,115.0,1.33,2.66,0.15,3.84,5962.5,0.06480754696928712
443,NAS100,BUY,2026-08-10 08:15:00+00:00,29838.3,29754.73321246487,29963.650181302688,30005.433575070252,29754.73321246487,83.566787535127,125.35018130269052,167.133575070254,0.07,0.04,0.03,False,False,False,5962.49583992434,2026-08-10 12:45:00+00:00,29754.73321246487,SL,270.0,-33.43,-25.07,0.35,-58.85,5903.65,-0.9870027850744256
444,NAS100,BUY,2026-08-10 15:05:00+00:00,29782.199999999997,29699.92359791224,29905.61460313163,29946.75280417551,29699.92359791224,82.27640208775674,123.4146031316351,164.55280417551347,0.07,0.04,0.03,False,False,False,5903.64908864975,2026-08-10 15:55:00+00:00,29699.92359791224,SL,50.0,-32.91,-24.68,0.35,-57.94,5845.71,-0.9814268959751418
445,XAUUSD,BUY,2026-08-10 15:25:00+00:00,4345.72,4330.7231033035005,4366.7156553751,4378.713172732299,4345.72,14.996896696499652,20.995655375099513,32.993172732299236,0.04,0.02,0.02,True,True,True,5903.64908864975,2026-08-10 19:30:00+00:00,4378.713172732299,FULL_TP2,245.0,41.99,65.99,0.2,107.78,5953.48,1.8256505151570728
446,NAS100,SELL,2026-08-10 20:50:00+00:00,29639.0,29723.854797964334,29511.7178030535,29469.290404071333,29723.854797964334,84.85479796433322,127.28219694649982,169.70959592866643,0.07,0.04,0.03,False,False,False,5953.483263403118,2026-08-10 21:00:00+00:00,29650.6,EOD_EXIT,10.0,-4.64,-3.48,0.35,-8.47,5945.01,-0.14226965333162617
447,XAUUSD,BUY,2026-08-11 15:50:00+00:00,4395.49,4379.41224079684,4417.998862884424,4430.861070246951,4379.41224079684,16.077759203159925,22.508862884423895,35.37107024695184,0.04,0.02,0.02,False,False,False,5945.013263403119,2026-08-11 16:30:00+00:00,4379.41224079684,SL,40.0,-32.16,-32.16,0.2,-64.51,5880.5,-1.0851111198879375
448,XAUUSD,BUY,2026-08-12 06:05:00+00:00,4404.69,4390.650480746753,4424.345326954545,4435.576942357143,4390.650480746753,14.039519253246773,19.65532695454548,30.886942357142903,0.04,0.02,0.02,False,False,False,5880.502226590479,2026-08-12 06:30:00+00:00,4390.650480746753,SL,25.0,-28.08,-28.08,0.2,-56.36,5824.14,-0.958421540003014
449,XAUUSD,BUY,2026-08-12 07:50:00+00:00,4401.53,4387.158089264842,4421.65067502922,4433.148203617347,4401.53,14.371910735157687,20.12067502922076,31.618203617346914,0.04,0.02,0.02,True,False,True,5824.144149577492,2026-08-12 13:30:00+00:00,4401.53,TP1_THEN_BE,340.0,40.24,0.0,0.2,40.04,5864.19,0.6874829841377582
451,NAS100,BUY,2026-08-12 15:20:00+00:00,29835.399999999998,29766.225843478136,29939.16123478279,29973.748313043718,29766.225843478136,69.1741565218608,103.76123478279119,138.3483130437216,0.08,0.04,0.04,False,False,False,5864.185499635933,2026-08-12 15:30:00+00:00,29766.225843478136,SL,10.0,-27.67,-27.67,0.4,-55.74,5808.45,-0.9505156343274017
452,NAS100,BUY,2026-08-12 15:35:00+00:00,29834.899999999998,29765.725843478136,29938.66123478279,29973.248313043718,29765.725843478136,69.1741565218608,103.76123478279119,138.3483130437216,0.08,0.04,0.04,False,False,False,5808.446174418445,2026-08-12 15:55:00+00:00,29765.725843478136,SL,20.0,-27.67,-27.67,0.4,-55.74,5752.71,-0.9596370238479627
450,XAUUSD,BUY,2026-08-12 14:45:00+00:00,4428.23,4411.718634445302,4451.345911776575,4464.555004220333,4411.718634445302,16.511365554697107,23.11591177657595,36.32500422033364,0.04,0.02,0.02,False,False,False,5864.185499635933,2026-08-12 16:50:00+00:00,4411.718634445302,SL,125.0,-33.02,-33.02,0.2,-66.25,5686.46,-1.1297391599244773
453,NAS100,BUY,2026-08-13 10:50:00+00:00,29787.8,29731.457407205868,29872.313889191195,29900.485185588263,29731.457407205868,56.34259279413116,84.51388919119674,112.68518558826231,0.1,0.05,0.05,False,False,False,5686.461386982167,2026-08-13 13:15:00+00:00,29731.457407205868,SL,145.0,-28.17,-28.17,0.5,-56.84,5629.62,-0.9995671496182492
454,NAS100,BUY,2026-08-13 17:25:00+00:00,30102.199999999997,30022.66217635582,30221.50673546626,30261.27564728835,30022.66217635582,79.53782364417548,119.3067354662632,159.07564728835095,0.07,0.04,0.03,False,False,False,5629.618794188036,2026-08-13 21:00:00+00:00,30116.7,EOD_EXIT,215.0,5.8,4.35,0.35,9.8,5639.42,0.17407928242170545
455,XAUUSD,SELL,2026-08-13 18:30:00+00:00,4360.74,4378.557553698974,4335.7954248214355,4321.5413818622565,4378.557553698974,17.817553698974216,24.944575178563902,39.198618137743274,0.03,0.01,0.02,False,False,False,5629.618794188036,2026-08-13 21:00:00+00:00,4348.01,EOD_EXIT,150.0,12.73,25.46,0.15,38.04,5677.46,0.6757118268695587
456,XAUUSD,SELL,2026-08-14 06:05:00+00:00,4319.56,4335.196955983431,4297.668261623197,4285.158696836453,4335.196955983431,15.636955983430614,21.89173837680286,34.401303163547354,0.04,0.02,0.02,False,False,False,5677.458794188038,2026-08-14 07:00:00+00:00,4335.196955983431,SL,55.0,-31.27,-31.27,0.2,-62.75,5614.71,-1.1052480039879216
457,NAS100,BUY,2026-08-14 06:40:00+00:00,30083.8,30021.950367178357,30176.574449232463,30207.499265643284,30083.8,61.84963282164233,92.7744492324635,123.69926564328466,0.09,0.04,0.05,True,False,True,5677.458794188038,2026-08-14 15:15:00+00:00,30083.8,TP1_THEN_BE,515.0,37.11,0.0,0.45,36.66,5651.37,0.645711423525055
459,NAS100,BUY,2026-08-17 11:25:00+00:00,30263.1,30212.196601424122,30339.45509786381,30364.90679715175,30212.196601424122,50.90339857587531,76.35509786381296,101.80679715175062,0.11,0.06,0.05,False,False,False,5651.370749947301,2026-08-17 12:15:00+00:00,30212.196601424122,SL,50.0,-30.54,-25.45,0.55,-56.54,5594.83,-1.0004652411191963
458,XAUUSD,BUY,2026-08-17 06:25:00+00:00,4399.75,4385.5987726649855,4419.56171826902,4430.882700137032,4385.5987726649855,14.151227335014546,19.811718269020364,31.132700137032003,0.04,0.02,0.02,False,False,False,5651.370749947301,2026-08-17 13:25:00+00:00,4385.5987726649855,SL,420.0,-28.3,-28.3,0.2,-56.8,5538.02,-1.005065894863289
461,NAS100,BUY,2026-08-17 16:00:00+00:00,30196.0,30135.87399843177,30286.18900235235,30316.252003136462,30135.87399843177,60.12600156823136,90.18900235234705,120.25200313646272,0.09,0.04,0.05,False,False,False,5538.022102173781,2026-08-17 16:40:00+00:00,30135.87399843177,SL,40.0,-24.05,-30.06,0.45,-54.56,5483.46,-0.9851892786521049
460,XAUUSD,BUY,2026-08-17 14:50:00+00:00,4401.85,4388.386699271154,4420.698621020385,4431.469261603463,4401.85,13.463300728846363,18.848621020384908,29.619261603462,0.04,0.02,0.02,True,False,True,5538.022102173781,2026-08-17 19:30:00+00:00,4401.85,TP1_THEN_BE,280.0,37.7,0.0,0.2,37.5,5520.96,0.6771370591908712
462,XAUUSD,BUY,2026-08-17 20:30:00+00:00,4416.64,4402.231861142213,4436.811394400902,4448.337905487131,4402.231861142213,14.408138857786541,20.171394400901157,31.697905487130395,0.04,0.02,0.02,False,False,False,5520.955942803142,2026-08-17 21:00:00+00:00,4418.7,EOD_EXIT,30.0,4.12,4.12,0.2,8.04,5529.0,0.14562695452189878
463,NAS100,SELL,2026-08-18 08:20:00+00:00,29784.0,29854.38230952392,29678.42653571412,29643.23538095216,29784.0,70.38230952391952,105.57346428587928,140.76461904783903,0.08,0.04,0.04,True,True,True,5528.99594280314,2026-08-18 10:40:00+00:00,29643.23538095216,FULL_TP2,140.0,42.23,56.31,0.4,98.14,5627.13,1.775005824117934
464,XAUUSD,SELL,2026-08-18 11:25:00+00:00,4391.7,4404.19010467704,4374.213853452145,4364.2217697105125,4404.19010467704,12.49010467703978,17.48614654785569,27.478230289487517,0.05,0.03,0.02,False,False,False,5627.131176136627,2026-08-18 14:40:00+00:00,4404.19010467704,SL,195.0,-37.47,-24.98,0.25,-62.7,5564.43,-1.1142445064351143
465,XAUUSD,SELL,2026-08-18 15:30:00+00:00,4389.42,4402.518959591861,4371.0814565713945,4360.602288897906,4389.42,13.098959591861119,18.338543428605565,28.817711102094464,0.04,0.02,0.02,True,True,True,5564.430652751428,2026-08-18 16:10:00+00:00,4360.602288897906,FULL_TP2,40.0,36.68,57.64,0.2,94.11,5658.54,1.6912781535603414
466,NAS100,SELL,2026-08-18 18:20:00+00:00,29525.100000000002,29611.555785178476,29395.41632223229,29352.18842964305,29611.555785178476,86.45578517847554,129.6836777677133,172.91157035695107,0.07,0.04,0.03,False,False,False,5658.543161812829,2026-08-18 21:00:00+00:00,29515.7,EOD_EXIT,160.0,3.76,2.82,0.35,6.23,5664.77,0.11009900997210197
467,NAS100,SELL,2026-08-19 14:45:00+00:00,29397.2,29487.7367466733,29261.39487999005,29216.126506653403,29487.7367466733,90.5367466732994,135.80512000994912,181.0734933465988,0.06,0.03,0.03,False,False,False,5664.77316181283,2026-08-19 15:35:00+00:00,29487.7367466733,SL,50.0,-27.16,-27.16,0.3,-54.62,5610.15,-0.9642045398781794
468,XAUUSD,BUY,2026-08-19 19:50:00+00:00,4494.61,4476.157477392849,4520.443531650011,4535.205549735731,4476.157477392849,18.452522607150843,25.833531650011178,40.59554973573186,0.03,0.01,0.02,False,False,False,5610.151113808851,2026-08-19 21:00:00+00:00,4509.32,EOD_EXIT,70.0,14.71,29.42,0.15,43.98,5654.13,0.7839361027503775
469,NAS100,SELL,2026-08-19 20:45:00+00:00,29438.7,29548.631978394606,29273.802032408094,29218.83604321079,29548.631978394606,109.9319783946052,164.8979675919078,219.8639567892104,0.05,0.03,0.02,False,False,False,5610.151113808851,2026-08-19 21:00:00+00:00,29464.2,EOD_EXIT,15.0,-7.65,-5.1,0.25,-13.0,5641.13,-0.23172281345509113
470,NAS100,BUY,2026-08-20 07:05:00+00:00,29588.5,29501.04827685888,29719.677584711677,29763.40344628224,29501.04827685888,87.45172314111853,131.1775847116778,174.90344628223707,0.06,0.03,0.03,False,False,False,5641.131113808851,2026-08-20 09:00:00+00:00,29501.04827685888,SL,115.0,-26.24,-26.24,0.3,-52.77,5588.36,-0.9354506912775882
471,NAS100,SELL,2026-08-20 11:35:00+00:00,29453.300000000003,29543.413280004,29318.13007999401,29273.07343999201,29453.300000000003,90.11328000399583,135.16992000599373,180.22656000799165,0.06,0.03,0.03,True,True,True,5588.36007992418,2026-08-20 13:00:00+00:00,29273.07343999201,FULL_TP2,85.0,40.55,54.07,0.3,94.32,5682.68,1.6877938903550338
472,NAS100,SELL,2026-08-20 15:15:00+00:00,29243.4,29347.99406992384,29086.508895114246,29034.21186015233,29347.99406992384,104.594069923837,156.8911048857555,209.188139847674,0.05,0.03,0.02,False,False,False,5682.679023928376,2026-08-20 15:35:00+00:00,29347.99406992384,SL,20.0,-31.38,-20.92,0.25,-52.55,5630.13,-0.9247398943126077
473,NAS100,SELL,2026-08-20 16:20:00+00:00,29248.2,29354.315922072135,29089.0261168918,29035.96815585573,29354.315922072135,106.11592207213421,159.17388310820132,212.23184414426842,0.05,0.03,0.02,False,False,False,5630.131988966458,2026-08-20 21:00:00+00:00,29244.5,EOD_EXIT,280.0,1.11,0.74,0.25,1.6,5631.73,0.028418516708588165
474,XAUUSD,BUY,2026-08-20 18:30:00+00:00,4518.48,4500.196462878196,4544.0769519705245,4558.703781667967,4500.196462878196,18.283537121803235,25.59695197052453,40.22378166796712,0.03,0.01,0.02,False,False,False,5630.131988966458,2026-08-20 21:00:00+00:00,4527.05,EOD_EXIT,150.0,8.57,17.14,0.15,25.56,5657.29,0.4539858044196958
475,XAUUSD,BUY,2026-08-21 06:40:00+00:00,4543.47,4527.038787116606,4566.473698036752,4579.618668343467,4543.47,16.431212883393986,23.00369803675158,36.148668343466774,0.03,0.01,0.02,True,True,True,5657.291988966461,2026-08-21 09:25:00+00:00,4579.618668343467,FULL_TP2,165.0,23.0,72.3,0.15,95.15,5752.44,1.6819001067219637
476,XAUUSD,BUY,2026-08-21 14:45:00+00:00,4590.15,4571.898208174617,4615.702508555535,4630.303942015841,4590.15,18.251791825382305,25.552508555535226,40.153942015841075,0.03,0.01,0.02,True,True,True,5752.443023690146,2026-08-21 18:00:00+00:00,4630.303942015841,FULL_TP2,195.0,25.55,80.31,0.15,105.71,5858.15,1.8376540117765108
478,NAS100,SELL,2026-08-24 11:45:00+00:00,29134.800000000003,29221.74195874352,29004.387061884725,28960.916082512962,29221.74195874352,86.94195874351959,130.4129381152794,173.88391748703918,0.07,0.04,0.03,False,False,False,5858.153416277363,2026-08-24 12:35:00+00:00,29221.74195874352,SL,50.0,-34.78,-26.08,0.35,-61.21,5796.94,-1.0448685046370236
477,XAUUSD,BUY,2026-08-24 06:10:00+00:00,4643.61,4624.737871756334,4670.030979541131,4685.1286821360645,4643.61,18.872128243665692,26.420979541131967,41.51868213606453,0.03,0.01,0.02,True,False,True,5858.153416277363,2026-08-24 16:55:00+00:00,4643.61,TP1_THEN_BE,645.0,26.42,0.0,0.15,26.27,5823.22,0.4484348246498057
479,NAS100,SELL,2026-08-24 18:30:00+00:00,29065.5,29173.012786884792,28904.23081967281,28850.47442623042,29173.012786884792,107.51278688479105,161.26918032718658,215.0255737695821,0.05,0.03,0.02,False,False,False,5823.215024698032,2026-08-24 21:00:00+00:00,29047.6,EOD_EXIT,150.0,5.37,3.58,0.25,8.7,5831.92,0.14940200495947076
481,NAS100,BUY,2026-08-25 12:40:00+00:00,29301.5,29215.35556856001,29430.716647159985,29473.788862879977,29215.35556856001,86.14443143998874,129.2166471599831,172.28886287997747,0.07,0.04,0.03,False,False,False,5831.9150246980325,2026-08-25 15:00:00+00:00,29215.35556856001,SL,140.0,-34.46,-25.84,0.35,-60.65,5771.26,-1.039967141893333
480,XAUUSD,SELL,2026-08-25 08:05:00+00:00,4640.75,4660.319784674352,4613.352301455907,4597.696473716424,4640.75,19.569784674352444,27.39769854409342,43.05352628357538,0.03,0.01,0.02,True,False,True,5831.9150246980325,2026-08-25 16:20:00+00:00,4640.75,TP1_THEN_BE,495.0,27.4,0.0,0.15,27.25,5798.51,0.46725646523649345
482,XAUUSD,SELL,2026-08-25 18:05:00+00:00,4635.78,4654.9885768150125,4608.887992458982,4593.521131006972,4654.9885768150125,19.208576815012563,26.892007541017588,42.25886899302764,0.03,0.01,0.02,False,False,False,5798.511621234134,2026-08-25 20:00:00+00:00,4654.9885768150125,SL,115.0,-19.21,-38.42,0.15,-57.78,5740.74,-0.9964626058247396
483,NAS100,BUY,2026-08-25 19:45:00+00:00,29214.399999999998,29124.95335815829,29348.56996276256,29393.293283683415,29124.95335815829,89.44664184170847,134.1699627625627,178.89328368341694,0.06,0.03,0.03,False,False,False,5798.511621234134,2026-08-25 21:00:00+00:00,29216.8,EOD_EXIT,75.0,0.72,0.72,0.3,1.14,5741.88,0.019660217560405036
484,NAS100,SELL,2026-08-26 11:10:00+00:00,29140.800000000003,29214.622052713166,29030.066920930258,28993.155894573676,29214.622052713166,73.82205271316334,110.73307906974502,147.6441054263267,0.08,0.04,0.04,False,False,False,5741.875890789097,2026-08-26 12:15:00+00:00,29214.622052713166,SL,65.0,-29.53,-29.53,0.4,-59.46,5682.42,-1.0355500733720755
485,NAS100,SELL,2026-08-26 12:45:00+00:00,29135.100000000002,29207.434763233654,29026.597855149525,28990.4304735327,29207.434763233654,72.33476323365169,108.50214485047752,144.66952646730337,0.08,0.04,0.04,False,False,False,5682.418248618566,2026-08-26 14:30:00+00:00,29207.434763233654,SL,105.0,-28.93,-28.93,0.4,-58.27,5624.15,-1.025443701089159
486,XAUUSD,SELL,2026-08-26 15:35:00+00:00,4616.61,4632.665335311849,4594.13253056341,4581.28826231393,4616.61,16.055335311849767,22.477469436589672,35.32173768606949,0.04,0.02,0.02,True,False,True,5624.150438031645,2026-08-26 21:00:00+00:00,4593.94,EOD_EXIT,325.0,44.95,45.34,0.2,90.09,5714.25,1.6018419313749712
487,NAS100,BUY,2026-08-27 12:05:00+00:00,29559.1,29471.047812091063,29691.178281863406,29735.204375817873,29471.047812091063,88.05218790893721,132.07828186340583,176.10437581787443,0.06,0.03,0.03,False,False,False,5714.245376904824,2026-08-27 12:45:00+00:00,29471.047812091063,SL,40.0,-26.42,-26.42,0.3,-53.13,5661.11,-0.9297815633667865
488,NAS100,BUY,2026-08-27 15:15:00+00:00,29528.3,29433.08292389361,29671.125614159584,29718.73415221278,29433.08292389361,95.21707610639032,142.82561415958548,190.43415221278065,0.06,0.03,0.03,False,False,False,5661.114064159462,2026-08-27 21:00:00+00:00,29623.2,EOD_EXIT,345.0,28.47,28.47,0.3,56.64,5717.75,1.0005097823163127
489,XAUUSD,SELL,2026-08-28 06:30:00+00:00,4578.65,4593.31666315575,4558.11667158195,4546.38334105735,4593.31666315575,14.66666315575003,20.53332841805004,32.26665894265007,0.04,0.02,0.02,False,False,False,5717.754064159463,2026-08-28 07:45:00+00:00,4593.31666315575,SL,75.0,-29.33,-29.33,0.2,-58.87,5658.89,-1.0296000726756367
490,XAUUSD,BUY,2026-08-28 14:05:00+00:00,4600.61,4586.163824921192,4620.834645110331,4632.391585173376,4600.61,14.446175078807645,20.2246451103307,31.781585173376822,0.04,0.02,0.02,True,False,True,5658.887411536463,2026-08-28 15:00:00+00:00,4600.61,TP1_THEN_BE,55.0,40.45,0.0,0.2,40.25,5699.14,0.7112705567872677
491,XAUUSD,SELL,2026-08-31 16:30:00+00:00,4429.83,4449.667614271814,4402.057340019461,4386.187248602009,4449.667614271814,19.83761427181402,27.772659980539625,43.64275139799084,0.03,0.01,0.02,False,False,False,5699.136701757125,2026-08-31 20:50:00+00:00,4449.667614271814,SL,260.0,-19.84,-39.68,0.15,-59.66,5639.47,-1.046825214450567
492,XAUUSD,SELL,2026-09-01 07:25:00+00:00,4428.65,4444.725234507988,4406.144671688816,4393.284484082425,4428.65,16.075234507988608,22.505328311184048,35.36551591757494,0.04,0.02,0.02,True,True,True,5639.473858941683,2026-09-01 09:10:00+00:00,4393.284484082425,FULL_TP2,105.0,45.01,70.73,0.2,115.54,5755.02,2.048772685005096
493,XAUUSD,SELL,2026-09-01 11:50:00+00:00,4375.41,4393.251193116999,4350.4323296362,4336.159375142601,4375.41,17.841193116999754,24.977670363799653,39.250624857399465,0.03,0.01,0.02,True,True,True,5755.015547399201,2026-09-01 14:05:00+00:00,4336.159375142601,FULL_TP2,135.0,24.98,78.5,0.15,103.33,5858.34,1.7954773388352836
494,XAUUSD,SELL,2026-09-01 16:10:00+00:00,4356.91,4376.295303097278,4329.7705756638115,4314.2623331859895,4356.91,19.385303097277575,27.139424336188604,42.64766681401067,0.03,0.01,0.02,True,False,True,5858.344467477799,2026-09-01 21:00:00+00:00,4328.03,EOD_EXIT,290.0,27.14,57.76,0.15,84.75,5943.09,1.4466544340382144
495,NAS100,SELL,2026-09-01 17:30:00+00:00,29094.0,29184.44509973941,28958.33235039089,28913.109800521186,29184.44509973941,90.44509973940723,135.66764960911084,180.89019947881445,0.06,0.03,0.03,False,False,False,5858.344467477799,2026-09-01 21:00:00+00:00,29093.3,EOD_EXIT,210.0,0.21,0.21,0.3,0.12,5943.21,0.002048360260585082
496,NAS100,SELL,2026-09-02 07:05:00+00:00,29013.2,29088.030668008752,28900.95399798687,28863.538663982494,29013.2,74.83066800875302,112.24600201312953,149.66133601750604,0.08,0.04,0.04,True,False,True,5943.213891813989,2026-09-02 12:30:00+00:00,29013.2,TP1_THEN_BE,325.0,44.9,0.0,0.4,44.5,5987.71,0.7487531293681524
497,NAS100,SELL,2026-09-02 14:55:00+00:00,29023.600000000002,29109.250956334483,28895.12356549828,28852.29808733104,29109.250956334483,85.65095633448041,128.47643450172063,171.30191266896082,0.07,0.04,0.03,False,False,False,5987.7122926192405,2026-09-02 15:15:00+00:00,29109.250956334483,SL,20.0,-34.26,-25.7,0.35,-60.31,5927.41,-1.0072294234033452
498,XAUUSD,BUY,2026-09-02 18:40:00+00:00,4376.7699999999995,4358.52001623753,4402.319977267456,4416.919964277432,4358.52001623753,18.249983762469277,25.54997726745699,40.14996427743241,0.03,0.01,0.02,False,False,False,5927.406623185104,2026-09-02 21:00:00+00:00,4390.33,EOD_EXIT,140.0,13.56,27.12,0.15,40.53,5967.94,0.6837728972644891
499,NAS100,BUY,2026-09-02 19:00:00+00:00,29126.5,29037.44453886346,29260.08319170481,29304.610922273077,29037.44453886346,89.0554611365395,133.58319170480925,178.110922273079,0.07,0.04,0.03,False,False,False,5927.406623185104,2026-09-02 21:00:00+00:00,29163.0,EOD_EXIT,120.0,14.6,10.95,0.35,25.2,5993.14,0.42514377031988954
500,XAUUSD,BUY,2026-09-03 06:45:00+00:00,4435.65,4420.593183177289,4456.729543551795,4468.774997009965,4420.593183177289,15.056816822711378,21.07954355179593,33.124997009965035,0.04,0.02,0.02,False,False,False,5993.136623185105,2026-09-03 07:20:00+00:00,4420.593183177289,SL,35.0,-30.11,-30.11,0.2,-60.43,5932.71,-1.0083200801099699
501,NAS100,BUY,2026-09-03 08:00:00+00:00,29175.199999999997,29099.620864619712,29288.568703070425,29326.358270760567,29099.620864619712,75.57913538028582,113.36870307042872,151.15827076057164,0.08,0.04,0.04,False,False,False,5932.70935589426,2026-09-03 10:55:00+00:00,29099.620864619712,SL,175.0,-30.23,-30.23,0.4,-60.86,5871.85,-1.0258382190850868
502,XAUUSD,BUY,2026-09-03 08:50:00+00:00,4430.72,4415.4332446783765,4452.121457450273,4464.350861707572,4430.72,15.286755321623552,21.40145745027297,33.63086170757182,0.04,0.02,0.02,True,True,True,5932.70935589426,2026-09-03 13:30:00+00:00,4464.350861707572,FULL_TP2,280.0,42.8,67.26,0.2,109.86,5981.71,1.8517677743786993
503,XAUUSD,BUY,2026-09-03 18:30:00+00:00,4492.04,4473.265176891688,4518.3247523516375,4533.344610838287,4473.265176891688,18.774823108312237,26.28475235163713,41.304610838286926,0.03,0.01,0.02,False,False,False,5981.71068590572,2026-09-03 20:10:00+00:00,4473.265176891688,SL,100.0,-18.77,-37.55,0.15,-56.47,5925.24,-0.9440443205161402
504,XAUUSD,BUY,2026-09-04 06:35:00+00:00,4476.5599999999995,4462.426531458889,4496.346855957554,4507.653630790443,4462.426531458889,14.133468541110418,19.786855957554582,31.093630790442923,0.04,0.02,0.02,False,False,False,5925.236216580784,2026-09-04 07:45:00+00:00,4462.426531458889,SL,70.0,-28.27,-28.27,0.2,-56.73,5868.5,-0.9574301838169855
505,NAS100,BUY,2026-09-04 08:20:00+00:00,29586.399999999998,29523.760615388524,29680.359076917208,29711.67876922294,29523.760615388524,62.63938461147218,93.95907691720828,125.27876922294436,0.09,0.04,0.05,False,False,False,5868.502342416342,2026-09-04 13:30:00+00:00,29523.760615388524,SL,310.0,-25.06,-31.32,0.45,-56.83,5811.68,-0.968390173234563
506,NAS100,BUY,2026-09-04 14:45:00+00:00,29603.399999999998,29536.228241129713,29704.157638305423,29737.743517740564,29536.228241129713,67.17175887028331,100.75763830542496,134.34351774056663,0.09,0.04,0.05,False,False,False,5811.676896266017,2026-09-04 15:25:00+00:00,29536.228241129713,SL,40.0,-26.87,-33.59,0.45,-60.9,5750.77,-1.0478903264413761
507,XAUUSD,SELL,2026-09-04 18:00:00+00:00,4430.99,4452.554392467987,4400.799850544819,4383.548336570429,4452.554392467987,21.564392467986853,30.19014945518159,47.44166342957108,0.03,0.01,0.02,False,False,False,5750.772313282762,2026-09-04 21:00:00+00:00,4432.69,EOD_EXIT,180.0,-1.7,-3.4,0.15,-5.25,5745.52,-0.09129208589729573
509,XAUUSD,SELL,2026-09-07 06:50:00+00:00,4395.9,4413.497570662456,4371.263401072561,4357.185344542595,4413.497570662456,17.597570662456796,24.636598927439515,38.71465545740495,0.03,0.01,0.02,False,False,False,5745.522313282763,2026-09-07 09:00:00+00:00,4413.497570662456,SL,130.0,-17.6,-35.2,0.15,-52.94,5692.58,-0.9214131825336553
508,NAS100,BUY,2026-09-07 06:00:00+00:00,29579.0,29510.655144719127,29681.51728292131,29715.68971056175,29510.655144719127,68.3448552808749,102.51728292131234,136.6897105617498,0.08,0.04,0.04,False,False,False,5745.522313282763,2026-09-07 23:00:00+00:00,29570.2,EOD_EXIT,1020.0,-3.52,-3.52,0.4,-7.44,5685.14,-0.12949214352191907
511,NAS100,SELL,2026-09-08 12:10:00+00:00,29523.800000000003,29598.352496904816,29411.971254642784,29374.695006190377,29598.352496904816,74.55249690481259,111.82874535721888,149.10499380962517,0.08,0.04,0.04,False,False,False,5685.139601295393,2026-09-08 13:30:00+00:00,29598.352496904816,SL,80.0,-29.82,-29.82,0.4,-60.04,5625.1,-1.056086643612402
510,XAUUSD,SELL,2026-09-08 11:35:00+00:00,4394.52,4408.884364312204,4374.409889962916,4362.918398513153,4408.884364312204,14.364364312203344,20.11011003708468,31.60160148684736,0.04,0.02,0.02,False,False,False,5685.139601295393,2026-09-08 13:55:00+00:00,4408.884364312204,SL,140.0,-28.73,-28.73,0.2,-57.66,5567.44,-1.014223115767673
512,XAUUSD,SELL,2026-09-08 14:40:00+00:00,4396.21,4411.178938190201,4375.253486533719,4363.2783359815585,4396.21,14.968938190200737,20.95651346628103,32.93166401844162,0.04,0.02,0.02,True,True,True,5567.440146522729,2026-09-08 19:45:00+00:00,4363.2783359815585,FULL_TP2,305.0,41.91,65.86,0.2,107.58,5675.02,1.932306359273418
