trade_id,symbol,direction,entry_time,exit_time,duration_m,planned_entry,actual_entry,entry_spread,total_lots,partial_lots,runner_lots,tp1_hit,tp2_hit,be_hit,exit_reason,partial_pnl,runner_pnl,commission,net_pnl,account_balance,return_pct,adx_1h,atr_1h,month,balance
1,NAS100,BUY,2026-01-02 10:00:00.057000+00:00,2026-01-02 11:10:06.745000+00:00,70.11146666666667,25481.9,25471.6,2.599999999998545,0.11,0.06,0.05,True,True,False,FULL_TP2,40.0328258109912,44.48091756776921,0.55,83.96374337876041,5083.96374337876,1.6792748675752083,18.89811712088356,44.48091756776897,2026-01,5083.96374337876
1,XAUUSD,BUY,2026-01-02 09:35:00.029000+00:00,2026-01-02 15:24:12.980000+00:00,349.21585,4379.54,4379.25,0.3900000000003274,0.03,0.02,0.01,True,False,True,TP1_THEN_BE,46.28970973716059,0.3900000000003274,0.15,46.52970973716092,5046.529709737161,0.9305941947432185,25.129525391946878,18.368932435381186,2026-01,5130.4934531159215
2,NAS100,BUY,2026-01-02 16:45:00.112000+00:00,2026-01-02 16:50:30.982000+00:00,5.5145,25586.3,25524.7,2.600000000002183,0.12,0.06,0.06,True,True,False,FULL_TP2,39.03941352560578,52.05255136747364,0.6,90.49196489307943,5174.455708271839,1.7799490606307748,22.905144082869562,43.37712613956099,2026-01,5220.985418009001
2,XAUUSD,BUY,2026-01-05 06:25:00.296000+00:00,2026-01-05 14:50:29.192000+00:00,505.4816,4404.69,4405.28,0.2899999999999636,0.03,0.02,0.01,True,False,True,TP1_THEN_BE,49.879492261352425,0.2899999999999636,0.15,50.01949226135239,5096.549201998514,0.9911661109383929,27.772810113238535,19.793449310060783,2026-01,5271.004910270353
3,NAS100,BUY,2026-01-05 15:50:00.061000+00:00,2026-01-05 16:36:00.430000+00:00,46.006150000000005,25407.9,25407.9,2.600000000002183,0.09,0.04,0.05,True,False,True,TP1_THEN_BE,35.248013897294,1.3000000000010914,0.44999999999999996,36.09801389729509,5210.553722169135,0.6976195358980293,15.555561281524472,58.74668982882248,2026-01,5307.102924167649
3,XAUUSD,BUY,2026-01-05 16:00:00.016000+00:00,2026-01-05 17:04:17.926000+00:00,64.2985,4422.18,4417.08,0.2899999999999636,0.03,0.02,0.01,True,True,False,FULL_TP2,44.81596134579377,35.212541057409,0.15,79.87850240320276,5176.427704401717,1.5673056265576704,30.00087155595782,17.78411164515591,2026-01,5386.981426570852
4,XAUUSD,BUY,2026-01-05 19:15:00.027000+00:00,2026-01-05 21:00:00.048000+00:00,105.00035,4445.15,4442.67,0.2600000000002183,0.03,0.02,0.01,False,False,False,EOD_EXIT,11.780000000000655,5.890000000000327,0.15,17.520000000000984,5193.9477044017185,0.338457349362825,29.97563844773907,18.345810234842478,2026-01,5404.501426570853
5,XAUUSD,BUY,2026-01-06 08:50:00.133000+00:00,2026-01-06 11:47:11.001000+00:00,177.18113333333335,4464.5,4463.37,0.2899999999999636,0.03,0.02,0.01,False,False,False,SL,-29.74359044556695,-14.871795222783476,0.15,-44.765385668350426,5149.182318733368,-0.8618759413078625,29.028270755210173,16.524216914204185,2026-01,5359.736040902503
4,NAS100,BUY,2026-01-06 16:25:00.105000+00:00,2026-01-06 16:50:21.405000+00:00,25.355,25479.1,25465.2,2.600000000002183,0.11,0.06,0.05,True,True,False,FULL_TP2,43.944455704852594,48.82717300539117,0.55,92.22162871024376,5302.7753508793785,1.7699007366121586,15.895623849305801,48.82717300539127,2026-01,5451.957669612747
6,XAUUSD,BUY,2026-01-06 13:30:00.287000+00:00,2026-01-06 16:55:05.920000+00:00,205.09388333333334,4460.53,4455.74,0.2899999999999636,0.03,0.02,0.01,True,True,False,FULL_TP2,42.1065194015664,33.08369381551711,0.15,75.0402132170835,5224.222531950452,1.4573229023971017,26.21303900414045,16.70893627046318,2026-01,5526.997882829831
5,NAS100,BUY,2026-01-06 19:10:00.048000+00:00,2026-01-06 21:00:00.144000+00:00,110.0016,25556.9,25553.8,2.599999999998545,0.09,0.04,0.05,True,False,False,EOD_EXIT,36.634941492605144,46.95000000000073,0.44999999999999996,83.13494149260588,5385.910292371985,1.5677628409964475,19.039669475010918,61.05823582100738,2026-01,5610.132824322437
7,XAUUSD,SELL,2026-01-07 11:40:00.269000+00:00,2026-01-07 15:10:01.645000+00:00,210.02293333333333,4461.41,4462.7,0.2600000000002183,0.03,0.02,0.01,True,True,False,FULL_TP2,43.16406275001464,33.91462073215462,0.15,76.92868348216925,5301.151215432622,1.472538411441828,24.011409930744126,17.128596329371167,2026-01,5687.061507804607
8,XAUUSD,SELL,2026-01-07 16:35:00.014000+00:00,2026-01-07 17:32:32.112000+00:00,57.53496666666667,4440.93,4449.32,0.2899999999999636,0.03,0.02,0.01,True,False,True,TP1_THEN_BE,42.52532820819033,0.2899999999999636,0.15,42.665328208190296,5343.816543640813,0.8048313748150346,25.332049911985173,16.875130241345097,2026-01,5729.726836012797
6,NAS100,BUY,2026-01-07 20:40:00.061000+00:00,2026-01-07 21:00:00.034000+00:00,19.99955,25815.7,25801.8,2.599999999998545,0.11,0.06,0.05,False,False,False,EOD_EXIT,0.4200000000004366,0.35000000000036385,0.55,0.22000000000080044,5386.130292371986,0.004084731977663728,30.58639655270391,50.676187686573236,2026-01,5729.9468360127985
9,XAUUSD,SELL,2026-01-07 19:55:00.021000+00:00,2026-01-07 21:00:00.281000+00:00,65.00433333333334,4451.9,4454.58,0.2899999999999636,0.03,0.02,0.01,False,False,False,EOD_EXIT,4.639999999999418,2.319999999999709,0.15,6.8099999999991265,5350.626543640812,0.12743700956768594,27.616599050373093,18.335969803292677,2026-01,5736.756836012798
10,XAUUSD,SELL,2026-01-08 10:00:00.018000+00:00,2026-01-08 14:42:40.063000+00:00,282.6674166666666,4425.66,4430.78,0.2899999999999636,0.04,0.02,0.02,True,False,True,TP1_THEN_BE,39.33487726734893,0.5799999999999272,0.2,39.714877267348854,5390.341420908161,0.7422472292436435,30.721913802473924,15.60907828069382,2026-01,5776.471713280147
7,NAS100,SELL,2026-01-08 11:40:00.019000+00:00,2026-01-08 15:20:40.755000+00:00,220.67893333333333,25608.8,25606.3,2.600000000002183,0.1,0.05,0.05,False,False,False,SL,-26.424067739380916,-26.424067739380916,0.5,-53.34813547876183,5332.782156893224,-0.9904724279380172,20.302989436712732,52.84813547876163,2026-01,5723.123577801385
8,NAS100,SELL,2026-01-08 16:30:00.067000+00:00,2026-01-08 16:38:26.472000+00:00,8.440083333333332,25556.5,25632.9,2.599999999998545,0.11,0.06,0.05,True,True,False,FULL_TP2,44.80511881151469,49.78346534612683,0.55,94.03858415764152,5426.820741050866,1.7634056931443567,17.214984131191713,49.78346534612771,2026-01,5817.162161959027
11,XAUUSD,SELL,2026-01-08 15:05:00.016000+00:00,2026-01-08 16:47:49.515000+00:00,102.82498333333334,4418.7,4423.82,0.2899999999999636,0.04,0.02,0.02,False,False,False,SL,-27.392113378600698,-27.392113378600698,0.2,-54.9842267572014,5335.35719415096,-1.0200509107628601,34.843366371395156,15.217840765889328,2026-01,5762.177935201826
9,NAS100,SELL,2026-01-08 20:10:00.118000+00:00,2026-01-08 21:00:00.002000+00:00,49.998066666666666,25474.8,25500.9,2.599999999998545,0.08,0.04,0.04,False,False,False,EOD_EXIT,7.840000000000873,7.840000000000873,0.4,15.280000000001746,5442.100741050867,0.28156448736950324,21.720827438758025,70.1747072509045,2026-01,5777.457935201827
10,NAS100,SELL,2026-01-09 06:00:00.440000+00:00,2026-01-09 12:21:51.387000+00:00,381.84911666666665,25517.4,25524.1,2.600000000002183,0.09,0.04,0.05,False,False,False,SL,-23.938368804131464,-29.922961005164325,0.44999999999999996,-54.31132980929579,5387.7894112415715,-0.9979846458852634,20.27083270191785,59.845922010327605,2026-01,5723.1466053925315
12,XAUUSD,BUY,2026-01-09 07:30:00.004000+00:00,2026-01-09 16:11:07.517000+00:00,521.1252166666667,4470.88,4465.17,0.2899999999999636,0.04,0.02,0.02,True,True,False,FULL_TP2,36.26694722110369,56.99091706173386,0.2,93.05786428283754,5428.415058433798,1.7441730871337897,17.996407197948542,14.39164572265989,2026-01,5816.204469675369
11,NAS100,BUY,2026-01-09 14:55:00.210000+00:00,2026-01-09 16:18:22.700000+00:00,83.37483333333333,25598.1,25590.9,2.600000000002183,0.11,0.06,0.05,True,False,True,TP1_THEN_BE,44.404000272471606,1.3000000000010914,0.55,45.1540002724727,5432.943411514044,0.8380802742263702,15.816876467247031,49.33777808052425,2026-01,5861.3584699478415
13,XAUUSD,BUY,2026-01-12 12:20:00.002000+00:00,2026-01-12 16:25:57.884000+00:00,245.9647,4591.49,4589.58,0.2899999999999636,0.03,0.02,0.01,True,False,True,TP1_THEN_BE,45.53956925358398,0.2899999999999636,0.15,45.67956925358394,5474.094627687382,0.8414899885485797,38.0217823949413,18.07125764031136,2026-01,5907.038039201426
12,NAS100,SELL,2026-01-12 10:15:00.050000+00:00,2026-01-12 16:30:03.480000+00:00,375.05716666666666,25548.8,25574.4,2.399999999997817,0.09,0.04,0.05,False,False,False,SL,-24.118387470536984,-30.14798433817123,0.44999999999999996,-54.71637180870822,5378.227039705335,-1.007122063755491,22.873666267587392,60.29596867634267,2026-01,5852.321667392717
14,XAUUSD,BUY,2026-01-12 16:35:00.075000+00:00,2026-01-12 21:00:00.117000+00:00,265.0007,4610.69,4598.41,0.2899999999999636,0.03,0.02,0.01,True,False,False,EOD_EXIT,45.082044279770344,12.420000000000073,0.15,57.35204427977042,5531.446671967153,1.047699175489038,42.235499964511746,17.889700111019735,2026-01,5909.673711672488
13,NAS100,BUY,2026-01-13 10:20:00.231000+00:00,2026-01-13 15:31:39.504000+00:00,311.65455000000003,25778.4,25773.8,2.599999999998545,0.12,0.06,0.06,True,True,False,FULL_TP2,41.205715608940224,54.94095414525509,0.6,95.54666975419532,5473.77370945953,1.7765458588641168,16.68038650617415,45.784128454378774,2026-01,6005.220381426683
15,XAUUSD,BUY,2026-01-13 13:40:00.085000+00:00,2026-01-13 15:42:02.150000+00:00,122.03441666666666,4589.72,4586.55,0.2899999999999636,0.04,0.02,0.02,True,True,False,FULL_TP2,39.43862195170732,61.974977352683716,0.2,101.21359930439102,5632.660271271544,1.8297853221171227,22.41023021349178,15.650246806233048,2026-01,6106.433980731074
16,XAUUSD,BUY,2026-01-13 17:55:00.002000+00:00,2026-01-13 18:27:12.900000+00:00,32.21496666666666,4618.95,4615.94,0.2899999999999636,0.04,0.02,0.02,False,False,False,SL,-30.869863136689673,-30.869863136689673,0.2,-61.93972627337935,5570.720544998165,-1.0996531530455107,20.838925187225822,17.14992396482772,2026-01,6044.494254457695
14,NAS100,BUY,2026-01-13 18:30:00.050000+00:00,2026-01-13 19:53:04.432000+00:00,83.07303333333333,25802.6,25764.1,2.599999999998545,0.09,0.04,0.05,True,False,True,TP1_THEN_BE,37.191562743468964,1.2999999999992726,0.44999999999999996,38.04156274346823,5511.815272202999,0.6949787251476347,15.582763499312737,61.98593790578098,2026-01,6082.535817201164
17,XAUUSD,BUY,2026-01-14 08:15:00.062000+00:00,2026-01-14 16:39:56.161000+00:00,504.9349833333333,4632.91,4633.89,0.28000000000065484,0.04,0.02,0.02,False,False,False,SL,-30.454228180131395,-30.454228180131395,0.2,-61.10845636026279,5509.612088637902,-1.0969578507241906,17.236848130371488,16.919015655628048,2026-01,6021.427360840901
18,XAUUSD,SELL,2026-01-15 10:00:00.032000+00:00,2026-01-15 12:37:16.524000+00:00,157.27486666666667,4599.9,4601.56,0.3099999999994907,0.03,0.02,0.01,False,False,False,SL,-32.38623375894713,-16.193116879473564,0.15,-48.72935063842069,5460.882737999482,-0.8844424953058295,26.70926236511481,17.992352088304308,2026-01,5972.698010202481
15,NAS100,BUY,2026-01-15 14:40:00.087000+00:00,2026-01-15 17:46:35.294000+00:00,186.58678333333333,25693.0,25686.0,2.599999999998545,0.08,0.04,0.04,True,False,True,TP1_THEN_BE,41.80216628277995,1.0399999999994178,0.4,42.44216628277937,5554.257438485778,0.7700215661584718,24.924992964881287,69.67027713796634,2026-01,6015.14017648526
16,NAS100,BUY,2026-01-15 18:05:00.008000+00:00,2026-01-15 21:00:00.134000+00:00,175.0021,25764.7,25777.0,2.599999999998545,0.07,0.04,0.03,False,False,False,EOD_EXIT,-12.839999999999419,-9.629999999999564,0.35000000000000003,-22.819999999998984,5531.437438485779,-0.41085600105385567,29.853103327396852,75.21545932261171,2026-01,5992.320176485261
19,XAUUSD,SELL,2026-01-16 08:45:00.111000+00:00,2026-01-16 09:12:08.398000+00:00,27.13811666666667,4596.59,4595.86,0.3100000000004002,0.04,0.02,0.02,False,False,False,SL,-26.54719940376708,-26.54719940376708,0.2,-53.294398807534165,5407.588339191948,-0.9759301080883094,26.61741486754131,14.748444113203474,2026-01,5939.025777677727
20,XAUUSD,SELL,2026-01-16 10:40:00.283000+00:00,2026-01-16 16:05:30.954000+00:00,325.5111833333333,4602.09,4605.12,0.3100000000004002,0.04,0.02,0.02,True,False,True,TP1_THEN_BE,38.01017642311854,0.6200000000008004,0.2,38.430176423119335,5446.018515615067,0.7106712643895879,24.2869686698378,15.083403342507035,2026-01,5977.455954100847
17,NAS100,BUY,2026-01-16 11:00:00.071000+00:00,2026-01-16 16:55:50.305000+00:00,355.83723333333336,25696.9,25683.7,2.600000000002183,0.11,0.06,0.05,False,False,False,SL,-31.381354150845432,-26.151128459037864,0.55,-58.08248260988329,5473.354955875896,-1.0500431986406642,17.63951098947852,52.302256918074875,2026-01,5919.373471490963
21,XAUUSD,SELL,2026-01-16 17:25:00.051000+00:00,2026-01-16 17:31:49.275000+00:00,6.8204,4564.57,4588.43,1.1300000000001091,0.04,0.02,0.02,True,True,False,FULL_TP2,38.63015573694429,60.70453044377063,0.2,99.13468618071492,5545.1532017957825,1.8203148942015444,18.057315582785883,15.329426879739914,2026-01,6018.508157671678
18,NAS100,SELL,2026-01-16 19:05:00.002000+00:00,2026-01-16 21:00:00.056000+00:00,115.0009,25571.5,25574.4,2.599999999998545,0.08,0.04,0.04,False,False,False,EOD_EXIT,-3.3599999999991272,-3.3599999999991272,0.4,-7.119999999998255,5466.234955875898,-0.13008474797262345,20.184008850783933,67.53796585879283,2026-01,6011.38815767168
22,XAUUSD,SELL,2026-01-16 19:20:00.012000+00:00,2026-01-16 21:00:00.111000+00:00,100.00165,4584.28,4584.37,0.31999999999970896,0.03,0.02,0.01,False,False,False,EOD_EXIT,3.0799999999999272,1.5399999999999636,0.15,4.4699999999998905,5549.623201795783,0.08061093782859405,22.503447940593258,21.09583236059208,2026-01,6015.858157671681
23,XAUUSD,BUY,2026-01-19 11:15:00.068000+00:00,2026-01-19 21:00:00.234000+00:00,585.0027666666666,4671.34,4670.97,0.3000000000001819,0.03,0.02,0.01,False,False,False,EOD_EXIT,11.079999999999927,5.539999999999964,0.15,16.469999999999892,5566.093201795783,0.2967769054063062,30.995511066874993,19.41303254876027,2026-01,6032.328157671681
24,XAUUSD,BUY,2026-01-20 13:40:00.159000+00:00,2026-01-20 15:21:58.218000+00:00,101.96765,4732.16,4731.41,0.3400000000001455,0.04,0.02,0.02,False,False,False,SL,-25.232817255357077,-25.232817255357077,0.2,-50.665634510714156,5515.427567285069,-0.9102548713048491,40.6551614523288,14.018231808531798,2026-01,5981.662523160967
19,NAS100,SELL,2026-01-20 15:40:00.091000+00:00,2026-01-20 16:30:04.962000+00:00,50.081183333333335,25088.9,25087.7,2.599999999998545,0.07,0.04,0.03,False,False,False,SL,-32.187426846922605,-24.140570135191957,0.35000000000000003,-56.677996982114564,5409.556958893783,-1.0368745112426767,52.35555877080575,80.46856711730778,2026-01,5924.984526178852
25,XAUUSD,BUY,2026-01-20 15:50:00.066000+00:00,2026-01-20 16:34:28.653000+00:00,44.47645,4731.65,4730.71,0.32999999999992724,0.04,0.02,0.02,True,False,True,TP1_THEN_BE,34.39492940110904,0.6599999999998545,0.2,34.85492940110889,5550.282496686178,0.6319533522269786,43.46436859877437,13.648781508376937,2026-01,5959.839455579961
26,XAUUSD,BUY,2026-01-20 18:10:00.137000+00:00,2026-01-20 20:21:13.354000+00:00,131.22028333333333,4741.3,4735.0,0.3400000000001455,0.04,0.02,0.02,True,True,False,FULL_TP2,39.77149864950297,62.498069306362595,0.2,102.06956795586557,5652.352064642044,1.8389977089779967,43.65462165575284,15.782340733930106,2026-01,6061.909023535827
27,XAUUSD,BUY,2026-01-21 10:10:00.039000+00:00,2026-01-21 16:12:07.211000+00:00,362.1195333333333,4858.41,4860.07,0.31999999999970896,0.03,0.02,0.01,False,False,False,SL,-40.71058065318357,-20.355290326591785,0.15,-61.21587097977535,5591.136193662269,-1.0830158893092956,54.40776969026216,22.616989251768857,2026-01,6000.693152556052
20,NAS100,BUY,2026-01-21 20:50:00.109000+00:00,2026-01-21 21:00:00.003000+00:00,9.998233333333333,25164.7,25152.6,2.599999999998545,0.05,0.02,0.03,False,False,False,EOD_EXIT,1.7000000000000002,2.55,0.25,4.0,5413.556958893783,0.07394320885047066,31.768903592361614,108.40830489363918,2026-01,6004.693152556052
21,NAS100,BUY,2026-01-22 14:55:00.080000+00:00,2026-01-22 16:47:34.665000+00:00,112.57641666666667,25572.2,25563.3,2.599999999998545,0.06,0.03,0.03,False,False,False,SL,-25.26127705489962,-25.26127705489962,0.3,-50.822554109799235,5362.734404783984,-0.9388015032575627,37.92356887878744,84.20425684966403,2026-01,5953.870598446253
28,XAUUSD,BUY,2026-01-22 12:40:00.132000+00:00,2026-01-22 18:26:14.061000+00:00,346.23215,4828.25,4828.54,0.3400000000001455,0.02,0.01,0.01,True,True,False,FULL_TP2,33.16357071957373,52.1141825593304,0.1,85.17775327890413,5676.313946941173,1.523442647944363,24.116499790765264,26.320294221884232,2026-01,6039.048351725157
22,NAS100,BUY,2026-01-22 18:15:00.031000+00:00,2026-01-22 21:00:00.085000+00:00,165.0009,25534.1,25536.4,2.600000000002183,0.06,0.03,0.03,False,False,False,EOD_EXIT,5.219999999999345,5.219999999999345,0.3,10.13999999999869,5372.874404783983,0.18908264393912563,35.959641498623526,90.32830278746488,2026-01,6049.188351725155
23,NAS100,BUY,2026-01-23 09:20:00.056000+00:00,2026-01-23 10:14:33.633000+00:00,54.55961666666667,25606.5,25605.2,2.600000000002183,0.09,0.04,0.05,False,False,False,SL,-24.591932811889272,-30.739916014861596,0.44999999999999996,-55.781848826750874,5317.0925559572315,-1.0382124096755914,22.62161075444685,61.47983202972282,2026-01,5993.406502898404
29,XAUUSD,BUY,2026-01-23 06:25:00.339000+00:00,2026-01-23 10:20:45.462000+00:00,235.75205,4952.83,4952.15,0.339999999999236,0.03,0.02,0.01,False,False,False,SL,-43.322002565404546,-21.661001282702273,0.15,-65.13300384810682,5611.180943093066,-1.1474524569453284,31.897479710480713,24.067779203002587,2026-01,5928.273499050298
24,NAS100,SELL,2026-01-23 14:30:00.279000+00:00,2026-01-23 17:00:16.660000+00:00,150.27301666666665,25475.1,25501.2,2.599999999998545,0.08,0.04,0.04,False,False,False,SL,-25.68380018281896,-25.68380018281896,0.4,-51.76760036563792,5265.324955591594,-0.9736072829433423,19.565239968763073,64.20950045704899,2026-01,5876.50589868466
30,XAUUSD,BUY,2026-01-26 08:00:00.172000+00:00,2026-01-26 09:00:57.880000+00:00,60.961800000000004,5079.23,5074.58,0.32999999999992724,0.02,0.01,0.01,True,False,True,TP1_THEN_BE,32.31722635093411,0.32999999999992724,0.1,32.54722635093403,5643.728169444,0.5800423597281634,39.89724224329935,25.648592342011007,2026-01,5909.053125035593
31,XAUUSD,BUY,2026-01-26 11:15:00.035000+00:00,2026-01-26 15:02:51.674000+00:00,227.86065,5093.43,5091.4,0.339999999999236,0.02,0.01,0.01,False,False,False,SL,-23.46717115082265,-23.46717115082265,0.1,-47.0343423016453,5596.693827142354,-0.8333913485822433,43.879861171457314,26.07463461202559,2026-01,5862.018782733948
32,XAUUSD,BUY,2026-01-26 16:35:00.118000+00:00,2026-01-26 20:41:05.692000+00:00,246.09290000000001,5089.04,5085.22,0.3400000000001455,0.03,0.02,0.01,False,False,False,SL,-43.992311183965285,-21.996155591982642,0.15,-66.13846677594793,5530.555360366407,-1.1817417357225333,45.77086307399742,24.440172879980757,2026-01,5795.880315958
25,NAS100,BUY,2026-01-26 20:20:00.062000+00:00,2026-01-26 21:00:00.101000+00:00,40.00065,25801.6,25794.7,2.600000000002183,0.07,0.04,0.03,False,False,False,EOD_EXIT,-1.560000000000582,-1.1700000000004365,0.35000000000000003,-3.0800000000010184,5262.244955591593,-0.05849591480066514,16.31008244841907,74.71099728470112,2026-01,5792.800315957999
26,NAS100,BUY,2026-01-27 09:30:00.009000+00:00,2026-01-27 16:35:40.284000+00:00,425.67125000000004,25902.4,25896.5,2.599999999998545,0.1,0.05,0.05,False,False,False,SL,-26.13522231038769,-26.13522231038769,0.5,-52.77044462077538,5209.474510970817,-1.0028123940658102,23.673605082913156,52.27044462077507,2026-01,5740.029871337224
33,XAUUSD,BUY,2026-01-27 07:40:00.297000+00:00,2026-01-27 21:00:00.129000+00:00,799.9972,5074.56,5070.79,0.3400000000001455,0.02,0.01,0.01,False,False,False,EOD_EXIT,17.100000000000364,17.100000000000364,0.1,34.100000000000726,5564.655360366407,0.6165746073960565,32.1147545998235,33.687074816818786,2026-01,5774.129871337224
27,NAS100,BUY,2026-01-27 16:55:00.168000+00:00,2026-01-27 21:00:00.130000+00:00,244.99936666666665,25948.0,25934.9,2.600000000002183,0.11,0.06,0.05,False,False,False,EOD_EXIT,29.519999999998255,24.59999999999855,0.55,53.56999999999681,5263.044510970814,1.0283186890958358,28.231208786135067,46.57334264198489,2026-01,5827.699871337221
28,NAS100,BUY,2026-01-28 06:10:00.089000+00:00,2026-01-28 08:19:28.095000+00:00,129.46676666666667,26116.1,26119.2,2.600000000002183,0.11,0.06,0.05,True,True,False,FULL_TP2,41.347558491113155,45.9417316567924,0.55,86.73929014790555,5349.78380111872,1.6480820173019157,25.39374217459502,45.941731656791674,2026-01,5914.4391614851265
29,NAS100,BUY,2026-01-28 12:25:00.083000+00:00,2026-01-28 16:19:05.713000+00:00,234.09383333333332,26190.5,26181.6,2.399999999997817,0.11,0.06,0.05,False,False,False,SL,-28.249535286365422,-23.541279405304522,0.55,-52.34081469166994,5297.44298642705,-0.9783725219087303,33.13498528998501,47.082558810607566,2026-01,5862.098346793457
34,XAUUSD,BUY,2026-01-28 14:40:00.223000+00:00,2026-01-28 17:08:24.499000+00:00,148.4046,5269.53,5270.31,0.3400000000001455,0.02,0.01,0.01,False,False,False,SL,-25.89796903120987,-25.89796903120987,0.1,-51.89593806241974,5512.759422303987,-0.9325993202030508,38.83795055865754,28.775521145788982,2026-01,5810.2024087310365
35,XAUUSD,BUY,2026-01-28 17:35:00.096000+00:00,2026-01-28 20:38:59.814000+00:00,183.99530000000001,5274.33,5273.49,0.3400000000001455,0.02,0.01,0.01,True,False,True,TP1_THEN_BE,37.57101426610643,0.3400000000001455,0.1,37.811014266106575,5550.570436570093,0.6858818128926067,37.47805821158101,29.818265290560575,2026-01,5848.013422997143
30,NAS100,BUY,2026-01-29 11:00:00.004000+00:00,2026-01-29 13:01:58.752000+00:00,121.97913333333332,26158.6,26149.9,2.600000000002183,0.08,0.04,0.04,False,False,False,SL,-26.412370303731585,-26.412370303731585,0.4,-53.22474060746317,5244.218245819587,-1.0047251238726687,23.19498608264221,66.03092575932955,2026-01,5794.78868238968
36,XAUUSD,BUY,2026-01-29 16:10:00.021000+00:00,2026-01-29 16:47:27.076000+00:00,37.450916666666664,5529.11,5537.57,0.3400000000001455,0.02,0.01,0.01,False,False,False,SL,-43.27269980536494,-43.27269980536494,0.1,-86.64539961072987,5463.925036959363,-1.5610179278126832,44.39516912330303,48.08077756151699,2026-01,5708.1432827789495
37,XAUUSD,SELL,2026-01-30 07:55:00.199000+00:00,2026-01-30 11:13:03.180000+00:00,198.04968333333332,5184.3,5215.8,0.7200000000002547,0.02,0.01,0.01,True,True,False,FULL_TP2,106.91452108893009,168.00853313974767,0.1,274.82305422867773,5738.74809118804,5.029773512076127,38.81105693060008,84.85279451502406,2026-01,5982.966337007627
31,NAS100,SELL,2026-01-30 07:30:00.151000+00:00,2026-01-30 11:51:17.640000+00:00,261.2914833333333,25750.3,25763.8,2.600000000002183,0.05,0.02,0.03,True,True,False,FULL_TP2,31.845692291818708,63.691384583637046,0.25,95.28707687545575,5339.505322695042,1.8169929703328722,35.22092992941124,106.15230763939512,2026-01,6078.253413883082
32,NAS100,SELL,2026-01-30 15:35:00.072000+00:00,2026-01-30 16:30:41.804000+00:00,55.69553333333333,25712.2,25710.2,2.5,0.05,0.02,0.03,False,False,False,SL,-20.81861324651254,-31.22791986976881,0.25,-52.29653311628135,5287.208789578761,-0.9794265565014063,38.7124710172383,104.09306623256167,2026-01,6025.956880766801
38,XAUUSD,SELL,2026-01-30 14:45:00.058000+00:00,2026-01-30 16:34:35.013000+00:00,109.58258333333333,5065.79,5113.67,0.8299999999999272,0.02,0.01,0.01,True,False,True,TP1_THEN_BE,114.8689066420311,0.8299999999999274,0.1,115.59890664203104,5854.346997830071,2.0143575707659207,46.986142628338975,91.16579892224708,2026-01,6141.555787408832
39,XAUUSD,SELL,2026-01-30 16:55:00.049000+00:00,2026-01-30 19:43:38.208000+00:00,168.63598333333331,5032.38,5049.19,1.1200000000008004,0.02,0.01,0.01,True,True,False,FULL_TP2,116.45196440052679,182.99594405797143,0.1,299.3479084584982,6153.694906288569,5.11325872158675,49.405005930091654,92.42219396867222,2026-01,6440.90369586733
33,NAS100,SELL,2026-01-30 17:25:00.014000+00:00,2026-01-30 20:16:30.169000+00:00,171.50258333333335,25691.2,25755.9,2.599999999998545,0.05,0.02,0.03,True,True,False,FULL_TP2,31.998257438729347,63.996514877457955,0.25,95.7447723161873,5382.9535618949485,1.810875570204509,37.10292839534286,106.66085812909661,2026-01,6536.648468183517
34,NAS100,SELL,2026-02-02 07:00:00+00:00,2026-02-02 13:45:06.063000+00:00,405.10105,25234.0,25247.5,2.400000000001455,0.04,0.02,0.02,False,False,False,SL,-27.207494301821864,-27.207494301821864,0.2,-54.61498860364373,5328.338573291305,-1.0145914872878403,46.2081134483802,136.03747150911073,2026-02,6482.0334795798735
40,XAUUSD,SELL,2026-02-02 19:20:00.105000+00:00,2026-02-02 21:00:00.022000+00:00,99.99861666666668,4672.06,4677.32,0.8200000000006185,0.02,0.01,0.01,False,False,False,EOD_EXIT,18.779999999999745,18.779999999999745,0.1,37.45999999999949,6191.154906288568,0.6087399614452523,57.19616249701931,116.24938140881702,2026-02,6519.493479579873
35,NAS100,BUY,2026-02-03 14:15:00.057000+00:00,2026-02-03 16:31:45.674000+00:00,136.76028333333335,25882.4,25878.3,2.599999999998545,0.07,0.04,0.03,False,False,False,SL,-28.926642136566805,-21.694981602425102,0.35000000000000003,-50.97162373899191,5277.366949552313,-0.9566138307068357,27.244919208814316,72.31660534141564,2026-02,6468.521855840881
41,XAUUSD,BUY,2026-02-03 11:45:00.176000+00:00,2026-02-03 21:00:00.017000+00:00,554.99735,4923.09,4921.61,0.3599999999996726,0.02,0.01,0.01,False,False,False,EOD_EXIT,-13.349999999999454,-13.349999999999454,0.1,-26.79999999999891,6164.354906288569,-0.4328756169996204,30.56508461481758,80.94179827058505,2026-02,6441.721855840881
42,XAUUSD,BUY,2026-02-04 09:20:00.087000+00:00,2026-02-04 13:17:19.024000+00:00,237.31561666666667,5081.24,5069.07,0.36999999999989086,0.02,0.01,0.01,False,False,False,SL,-47.513028151264734,-47.513028151264734,0.1,-95.12605630252946,6069.228849986039,-1.5431631979120246,24.40827740200482,52.79225350140551,2026-02,6346.5957995383515
36,NAS100,SELL,2026-02-04 07:05:00.021000+00:00,2026-02-04 16:32:16.864000+00:00,567.2807166666666,25329.6,25336.1,2.600000000002183,0.06,0.03,0.03,True,True,False,FULL_TP2,42.503873021772954,56.67183069569692,0.3,98.87570371746988,5376.242653269783,1.8735802278417961,37.40661208767502,94.45305115949529,2026-02,6445.4715032558215
43,XAUUSD,BUY,2026-02-04 14:30:00.261000+00:00,2026-02-04 16:32:50.026000+00:00,122.82941666666667,5062.57,5047.86,0.4600000000000364,0.02,0.01,0.01,False,False,False,SL,-41.91106563739777,-41.91106563739777,0.1,-83.92213127479553,5985.306718711243,-1.3827478473643084,22.410164438055943,46.567850708219396,2026-02,6361.549371981026
37,NAS100,SELL,2026-02-05 07:15:00.062000+00:00,2026-02-05 10:16:50.653000+00:00,181.84318333333334,24890.9,24900.7,2.599999999998545,0.04,0.02,0.02,False,False,False,SL,-26.417822289655305,-26.417822289655305,0.2,-53.03564457931061,5323.207008690472,-0.9864816006222266,46.155328035026024,132.0891114482773,2026-02,6308.513727401715
38,NAS100,SELL,2026-02-05 10:50:00.062000+00:00,2026-02-05 14:35:42.303000+00:00,225.70401666666666,24937.8,24982.0,2.599999999998545,0.04,0.02,0.02,True,True,False,FULL_TP2,35.94719145610797,47.92958860814324,0.2,83.67678006425122,5406.883788754723,1.571924216504141,45.762909376098236,119.82397152035887,2026-02,6392.190507465966
39,NAS100,SELL,2026-02-05 17:00:00.110000+00:00,2026-02-05 18:28:08.218000+00:00,88.13513333333334,24618.6,24681.9,2.899999999997817,0.04,0.02,0.02,True,False,True,TP1_THEN_BE,42.37123092100083,0.5799999999995634,0.2,42.75123092100039,5449.635019675724,0.7906815199156807,50.24750235619289,141.23743640333532,2026-02,6434.941738386967
44,XAUUSD,SELL,2026-02-05 10:50:00.062000+00:00,2026-02-05 21:00:00.001000+00:00,609.9989833333333,4904.52,4909.02,0.3499999999994543,0.02,0.01,0.01,True,False,False,EOD_EXIT,76.59078013184262,50.380000000000116,0.1,126.87078013184274,6112.177498843085,2.119703903147015,31.644889868515687,60.78633343797044,2026-02,6561.812518518809
40,NAS100,SELL,2026-02-05 20:20:00.037000+00:00,2026-02-05 21:00:00.071000+00:00,40.00056666666667,24644.7,24673.5,2.5,0.03,0.02,0.01,False,False,False,EOD_EXIT,11.359999999999854,5.679999999999927,0.15,16.88999999999978,5466.525019675723,0.30992901247549615,52.784543593996474,160.17352324275785,2026-02,6578.702518518809
41,NAS100,BUY,2026-02-06 15:20:00.424000+00:00,2026-02-06 19:51:57.404000+00:00,271.94966666666664,24761.9,24741.7,2.600000000002183,0.04,0.02,0.02,True,True,False,FULL_TP2,41.36554035832887,55.15405381110468,0.2,96.31959416943356,5562.844613845157,1.7619894507525233,39.2228793479973,137.88513452776203,2026-02,6675.0221126882425
45,XAUUSD,BUY,2026-02-09 07:05:00.162000+00:00,2026-02-09 21:00:00.085000+00:00,834.9987166666667,5019.18,5015.51,0.6300000000001091,0.02,0.01,0.01,True,False,False,EOD_EXIT,53.324846563401486,47.05000000000018,0.1,100.27484656340167,6212.4523454064865,1.640574845582965,26.52636182200725,42.32130679635022,2026-02,6775.296959251644
46,XAUUSD,BUY,2026-02-10 06:55:01.077000+00:00,2026-02-10 16:48:02.136000+00:00,593.01765,5031.57,5032.07,0.5,0.02,0.01,0.01,True,False,True,TP1_THEN_BE,43.043120105523485,0.5,0.1,43.443120105523484,6255.89546551201,0.6992909995944759,19.77320827052348,34.161206432955176,2026-02,6818.740079357167
42,NAS100,BUY,2026-02-10 09:20:00.200000+00:00,2026-02-10 16:49:45.069000+00:00,449.74781666666667,25260.5,25260.6,2.599999999998545,0.07,0.04,0.03,False,False,False,SL,-30.703638712542304,-23.02772903440673,0.35000000000000003,-54.081367746949034,5508.763246098209,-0.9721890777309854,16.1075014202947,76.75909678135439,2026-02,6764.658711610218
43,NAS100,BUY,2026-02-10 17:00:00.011000+00:00,2026-02-10 18:51:15.487000+00:00,111.25793333333333,25328.3,25320.2,2.600000000002183,0.07,0.04,0.03,False,False,False,SL,-30.108730440906946,-22.581547830680208,0.35000000000000003,-53.040278271587155,5455.722967826621,-0.9628345946643277,15.936110807500738,75.271826102268,2026-02,6711.618433338631
47,XAUUSD,BUY,2026-02-11 11:30:00.149000+00:00,2026-02-11 13:22:50.050000+00:00,112.83168333333333,5057.72,5054.9,0.4499999999998181,0.03,0.02,0.01,True,True,False,FULL_TP2,59.51743971023461,46.76370262946966,0.15,106.13114233970427,6362.026607851714,1.69649801414989,17.00442553008664,23.618031631045213,2026-02,6817.7495756783355
48,XAUUSD,BUY,2026-02-11 18:30:00.014000+00:00,2026-02-11 21:00:00.130000+00:00,150.00193333333334,5075.04,5061.31,0.37000000000080036,0.02,0.01,0.01,False,False,False,EOD_EXIT,20.969999999999345,20.969999999999345,0.1,41.83999999999869,6403.866607851713,0.6576520750221592,18.341146547280463,33.64658820161392,2026-02,6859.589575678334
44,NAS100,SELL,2026-02-13 10:20:00.197000+00:00,2026-02-13 10:48:08.204000+00:00,28.13345,24651.6,24612.4,2.599999999998545,0.06,0.03,0.03,False,False,False,SL,-27.850855252676045,-27.850855252676045,0.3,-56.00171050535209,5399.721257321269,-1.0264764328321696,45.26873065334733,92.83618417558509,2026-02,6803.587865172982
45,NAS100,SELL,2026-02-13 12:40:00.049000+00:00,2026-02-13 16:45:28.418000+00:00,245.4728166666667,24688.5,24688.8,2.100000000002183,0.06,0.03,0.03,True,False,True,TP1_THEN_BE,41.72812146200631,0.6300000000006547,0.3,42.058121462006966,5441.779378783276,0.7788943069048614,46.969079223561856,92.72915880445854,2026-02,6845.645986634989
46,NAS100,SELL,2026-02-13 16:55:00.002000+00:00,2026-02-13 17:11:21.377000+00:00,16.35625,24628.4,24660.3,2.900000000001455,0.06,0.03,0.03,False,False,False,SL,-29.541504357149464,-29.541504357149464,0.3,-59.383008714298924,5382.396370068977,-1.091242488547493,48.83771318059202,98.47168119049721,2026-02,6786.26297792069
47,NAS100,SELL,2026-02-16 06:40:02.050000+00:00,2026-02-16 19:59:59.161000+00:00,799.9518499999999,24763.0,24766.5,2.2000000000007276,0.06,0.03,0.03,True,False,False,EOD,43.084085031918576,0.0,0.3,42.78408503191858,5425.180455100896,0.7948891551324059,34.50991080091943,95.74241118204203,2026-02,6829.047062952609
48,NAS100,SELL,2026-02-17 09:25:00.367000+00:00,2026-02-17 10:01:00.735000+00:00,36.00613333333333,24532.5,24552.7,2.2000000000007276,0.07,0.04,0.03,False,False,False,SL,-30.34710890272691,-22.76033167704518,0.35000000000000003,-53.45744057977209,5371.723014521124,-0.9853578332036865,32.53942415337171,75.86777225681773,2026-02,6775.589622372837
49,XAUUSD,SELL,2026-02-17 12:50:00.004000+00:00,2026-02-17 14:10:39.245000+00:00,80.65401666666666,4911.87,4916.06,0.3899999999994179,0.03,0.02,0.01,False,False,False,SL,-45.772495850782434,-22.886247925391217,0.15,-68.80874377617366,6335.057864075539,-1.0744874618688651,37.055683433759896,25.42916436154578,2026-02,6706.780878596664
49,NAS100,SELL,2026-02-17 12:30:00.035000+00:00,2026-02-17 15:51:08.839000+00:00,201.14673333333334,24583.3,24601.2,2.2000000000007276,0.07,0.04,0.03,True,False,True,TP1_THEN_BE,45.94985327585164,0.6600000000002182,0.35000000000000003,46.25985327585185,5417.982867796976,0.8611734661448437,31.002485767453194,76.58308879308633,2026-02,6753.040731872516
50,XAUUSD,SELL,2026-02-17 15:10:00.070000+00:00,2026-02-17 15:58:29.401000+00:00,48.48885,4922.13,4924.7,0.3400000000001455,0.03,0.02,0.01,True,True,False,FULL_TP2,62.28443948171844,48.93777387849332,0.15,111.07221336021175,6446.130077435751,1.7532943777841918,38.89084719397273,24.71604741338052,2026-02,6864.112945232728
50,NAS100,SELL,2026-02-17 16:55:00.024000+00:00,2026-02-17 17:18:49.809000+00:00,23.82975,24423.6,24470.8,2.2000000000007276,0.06,0.03,0.03,False,False,False,SL,-25.82668184365393,-25.82668184365393,0.3,-51.953363687307856,5366.029504109669,-0.958906016408885,30.11564932703203,86.08893947884589,2026-02,6812.15958154542
51,NAS100,SELL,2026-02-17 19:50:00.094000+00:00,2026-02-17 20:23:00.057000+00:00,32.999383333333334,24561.3,24602.5,2.2000000000007276,0.05,0.02,0.03,False,False,False,SL,-23.383163267858617,-35.07474490178792,0.25,-58.707908169646544,5307.321595940022,-1.0940660710993864,26.199183567571033,116.91581633929475,2026-02,6753.451673375774
51,XAUUSD,SELL,2026-02-17 18:55:00.037000+00:00,2026-02-17 20:56:16.218000+00:00,121.26968333333333,4869.15,4876.24,0.32000000000061846,0.02,0.01,0.01,False,False,False,SL,-27.711313611690457,-27.711313611690457,0.1,-55.522627223380915,6390.60745021237,-0.8613327152322627,43.09682061581919,30.79034845743334,2026-02,6697.929046152392
52,XAUUSD,BUY,2026-02-18 08:45:00.263000+00:00,2026-02-18 13:45:57.223000+00:00,300.9493333333333,4935.64,4931.32,0.38000000000010914,0.03,0.02,0.01,False,False,False,SL,-44.781657050101785,-22.390828525050892,0.15,-67.32248557515268,6323.284964637218,-1.0534598799823864,31.447178683661487,24.87869836116736,2026-02,6630.60656057724
53,XAUUSD,BUY,2026-02-18 14:05:00.186000+00:00,2026-02-18 15:36:00.546000+00:00,91.006,4923.92,4919.23,0.31999999999970896,0.03,0.02,0.01,True,True,False,FULL_TP2,51.76958034753807,40.676098844493936,0.15,92.295679192032,6415.58064382925,1.459616001938752,22.893261922202445,20.54348426489593,2026-02,6722.9022397692725
52,NAS100,BUY,2026-02-18 09:35:00.022000+00:00,2026-02-18 15:47:55.182000+00:00,372.9193333333333,24775.8,24772.0,2.2000000000007276,0.06,0.03,0.03,True,False,True,TP1_THEN_BE,38.17523310966899,0.6600000000002182,0.3,38.53523310966921,5345.856829049691,0.7260768433393553,21.147985641861872,84.83385135481892,2026-02,6761.437472878942
53,NAS100,BUY,2026-02-18 16:55:00.037000+00:00,2026-02-18 17:06:11.291000+00:00,11.187566666666667,24883.6,24831.2,2.5,0.07,0.04,0.03,True,True,False,FULL_TP2,46.72584238493727,46.725842384938005,0.35000000000000003,93.10168476987528,5438.958513819567,1.741567119118406,22.512225449687435,77.87640397489616,2026-02,6854.539157648817
54,NAS100,BUY,2026-02-19 07:40:00.176000+00:00,2026-02-19 11:36:50.540000+00:00,236.83939999999998,24924.3,24925.6,2.7999999999992724,0.07,0.04,0.03,False,False,False,SL,-31.25031599364593,-23.437736995234445,0.35000000000000003,-55.038052988880374,5383.920460830686,-1.0119226474891663,15.095209529278902,78.12578998411391,2026-02,6799.501104659937
54,XAUUSD,BUY,2026-02-19 15:35:00.031000+00:00,2026-02-19 16:10:39.429000+00:00,35.65663333333334,4994.61,4988.42,0.32999999999992724,0.04,0.02,0.02,False,False,False,SL,-32.61319694802842,-32.61319694802842,0.2,-65.42639389605684,6350.154249933194,-1.0198047149323333,19.76177542032315,18.118442748904663,2026-02,6734.07471076388
55,NAS100,SELL,2026-02-19 15:05:00.149000+00:00,2026-02-19 17:03:35.362000+00:00,118.58688333333333,24790.1,24800.7,2.7000000000007276,0.07,0.04,0.03,False,False,False,SL,-30.37142907131929,-22.778571803489463,0.35000000000000003,-53.500000874808755,5330.420459955878,-0.993699688991212,18.51545495221788,75.9285726783,2026-02,6680.5747098890715
55,XAUUSD,BUY,2026-02-19 16:45:00.145000+00:00,2026-02-19 18:27:53.374000+00:00,102.88715,4999.63,4992.86,0.32999999999992724,0.04,0.02,0.02,True,False,True,TP1_THEN_BE,47.20315603243762,0.6599999999998545,0.2,47.66315603243747,6397.817405965631,0.7505826497512074,18.590150219153816,18.731411123982888,2026-02,6728.237865921509
56,NAS100,SELL,2026-02-19 18:40:00.052000+00:00,2026-02-19 21:00:00.082000+00:00,140.00050000000002,24784.1,24833.2,2.2000000000007276,0.06,0.03,0.03,True,False,False,EOD_EXIT,37.46251216414093,14.430000000000653,0.3,51.59251216414159,5382.012972120019,0.9678882285501478,20.22043904569334,83.25002703142314,2026-02,6779.83037808565
57,NAS100,BUY,2026-02-20 10:55:00.117000+00:00,2026-02-20 13:02:39.143000+00:00,127.65043333333332,24881.8,24887.1,2.7999999999992724,0.08,0.04,0.04,False,False,False,SL,-26.262568565436233,-26.262568565436233,0.4,-52.925137130872464,5329.087834989146,-0.9833706719964449,15.70186563598764,65.65642141358983,2026-02,6726.905240954778
58,NAS100,BUY,2026-02-20 20:35:00.020000+00:00,2026-02-20 21:00:00.051000+00:00,25.000516666666666,24970.0,24975.2,2.2000000000007276,0.05,0.02,0.03,False,False,False,EOD_EXIT,13.61999999999971,20.429999999999563,0.25,33.79999999999927,5362.887834989146,0.6342548865132022,16.398303393232812,110.54154003136283,2026-02,6760.705240954777
56,XAUUSD,BUY,2026-02-23 14:35:00.609000+00:00,2026-02-23 16:45:33.966000+00:00,130.55595,5157.96,5152.01,0.2899999999999636,0.03,0.02,0.01,True,True,False,FULL_TP2,56.598347106513756,44.470129869404445,0.15,100.9184769759182,6498.73588294155,1.5773891402686324,24.40708380010663,22.45966155020412,2026-02,6861.623717930695
59,NAS100,BUY,2026-02-23 15:40:00.295000+00:00,2026-02-23 16:46:00.243000+00:00,65.99913333333333,24901.8,24891.2,2.600000000002183,0.07,0.04,0.03,False,False,False,SL,-30.66554552668531,-22.99915914501398,0.35000000000000003,-54.01470467169929,5308.873130317446,-1.0071943761212119,15.04190868210617,76.66386381671191,2026-02,6807.609013258996
57,XAUUSD,BUY,2026-02-23 19:50:00.032000+00:00,2026-02-23 21:00:00.053000+00:00,70.00035,5205.15,5199.89,0.2899999999999636,0.03,0.02,0.01,False,False,False,EOD_EXIT,19.340000000000146,9.670000000000073,0.15,28.86000000000022,6527.59588294155,0.4440863657154382,28.942559448802662,26.222322462292336,2026-02,6836.469013258997
58,XAUUSD,SELL,2026-02-24 14:00:00.045000+00:00,2026-02-24 15:49:21.895000+00:00,109.36416666666668,5169.56,5172.65,0.28000000000065484,0.03,0.02,0.01,True,True,False,FULL_TP2,56.79040353685741,44.621031350387966,0.15,101.26143488724537,6628.857317828796,1.5512822286053287,21.72389500070924,22.535874419387806,2026-02,6937.730448146242
59,XAUUSD,SELL,2026-02-24 18:50:00.101000+00:00,2026-02-24 19:17:58.184000+00:00,27.96805,5138.05,5135.9,0.28000000000065484,0.03,0.02,0.01,False,False,False,SL,-49.213325508273556,-24.606662754136778,0.15,-73.96998826241034,6554.887329566386,-1.115878419399112,26.43528210255391,27.340736393485358,2026-02,6863.7604598838325
60,XAUUSD,BUY,2026-02-25 06:40:00.212000+00:00,2026-02-25 13:16:25.513000+00:00,396.4216833333333,5184.1,5182.72,0.3000000000001819,0.03,0.02,0.01,False,False,False,SL,-46.01394161650387,-23.006970808251936,0.15,-69.17091242475581,6485.716417141631,-1.0552570768494285,20.666153570706253,25.56330089805792,2026-02,6794.589547459077
61,XAUUSD,BUY,2026-02-25 14:05:00.375000+00:00,2026-02-25 16:39:57.834000+00:00,154.95765,5180.92,5180.31,0.28000000000065484,0.03,0.02,0.01,False,False,False,SL,-42.00511193269813,-21.002555966349064,0.15,-63.15766789904719,6422.558749242584,-0.9737963215925171,16.090950251863728,23.336173295943347,2026-02,6731.43187956003
60,NAS100,BUY,2026-02-26 14:00:00.070000+00:00,2026-02-26 16:30:32.634000+00:00,150.54273333333333,25334.9,25326.6,2.599999999998545,0.1,0.05,0.05,False,False,False,SL,-25.78233603355875,-25.78233603355875,0.5,-52.0646720671175,5256.808458250329,-0.9807104217614684,33.985599784114015,51.56467206711926,2026-02,6679.367207492913
62,XAUUSD,SELL,2026-02-26 15:15:00.030000+00:00,2026-02-26 16:36:29.913000+00:00,81.49804999999999,5171.62,5173.91,0.27999999999974534,0.03,0.02,0.01,True,False,True,TP1_THEN_BE,53.21904759382596,0.27999999999974534,0.15,53.34904759382571,6475.90779683641,0.8306509862617791,16.845105962544604,21.118669680089656,2026-02,6732.716255086739
63,XAUUSD,SELL,2026-02-26 19:35:00.541000+00:00,2026-02-26 21:00:00.017000+00:00,84.99126666666666,5173.86,5176.67,0.27999999999974534,0.03,0.02,0.01,False,False,False,EOD_EXIT,-8.340000000000146,-4.170000000000073,0.15,-12.660000000000219,6463.24779683641,-0.195493827231216,18.527163259796062,24.423768865395697,2026-02,6720.056255086739
61,NAS100,SELL,2026-02-27 08:15:00.061000+00:00,2026-02-27 10:01:50.365000+00:00,106.83840000000001,24966.7,24976.5,2.2000000000007276,0.07,0.04,0.03,False,False,False,SL,-28.444418334166404,-21.333313750624804,0.35000000000000003,-50.12773208479121,5206.680726165538,-0.9535772985245059,38.384945422819875,71.11104583541581,2026-02,6669.928523001948
64,XAUUSD,BUY,2026-02-27 07:20:00.242000+00:00,2026-02-27 15:22:21.297000+00:00,482.35091666666665,5189.01,5186.77,0.28000000000065484,0.03,0.02,0.01,True,True,False,FULL_TP2,53.37791410571116,41.93978965448696,0.15,95.16770376019812,6558.415500596609,1.4724439902610604,19.707120721008295,21.181711946710685,2026-02,6765.096226762146
65,XAUUSD,BUY,2026-02-27 19:50:00.215000+00:00,2026-02-27 21:00:00.076000+00:00,69.99768333333333,5234.87,5236.57,0.27999999999974534,0.03,0.02,0.01,False,False,False,EOD_EXIT,17.220000000001164,8.610000000000582,0.15,25.680000000001748,6584.095500596611,0.3915579913725454,23.19578940637421,22.00595869399249,2026-02,6790.776226762148
62,NAS100,SELL,2026-02-27 19:25:00.069000+00:00,2026-02-27 21:00:00.088000+00:00,95.00031666666668,24914.2,24900.0,2.2000000000007276,0.06,0.03,0.03,False,False,False,EOD_EXIT,10.260000000000218,10.260000000000218,0.3,20.220000000000436,5226.900726165538,0.3883472227975742,38.608147740689354,87.16075973009644,2026-02,6810.996226762149
66,XAUUSD,BUY,2026-03-02 07:40:00.608000+00:00,2026-03-02 09:18:01.325000+00:00,98.01195,5360.49,5358.85,0.28000000000065484,0.02,0.01,0.01,True,True,False,FULL_TP2,37.17308476632661,58.41484748994117,0.1,95.48793225626778,6679.583432852878,1.4502817015277991,43.28192687708285,29.502448227242997,2026-03,6906.484159018416
63,NAS100,SELL,2026-03-02 14:20:00.328000+00:00,2026-03-02 15:25:27.623000+00:00,65.45491666666666,24612.9,24602.7,2.2000000000007276,0.05,0.02,0.03,False,False,False,SL,-19.398809187309233,-29.09821378096385,0.25,-48.747022968273086,5178.153703197265,-0.9326181139092338,39.6176318989114,96.9940459365455,2026-03,6857.737136050143
67,XAUUSD,BUY,2026-03-02 13:35:00.086000+00:00,2026-03-02 16:09:58.102000+00:00,154.96693333333332,5395.92,5397.21,0.27999999999974534,0.03,0.02,0.01,False,False,False,SL,-50.03813624100075,-25.019068120500375,0.15,-75.20720436150113,6604.376228491377,-1.1259265658933437,48.74797214725769,27.798964578334047,2026-03,6782.529931688642
64,NAS100,SELL,2026-03-02 15:55:00.171000+00:00,2026-03-02 16:31:53.168000+00:00,36.88328333333333,24589.6,24622.7,2.2000000000007276,0.05,0.02,0.03,False,False,False,SL,-19.37032281678694,-29.055484225180408,0.25,-48.675807041967346,5129.4778961552975,-0.9400224449095116,38.98057726128023,96.85161408393512,2026-03,6733.854124646675
68,XAUUSD,SELL,2026-03-03 10:25:00.086000+00:00,2026-03-03 11:25:36.084000+00:00,60.59996666666667,5312.22,5316.08,0.3500000000003638,0.02,0.01,0.01,True,True,False,FULL_TP2,40.51930143415757,63.67318796796281,0.1,104.09248940212038,6708.468717893497,1.576113864517043,22.713479612071502,32.15817574139524,2026-03,6837.946614048795
65,NAS100,SELL,2026-03-03 15:35:00.388000+00:00,2026-03-03 16:30:58.531000+00:00,55.96905,24468.9,24473.3,2.400000000001455,0.05,0.02,0.03,False,False,False,SL,-21.56431550420093,-32.346473256301394,0.25,-54.16078876050233,5075.317107394795,-1.0558733238932079,29.35234724191063,107.82157752100416,2026-03,6783.7858252882925
69,XAUUSD,SELL,2026-03-03 15:05:00.101000+00:00,2026-03-03 16:44:06.095000+00:00,99.09989999999999,5152.35,5174.98,0.3000000000001819,0.02,0.01,0.01,True,True,False,FULL_TP2,64.86183188253563,101.92573581541274,0.1,166.68756769794837,6875.156285591445,2.484733472086449,30.89095972070272,51.477644351218736,2026-03,6950.4733929862405
66,NAS100,SELL,2026-03-03 16:55:00.095000+00:00,2026-03-03 18:05:14.842000+00:00,70.24578333333334,24460.2,24515.2,2.899999999997817,0.05,0.02,0.03,True,False,True,TP1_THEN_BE,32.9460108808511,0.8699999999993452,0.25,33.56601088085044,5108.883118275646,0.6613579047493285,29.547776705150245,109.82003626950382,2026-03,6984.039403867091
70,XAUUSD,SELL,2026-03-03 19:25:00.101000+00:00,2026-03-03 21:00:00.026000+00:00,94.99875,5082.93,5095.86,0.4400000000005093,0.02,0.01,0.01,False,False,False,EOD_EXIT,-40.160000000000764,-40.160000000000764,0.1,-80.42000000000152,6794.736285591443,-1.1697188639702796,40.82223524552133,63.696104235609084,2026-03,6903.619403867089
67,NAS100,BUY,2026-03-04 15:05:00.004000+00:00,2026-03-04 17:22:01.516000+00:00,137.0252,24857.3,24814.0,2.2000000000007276,0.04,0.02,0.02,True,True,False,FULL_TP2,35.31624834638642,47.08833112851498,0.2,82.2045794749014,5191.087697750547,1.6090518724305274,15.350866674767536,117.72082782128814,2026-03,6985.82398334199
71,XAUUSD,SELL,2026-03-04 06:45:00.147000+00:00,2026-03-04 21:00:00.010000+00:00,854.9977166666666,5155.1,5161.46,0.5500000000001819,0.02,0.01,0.01,False,False,False,EOD_EXIT,27.21000000000004,27.21000000000004,0.1,54.32000000000008,6849.056285591443,0.7994423582735386,39.40226530294213,51.9122486533647,2026-03,7040.14398334199
72,XAUUSD,BUY,2026-03-05 09:00:00.037000+00:00,2026-03-05 10:15:28.134000+00:00,75.46828333333333,5170.56,5167.73,0.27999999999974534,0.02,0.01,0.01,False,False,False,SL,-27.995460931252637,-27.995460931252637,0.1,-56.090921862505276,6792.9653637289375,-0.818958401327572,27.33863015067018,31.10606770139158,2026-03,6984.053061479484
68,NAS100,BUY,2026-03-05 11:00:00.065000+00:00,2026-03-05 14:51:37.121000+00:00,231.6176,25074.8,25029.5,2.7000000000007276,0.05,0.02,0.03,True,False,True,TP1_THEN_BE,29.336741576642815,0.8100000000002182,0.25,29.896741576643034,5220.98443932719,0.5759244173354687,19.168339637706186,97.78913858881013,2026-03,7013.949803056127
73,XAUUSD,BUY,2026-03-05 10:45:00.255000+00:00,2026-03-05 15:17:04.513000+00:00,272.07096666666666,5168.04,5161.5,0.27999999999974534,0.03,0.02,0.01,False,False,False,SL,-53.82885601518319,-26.914428007591596,0.15,-80.8932840227748,6712.072079706163,-1.190839047328355,27.57804316714511,29.904920008435038,2026-03,6933.056519033353
74,XAUUSD,SELL,2026-03-05 20:55:00.101000+00:00,2026-03-05 21:00:00.047000+00:00,4.9991,5069.37,5072.61,0.27000000000043656,0.02,0.01,0.01,False,False,False,EOD_EXIT,2.9899999999997817,2.9899999999997817,0.1,5.879999999999564,6717.952079706162,0.08760335005605266,38.244513640654205,34.63302862214075,2026-03,6938.936519033352
75,XAUUSD,SELL,2026-03-06 13:40:00.210000+00:00,2026-03-06 15:30:19.342000+00:00,110.31886666666666,5081.22,5092.31,0.27999999999974534,0.03,0.02,0.01,False,False,False,SL,-47.5950557315482,-23.7975278657741,0.15,-71.5425835973223,6646.40949610884,-1.0649463221603022,26.663627870812707,26.44169762863818,2026-03,6867.39393543603
76,XAUUSD,SELL,2026-03-06 16:45:00.090000+00:00,2026-03-06 16:56:28.653000+00:00,11.476049999999999,5090.42,5089.08,0.4400000000005093,0.02,0.01,0.01,False,False,False,SL,-26.72864858640878,-26.72864858640878,0.1,-53.55729717281756,6592.852198936022,-0.8058079660028897,26.45785372358202,29.698498429343296,2026-03,6813.836638263212
77,XAUUSD,BUY,2026-03-06 19:15:00.107000+00:00,2026-03-06 21:00:00.106000+00:00,104.99998333333333,5143.37,5136.93,0.28000000000065484,0.02,0.01,0.01,False,False,False,EOD_EXIT,24.149999999999636,24.149999999999636,0.1,48.19999999999927,6641.052198936021,0.73109480609588,23.71733374317224,31.84674600920811,2026-03,6862.036638263211
69,NAS100,SELL,2026-03-06 19:35:00.093000+00:00,2026-03-06 21:00:00.106000+00:00,85.00021666666666,24745.2,24794.3,2.2000000000007276,0.04,0.02,0.02,False,False,False,EOD_EXIT,3.619999999999709,3.619999999999709,0.2,7.039999999999417,5228.024439327189,0.13484047083095,23.07599189882826,117.50359912434556,2026-03,6869.07663826321
78,XAUUSD,SELL,2026-03-09 15:40:00.035000+00:00,2026-03-09 21:00:00.025000+00:00,319.99983333333336,5075.88,5098.21,0.31999999999970896,0.02,0.01,0.01,False,False,False,EOD_EXIT,-25.220000000000255,-25.220000000000255,0.1,-50.54000000000051,6590.5121989360205,-0.7610239836406893,15.689087498899116,34.4717901172038,2026-03,6818.536638263209
70,NAS100,BUY,2026-03-09 20:20:00.059000+00:00,2026-03-09 21:00:00.027000+00:00,39.99946666666666,24638.3,24640.8,2.2000000000007276,0.04,0.02,0.02,False,False,False,EOD_EXIT,-1.3,-1.3,0.2,-2.8000000000000003,5225.2244393271885,-0.05355751551077946,27.88803246851777,135.1240869958635,2026-03,6815.736638263209
71,NAS100,BUY,2026-03-10 07:00:00.095000+00:00,2026-03-10 14:09:11.048000+00:00,429.18255000000005,24925.5,24886.9,2.600000000002183,0.04,0.02,0.02,True,False,True,TP1_THEN_BE,37.3475223898371,0.5200000000004366,0.2,37.667522389837536,5262.891961717026,0.720878554160014,31.323286147669716,124.4917412994559,2026-03,6853.404160653046
72,NAS100,BUY,2026-03-10 15:20:00.125000+00:00,2026-03-10 19:19:56.188000+00:00,239.93438333333333,24983.2,24961.7,2.2000000000007276,0.05,0.02,0.03,True,True,False,FULL_TP2,32.78916752115765,65.57833504231566,0.25,98.11750256347331,5361.009464280499,1.8643267480539794,32.040804979976336,109.29722507052588,2026-03,6951.521663216519
73,NAS100,SELL,2026-03-11 13:45:00.183000+00:00,2026-03-11 15:30:01.373000+00:00,105.01983333333332,24920.8,24954.1,2.2000000000007276,0.06,0.03,0.03,False,False,False,SL,-26.630880083252485,-26.630880083252485,0.3,-53.56176016650497,5307.4477041139935,-0.9990984071820417,16.155312871507242,88.76960027750786,2026-03,6897.959903050014
79,XAUUSD,SELL,2026-03-11 17:10:00.089000+00:00,2026-03-11 21:00:00.041000+00:00,229.9992,5170.78,5180.76,0.2600000000002183,0.03,0.02,0.01,False,False,False,EOD_EXIT,15.960000000000946,7.980000000000473,0.15,23.79000000000142,6614.302198936022,0.36097346127122115,17.18691391557561,23.272655194596286,2026-03,6921.749903050016
80,XAUUSD,BUY,2026-03-12 14:50:00.069000+00:00,2026-03-12 15:23:02.516000+00:00,33.04078333333333,5183.76,5181.55,0.25,0.04,0.02,0.02,False,False,False,SL,-36.37524191691227,-36.37524191691227,0.2,-72.95048383382455,6541.351715102198,-1.1029203329348842,27.798919938531192,20.2084677316184,2026-03,6848.799419216191
74,NAS100,SELL,2026-03-12 18:05:00.088000+00:00,2026-03-12 21:00:00.109000+00:00,175.00035,24582.4,24675.8,2.100000000002183,0.05,0.02,0.03,False,False,False,EOD_EXIT,17.959999999999855,26.93999999999978,0.25,44.649999999999636,5352.097704113993,0.8412706537907065,18.386823347347008,103.00328500320443,2026-03,6893.449419216191
81,XAUUSD,SELL,2026-03-13 19:55:00.054000+00:00,2026-03-13 21:00:00.037000+00:00,64.99971666666667,5046.02,5045.74,0.28000000000065484,0.03,0.02,0.01,False,False,False,EOD_EXIT,-1.9799999999995634,-0.9899999999997817,0.15,-3.119999999999345,6538.231715102199,-0.04769656388902183,41.354963635306,26.083678271973717,2026-03,6890.329419216192
82,XAUUSD,SELL,2026-03-16 19:35:00.039000+00:00,2026-03-16 20:39:07.222000+00:00,64.11971666666666,4986.39,4989.86,0.2899999999999636,0.03,0.02,0.01,False,False,False,SL,-49.35441960814751,-24.677209804073755,0.15,-74.18162941222127,6464.050085689978,-1.1345824474356634,41.884109566227885,27.41912200452677,2026-03,6816.147789803971
75,NAS100,BUY,2026-03-16 17:10:00.068000+00:00,2026-03-16 21:00:00.112000+00:00,230.00073333333333,24704.7,24686.7,2.2000000000007276,0.06,0.03,0.03,False,False,False,EOD_EXIT,6.210000000000218,6.210000000000218,0.3,12.120000000000434,5364.217704113994,0.22645326505687974,18.53770224040124,90.29696766793589,2026-03,6828.267789803972
76,NAS100,SELL,2026-03-17 10:10:00.137000+00:00,2026-03-17 11:28:51.983000+00:00,78.8641,24556.8,24561.8,2.400000000001455,0.07,0.04,0.03,False,False,False,SL,-29.263131118578897,-21.94734833893417,0.35000000000000003,-51.56047945751307,5312.657224656481,-0.9611928952467692,23.7006919180553,73.15782779644712,2026-03,6776.707310346459
83,XAUUSD,BUY,2026-03-17 09:35:00.948000+00:00,2026-03-17 12:06:40.021000+00:00,151.65121666666667,5026.73,5024.52,0.2900000000008731,0.03,0.02,0.01,False,False,False,SL,-39.286365971825944,-19.643182985912972,0.15,-59.079548957738915,6404.970536732239,-0.913971088938936,24.432312570983445,21.825758873236193,2026-03,6717.6277613887205
84,XAUUSD,SELL,2026-03-17 13:55:00.448000+00:00,2026-03-17 15:32:51.599000+00:00,97.85251666666666,5003.21,5006.57,0.28000000000065484,0.03,0.02,0.01,False,False,False,SL,-37.5896849365181,-18.79484246825905,0.15,-56.534527404777144,6348.436009327463,-0.8826664709939567,22.436459282177253,20.88315829806592,2026-03,6661.093233983944
77,NAS100,BUY,2026-03-17 19:00:00.047000+00:00,2026-03-17 21:00:00.031000+00:00,119.99973333333334,24824.0,24789.7,2.2000000000007276,0.06,0.03,0.03,False,False,False,EOD_EXIT,1.8600000000002181,1.8600000000002181,0.3,3.4200000000004365,5316.077224656481,0.06437456540820917,32.71382120416385,86.52111010528762,2026-03,6664.513233983944
85,XAUUSD,SELL,2026-03-17 16:20:00.135000+00:00,2026-03-17 21:00:00.031000+00:00,279.99826666666667,5009.49,5012.73,0.28000000000065484,0.03,0.02,0.01,True,False,False,EOD_EXIT,53.22867132935244,8.779999999999745,0.15,61.858671329352184,6410.294680656815,0.9743922950229963,21.235123413281396,21.12248862275913,2026-03,6726.371905313296
86,XAUUSD,SELL,2026-03-18 09:45:00.020000+00:00,2026-03-18 12:35:37.968000+00:00,170.63246666666666,4995.56,5001.96,0.2899999999999636,0.04,0.02,0.02,True,True,False,FULL_TP2,43.16905843415225,67.83709182509665,0.2,110.8061502592489,6521.100830916064,1.7285656241921066,23.677528379769843,17.130578743711478,2026-03,6837.178055572545
78,NAS100,BUY,2026-03-18 11:20:00.314000+00:00,2026-03-18 13:26:44.985000+00:00,126.74451666666667,24972.3,24977.4,2.400000000001455,0.1,0.05,0.05,False,False,False,SL,-26.641343317842257,-26.641343317842257,0.5,-53.78268663568451,5262.294538020797,-1.0116987463281233,48.71920488864027,53.28268663568374,2026-03,6783.395368936861
87,XAUUSD,SELL,2026-03-18 20:30:00.061000+00:00,2026-03-18 21:00:00.067000+00:00,30.0001,4876.87,4885.6,0.6899999999995998,0.03,0.02,0.01,True,False,False,EOD_EXIT,64.41677429115953,32.5600000000004,0.15,96.82677429115992,6617.927605207225,1.4848225292286732,38.87369288757295,25.562212020301462,2026-03,6880.222143228021
79,NAS100,SELL,2026-03-18 18:25:00.089000+00:00,2026-03-18 21:00:00.068000+00:00,154.99965,24684.2,24697.3,2.2000000000007276,0.07,0.04,0.03,True,False,False,EOD_EXIT,46.91734960085305,46.11000000000022,0.35000000000000003,92.67734960085328,5354.97188762165,1.76115853894621,44.033863111933634,78.1955826680885,2026-03,6972.899492828875
80,NAS100,SELL,2026-03-19 13:05:00.073000+00:00,2026-03-19 15:15:01.290000+00:00,130.02028333333334,24377.5,24378.5,2.599999999998545,0.06,0.03,0.03,True,True,False,FULL_TP2,37.30722682584674,49.74296910112934,0.3,86.75019592697608,5441.722083548626,1.6199934891816057,43.36202413255823,82.90494850188166,2026-03,7059.649688755851
81,NAS100,SELL,2026-03-19 16:25:00.053000+00:00,2026-03-19 16:35:58.241000+00:00,10.9698,24228.7,24245.5,2.599999999998545,0.06,0.03,0.03,False,False,False,SL,-28.6624058154488,-28.6624058154488,0.3,-57.6248116308976,5384.097271917728,-1.0589444066816367,44.897261658605444,95.54135271816115,2026-03,7002.024877124953
88,XAUUSD,SELL,2026-03-19 17:30:00.089000+00:00,2026-03-19 21:00:00.075000+00:00,209.9997666666667,4579.59,4602.96,0.3400000000001455,0.02,0.01,0.01,False,False,False,EOD_EXIT,-20.170000000000073,-20.170000000000073,0.1,-40.44000000000015,6577.487605207224,-0.611067427938929,60.49647584240718,49.24638431294187,2026-03,6961.584877124952
82,NAS100,SELL,2026-03-19 17:30:00.124000+00:00,2026-03-19 21:00:00.360000+00:00,210.00393333333335,24218.4,24262.5,2.7999999999992724,0.05,0.02,0.03,False,False,False,EOD_EXIT,-10.1,-15.149999999999999,0.25,-25.5,5358.597271917728,-0.4736170004394686,45.41548922818112,98.53125609543545,2026-03,6936.084877124952
83,NAS100,SELL,2026-03-20 10:55:00.186000+00:00,2026-03-20 12:01:57.955000+00:00,66.96281666666667,24361.5,24369.7,2.599999999998545,0.07,0.04,0.03,True,True,False,FULL_TP2,49.410442095011234,49.410442095011604,0.35000000000000003,98.47088419002284,5457.068156107751,1.8376242735401949,22.695468671675826,82.35073682501948,2026-03,7034.555761314975
84,NAS100,SELL,2026-03-20 13:50:00.092000+00:00,2026-03-20 15:25:06.868000+00:00,95.11293333333333,24231.6,24230.7,2.599999999998545,0.06,0.03,0.03,False,False,False,SL,-27.011771370761927,-27.011771370761927,0.3,-54.32354274152385,5402.744613366227,-0.995471216182685,25.93490300124317,90.03923790253944,2026-03,6980.232218573451
89,XAUUSD,SELL,2026-03-20 15:10:00.072000+00:00,2026-03-20 16:15:18.307000+00:00,65.30391666666667,4662.0,4664.79,0.3100000000004002,0.02,0.01,0.01,True,True,False,FULL_TP2,50.24847385873545,78.96188749229805,0.1,129.1103613510335,6706.597966558257,1.9629130315474899,30.517686298235922,39.87974115772638,2026-03,7109.342579924484
85,NAS100,SELL,2026-03-20 15:35:00.085000+00:00,2026-03-20 19:32:23.419000+00:00,237.3889,24191.5,24201.9,2.899999999997817,0.06,0.03,0.03,True,True,False,FULL_TP2,39.423974706571606,52.565299608762864,0.3,91.68927431533447,5494.433887681562,1.6970869599961838,27.744831894777242,87.60883268127142,2026-03,7201.031854239819
90,XAUUSD,SELL,2026-03-20 19:20:00.027000+00:00,2026-03-20 20:55:41.245000+00:00,95.68696666666666,4569.84,4574.85,0.2899999999999636,0.02,0.01,0.01,True,True,False,FULL_TP2,56.89666991564264,89.40905272458167,0.1,146.2057226402243,6852.803689198481,2.1800281360126803,30.89004560770944,45.15608723463723,2026-03,7347.237576880043
91,XAUUSD,SELL,2026-03-23 06:50:00.051000+00:00,2026-03-23 08:29:25.143000+00:00,99.4182,4354.12,4369.04,0.5100000000002183,0.02,0.01,0.01,True,True,False,FULL_TP2,77.24609232376952,121.38671650878041,0.1,198.53280883254993,7051.336498031031,2.897103402297677,42.72462158997502,61.30642247918187,2026-03,7545.7703857125925
86,NAS100,SELL,2026-03-23 07:30:00.108000+00:00,2026-03-23 13:05:38.416000+00:00,335.63846666666666,23771.1,23796.3,2.7999999999992724,0.05,0.02,0.03,True,False,True,TP1_THEN_BE,33.512914615767656,0.8399999999997818,0.25,34.10291461576744,5528.536802297329,0.6206811349978323,44.91106757458611,111.70971538589299,2026-03,7579.87330032836
87,NAS100,BUY,2026-03-23 19:55:00.090000+00:00,2026-03-23 21:00:00.001000+00:00,64.99851666666667,24279.5,24253.2,2.600000000002183,0.03,0.02,0.01,False,False,False,EOD_EXIT,14.740000000000146,7.370000000000073,0.15,21.96000000000022,5550.496802297329,0.39721179012274926,42.23742538406413,186.47927103690293,2026-03,7601.83330032836
88,NAS100,BUY,2026-03-24 12:00:00.098000+00:00,2026-03-24 14:37:22.189000+00:00,157.36818333333335,24217.6,24238.4,2.600000000002183,0.04,0.02,0.02,False,False,False,SL,-26.623102461918464,-26.623102461918464,0.2,-53.44620492383693,5497.050597373492,-0.962908489591702,20.158953618214138,133.1155123095925,2026-03,7548.387095404522
92,XAUUSD,BUY,2026-03-24 13:30:00.002000+00:00,2026-03-24 15:29:56.834000+00:00,119.94720000000001,4427.79,4413.29,0.3400000000001455,0.02,0.01,0.01,False,False,False,SL,-52.2067714880468,-52.2067714880468,0.1,-104.51354297609359,6946.822955054937,-1.4821806193092228,18.2471992816603,58.00752387560737,2026-03,7443.873552428428
89,NAS100,SELL,2026-03-24 18:40:00.111000+00:00,2026-03-24 21:00:00.025000+00:00,139.99856666666668,24104.2,24064.3,2.600000000002183,0.04,0.02,0.02,False,False,False,EOD_EXIT,-5.859999999999854,-5.859999999999854,0.2,-11.919999999999707,5485.130597373492,-0.21684355617347092,16.569595674543784,135.04822009690247,2026-03,7431.953552428428
93,XAUUSD,BUY,2026-03-24 16:10:00.081000+00:00,2026-03-24 21:00:00.057000+00:00,289.9996,4395.03,4398.17,0.27999999999974534,0.02,0.01,0.01,False,False,False,EOD_EXIT,-9.170000000000073,-9.170000000000073,0.1,-18.440000000000147,6928.382955054936,-0.26544508359151525,17.292953732895327,57.789894298363436,2026-03,7413.513552428428
90,NAS100,BUY,2026-03-25 12:00:00.056000+00:00,2026-03-25 16:00:26.938000+00:00,240.4480333333333,24289.1,24275.7,3.100000000002183,0.05,0.02,0.03,False,False,False,SL,-20.623827407328644,-30.935741110992968,0.25,-51.80956851832161,5433.32102885517,-0.9445457605536355,15.149761442065646,103.11913703664452,2026-03,7361.703983910106
91,NAS100,BUY,2026-03-25 16:25:00.053000+00:00,2026-03-25 17:16:25.552000+00:00,51.42498333333333,24297.4,24272.4,2.600000000002183,0.05,0.02,0.03,False,False,False,SL,-21.5580433824638,-32.3370650736957,0.25,-54.1451084561595,5379.1759203990105,-0.9965379952446537,16.490319916297597,107.79021691231799,2026-03,7307.558875453947
94,XAUUSD,BUY,2026-03-25 09:25:00.030000+00:00,2026-03-25 21:00:00.058000+00:00,695.0004666666666,4561.08,4557.26,0.3000000000001819,0.02,0.01,0.01,False,False,False,EOD_EXIT,-19.13000000000011,-19.13000000000011,0.1,-38.36000000000022,6890.022955054936,-0.5536645455201467,21.549321233553194,42.129117048439035,2026-03,7269.198875453946
95,XAUUSD,SELL,2026-03-26 07:10:00.113000+00:00,2026-03-26 07:58:40.124000+00:00,48.66685,4508.82,4512.05,0.27999999999974534,0.02,0.01,0.01,True,True,False,FULL_TP2,42.47261706327572,66.74268395657509,0.1,109.11530101985082,6999.138256074786,1.5836710810926584,18.061347591768016,33.70842624069466,2026-03,7378.314176473797
96,XAUUSD,SELL,2026-03-26 13:50:00.008000+00:00,2026-03-26 15:45:20.679000+00:00,115.34451666666668,4427.33,4426.48,0.38000000000010914,0.02,0.01,0.01,False,False,False,SL,-32.48147939899354,-32.48147939899354,0.1,-65.06295879798708,6934.075297276799,-0.9295852777521114,28.960820952787135,36.090532665548196,2026-03,7313.251217675809
92,NAS100,SELL,2026-03-26 12:35:00.090000+00:00,2026-03-26 18:32:03.251000+00:00,357.05268333333333,23980.0,24016.6,2.600000000002183,0.05,0.02,0.03,True,True,False,FULL_TP2,29.627116417927027,59.25423283585442,0.25,88.63134925378145,5467.807269652792,1.6476752306551643,15.538092934799675,98.7570547264245,2026-03,7401.88256692959
97,XAUUSD,SELL,2026-03-26 17:30:00.004000+00:00,2026-03-26 18:32:08.401000+00:00,62.13995,4442.52,4454.32,0.28000000000065484,0.02,0.01,0.01,True,True,False,FULL_TP2,46.08442270825981,72.41837854155074,0.1,118.40280124981055,7052.478098526609,1.707549978528652,29.332427368168457,36.57493865734904,2026-03,7520.2853681794
98,XAUUSD,SELL,2026-03-27 15:30:00.002000+00:00,2026-03-27 16:03:18.652000+00:00,33.310833333333335,4418.37,4422.14,0.3099999999994907,0.03,0.02,0.01,False,False,False,SL,-55.643804677716616,-27.821902338858308,0.15,-83.61570701657493,6968.862391510034,-1.1856216474326065,20.661098313012914,30.913224820953292,2026-03,7436.669661162826
99,XAUUSD,BUY,2026-03-27 20:30:00.097000+00:00,2026-03-27 21:00:00.074000+00:00,29.999616666666668,4513.85,4509.6,0.2899999999999636,0.02,0.01,0.01,False,False,False,EOD_EXIT,7.159999999999854,7.159999999999854,0.1,14.219999999999708,6983.082391510034,0.2040505207467366,23.247012868229383,35.53879905591087,2026-03,7450.889661162825
93,NAS100,SELL,2026-03-27 18:10:00.110000+00:00,2026-03-27 21:00:00.075000+00:00,169.99941666666666,23338.8,23329.2,2.599999999998545,0.05,0.02,0.03,True,False,False,EOD_EXIT,30.773991375068,49.170000000000435,0.25,79.69399137506844,5547.50126102786,1.4575128098860195,34.43086355388525,102.5799712502275,2026-03,7530.583652537894
100,XAUUSD,BUY,2026-03-30 07:55:00.043000+00:00,2026-03-30 14:45:09.838000+00:00,410.16324999999995,4496.72,4492.48,0.339999999999236,0.02,0.01,0.01,True,True,False,FULL_TP2,48.55770504271004,76.30496506711552,0.1,124.76267010982556,7107.845061619859,1.786641816821621,18.11941651654398,38.537861145007746,2026-03,7655.346322647719
94,NAS100,SELL,2026-03-30 19:05:00.013000+00:00,2026-03-30 21:00:00.012000+00:00,114.99998333333333,23157.4,23160.5,2.599999999998545,0.05,0.02,0.03,False,False,False,EOD_EXIT,22.800000000000004,34.2,0.25,56.75000000000001,5604.25126102786,1.0229830932834285,25.846856044789433,104.78593628577475,2026-03,7712.096322647719
101,XAUUSD,BUY,2026-03-30 18:35:00.030000+00:00,2026-03-30 21:00:00.111000+00:00,145.00135,4548.83,4541.6,0.2899999999999636,0.02,0.01,0.01,False,False,False,EOD_EXIT,-26.660000000000768,-26.660000000000768,0.1,-53.42000000000154,7054.425061619857,-0.7515639344539576,24.065435113474777,34.591338746590715,2026-03,7658.676322647717
102,XAUUSD,BUY,2026-03-31 08:00:00.004000+00:00,2026-03-31 13:39:49.084000+00:00,339.81800000000004,4569.04,4564.79,0.3100000000004002,0.02,0.01,0.01,False,False,False,SL,-31.094623092190886,-31.094623092190886,0.1,-62.289246184381774,6992.135815435475,-0.882981187556605,21.695688832168198,34.5495812135451,2026-03,7596.387076463335
103,XAUUSD,BUY,2026-03-31 14:20:00.025000+00:00,2026-03-31 17:34:09.099000+00:00,194.15123333333335,4575.76,4567.13,0.4899999999997817,0.03,0.02,0.01,True,True,False,FULL_TP2,77.43284695030161,60.840094032379056,0.15,138.12294098268066,7130.258756418156,1.9754041487261682,23.055063560474306,30.727320218373478,2026-03,7734.510017446016
95,NAS100,BUY,2026-03-31 18:10:00.007000+00:00,2026-03-31 19:40:18.450000+00:00,90.30738333333333,23380.1,23314.9,2.600000000002183,0.05,0.02,0.03,True,True,False,FULL_TP2,36.77370486533982,73.54740973067892,0.25,110.07111459601875,5714.3223756238785,1.9640645907769472,16.1928144619994,122.57901621779867,2026-03,7844.581132042034
104,XAUUSD,BUY,2026-04-01 13:25:00.179000+00:00,2026-04-01 15:26:21.541000+00:00,121.35603333333333,4728.28,4725.27,0.32000000000061846,0.03,0.02,0.01,True,False,True,TP1_THEN_BE,75.57529827400322,0.32000000000061846,0.15,75.74529827400383,7206.00405469216,1.062307846904199,45.148188080216606,29.990197727779368,2026-04,7920.326430316039
96,NAS100,BUY,2026-04-01 13:25:00.078000+00:00,2026-04-01 15:49:11.356000+00:00,144.18796666666668,23904.8,23914.6,2.599999999998545,0.06,0.03,0.03,True,False,True,TP1_THEN_BE,45.69599252468797,0.7799999999995634,0.3,46.17599252468754,5760.498368148566,0.8080746847896577,47.81001445772124,101.54665005486252,2026-04,7966.5024228407265
105,XAUUSD,BUY,2026-04-01 15:40:00+00:00,2026-04-01 21:00:00.017000+00:00,320.00028333333336,4747.38,4736.14,0.32000000000061846,0.03,0.02,0.01,True,False,False,EOD_EXIT,75.40384391993211,37.9399999999996,0.15,113.19384391993171,7319.197898612092,1.5708268141512631,47.595869050515894,29.922160285687294,2026-04,8079.696266760659
97,NAS100,BUY,2026-04-01 16:35:00.088000+00:00,2026-04-01 21:00:00.119000+00:00,265.00051666666667,24024.7,23997.6,3.099999999998545,0.05,0.02,0.03,True,False,False,EOD_EXIT,31.936890324766868,32.22000000000043,0.25,63.9068903247673,5824.405258473334,1.1093986360299428,48.34738836853305,106.45630108255594,2026-04,8143.603157085426
98,NAS100,SELL,2026-04-02 12:15:00.103000+00:00,2026-04-02 16:53:18.015000+00:00,278.29853333333335,23668.5,23664.7,3.099999999998545,0.06,0.03,0.03,True,False,True,TP1_THEN_BE,42.7692170946837,0.9299999999995634,0.3,43.399217094683266,5867.804475568017,0.7451270158707821,33.03264530833912,95.0427046548538,2026-04,8187.002374180109
106,XAUUSD,SELL,2026-04-02 12:00:00.043000+00:00,2026-04-02 17:11:33.735000+00:00,311.56153333333333,4618.26,4620.41,0.36999999999989086,0.02,0.01,0.01,False,False,False,SL,-36.84875203194224,-36.84875203194224,0.1,-73.79750406388447,7245.400394548207,-1.0082731070556021,41.75794841744524,40.94305781326884,2026-04,8113.204870116224
107,XAUUSD,SELL,2026-04-02 19:10:00.007000+00:00,2026-04-02 21:00:00.027000+00:00,110.00033333333334,4654.83,4658.11,0.36999999999989086,0.02,0.01,0.01,False,False,False,EOD_EXIT,9.109999999999673,9.109999999999673,0.1,18.119999999999344,7263.520394548206,0.2500896984745483,34.58198519281499,42.124254564082,2026-04,8131.324870116223
108,XAUUSD,SELL,2026-04-06 06:15:00.057000+00:00,2026-04-06 08:07:38.513000+00:00,112.64093333333334,4626.7,4633.2,0.4899999999997817,0.02,0.01,0.01,False,False,False,SL,-34.022885768204105,-34.022885768204105,0.1,-68.1457715364082,7195.374623011798,-0.9381920588748742,23.459799719505693,37.80320640911558,2026-04,8063.179098579814
99,NAS100,BUY,2026-04-06 07:10:00.409000+00:00,2026-04-06 20:12:54.305000+00:00,782.8982666666667,24074.5,24074.6,2.599999999998545,0.05,0.02,0.03,True,False,True,TP1_THEN_BE,33.330128719776255,0.7799999999995634,0.25,33.860128719775815,5901.664604287793,0.5770493693298817,23.747385595483614,111.10042906591993,2026-04,8097.0392272995905
109,XAUUSD,BUY,2026-04-06 17:15:00.049000+00:00,2026-04-06 20:14:04.234000+00:00,179.06975,4683.3,4673.29,0.4099999999998545,0.03,0.02,0.01,False,False,False,SL,-53.235772047359205,-26.617886023679603,0.15,-80.00365807103881,7115.370964940759,-1.1118762019030408,16.614257678414106,29.575428915199062,2026-04,8017.035569228552
100,NAS100,SELL,2026-04-07 07:05:00.369000+00:00,2026-04-07 11:02:06.269000+00:00,237.09833333333333,24068.0,24071.7,2.399999999997817,0.07,0.04,0.03,False,False,False,SL,-33.973127189684604,-25.47984539226345,0.35000000000000003,-59.802972581948055,5841.861631705845,-1.013323809328284,20.667792335236367,84.93281797421274,2026-04,7957.232596646604
101,NAS100,SELL,2026-04-07 16:35:00.129000+00:00,2026-04-07 17:06:13.142000+00:00,31.21688333333333,24065.8,24076.0,3.099999999998545,0.06,0.03,0.03,True,True,False,FULL_TP2,41.588352207404384,55.45113627653954,0.3,96.73948848394393,5938.601120189789,1.6559702126271627,15.572066474693404,92.41856046089855,2026-04,8053.972085130548
110,XAUUSD,BUY,2026-04-08 08:00:00.156000+00:00,2026-04-08 13:16:23.163000+00:00,316.38345000000004,4805.86,4803.91,0.4099999999998545,0.02,0.01,0.01,False,False,False,SL,-30.247504574010236,-30.247504574010236,0.1,-60.59500914802047,7054.775955792738,-0.85160716773008,26.90348876704028,33.60833841556694,2026-04,7993.3770759825275
102,NAS100,BUY,2026-04-08 10:20:00.112000+00:00,2026-04-08 17:08:46.009000+00:00,408.76495,25039.4,25022.1,2.5,0.05,0.02,0.03,False,False,False,SL,-22.863521117938944,-34.29528167690842,0.25,-57.40880279484736,5881.192317394942,-0.9667058223471433,33.17689299758283,114.31760558969593,2026-04,7935.96827318768
103,NAS100,BUY,2026-04-08 19:00:00.102000+00:00,2026-04-08 21:00:00.127000+00:00,120.00041666666667,24951.7,24932.1,2.599999999998545,0.05,0.02,0.03,False,False,False,EOD_EXIT,0.4,0.6,0.25,0.75,5881.942317394942,0.012752516148497768,35.14132212281253,108.54426525210742,2026-04,7936.71827318768
111,XAUUSD,SELL,2026-04-09 06:10:00.322000+00:00,2026-04-09 13:49:09.125000+00:00,459.1467166666667,4712.55,4717.98,0.28000000000065484,0.03,0.02,0.01,False,False,False,SL,-52.145548731399685,-26.072774365699843,0.15,-78.36832309709953,6976.407632695639,-1.1108548816883492,24.58012429579831,28.969749295221813,2026-04,7858.349950090581
112,XAUUSD,BUY,2026-04-09 16:05:00.107000+00:00,2026-04-09 18:33:29.564000+00:00,148.49095,4749.46,4743.36,0.3599999999996726,0.03,0.02,0.01,True,True,False,FULL_TP2,60.637900430434456,47.64406462391253,0.15,108.13196505434698,7084.539597749987,1.5499662684212374,20.291079240554183,24.06265890096582,2026-04,7966.481915144928
104,NAS100,BUY,2026-04-09 08:25:00.055000+00:00,2026-04-09 18:55:03.186000+00:00,630.0521833333333,24885.3,24877.7,2.600000000002183,0.07,0.04,0.03,True,True,False,FULL_TP2,47.13258213492082,47.13258213492082,0.35000000000000003,93.91516426984164,5975.857481664783,1.596669249749389,18.502109549171436,78.55430355820106,2026-04,8060.39707941477
113,XAUUSD,BUY,2026-04-10 06:15:00.030000+00:00,2026-04-10 11:47:12.691000+00:00,332.2110166666667,4761.64,4760.35,0.3400000000001455,0.04,0.02,0.02,False,False,False,SL,-39.548279021062626,-39.548279021062626,0.2,-79.29655804212526,7005.2430397078615,-1.1192902086016914,15.16491558763185,21.97126612281233,2026-04,7981.100521372645
114,XAUUSD,BUY,2026-04-14 06:50:00.119000+00:00,2026-04-14 13:39:02.270000+00:00,409.03585000000004,4771.44,4771.4,0.27999999999974534,0.04,0.02,0.02,False,False,False,SL,-35.91003444408125,-35.91003444408125,0.2,-72.0200688881625,6933.222970819699,-1.0280880831675747,16.98463016812394,19.9500191356006,2026-04,7909.0804524844825
105,NAS100,BUY,2026-04-14 07:20:00.068000+00:00,2026-04-14 16:32:17.539000+00:00,552.2911833333333,25454.9,25456.3,2.599999999998545,0.1,0.05,0.05,True,True,False,FULL_TP2,44.712433238115416,59.61657765082055,0.5,103.82901088893597,6079.686492553719,1.737474683884375,41.745508982496574,59.616577650820254,2026-04,8012.9094633734185
115,XAUUSD,BUY,2026-04-14 16:10:00.163000+00:00,2026-04-14 17:33:07.106000+00:00,83.11571666666667,4781.92,4777.21,0.27999999999974534,0.04,0.02,0.02,True,True,False,FULL_TP2,49.977836741945794,78.53660059448703,0.2,128.31443733643283,7061.537408156132,1.8507184591708365,17.69095473721063,19.83247489759767,2026-04,8141.2239007098515
106,NAS100,BUY,2026-04-15 06:50:00.106000+00:00,2026-04-15 08:44:06.649000+00:00,114.10905,25887.3,25889.2,2.600000000002183,0.11,0.06,0.05,False,False,False,SL,-33.343164790458104,-27.785970658715087,0.55,-61.67913544917319,6018.007357104546,-1.0145117766305316,64.97348942306166,55.57194131743175,2026-04,8079.544765260678
107,NAS100,BUY,2026-04-15 20:30:00.124000+00:00,2026-04-15 21:00:00.181000+00:00,30.00095,26074.9,26055.5,2.599999999998545,0.09,0.04,0.05,False,False,False,EOD_EXIT,0.23999999999941793,0.2999999999992724,0.44999999999999996,0.08999999999869035,6018.097357104544,0.0014955116313116674,51.045542370086594,66.66609383881078,2026-04,8079.634765260676
116,XAUUSD,BUY,2026-04-16 06:10:00.096000+00:00,2026-04-16 11:05:03.332000+00:00,295.05393333333336,4826.49,4826.16,0.36999999999989086,0.04,0.02,0.02,False,False,False,SL,-32.179950297006144,-32.179950297006144,0.2,-64.55990059401229,6996.97750756212,-0.9142470946828815,16.023920092311187,17.877750165003782,2026-04,8015.074864666664
108,NAS100,BUY,2026-04-16 08:35:00.194000+00:00,2026-04-16 13:37:33.211000+00:00,302.5502833333333,26323.3,26319.0,2.599999999998545,0.11,0.06,0.05,False,False,False,SL,-32.95756362721367,-27.4646363560114,0.55,-60.97219998322507,5957.125157121319,-1.0131474511831478,57.89684137887087,54.929272712021096,2026-04,7954.102664683439
109,NAS100,BUY,2026-04-16 16:25:00.004000+00:00,2026-04-16 16:41:48.100000+00:00,16.8016,26306.2,26275.0,2.599999999998545,0.12,0.06,0.06,False,False,False,SL,-30.68207893729486,-30.68207893729486,0.6,-61.96415787458972,5895.160999246729,-1.0401688102946096,50.38175470506085,51.13679822882657,2026-04,7892.138506808849
110,NAS100,BUY,2026-04-16 20:45:00.132000+00:00,2026-04-16 21:00:00.154000+00:00,15.000366666666668,26372.8,26372.0,2.599999999998545,0.08,0.04,0.04,False,False,False,EOD_EXIT,-17.8,-17.8,0.4,-36.0,5859.160999246729,-0.6106703447895655,41.304032300392144,74.50018466819864,2026-04,7856.138506808849
117,XAUUSD,SELL,2026-04-17 13:05:00.275000+00:00,2026-04-17 14:45:42.112000+00:00,100.69728333333335,4788.99,4791.01,0.3099999999994907,0.05,0.02,0.03,False,False,False,SL,-27.353670294773107,-41.030505442159665,0.25,-68.63417573693278,6928.343331825187,-0.9809117674417996,25.489040411395557,15.196483497096638,2026-04,7787.504331071917
111,NAS100,BUY,2026-04-17 07:15:00.001000+00:00,2026-04-17 15:05:44.597000+00:00,470.74326666666667,26347.3,26344.5,2.599999999998545,0.1,0.05,0.05,True,True,False,FULL_TP2,43.77147448425785,58.36196597900926,0.5,101.6334404632671,5960.794439709996,1.7346074032840775,22.220140234740196,58.36196597900962,2026-04,7889.137771535184
118,XAUUSD,BUY,2026-04-17 18:50:00.020000+00:00,2026-04-17 21:00:00.040000+00:00,130.00033333333334,4869.09,4863.46,0.31999999999970896,0.04,0.02,0.02,False,False,False,EOD_EXIT,-1.780000000000655,-1.780000000000655,0.2,-3.7600000000013103,6924.583331825186,-0.05426982786389693,27.602746796891736,21.28928866522784,2026-04,7885.377771535183
112,NAS100,BUY,2026-04-20 09:55:00.108000+00:00,2026-04-20 16:08:54.251000+00:00,373.9023833333333,26565.2,26534.4,2.600000000002183,0.09,0.04,0.05,True,True,False,FULL_TP2,41.995034285139994,69.99172380856544,0.44999999999999996,111.53675809370543,6072.331197803702,1.8711726972274505,25.24818722540112,69.99172380856545,2026-04,7996.914529628888
119,XAUUSD,SELL,2026-04-21 11:10:00.020000+00:00,2026-04-21 14:42:37.549000+00:00,212.62548333333334,4775.89,4780.34,0.36999999999989086,0.05,0.02,0.03,False,False,False,SL,-29.17695518920846,-43.765432783812685,0.25,-73.19238797302114,6851.390943852165,-1.05699338813111,15.64891227973197,16.209419549560547,2026-04,7923.722141655867
120,XAUUSD,SELL,2026-04-21 15:25:00+00:00,2026-04-21 16:39:14.327000+00:00,74.23878333333333,4780.34,4782.6,0.31999999999970896,0.05,0.02,0.03,True,False,True,TP1_THEN_BE,40.06900244748613,0.9599999999991269,0.25,40.779002447485254,6892.16994629965,0.59519304593291,16.297734472479185,15.900397796621169,2026-04,7964.501144103352
121,XAUUSD,SELL,2026-04-21 17:15:00.088000+00:00,2026-04-21 17:45:17.115000+00:00,30.283783333333336,4777.6,4778.53,0.32999999999992724,0.04,0.02,0.02,True,True,False,FULL_TP2,45.91012149808739,72.14447663985084,0.2,117.85459813793823,7010.024544437589,1.7099781209140585,17.154771999240285,18.218302181780444,2026-04,8082.3557422412905
113,NAS100,BUY,2026-04-21 17:10:00.071000+00:00,2026-04-21 17:46:09.813000+00:00,36.16236666666667,26736.2,26743.0,2.7999999999992724,0.11,0.06,0.05,False,False,False,SL,-33.62298531627457,-28.019154430228813,0.55,-62.192139746503386,6010.139058057199,-1.024188861256409,15.290896628218892,56.03830886045685,2026-04,8020.1636024947875
122,XAUUSD,BUY,2026-04-22 13:50:00.010000+00:00,2026-04-22 16:02:06.958000+00:00,132.1158,4757.4,4757.45,0.27999999999974534,0.04,0.02,0.02,False,False,False,SL,-33.155637833049695,-33.155637833049695,0.2,-66.5112756660994,6943.5132687714895,-0.9488023222240454,22.346979304606222,18.419798796138505,2026-04,7953.652326828688
114,NAS100,BUY,2026-04-22 08:20:00.195000+00:00,2026-04-22 17:22:19.210000+00:00,542.3169166666667,26727.1,26716.6,2.6999999999970896,0.08,0.04,0.04,True,True,False,FULL_TP2,42.6455175753872,56.86069010051724,0.4,99.10620767590444,6109.245265733103,1.6489836045148167,21.784743529010324,71.07586262564591,2026-04,8052.758534504593
123,XAUUSD,SELL,2026-04-22 17:05:00.021000+00:00,2026-04-22 21:00:00.383000+00:00,235.0060333333333,4745.89,4745.45,0.3000000000001819,0.04,0.02,0.02,False,False,False,EOD_EXIT,16.079999999999927,16.079999999999927,0.2,31.959999999999855,6975.4732687714895,0.4602857193884864,20.356105231320775,18.19562873324944,2026-04,8084.718534504593
124,XAUUSD,SELL,2026-04-23 08:35:00.184000+00:00,2026-04-23 11:00:22.778000+00:00,145.37656666666666,4702.89,4706.15,0.4000000000005457,0.04,0.02,0.02,False,False,False,SL,-33.62307338059327,-33.62307338059327,0.2,-67.44614676118654,6908.027122010303,-0.9669042395035234,30.77656881652033,18.679485211441,2026-04,8017.272387743406
125,XAUUSD,SELL,2026-04-23 11:40:00.169000+00:00,2026-04-23 14:46:25.913000+00:00,186.42906666666667,4703.85,4707.77,0.27999999999974534,0.04,0.02,0.02,True,False,True,TP1_THEN_BE,46.56961745773697,0.5599999999994907,0.2,46.929617457736455,6954.95673946804,0.6793490620239412,32.57536174892521,18.480006927673415,2026-04,8064.202005201143
115,NAS100,BUY,2026-04-23 13:30:00.274000+00:00,2026-04-23 16:48:15.288000+00:00,198.2502333333333,26862.6,26828.1,2.599999999998545,0.09,0.04,0.05,True,True,False,FULL_TP2,41.90813067254058,69.8468844542349,0.44999999999999996,111.30501512677547,6220.5502808598785,1.8219110591465013,26.71613179007398,69.8468844542349,2026-04,8175.507020327918
116,NAS100,BUY,2026-04-23 17:35:00.065000+00:00,2026-04-23 20:09:41.953000+00:00,154.69813333333335,26914.7,26924.2,2.600000000002183,0.08,0.04,0.04,False,False,False,SL,-31.437195615340897,-31.437195615340897,0.4,-63.27439123068179,6157.275889629197,-1.017183181130645,22.285112422664135,78.59298903835395,2026-04,8112.232629097237
126,XAUUSD,SELL,2026-04-23 20:05:00.044000+00:00,2026-04-23 20:42:09.382000+00:00,37.155633333333334,4710.93,4725.69,0.28000000000065484,0.04,0.02,0.02,True,True,False,FULL_TP2,49.0091614865687,77.01439662175108,0.2,125.82355810831977,7080.78029757636,1.8091206433290277,23.136763714799674,19.44807995498742,2026-04,8238.056187205557
127,XAUUSD,SELL,2026-04-24 09:30:00.094000+00:00,2026-04-24 10:46:07.303000+00:00,76.12015,4672.15,4671.56,0.2899999999999636,0.04,0.02,0.02,False,False,False,SL,-36.09418206756527,-36.09418206756527,0.2,-72.38836413513054,7008.391933441229,-1.0223218500354818,30.330829363414395,20.052323370869846,2026-04,8165.6678230704265
117,NAS100,BUY,2026-04-24 12:10:00.004000+00:00,2026-04-24 14:07:22.201000+00:00,117.36995,26986.4,26985.3,2.599999999998545,0.08,0.04,0.04,True,True,False,FULL_TP2,46.535967172236994,62.04795622964885,0.4,108.18392340188583,6265.459813031083,1.7570095175384592,16.42327636086543,77.55994528706196,2026-04,8273.851746472312
128,XAUUSD,SELL,2026-04-24 12:30:00.033000+00:00,2026-04-24 14:07:41.012000+00:00,97.68298333333334,4682.72,4683.19,0.33000000000083674,0.04,0.02,0.02,False,False,False,SL,-35.810373178732334,-35.810373178732334,0.2,-71.82074635746467,6936.571187083765,-1.0247821046475003,29.395063362751557,19.89465176596244,2026-04,8202.031000114846
118,NAS100,BUY,2026-04-24 17:45:00.050000+00:00,2026-04-24 20:54:43.539000+00:00,189.72481666666667,27148.5,27142.4,2.600000000002183,0.07,0.04,0.03,True,True,False,FULL_TP2,54.071255874191415,54.07125587419141,0.35000000000000003,107.79251174838282,6373.252324779466,1.7204245971571448,18.23834425441459,90.11875979031984,2026-04,8309.82351186323
129,XAUUSD,BUY,2026-04-27 10:10:00.175000+00:00,2026-04-27 12:29:54.395000+00:00,139.90366666666665,4717.09,4717.53,0.27999999999974534,0.04,0.02,0.02,False,False,False,SL,-31.851015664320588,-31.851015664320588,0.2,-63.90203132864118,6872.669155755124,-0.9212336989726263,17.12940842672839,17.695008702400372,2026-04,8245.921480534587
119,NAS100,SELL,2026-04-28 12:15:00.153000+00:00,2026-04-28 14:06:59.812000+00:00,111.99431666666666,27230.2,27237.7,2.599999999998545,0.11,0.06,0.05,True,True,False,FULL_TP2,50.87435085385295,56.52705650428107,0.55,106.85140735813403,6480.1037321376,1.6765601283773337,17.13002144246349,56.52705650428135,2026-04,8352.772887892721
130,XAUUSD,SELL,2026-04-28 16:05:00.031000+00:00,2026-04-28 18:50:07.882000+00:00,165.13085,4573.16,4584.05,0.27999999999974534,0.04,0.02,0.02,True,False,True,TP1_THEN_BE,52.5666932269105,0.5599999999994907,0.2,52.92669322690999,6925.595848982034,0.7701039003541958,35.470958091133,20.859798899567647,2026-04,8405.69958111963
120,NAS100,SELL,2026-04-28 17:35:00.072000+00:00,2026-04-28 20:57:07.769000+00:00,202.12828333333334,26967.6,27039.7,2.599999999998545,0.08,0.04,0.04,True,False,True,TP1_THEN_BE,47.99821401496884,1.0399999999994178,0.4,48.638214014968256,6528.741946152568,0.7505777071708065,26.829497970231543,79.99702335828106,2026-04,8454.3377951346
131,XAUUSD,SELL,2026-04-29 06:45:00.077000+00:00,2026-04-29 11:36:08.144000+00:00,291.13444999999996,4592.89,4593.88,0.32999999999992724,0.04,0.02,0.02,True,True,False,FULL_TP2,43.47347065625581,68.31545388840095,0.2,111.58892454465676,7037.184773526691,1.6112537748078206,43.326770618987204,17.251377244545907,2026-04,8565.926719679255
132,XAUUSD,SELL,2026-04-29 12:25:00.022000+00:00,2026-04-29 16:20:06.175000+00:00,235.10255,4565.99,4571.9,0.28000000000065484,0.05,0.02,0.03,True,True,False,FULL_TP2,43.01014850424326,101.38106433143092,0.25,144.1412128356742,7181.325986362365,2.048279496339524,42.93310454799194,17.06751924771578,2026-04,8710.067932514929
133,XAUUSD,SELL,2026-04-29 20:00:00.044000+00:00,2026-04-29 21:00:00.126000+00:00,60.00136666666666,4544.98,4545.45,0.27999999999974534,0.04,0.02,0.02,False,False,False,EOD_EXIT,-5.100000000000364,-5.100000000000364,0.2,-10.400000000000727,7170.925986362365,-0.1448200516137376,50.111568822838635,20.870732780227627,2026-04,8699.667932514927
134,XAUUSD,BUY,2026-04-30 15:55:00.035000+00:00,2026-04-30 16:47:01.547000+00:00,52.025200000000005,4639.48,4635.12,0.31999999999970896,0.04,0.02,0.02,False,False,False,SL,-37.77894159822063,-37.77894159822063,0.2,-75.75788319644126,7095.168103165924,-1.0564588637578642,33.78266593060985,20.988300887900696,2026-04,8623.910049318485
135,XAUUSD,BUY,2026-04-30 20:15:00.034000+00:00,2026-04-30 21:00:00.077000+00:00,45.00071666666667,4617.69,4616.13,0.27999999999974534,0.04,0.02,0.02,False,False,False,EOD_EXIT,2.100000000000364,2.100000000000364,0.2,4.000000000000727,7099.168103165925,0.05637639505984211,28.96093551325712,20.321553782596716,2026-04,8627.910049318485
121,NAS100,BUY,2026-04-30 18:05:00.057000+00:00,2026-04-30 21:00:00.112000+00:00,175.00091666666668,27299.1,27276.4,3.0,0.05,0.02,0.03,False,False,False,EOD_EXIT,32.53999999999942,48.80999999999912,0.25,81.09999999999854,6609.841946152566,1.2421995028887813,16.766779480833467,129.89020726809622,2026-04,8709.010049318484
136,XAUUSD,BUY,2026-05-01 06:30:00.048000+00:00,2026-05-01 07:41:30.463000+00:00,71.50691666666667,4630.21,4626.56,0.32000000000061846,0.05,0.02,0.03,False,False,False,SL,-29.19391343661846,-43.79087015492769,0.25,-73.23478359154615,7025.933319574378,-1.0315966959408465,23.218168143107587,16.218840798121324,2026-05,8635.775265726938
122,NAS100,BUY,2026-05-01 20:10:00.045000+00:00,2026-05-01 21:00:00.129000+00:00,50.0014,27754.0,27745.1,2.599999999998545,0.07,0.04,0.03,False,False,False,EOD_EXIT,14.2,10.649999999999999,0.35000000000000003,24.499999999999996,6634.341946152566,0.3706593924573472,20.14503573470373,92.70546825827296,2026-05,8660.275265726938
123,NAS100,BUY,2026-05-04 10:20:00.052000+00:00,2026-05-04 11:05:42.234000+00:00,45.70303333333333,27844.3,27846.5,2.599999999998545,0.09,0.04,0.05,False,False,False,SL,-29.748494643036977,-37.18561830379622,0.44999999999999996,-67.3841129468332,6566.957833205734,-1.0156864613514691,31.73778287987439,74.37123660759345,2026-05,8592.891152780105
124,NAS100,BUY,2026-05-04 12:25:00.154000+00:00,2026-05-04 13:02:45.897000+00:00,37.76238333333333,27815.3,27816.9,2.600000000002183,0.09,0.04,0.05,False,False,False,SL,-28.90191629935434,-36.12739537419293,0.44999999999999996,-65.47931167354727,6501.478521532186,-0.9971026666632762,30.95158539837671,72.25479074838411,2026-05,8527.411841106557
137,XAUUSD,SELL,2026-05-04 12:50:00.077000+00:00,2026-05-04 13:06:42.257000+00:00,16.703,4579.26,4582.02,0.27999999999974534,0.04,0.02,0.02,True,True,False,FULL_TP2,44.997366108742426,70.710146742309,0.2,115.50751285105143,7141.44083242543,1.6440166394583535,15.961076183336505,17.856097662199232,2026-05,8642.919353957608
138,XAUUSD,SELL,2026-05-04 16:25:00.053000+00:00,2026-05-04 17:22:08.556000+00:00,57.14171666666667,4560.78,4562.65,0.3000000000001819,0.04,0.02,0.02,False,False,False,SL,-35.595322615423356,-35.595322615423356,0.2,-71.39064523084672,7070.0501871945835,-0.9996672507136138,20.988920869691352,19.775179230791128,2026-05,8571.52870872676
139,XAUUSD,SELL,2026-05-04 18:05:00.058000+00:00,2026-05-04 18:21:45.868000+00:00,16.7635,4557.9,4561.13,0.38000000000010914,0.04,0.02,0.02,True,True,False,FULL_TP2,51.69876801433384,81.24092116538122,0.2,132.73968917971507,7202.789876374299,1.8774928842815835,22.581704380287565,20.51538413267193,2026-05,8704.268397906475
125,NAS100,BUY,2026-05-05 08:10:00.015000+00:00,2026-05-05 15:11:38.740000+00:00,421.6454166666666,27742.0,27739.3,2.599999999998545,0.09,0.04,0.05,True,True,False,FULL_TP2,41.586612786832845,69.31102131138687,0.44999999999999996,110.44763409821971,6611.926155630406,1.698807951644064,20.505269652461756,69.31102131138691,2026-05,8814.716032004695
126,NAS100,BUY,2026-05-06 06:10:00.216000+00:00,2026-05-06 11:52:38.245000+00:00,342.63381666666663,28213.1,28199.3,2.599999999998545,0.09,0.04,0.05,True,True,False,FULL_TP2,44.53550244006329,74.22583740010487,0.44999999999999996,118.31133984016815,6730.237495470575,1.7893626918295171,34.395647287418385,74.22583740010458,2026-05,8933.027371844863
140,XAUUSD,BUY,2026-05-06 16:35:00.008000+00:00,2026-05-06 20:40:00.503000+00:00,245.00825,4694.08,4698.01,0.28000000000065484,0.04,0.02,0.02,False,False,False,SL,-37.82200489658862,-37.82200489658862,0.2,-75.84400979317725,7126.945866581122,-1.052981012842696,44.65164290692275,21.012224942549008,2026-05,8857.183362051685
127,NAS100,BUY,2026-05-06 17:35:00.260000+00:00,2026-05-06 21:00:00.046000+00:00,204.99643333333333,28408.7,28397.0,2.599999999998545,0.07,0.04,0.03,False,False,False,EOD_EXIT,44.719999999999715,33.53999999999978,0.35000000000000003,77.9099999999995,6808.1474954705745,1.157611452083714,39.023545298291104,90.2854550600824,2026-05,8935.093362051684
141,XAUUSD,BUY,2026-05-07 08:35:00.148000+00:00,2026-05-07 09:38:04.936000+00:00,63.0798,4705.07,4703.53,0.32999999999992724,0.04,0.02,0.02,True,True,False,FULL_TP2,44.35710949138411,69.70402920074775,0.2,113.86113869213186,7240.807005273254,1.5976147542531058,38.10047765027732,17.602027575946266,2026-05,9048.954500743816
128,NAS100,BUY,2026-05-07 14:05:00.191000+00:00,2026-05-07 17:22:22.667000+00:00,197.37460000000002,28653.4,28657.3,2.599999999998545,0.1,0.05,0.05,True,True,False,FULL_TP2,51.023609977053646,68.03147996940424,0.5,118.55508994645788,6926.702585417032,1.7413707623892105,42.0288870050189,68.03147996940375,2026-05,9167.509590690273
142,XAUUSD,BUY,2026-05-07 13:40:00.041000+00:00,2026-05-07 18:28:30.098000+00:00,288.50095,4739.16,4736.49,0.3099999999994907,0.04,0.02,0.02,True,False,True,TP1_THEN_BE,49.37300963806956,0.6199999999989814,0.2,49.79300963806854,7290.600014911322,0.6876721006623412,41.58807201832341,19.592464142090854,2026-05,9217.302600328341
129,NAS100,BUY,2026-05-08 13:15:00.167000+00:00,2026-05-08 16:45:01.552000+00:00,210.02308333333335,28777.8,28771.6,2.5,0.1,0.05,0.05,True,True,False,FULL_TP2,53.99424640240068,71.99232853653302,0.5,125.4865749389337,7052.189160355966,1.811635094642635,24.790937230431716,71.9923285365339,2026-05,9342.789175267275
143,XAUUSD,BUY,2026-05-08 11:35:00.245000+00:00,2026-05-08 17:10:31.022000+00:00,335.51295,4721.27,4719.54,0.27999999999974534,0.04,0.02,0.02,True,False,True,TP1_THEN_BE,56.1115563184485,0.5599999999994907,0.2,56.47155631844799,7347.071571229771,0.7745803665397609,21.360401486993354,22.266490602558804,2026-05,9399.260731585722
144,XAUUSD,SELL,2026-05-11 10:50:00.058000+00:00,2026-05-11 15:23:04.379000+00:00,273.0720166666667,4669.11,4667.32,0.28000000000065484,0.04,0.02,0.02,False,False,False,SL,-38.471745353723236,-38.471745353723236,0.2,-77.14349070744647,7269.928080522324,-1.0499896449836,23.756134153582522,21.37319186317985,2026-05,9322.117240878275
130,NAS100,BUY,2026-05-11 07:45:00.376000+00:00,2026-05-11 17:31:43.130000+00:00,586.7125666666667,29248.4,29254.3,2.599999999998545,0.09,0.04,0.05,False,False,False,SL,-31.14718684382097,-38.933983554776205,0.44999999999999996,-70.53117039859718,6981.657989957369,-1.0001315732579845,47.254106656006655,77.86796710955419,2026-05,9251.586070479678
131,NAS100,BUY,2026-05-11 20:30:00.117000+00:00,2026-05-11 21:00:00.049000+00:00,29.998866666666668,29365.7,29355.4,2.600000000002183,0.08,0.04,0.04,False,False,False,EOD_EXIT,1.239999999999418,1.239999999999418,0.4,2.079999999998836,6983.737989957368,0.02979235022670506,39.13491739563526,86.90782990673613,2026-05,9253.666070479676
145,XAUUSD,BUY,2026-05-11 20:55:00.039000+00:00,2026-05-11 21:00:00.169000+00:00,5.002166666666667,4723.64,4722.43,0.28000000000065484,0.04,0.02,0.02,False,False,False,EOD_EXIT,2.279999999998836,2.279999999998836,0.2,4.3599999999976715,7274.288080522322,0.05997308297559414,27.309370300877873,22.316987987288773,2026-05,9258.026070479673
132,NAS100,SELL,2026-05-12 13:35:00.115000+00:00,2026-05-12 16:45:02.741000+00:00,190.04376666666667,29124.2,29130.8,2.600000000002183,0.09,0.04,0.05,False,False,False,SL,-31.156254807682124,-38.94531850960266,0.44999999999999996,-70.55157331728479,6913.186416640083,-1.0102265207935655,33.35955916113124,77.89063701920671,2026-05,9187.474497162388
133,NAS100,SELL,2026-05-12 17:00:00.041000+00:00,2026-05-12 17:19:06.648000+00:00,19.110116666666666,29031.4,29049.2,2.7999999999992724,0.08,0.04,0.04,False,False,False,SL,-35.18167621725879,-35.18167621725879,0.4,-70.76335243451759,6842.423064205565,-1.0235996567977648,36.17180630154869,87.95419054314779,2026-05,9116.71114472787
146,XAUUSD,SELL,2026-05-12 12:10:00.066000+00:00,2026-05-12 18:17:29.129000+00:00,367.4843833333333,4697.72,4699.37,0.3599999999996726,0.04,0.02,0.02,True,True,False,FULL_TP2,47.3051821504414,74.33671480783596,0.2,121.44189695827735,7395.7299774806,1.6694677969030525,19.701155556479954,18.771897678746303,2026-05,9238.153041686146
147,XAUUSD,SELL,2026-05-13 08:40:00.168000+00:00,2026-05-13 19:09:54.374000+00:00,629.9034333333333,4696.86,4701.1,0.27999999999974534,0.05,0.02,0.03,True,False,True,TP1_THEN_BE,44.03759031768277,0.839999999999236,0.25,44.62759031768201,7440.357567798282,0.6034237384757071,17.416864851759417,17.47523425304875,2026-05,9282.780632003829
134,NAS100,BUY,2026-05-13 17:45:00.196000+00:00,2026-05-13 20:01:46.615000+00:00,136.77365,29194.1,29192.7,2.400000000001455,0.07,0.04,0.03,True,True,False,FULL_TP2,60.64257753178826,60.6425775317879,0.35000000000000003,120.93515506357616,6963.358219269142,1.7674317113804079,22.590160464756693,101.07096255298069,2026-05,9403.715787067405
135,NAS100,BUY,2026-05-14 08:50:00.148000+00:00,2026-05-14 12:37:17.867000+00:00,227.29531666666665,29529.7,29513.4,2.600000000002183,0.07,0.04,0.03,False,False,False,SL,-38.32434669928189,-28.743260024461414,0.35000000000000003,-67.41760672374329,6895.940612545399,-0.9681766268635148,21.549909153332475,95.81086674820395,2026-05,9336.298180343661
136,NAS100,BUY,2026-05-14 16:40:00.080000+00:00,2026-05-14 18:20:31.366000+00:00,100.52143333333333,29552.2,29515.5,2.599999999998545,0.08,0.04,0.04,True,True,False,FULL_TP2,52.76965658443515,70.35954211258067,0.4,122.72919869701582,7018.669811242415,1.779731085179902,16.383277246351753,87.94942764072573,2026-05,9459.027379040677
137,NAS100,BUY,2026-05-14 20:55:00.155000+00:00,2026-05-14 21:00:00.037000+00:00,4.998033333333334,29657.5,29665.0,2.599999999998545,0.07,0.04,0.03,False,False,False,EOD_EXIT,-3.8399999999994177,-2.8799999999995634,0.35000000000000003,-7.069999999998981,7011.599811242416,-0.10073133784801139,17.545038547864557,104.26966896206689,2026-05,9451.957379040678
148,XAUUSD,SELL,2026-05-15 07:20:00.426000+00:00,2026-05-15 08:32:06.183000+00:00,72.09594999999999,4610.79,4614.13,0.27999999999974534,0.04,0.02,0.02,True,True,False,FULL_TP2,47.91029738976249,75.28761018391378,0.2,122.99790757367627,7563.355475371958,1.6531182332689056,28.795804373553423,19.01202277371559,2026-05,9574.955286614353
138,NAS100,SELL,2026-05-15 11:00:00.017000+00:00,2026-05-15 12:49:09.383000+00:00,109.1561,29271.2,29333.6,2.600000000002183,0.06,0.03,0.03,True,True,False,FULL_TP2,48.799737203164845,65.06631627088572,0.3,113.56605347405058,7125.165864716467,1.6196881814612194,24.660711479250374,108.4438604514767,2026-05,9688.521340088404
149,XAUUSD,SELL,2026-05-15 10:45:00.119000+00:00,2026-05-15 12:50:01.443000+00:00,125.02206666666666,4574.8,4577.56,0.27999999999974534,0.04,0.02,0.02,True,True,False,FULL_TP2,53.73049043925312,84.43362783311204,0.2,137.96411827236517,7701.3195936443235,1.824112574393844,36.389143993590835,21.321623190179746,2026-05,9826.485458360768
139,NAS100,SELL,2026-05-15 14:55:00.120000+00:00,2026-05-15 17:13:25.747000+00:00,138.42711666666668,29182.1,29223.3,2.600000000002183,0.06,0.03,0.03,True,False,True,TP1_THEN_BE,53.98441422571159,0.7800000000006547,0.3,54.46441422571225,7179.630278942179,0.7643950366884485,30.303999163449095,119.96536494602569,2026-05,9880.949872586481
150,XAUUSD,SELL,2026-05-15 14:45:00.092000+00:00,2026-05-15 17:17:19.730000+00:00,152.3273,4556.52,4551.23,0.28000000000065484,0.04,0.02,0.02,True,False,True,TP1_THEN_BE,57.288094237699625,0.5600000000013097,0.2,57.64809423770093,7758.967687882025,0.7485482654852583,43.435013599970425,22.73337072924622,2026-05,9938.597966824182
140,NAS100,SELL,2026-05-15 19:00:00.047000+00:00,2026-05-15 20:25:15.406000+00:00,85.25598333333333,29208.1,29210.3,2.7999999999992724,0.05,0.02,0.03,False,False,False,SL,-27.082592501228646,-40.62388875184297,0.25,-67.95648125307162,7111.673797689107,-0.9465178374489234,34.522468115508126,135.412962506145,2026-05,9870.64148557111
151,XAUUSD,SELL,2026-05-15 18:30:00+00:00,2026-05-15 21:00:00.029000+00:00,150.00048333333334,4543.82,4546.79,0.27999999999974534,0.03,0.02,0.01,False,False,False,EOD_EXIT,-26.10000000000036,-13.05000000000018,0.15,-39.30000000000054,7719.667687882024,-0.5065106800403277,48.219658846755415,25.072554961422355,2026-05,9831.341485571109
141,NAS100,SELL,2026-05-18 09:00:00.083000+00:00,2026-05-18 10:32:34.057000+00:00,92.56623333333333,28958.6,28979.2,2.7000000000007276,0.05,0.02,0.03,False,False,False,SL,-26.537842084678417,-39.80676312701762,0.25,-66.59460521169603,7045.079192477411,-0.9364125395253017,31.215768486155532,132.68921042339375,2026-05,9764.746880359413
152,XAUUSD,SELL,2026-05-19 10:40:00.127000+00:00,2026-05-19 11:00:00.339000+00:00,20.003533333333333,4542.41,4543.37,0.2899999999999636,0.04,0.02,0.02,False,False,False,SL,-34.86306397877706,-34.86306397877706,0.2,-69.92612795755413,7649.7415599244705,-0.9058178510367865,18.395897434696188,19.368368877098288,2026-05,9694.820752401858
153,XAUUSD,SELL,2026-05-19 11:20:00.211000+00:00,2026-05-19 16:23:41.733000+00:00,303.69203333333337,4540.58,4544.35,0.27999999999974534,0.04,0.02,0.02,True,True,False,FULL_TP2,48.53318317241065,76.26643069950114,0.2,124.59961387191179,7774.3411737963825,1.628808148561061,17.54432728790855,19.259199671591215,2026-05,9819.42036627377
142,NAS100,SELL,2026-05-19 06:55:00.141000+00:00,2026-05-19 17:16:06.794000+00:00,621.1108833333333,28928.0,28937.8,3.0,0.05,0.02,0.03,True,True,False,FULL_TP2,42.63413704862106,85.26827409724174,0.25,127.6524111458628,7172.731603623274,1.8119372069254718,21.243149718375488,142.11379016206956,2026-05,9947.072777419631
154,XAUUSD,SELL,2026-05-19 20:45:00.219000+00:00,2026-05-19 21:00:00.141000+00:00,14.998700000000001,4500.73,4504.49,0.28000000000065484,0.04,0.02,0.02,False,False,False,EOD_EXIT,6.299999999999272,6.299999999999272,0.2,12.399999999998546,7786.741173796381,0.15949904593579023,25.362083183057717,22.626684255600637,2026-05,9959.472777419629
155,XAUUSD,SELL,2026-05-20 09:40:00.014000+00:00,2026-05-20 10:30:28.564000+00:00,50.475833333333334,4466.96,4466.75,0.2899999999999636,0.04,0.02,0.02,False,False,False,SL,-37.82034550146818,-37.82034550146818,0.2,-75.84069100293637,7710.900482793445,-0.9739721574174357,34.8382966423474,21.01130305637129,2026-05,9883.632086416692
156,XAUUSD,SELL,2026-05-20 12:25:00.020000+00:00,2026-05-20 13:36:00.800000+00:00,71.01299999999999,4474.32,4479.2,0.27999999999974534,0.04,0.02,0.02,False,False,False,SL,-35.69173872694046,-35.69173872694046,0.2,-71.58347745388092,7639.317005339564,-0.9283413475976829,31.851201138958697,19.82874373718936,2026-05,9812.04860896281
143,NAS100,BUY,2026-05-20 19:40:00.097000+00:00,2026-05-20 21:00:00.020000+00:00,79.99871666666667,29228.7,29176.6,2.599999999998545,0.06,0.03,0.03,False,False,False,EOD_EXIT,17.01000000000022,17.01000000000022,0.3,33.72000000000044,7206.451603623274,0.47011378458615305,15.915756260009912,128.10664450310554,2026-05,9845.768608962811
144,NAS100,BUY,2026-05-21 11:05:00.100000+00:00,2026-05-21 13:30:28.352000+00:00,145.47086666666667,29311.3,29289.4,2.600000000002183,0.07,0.04,0.03,False,False,False,SL,-43.446492642203516,-32.58486948165264,0.35000000000000003,-76.38136212385615,7130.070241499418,-1.059902519645771,17.643881699944533,108.61623160551012,2026-05,9769.387246838955
157,XAUUSD,SELL,2026-05-21 17:40:00.071000+00:00,2026-05-21 20:10:28.735000+00:00,150.47773333333333,4504.73,4508.72,0.27999999999974534,0.04,0.02,0.02,False,False,False,SL,-35.99025175989118,-35.99025175989118,0.2,-72.18050351978236,7567.136501819782,-0.9448554559174753,20.60832751706902,19.994584311051042,2026-05,9697.206743319171
145,NAS100,BUY,2026-05-22 06:00:00.143000+00:00,2026-05-22 13:32:49.753000+00:00,452.82683333333335,29495.2,29495.5,2.400000000001455,0.06,0.03,0.03,False,False,False,SL,-33.74481533501603,-33.74481533501603,0.3,-67.78963067003205,7062.280610829386,-0.9507568421342261,21.63399951079373,112.48271778338578,2026-05,9629.41711264914
158,XAUUSD,SELL,2026-05-22 10:10:00.257000+00:00,2026-05-22 19:30:34.298000+00:00,560.5673499999999,4522.43,4525.34,0.27999999999974534,0.05,0.02,0.03,True,False,True,TP1_THEN_BE,43.64085767011966,0.839999999999236,0.25,44.230857670118894,7611.367359489901,0.5845124857927704,15.09594901359349,17.317800662745903,2026-05,9673.64797031926
146,NAS100,BUY,2026-05-22 17:35:00.053000+00:00,2026-05-22 21:00:00.057000+00:00,205.00006666666667,29550.1,29541.4,2.600000000002183,0.07,0.04,0.03,True,False,False,EOD_EXIT,58.79488444498275,24.629999999999562,0.35000000000000003,83.07488444498232,7145.355495274369,1.1763180907537756,22.85614060479899,97.99147407497138,2026-05,9756.722854764243
147,NAS100,BUY,2026-05-25 10:55:00.097000+00:00,2026-05-25 19:59:59.958000+00:00,544.9976833333334,29922.9,29921.4,2.8000000000029104,0.09,0.04,0.05,False,False,False,EOD,0.0,0.0,0.44999999999999996,-0.44999999999999996,7144.905495274369,-0.006297797223631638,32.08672788736872,82.41892345897104,2026-05,9756.272854764242
159,XAUUSD,BUY,2026-05-25 12:30:00.119000+00:00,2026-05-25 21:00:00.049000+00:00,509.9988333333333,4564.9,4558.84,0.2600000000002183,0.05,0.02,0.03,True,False,False,EOD_EXIT,38.989423830340456,18.66000000000076,0.25,57.39942383034122,7668.766783320242,0.754127624109159,21.61284960762468,15.471993583468134,2026-05,9813.672278594582
148,NAS100,SELL,2026-05-26 07:40:00.318000+00:00,2026-05-26 13:19:27.493000+00:00,339.4529166666667,29765.3,29765.4,2.599999999998545,0.11,0.06,0.05,False,False,False,SL,-38.089482970798414,-31.741235808998685,0.55,-70.38071877979709,7074.524776494572,-0.985047581473916,22.578353793162556,63.48247161799817,2026-05,9743.291559814785
160,XAUUSD,SELL,2026-05-26 07:20:00.239000+00:00,2026-05-26 13:34:50.157000+00:00,374.8319666666667,4535.47,4538.06,0.3899999999994179,0.06,0.03,0.03,True,False,True,TP1_THEN_BE,53.52580558864156,1.1699999999982538,0.3,54.39580558863982,7723.162588908882,0.7093162059244263,20.47743962463654,14.160266028741033,2026-05,9797.687365403424
161,XAUUSD,SELL,2026-05-26 14:30:00.010000+00:00,2026-05-26 15:53:37.668000+00:00,83.62763333333334,4519.27,4523.53,0.28000000000065484,0.06,0.03,0.03,True,False,True,TP1_THEN_BE,57.2714603578388,0.8400000000019645,0.3,57.811460357840765,7780.974049266722,0.7485464625704363,25.33389220658468,15.15117998884649,2026-05,9855.498825761266
149,NAS100,BUY,2026-05-26 16:40:00.077000+00:00,2026-05-26 16:48:43.954000+00:00,8.731283333333332,29887.5,29817.0,2.599999999998545,0.12,0.06,0.06,True,True,False,FULL_TP2,54.64438179190256,72.85917572253601,0.6,126.90355751443857,7201.4283340090105,1.793810348026222,18.89133066372152,60.715979768779555,2026-05,9982.402383275705
162,XAUUSD,SELL,2026-05-26 17:05:00.118000+00:00,2026-05-26 21:00:00.017000+00:00,234.99831666666665,4515.48,4517.26,0.27999999999974534,0.05,0.02,0.03,True,False,False,EOD_EXIT,43.06304611423002,78.0,0.25,120.81304611423002,7901.787095380952,1.552672523379196,26.283422060200913,17.088510362789982,2026-05,10103.215429389935
150,NAS100,BUY,2026-05-26 20:40:00.022000+00:00,2026-05-26 21:00:00.017000+00:00,19.999916666666664,29939.3,29937.6,2.5,0.09,0.04,0.05,False,False,False,EOD_EXIT,5.1200000000011645,6.400000000001455,0.44999999999999996,11.07000000000262,7212.498334009013,0.15371950516710883,20.97715021337819,82.69150869887847,2026-05,10114.285429389938
151,NAS100,BUY,2026-05-27 10:10:00.135000+00:00,2026-05-27 13:15:14.844000+00:00,185.24515000000002,30071.5,30070.6,2.599999999998545,0.11,0.06,0.05,True,True,False,FULL_TP2,60.04501744055815,66.71668604506522,0.55,126.21170348562337,7338.710037494637,1.7499027055645717,28.601136233244848,66.71668604506444,2026-05,10240.497132875562
163,XAUUSD,SELL,2026-05-27 08:30:00.095000+00:00,2026-05-27 13:30:54.889000+00:00,300.9132333333334,4496.56,4507.34,0.27999999999974534,0.05,0.02,0.03,True,True,False,FULL_TP2,42.27163534123429,99.64028330433757,0.25,141.66191864557186,8043.449014026524,1.7927832898507399,20.1970790652963,16.774458468743752,2026-05,10382.159051521134
164,XAUUSD,SELL,2026-05-27 18:10:00.101000+00:00,2026-05-27 19:35:30.597000+00:00,85.50826666666667,4431.99,4429.51,0.27999999999974534,0.04,0.02,0.02,False,False,False,SL,-40.901230883093376,-40.901230883093376,0.2,-82.00246176618676,7961.446552260338,-1.0194937721764286,25.557062882073474,22.722906046163413,2026-05,10300.156589754946
152,NAS100,SELL,2026-05-27 20:05:00.030000+00:00,2026-05-27 21:00:00.014000+00:00,54.99973333333333,29854.1,29932.5,2.5,0.07,0.04,0.03,False,False,False,EOD_EXIT,-0.08000000000029103,-0.060000000000218275,0.35000000000000003,-0.49000000000050936,7338.220037494636,-0.0066769227493254455,28.23425190090325,99.6429281096268,2026-05,10299.666589754946
165,XAUUSD,SELL,2026-05-28 13:45:00.044000+00:00,2026-05-28 15:46:26.383000+00:00,121.43898333333333,4380.94,4389.12,0.3000000000001819,0.05,0.02,0.03,False,False,False,SL,-34.08040903368419,-51.120613550526286,0.25,-85.45102258421048,7875.995529676127,-1.0733102586734071,29.536589101381477,18.933560574268796,2026-05,10214.215567170737
153,NAS100,SELL,2026-05-28 16:45:00.039000+00:00,2026-05-28 17:10:04.500000+00:00,25.07435,29892.0,29915.3,2.600000000002183,0.08,0.04,0.04,False,False,False,SL,-37.73199267833843,-37.73199267833843,0.4,-75.86398535667686,7262.3560521379595,-1.0338199858964412,15.089608792154726,94.32998169584715,2026-05,10138.35158181406
166,XAUUSD,BUY,2026-05-29 07:10:00.051000+00:00,2026-05-29 12:50:31.193000+00:00,340.5190333333333,4502.31,4503.6,0.3000000000001819,0.05,0.02,0.03,True,True,False,FULL_TP2,45.040427804497085,106.16672268203,0.25,150.9571504865271,8026.952680162654,1.9166738975121622,32.90334858895939,17.873185636705227,2026-05,10289.308732300588
167,XAUUSD,BUY,2026-05-29 14:50:00.055000+00:00,2026-05-29 15:42:39.782000+00:00,52.66211666666666,4533.98,4529.62,0.27999999999974534,0.05,0.02,0.03,False,False,False,SL,-31.65683925255144,-47.48525887882715,0.25,-79.39209813137859,7947.560582031276,-0.9890689691940457,40.008276551850315,17.587132918083675,2026-05,10209.916634169209
154,NAS100,BUY,2026-05-29 11:35:00.251000+00:00,2026-05-29 16:45:00.726000+00:00,310.00791666666663,30282.5,30281.1,2.599999999998545,0.1,0.05,0.05,True,True,False,FULL_TP2,53.663139966180104,71.55085328823952,0.5,124.71399325441962,7387.070045392379,1.7172663025479886,24.849032686125486,71.55085328824015,2026-05,10334.630627423629
168,XAUUSD,BUY,2026-05-29 16:35:00.071000+00:00,2026-05-29 17:30:38.349000+00:00,55.637966666666664,4531.4,4525.21,0.27999999999974534,0.05,0.02,0.03,True,False,True,TP1_THEN_BE,45.34721309772249,0.839999999999236,0.25,45.937213097721724,7993.4977951289975,0.5780039374796545,40.93910943621355,17.994925832429303,2026-05,10380.567840521351
155,NAS100,BUY,2026-05-29 18:30:00.059000+00:00,2026-05-29 20:57:10.145000+00:00,147.16809999999998,30361.9,30360.6,2.599999999998545,0.08,0.04,0.04,False,False,False,SL,-35.3025385196248,-35.3025385196248,0.4,-71.0050770392496,7316.064968353129,-0.9612075776043086,28.94438645976184,88.25634629906293,2026-05,10309.562763482101
169,XAUUSD,SELL,2026-06-01 09:10:00.091000+00:00,2026-06-01 16:11:54.611000+00:00,421.90866666666665,4514.13,4516.95,0.27999999999974534,0.05,0.02,0.03,True,True,False,FULL_TP2,42.61730657886437,100.45507979303783,0.25,142.8223863719022,8136.3201815009,1.7867320418720072,28.370743656322933,16.911629594787687,2026-06,10452.385149854003
170,XAUUSD,BUY,2026-06-02 13:50:00.010000+00:00,2026-06-02 15:54:16.572000+00:00,124.27603333333333,4532.27,4530.91,0.27999999999974534,0.05,0.02,0.03,False,False,False,SL,-29.936721452479105,-44.90508217871866,0.25,-75.09180363119776,8061.228377869702,-0.9229209514385858,21.329314110226637,16.631511918043675,2026-06,10377.293346222805
156,NAS100,BUY,2026-06-02 14:35:00.007000+00:00,2026-06-02 16:08:33.362000+00:00,93.55591666666666,30536.8,30540.8,2.599999999998545,0.1,0.05,0.05,False,False,False,SL,-35.590780940718105,-35.590780940718105,0.5,-71.68156188143621,7244.383406471693,-0.9797830143869263,17.16484297407088,71.18156188143692,2026-06,10305.611784341369
157,NAS100,BUY,2026-06-02 16:55:00.078000+00:00,2026-06-02 19:06:30.185000+00:00,131.50178333333332,30573.6,30534.0,2.599999999998545,0.11,0.06,0.05,True,True,False,FULL_TP2,61.782630419217455,68.64736713246384,0.55,129.8799975516813,7374.263404023374,1.79283715761999,15.729853096636173,68.64736713246369,2026-06,10435.49178189305
171,XAUUSD,SELL,2026-06-03 07:25:00.658000+00:00,2026-06-03 11:23:57.066000+00:00,238.94013333333334,4477.07,4480.62,0.27999999999974534,0.06,0.03,0.03,True,True,False,FULL_TP2,56.5920978580907,88.93043949128423,0.3,145.22253734937493,8206.450915219077,1.8014938982258695,26.86336205857166,14.971454459812344,2026-06,10580.714319242425
172,XAUUSD,SELL,2026-06-03 15:20:00.004000+00:00,2026-06-03 17:11:18.030000+00:00,111.30043333333333,4457.93,4456.19,0.28000000000065484,0.06,0.03,0.03,True,False,True,TP1_THEN_BE,62.56549856008496,0.8400000000019645,0.3,63.10549856008693,8269.556413779164,0.7689743009740805,37.42681324579497,16.551719195789705,2026-06,10643.819817802512
173,XAUUSD,SELL,2026-06-03 18:10:00.074000+00:00,2026-06-03 21:00:00.040000+00:00,169.99943333333334,4445.84,4449.23,0.28000000000065484,0.05,0.02,0.03,False,False,False,EOD_EXIT,20.859999999998763,31.28999999999814,0.25,51.89999999999691,8321.45641377916,0.6276031917929533,41.42808359546257,18.31259732986515,2026-06,10695.71981780251
174,XAUUSD,BUY,2026-06-04 12:05:00.046000+00:00,2026-06-04 14:48:06.166000+00:00,163.102,4468.42,4467.3,0.27999999999974534,0.05,0.02,0.03,True,True,False,FULL_TP2,43.94228155660312,103.57823509770697,0.25,147.2705166543101,8468.72693043347,1.7697685276636292,30.846360345981765,17.437413316112295,2026-06,10842.99033445682
158,NAS100,SELL,2026-06-04 16:45:00.030000+00:00,2026-06-04 17:24:59.671000+00:00,39.99401666666667,30221.6,30200.6,2.600000000002183,0.07,0.04,0.03,False,False,False,SL,-39.91757473013422,-29.938181047600665,0.35000000000000003,-70.20575577773488,7304.057648245639,-0.9520375382771227,35.68208118535239,99.79393682533629,2026-06,10772.784578679084
175,XAUUSD,BUY,2026-06-04 19:15:00.136000+00:00,2026-06-04 21:00:00.054000+00:00,104.99863333333333,4483.36,4479.43,0.28000000000065484,0.05,0.02,0.03,False,False,False,EOD_EXIT,-2.600000000000364,-3.9000000000005453,0.25,-6.7500000000009095,8461.97693043347,-0.07970501417094827,26.061633463794415,20.566351515856056,2026-06,10766.034578679082
176,XAUUSD,SELL,2026-06-05 09:00:00.105000+00:00,2026-06-05 09:47:06.687000+00:00,47.1097,4437.48,4439.91,0.27999999999974534,0.06,0.03,0.03,False,False,False,SL,-41.916528236833074,-41.916528236833074,0.3,-84.13305647366614,8377.843873959804,-0.9942482373248018,23.25329745858991,15.524640087715563,2026-06,10681.901522205417
177,XAUUSD,SELL,2026-06-05 15:30:00.046000+00:00,2026-06-05 15:50:26.068000+00:00,20.433699999999998,4452.98,4464.75,1.4600000000000364,0.06,0.03,0.03,True,True,False,FULL_TP2,56.77566193815983,89.21889733139597,0.3,145.69455926955578,8523.53843322936,1.7390460058871084,21.356057140515166,15.020016385756847,2026-06,10827.596081474972
159,NAS100,SELL,2026-06-05 06:35:00.051000+00:00,2026-06-05 16:39:04.639000+00:00,604.0764666666668,30159.9,30165.1,2.8000000000029104,0.07,0.04,0.03,True,True,False,FULL_TP2,65.37060039642529,65.37060039642529,0.35000000000000003,130.39120079285058,7434.448849038489,1.7851885496025517,34.197867257043725,108.9510006607094,2026-06,10957.987282267823
178,XAUUSD,SELL,2026-06-05 20:45:00.019000+00:00,2026-06-05 21:00:00.030000+00:00,15.000183333333332,4339.98,4341.22,0.27999999999974534,0.04,0.02,0.02,False,False,False,EOD_EXIT,-1.639999999999418,-1.639999999999418,0.2,-3.479999999998836,8520.05843322936,-0.04082811413663503,33.95972183684867,23.579853528137146,2026-06,10954.507282267823
179,XAUUSD,SELL,2026-06-08 07:40:00.289000+00:00,2026-06-08 09:22:36.230000+00:00,102.59901666666666,4307.63,4311.28,0.28000000000065484,0.04,0.02,0.02,True,False,True,TP1_THEN_BE,58.142432216362074,0.5600000000013097,0.2,58.50243221636338,8578.560865445723,0.6866435562014002,45.77175654965336,23.072393736651616,2026-06,11013.009714484186
160,NAS100,SELL,2026-06-08 09:45:00.104000+00:00,2026-06-08 10:48:43.929000+00:00,63.73041666666666,29040.3,29073.9,2.599999999998545,0.04,0.02,0.02,False,False,False,SL,-33.147753686028594,-33.147753686028594,0.2,-66.49550737205719,7367.953341666432,-0.8944241694615624,55.10475159607751,165.73876843014312,2026-06,10946.514207112128
180,XAUUSD,SELL,2026-06-08 10:50:00+00:00,2026-06-08 14:15:00.405000+00:00,205.00675,4296.51,4298.39,0.27999999999974534,0.04,0.02,0.02,False,False,False,SL,-42.99618741653103,-42.99618741653103,0.2,-86.19237483306206,8492.36849061266,-1.0047416598772794,48.072626992748816,23.886770786961947,2026-06,10860.321832279065
181,XAUUSD,BUY,2026-06-09 08:30:00.012000+00:00,2026-06-09 16:55:03.457000+00:00,505.05741666666665,4342.71,4332.82,0.27999999999974534,0.06,0.03,0.03,True,False,True,TP1_THEN_BE,64.40831820992844,0.839999999999236,0.3,64.94831820992768,8557.316808822588,0.764784503660205,24.524144331875515,17.03923762167414,2026-06,10925.270150488994
161,NAS100,BUY,2026-06-09 11:15:00.015000+00:00,2026-06-09 17:11:20.088000+00:00,356.33455,29631.4,29650.3,2.7999999999992724,0.06,0.03,0.03,False,False,False,SL,-38.45400669526025,-38.45400669526025,0.3,-77.20801339052049,7290.745328275912,-1.0478895537231798,18.70829033976991,128.18002231753565,2026-06,10848.062137098474
182,XAUUSD,SELL,2026-06-10 10:25:00.005000+00:00,2026-06-10 14:45:03.472000+00:00,260.05778333333336,4194.82,4199.12,0.27999999999974534,0.04,0.02,0.02,True,True,False,FULL_TP2,58.369772368989295,91.72392800841226,0.2,149.89370037740156,8707.21050919999,1.7516436954029941,38.46723652077748,23.16260808293245,2026-06,10997.955837475874
162,NAS100,SELL,2026-06-10 10:40:00.118000+00:00,2026-06-10 15:33:15.716000+00:00,293.2599666666667,28930.7,28937.9,4.5,0.04,0.02,0.02,True,False,True,TP1_THEN_BE,52.290782275960375,0.8999999999999999,0.2,52.99078227596037,7343.736110551872,0.726822566006313,29.758197899587927,174.3026075865348,2026-06,11050.946619751834
183,XAUUSD,SELL,2026-06-10 17:40:00+00:00,2026-06-10 20:44:42.403000+00:00,184.70671666666667,4149.94,4157.78,0.28000000000065484,0.04,0.02,0.02,True,True,False,FULL_TP2,68.33618316288266,107.38543068452964,0.2,175.5216138474123,8882.7321230474,2.0158191152259057,42.003124107554314,27.11753300114395,2026-06,11226.468233599246
163,NAS100,SELL,2026-06-10 18:05:00.053000+00:00,2026-06-10 21:00:00.147000+00:00,175.00156666666666,28809.1,28884.7,2.899999999997817,0.03,0.02,0.01,False,False,False,EOD_EXIT,23.92000000000044,11.96000000000022,0.15,35.73000000000066,7379.466110551873,0.4865370904145356,29.815034101641263,211.01997298965205,2026-06,11262.198233599247
164,NAS100,BUY,2026-06-11 14:50:00.012000+00:00,2026-06-11 15:22:43.248000+00:00,32.720600000000005,28887.0,28886.9,2.600000000002183,0.05,0.02,0.03,False,False,False,SL,-30.48714693310176,-45.73072039965264,0.25,-76.4678673327544,7302.998243219118,-1.0362249272127324,17.841001880682757,152.43573466550987,2026-06,11185.730366266493
165,NAS100,BUY,2026-06-11 16:50:00.002000+00:00,2026-06-11 17:57:35.557000+00:00,67.59258333333334,28963.9,28813.6,3.2999999999992724,0.05,0.02,0.03,False,False,False,SL,-31.6038154678281,-47.40572320174215,0.25,-79.25953866957025,7223.738704549548,-1.085301351991468,16.65291004111932,158.0190773391388,2026-06,11106.470827596922
184,XAUUSD,SELL,2026-06-11 17:05:00.035000+00:00,2026-06-11 19:14:19.840000+00:00,129.33008333333333,4062.77,4077.57,0.27999999999974534,0.04,0.02,0.02,False,False,False,SL,-48.115546683086905,-48.115546683086905,0.2,-96.43109336617381,8786.301029681226,-1.0856017273781209,32.30624249355761,26.73085926838176,2026-06,11010.039734230748
166,NAS100,BUY,2026-06-11 18:40:00.065000+00:00,2026-06-11 20:33:44.074000+00:00,113.73348333333334,28813.4,28859.0,2.7999999999992724,0.04,0.02,0.02,True,True,False,FULL_TP2,57.465036842317936,76.62004912309058,0.2,133.88508596540854,7357.623790514956,1.853404330379323,15.197599667545296,191.55012280772667,2026-06,11143.924820196156
167,NAS100,BUY,2026-06-12 14:00:00.087000+00:00,2026-06-12 15:57:01.571000+00:00,117.02473333333334,29605.1,29574.8,6.0,0.04,0.02,0.02,False,False,False,SL,-34.22923948582684,-34.22923948582684,0.2,-68.65847897165368,7288.965311543303,-0.9331610439251381,23.10505296420046,171.14619742913254,2026-06,11075.266341224502
168,NAS100,BUY,2026-06-12 17:15:00.094000+00:00,2026-06-12 17:47:21.736000+00:00,32.3607,29604.1,29565.9,6.5,0.04,0.02,0.02,False,False,False,SL,-36.09543700814902,-36.09543700814902,0.2,-72.39087401629804,7216.574437527005,-0.9931570658136473,21.0783765871123,180.47718504074516,2026-06,11002.875467208203
169,NAS100,BUY,2026-06-12 17:50:00.019000+00:00,2026-06-12 18:24:07.548000+00:00,34.125483333333335,29619.1,29399.1,8.399999999997817,0.04,0.02,0.02,True,True,False,FULL_TP2,54.1431555122239,72.19087401629804,0.2,126.13402952852194,7342.708467055527,1.7478379890687563,21.0783765871123,180.47718504074516,2026-06,11129.009496736726
170,NAS100,BUY,2026-06-12 19:25:00.072000+00:00,2026-06-12 21:00:00.045000+00:00,94.99955,29610.5,29611.4,9.100000000002183,0.04,0.02,0.02,False,False,False,EOD_EXIT,18.1,18.1,0.2,36.0,7378.708467055527,0.4902823006186467,19.176631198771627,201.4415524075814,2026-06,11165.009496736726
185,XAUUSD,BUY,2026-06-12 18:00:00.051000+00:00,2026-06-12 21:00:00.045000+00:00,179.9999,4203.26,4204.23,0.27999999999974534,0.04,0.02,0.02,False,False,False,EOD_EXIT,34.36000000000058,34.36000000000058,0.2,68.52000000000116,8854.821029681227,0.7798503576024998,20.146934506310266,26.59325106972104,2026-06,11233.529496736726
186,XAUUSD,BUY,2026-06-15 10:25:00.068000+00:00,2026-06-15 16:32:08.247000+00:00,367.1363166666667,4316.66,4316.71,0.27999999999974534,0.04,0.02,0.02,True,True,False,FULL_TP2,59.74499907637437,93.88499854858856,0.2,153.42999762496294,9008.251027306189,1.732728387289454,33.913837300318505,23.708332966815522,2026-06,11386.959494361688
171,NAS100,BUY,2026-06-15 07:20:00.228000+00:00,2026-06-15 18:05:55.888000+00:00,645.9276666666667,30241.5,30238.9,2.8000000000029104,0.05,0.02,0.03,True,True,False,FULL_TP2,47.60460282430577,95.20920564861188,0.25,142.56380847291766,7521.272275528445,1.9320970480055804,26.687831680071678,158.68200941435288,2026-06,11529.523302834607
187,XAUUSD,BUY,2026-06-15 18:50:00.017000+00:00,2026-06-15 19:38:09.103000+00:00,48.15143333333333,4356.6,4357.27,0.28000000000065484,0.05,0.02,0.03,False,False,False,SL,-38.166756379994695,-57.25013456999204,0.25,-95.66689094998674,8912.584136356203,-1.061991841257501,40.724584261394696,21.20375354444177,2026-06,11433.856411884619
172,NAS100,BUY,2026-06-16 06:15:00.094000+00:00,2026-06-16 14:19:03.341000+00:00,484.05411666666663,30541.5,30527.4,2.600000000002183,0.08,0.04,0.04,True,True,False,FULL_TP2,54.21473212936398,72.2863095058201,0.4,126.10104163518407,7647.373317163629,1.6765918984939847,44.30331589907528,90.35788688227443,2026-06,11559.957453519803
188,XAUUSD,BUY,2026-06-16 10:00:00.054000+00:00,2026-06-16 17:18:59.632000+00:00,438.9929666666667,4326.79,4324.09,0.27999999999974534,0.06,0.03,0.03,True,False,True,TP1_THEN_BE,60.75635996947676,0.839999999999236,0.3,61.296359969476,8973.880496325679,0.6877507020599779,21.043422011468753,16.07311110303643,2026-06,11621.253813489278
189,XAUUSD,BUY,2026-06-16 18:55:00.059000+00:00,2026-06-16 21:00:00.001000+00:00,124.99903333333333,4335.1,4338.09,0.27999999999974534,0.06,0.03,0.03,False,False,False,EOD_EXIT,6.510000000000218,6.510000000000218,0.3,12.720000000000436,8986.60049632568,0.14174470013511536,19.979122177603845,16.29009840279852,2026-06,11633.97381348928
173,NAS100,SELL,2026-06-17 16:35:00.034000+00:00,2026-06-17 16:43:58.601000+00:00,8.976116666666666,30154.8,30185.9,3.399999999997817,0.09,0.04,0.05,False,False,False,SL,-34.33383884803625,-42.91729856004531,0.44999999999999996,-77.70113740808156,7569.672179755547,-1.0160500107100894,27.222459021924557,85.83459712009187,2026-06,11556.272676081198
174,NAS100,SELL,2026-06-17 16:45:00.097000+00:00,2026-06-17 17:00:00.366000+00:00,15.004483333333333,30197.0,30264.7,3.7000000000007276,0.09,0.04,0.05,True,True,False,FULL_TP2,51.500758272055826,85.83459712009244,0.44999999999999996,136.88535539214828,7706.5575351476955,1.808339279978817,27.222459021924557,85.83459712009187,2026-06,11693.158031473347
175,NAS100,SELL,2026-06-17 17:35:00.058000+00:00,2026-06-17 18:18:25.538000+00:00,43.42466666666667,30168.8,30204.7,4.200000000000728,0.08,0.04,0.04,True,False,True,TP1_THEN_BE,56.11927553833666,1.680000000000291,0.4,57.39927553833695,7763.956810686032,0.7448108351433582,27.372285624839066,93.53212589722806,2026-06,11750.557307011684
176,NAS100,SELL,2026-06-17 19:45:00.049000+00:00,2026-06-17 21:00:00.010000+00:00,74.99935,30151.3,30176.0,2.900000000001455,0.07,0.04,0.03,False,False,False,EOD_EXIT,-21.119999999999706,-15.839999999999781,0.35000000000000003,-37.30999999999949,7726.646810686033,-0.4805539354449698,28.596561347364876,105.49300651342625,2026-06,11713.247307011685
190,XAUUSD,SELL,2026-06-18 08:45:00.012000+00:00,2026-06-18 12:00:29.149000+00:00,195.4856166666667,4303.16,4310.49,0.28000000000065484,0.04,0.02,0.02,True,True,False,FULL_TP2,61.26929275504699,96.28031718650163,0.2,157.34960994154864,9143.950106267228,1.7509358517259517,19.77711895068157,24.313211410732617,2026-06,11870.596916953233
177,NAS100,BUY,2026-06-18 15:20:00.111000+00:00,2026-06-18 16:36:06.547000+00:00,76.10726666666666,30211.4,30190.0,3.2999999999992724,0.07,0.04,0.03,True,False,True,TP1_THEN_BE,67.29564849775925,0.9899999999997817,0.35000000000000003,67.93564849775903,7794.582459183792,0.8792384350194877,24.79730937676422,112.15941416293234,2026-06,11938.532565450992
191,XAUUSD,SELL,2026-06-18 17:05:00.017000+00:00,2026-06-18 21:00:00.051000+00:00,235.00056666666666,4243.49,4247.46,0.27999999999974534,0.04,0.02,0.02,True,False,False,EOD_EXIT,58.74160489789756,33.57999999999993,0.2,92.12160489789748,9236.071711165125,1.0074596189534946,23.542116285940665,23.310160673768664,2026-06,12030.65417034889
192,XAUUSD,SELL,2026-06-19 09:35:00.157000+00:00,2026-06-19 10:08:00.481000+00:00,33.0054,4133.67,4138.71,0.27999999999974534,0.05,0.02,0.03,False,False,False,SL,-37.02661334951881,-55.53992002427821,0.25,-92.81653337379703,9143.255177791329,-1.0049351745677197,43.94575462121778,20.570340749732257,2026-06,11937.837636975091
193,XAUUSD,SELL,2026-06-19 13:00:00.011000+00:00,2026-06-19 15:59:49.006000+00:00,179.81658333333334,4157.87,4162.81,0.27999999999974534,0.05,0.02,0.03,False,False,False,SL,-35.382949080476465,-53.0744236207147,0.25,-88.70737270119116,9054.547805090137,-0.9701946514263159,43.323203560484856,19.657193933598016,2026-06,11849.1302642739
194,XAUUSD,SELL,2026-06-19 16:55:00.049000+00:00,2026-06-19 19:59:59.873000+00:00,184.99706666666668,4151.38,4158.1,0.27999999999974534,0.05,0.02,0.03,False,False,False,EOD,0.0,0.0,0.25,-0.25,9054.297805090137,-0.002761043459944616,40.81366557725888,19.916576192461726,2026-06,11848.8802642739
178,NAS100,BUY,2026-06-19 15:55:00.101000+00:00,2026-06-19 19:59:59.997000+00:00,244.99826666666667,30403.6,30390.6,3.899999999997817,0.09,0.04,0.05,False,False,False,EOD,0.0,0.0,0.44999999999999996,-0.44999999999999996,7794.132459183792,-0.0057732406111092914,15.970655482060799,90.71328648981299,2026-06,11848.430264273899
195,XAUUSD,BUY,2026-06-22 11:55:00.095000+00:00,2026-06-22 18:46:24.137000+00:00,411.40070000000003,4197.31,4195.84,0.27999999999974534,0.05,0.02,0.03,False,False,False,SL,-37.054060607713836,-55.581090911570755,0.25,-92.88515151928459,8961.412653570853,-1.0258680851768152,26.33190020740401,20.58558922650747,2026-06,11755.545112754615
179,NAS100,SELL,2026-06-23 15:15:00.350000+00:00,2026-06-23 16:47:46.043000+00:00,92.76155,29565.1,29583.3,4.0,0.06,0.03,0.03,True,False,True,TP1_THEN_BE,59.35480419877094,1.2,0.3,60.25480419877095,7854.387263382563,0.7730790375235794,39.962832232767745,131.89956488615772,2026-06,11815.799916953385
196,XAUUSD,SELL,2026-06-23 15:00:00.056000+00:00,2026-06-23 16:53:36.686000+00:00,113.6105,4122.42,4123.12,0.27999999999974534,0.05,0.02,0.03,False,False,False,SL,-34.39769909311144,-51.59654863966716,0.25,-86.2442477327786,8875.168405838074,-0.9623956742848223,32.335578123182195,19.109832829506505,2026-06,11729.555669220606
197,XAUUSD,SELL,2026-06-23 18:20:00.024000+00:00,2026-06-23 21:00:00.044000+00:00,160.00033333333334,4124.93,4127.54,0.27999999999974534,0.05,0.02,0.03,False,False,False,EOD_EXIT,-1.360000000000582,-2.040000000000873,0.25,-3.650000000001455,8871.518405838073,-0.04112598018535051,30.950462353684102,20.24267956502397,2026-06,11725.905669220605
180,NAS100,SELL,2026-06-23 18:05:00.034000+00:00,2026-06-23 21:00:00.044000+00:00,175.00016666666667,29557.7,29590.3,3.5,0.05,0.02,0.03,False,False,False,EOD_EXIT,18.540000000000145,27.81000000000022,0.25,46.100000000000364,7900.4872633825635,0.586933117175419,45.638518093447644,155.07304812495943,2026-06,11772.005669220605
198,XAUUSD,SELL,2026-06-24 10:50:00.070000+00:00,2026-06-24 14:15:45.246000+00:00,205.75293333333332,4078.77,4084.34,0.27999999999974534,0.05,0.02,0.03,True,True,False,FULL_TP2,53.02571787114629,124.98919212484543,0.25,177.76490999599173,9049.283315834065,2.003770965283802,36.73513483079949,21.041951536169258,2026-06,11949.770579216598
181,NAS100,SELL,2026-06-24 14:05:00.029000+00:00,2026-06-24 17:20:16.296000+00:00,195.27111666666667,29539.3,29575.9,3.2999999999992724,0.06,0.03,0.03,True,True,False,FULL_TP2,58.7227004224671,78.29693389662316,0.3,136.71963431909023,8037.206897701653,1.7305215458388608,41.00792450206404,130.49488982770507,2026-06,12086.490213535688
182,NAS100,SELL,2026-06-24 19:30:00.028000+00:00,2026-06-24 20:25:08.071000+00:00,55.13405,29476.7,29517.6,3.2000000000007276,0.05,0.02,0.03,True,True,False,FULL_TP2,47.983042349615424,95.96608469923048,0.25,143.6991270488459,8180.9060247504995,1.7879237013288605,39.2109928485052,159.9434744987175,2026-06,12230.189340584533
199,XAUUSD,SELL,2026-06-24 17:55:00.051000+00:00,2026-06-24 21:00:00.099000+00:00,185.0008,4007.93,4006.27,0.2800000000002001,0.04,0.02,0.02,True,False,False,EOD_EXIT,66.70811508375664,66.73999999999978,0.2,133.24811508375643,9182.531430917821,1.4724714702058708,39.39776951861258,26.471474239585966,2026-06,12363.437455668289
200,XAUUSD,SELL,2026-06-25 08:40:00.183000+00:00,2026-06-25 15:30:36.868000+00:00,410.6114166666667,3983.18,3984.83,0.2800000000002001,0.04,0.02,0.02,False,False,False,SL,-48.77158634770694,-48.77158634770694,0.2,-97.74317269541389,9084.788258222407,-1.0644469167435693,48.03872100439353,27.09532574872616,2026-06,12265.694282972874
183,NAS100,BUY,2026-06-25 13:10:00.213000+00:00,2026-06-25 16:38:08.537000+00:00,208.13873333333333,29926.2,29921.9,3.600000000002183,0.06,0.03,0.03,False,False,False,SL,-41.51983070576024,-41.51983070576024,0.3,-83.33966141152048,8097.566363338979,-1.0187094333975335,21.433721606563573,138.39943568586662,2026-06,12182.354621561353
184,NAS100,SELL,2026-06-25 19:50:00.029000+00:00,2026-06-25 21:00:00.001000+00:00,69.99953333333333,29456.0,29466.5,3.900000000001455,0.04,0.02,0.02,False,False,False,EOD_EXIT,-19.58000000000029,-19.58000000000029,0.2,-39.36000000000058,8058.206363338978,-0.4860719657476292,25.31594472626385,213.10866957319317,2026-06,12142.994621561353
201,XAUUSD,BUY,2026-06-26 15:55:00.048000+00:00,2026-06-26 17:15:57.807000+00:00,80.96265,4058.93,4046.51,0.29000000000041837,0.05,0.02,0.03,True,True,False,FULL_TP2,49.426716997940275,116.50583292371539,0.25,165.68254992165566,9250.470808144062,1.8237359552293437,19.32647532778202,19.61377658648414,2026-06,12308.677171483008
185,NAS100,SELL,2026-06-26 11:45:00.306000+00:00,2026-06-26 17:20:44.715000+00:00,335.74014999999997,29183.3,29215.7,4.399999999997817,0.04,0.02,0.02,False,False,False,SL,-39.164123327859855,-39.164123327859855,0.2,-78.52824665571971,7979.678116683258,-0.9745127279562613,25.67031072131963,195.82061663929852,2026-06,12230.148924827288
202,XAUUSD,SELL,2026-06-29 16:35:00.074000+00:00,2026-06-29 17:15:07.243000+00:00,40.11948333333333,4036.04,4043.31,0.2800000000002001,0.06,0.03,0.03,True,True,False,FULL_TP2,70.30923027983408,110.4859332968831,0.3,180.49516357671718,9430.96597172078,1.9511997531824028,17.138866957376617,18.600325470855733,2026-06,12410.644088404006
203,XAUUSD,SELL,2026-06-29 19:10:00.085000+00:00,2026-06-29 21:00:00.166000+00:00,110.00135,4023.63,4027.43,0.2800000000002001,0.05,0.02,0.03,False,False,False,EOD_EXIT,12.479999999999563,18.719999999999345,0.25,30.94999999999891,9461.915971720779,0.3281742304320048,19.880677019991193,19.734181872984735,2026-06,12441.594088404005
204,XAUUSD,BUY,2026-06-30 16:50:00.070000+00:00,2026-06-30 18:21:29.329000+00:00,91.48765,4028.83,4023.96,0.2800000000002001,0.05,0.02,0.03,True,False,True,TP1_THEN_BE,50.497585179139605,0.8400000000006002,0.25,51.087585179140206,9513.00355689992,0.5399285444071559,22.36598951739347,20.03872427743642,2026-06,12492.681673583145
