trade_id,symbol,direction,entry_time,entry_price,sl_price,tp1_price,tp2_price,current_sl,sl_dist,tp1_dist,tp2_dist,total_lots,part_lots,run_lots,tp1_hit,tp2_hit,be_hit,starting_balance,exit_time,exit_price,duration_m,exit_reason,partial_pnl,runner_pnl,commission,net_pnl,ending_balance,entry_dt,exit_dt,month,date
1,XAUUSD,BUY,2026-01-02 06:35:00+00:00,4379.54,4355.660387839949,4412.97145702407,4429.687185536106,4355.660387839949,23.879612160050513,33.43145702407072,50.14718553610608,0.02,0.01,0.01,False,False,False,5000.0,2026-01-02 13:30:00+00:00,4355.660387839949,415.0,SL,0.0,0.0,0.1,-50.1,4949.9,2026-01-02 06:35:00+00:00,2026-01-02 13:30:00+00:00,2026-01,2026-01-02
1,NAS100,BUY,2026-01-02 07:00:00+00:00,25481.9,25419.626715443348,25569.082598379315,25612.673897568973,25481.9,62.27328455665272,87.1825983793138,130.7738975689707,0.8,0.4,0.4,True,False,False,5000.0,2026-01-02 13:40:00+00:00,25481.9,400.0,TP1_THEN_BE,34.87,0.0,4.0,30.87,5030.87,2026-01-02 07:00:00+00:00,2026-01-02 13:40:00+00:00,2026-01,2026-01-02
2,XAUUSD,SELL,2026-01-02 18:55:00+00:00,4318.08,4341.973805382644,4284.628672464298,4267.903008696447,4341.973805382644,23.893805382644256,33.45132753570196,50.17699130355294,0.02,0.01,0.01,False,False,False,4949.9,2026-01-04 22:00:00+00:00,4341.973805382644,3065.0,SL,0.0,0.0,0.1,-50.1,4899.8,2026-01-02 18:55:00+00:00,2026-01-04 22:00:00+00:00,2026-01,2026-01-04
2,NAS100,BUY,2026-01-05 12:50:00+00:00,25407.9,25325.65463424445,25523.043512057775,25580.61526808666,25407.9,82.24536575555234,115.14351205777326,172.71526808665993,0.61,0.3,0.31,True,False,False,5030.87,2026-01-05 17:15:00+00:00,25407.9,265.0,TP1_THEN_BE,34.54,0.0,3.05,31.49,5062.37,2026-01-05 12:50:00+00:00,2026-01-05 17:15:00+00:00,2026-01,2026-01-05
3,XAUUSD,BUY,2026-01-05 16:15:00+00:00,4445.15,4421.30044669522,4478.539374626692,4495.2340619400375,4445.15,23.849553304779914,33.389374626691875,50.08406194003782,0.02,0.01,0.01,True,False,False,4899.8,2026-01-06 19:55:00+00:00,4495.2340619400375,1660.0,FULL_TP2,33.39,50.08,0.1,83.37,4983.17,2026-01-05 16:15:00+00:00,2026-01-06 19:55:00+00:00,2026-01,2026-01-06
3,NAS100,BUY,2026-01-05 19:40:00+00:00,25440.3,25343.98691545133,25575.138318368136,25642.557477552204,25440.3,96.31308454866954,134.83831836813735,202.25747755220604,0.52,0.26,0.26,True,False,False,5062.37,2026-01-06 17:45:00+00:00,25642.557477552204,1325.0,FULL_TP2,35.06,52.59,2.6,85.04,5147.41,2026-01-05 19:40:00+00:00,2026-01-06 17:45:00+00:00,2026-01,2026-01-06
4,XAUUSD,SELL,2026-01-07 08:40:00+00:00,4461.41,4483.677175228151,4430.235954680587,4414.648932020881,4461.41,22.26717522815168,31.174045319412347,46.76106797911853,0.02,0.01,0.01,True,False,False,4983.17,2026-01-07 15:30:00+00:00,4461.41,410.0,TP1_THEN_BE,31.17,0.0,0.1,31.07,5014.25,2026-01-07 08:40:00+00:00,2026-01-07 15:30:00+00:00,2026-01,2026-01-07
5,XAUUSD,SELL,2026-01-07 16:55:00+00:00,4451.9,4475.736760744263,4418.528534958031,4401.842802437046,4451.9,23.836760744263433,33.371465041968804,50.05719756295321,0.02,0.01,0.01,True,False,False,5014.25,2026-01-08 14:15:00+00:00,4451.9,1280.0,TP1_THEN_BE,33.37,0.0,0.1,33.27,5047.52,2026-01-07 16:55:00+00:00,2026-01-08 14:15:00+00:00,2026-01,2026-01-08
4,NAS100,BUY,2026-01-07 17:40:00+00:00,25815.7,25744.753337238908,25915.02532786553,25964.687991798295,25744.753337238908,70.94666276109295,99.32532786553013,148.9879917982952,0.7,0.35,0.35,False,False,False,5147.41,2026-01-07 18:15:00+00:00,25744.753337238908,35.0,SL,0.0,0.0,3.5,-53.5,5093.91,2026-01-07 17:40:00+00:00,2026-01-07 18:15:00+00:00,2026-01,2026-01-07
5,NAS100,SELL,2026-01-08 08:40:00+00:00,25608.8,25682.787389670226,25505.21765446168,25453.42648169252,25608.8,73.98738967022746,103.58234553831844,155.37351830747767,0.68,0.34,0.34,True,False,False,5093.91,2026-01-08 13:45:00+00:00,25453.42648169252,305.0,FULL_TP2,35.22,52.83,3.4,84.64,5178.56,2026-01-08 08:40:00+00:00,2026-01-08 13:45:00+00:00,2026-01,2026-01-08
6,NAS100,SELL,2026-01-08 17:10:00+00:00,25474.8,25573.044590151247,25337.257573788254,25268.486360682382,25573.044590151247,98.24459015124637,137.5424262117449,206.3136393176174,0.51,0.26,0.25,False,False,False,5178.56,2026-01-08 20:35:00+00:00,25573.044590151247,205.0,SL,0.0,0.0,2.55,-52.55,5126.01,2026-01-08 17:10:00+00:00,2026-01-08 20:35:00+00:00,2026-01,2026-01-08
6,XAUUSD,BUY,2026-01-08 19:00:00+00:00,4457.37,4436.9612906505035,4485.942193089295,4500.228289633942,4457.37,20.40870934949622,28.572193089294707,42.858289633942064,0.02,0.01,0.01,True,False,False,5047.52,2026-01-09 14:05:00+00:00,4500.228289633942,1145.0,FULL_TP2,28.57,42.86,0.1,71.33,5118.85,2026-01-08 19:00:00+00:00,2026-01-09 14:05:00+00:00,2026-01,2026-01-09
7,NAS100,SELL,2026-01-09 06:20:00+00:00,25512.1,25586.66045441667,25407.71536381666,25355.52304572499,25586.66045441667,74.56045441667038,104.38463618333853,156.5769542750078,0.67,0.34,0.33,False,False,False,5126.01,2026-01-09 10:20:00+00:00,25586.66045441667,240.0,SL,0.0,0.0,3.35,-53.35,5072.66,2026-01-09 06:20:00+00:00,2026-01-09 10:20:00+00:00,2026-01,2026-01-09
8,NAS100,BUY,2026-01-09 11:55:00+00:00,25598.1,25529.02711068727,25694.802045037817,25743.153067556726,25529.02711068727,69.0728893127283,96.7020450378196,145.05306755672942,0.72,0.36,0.36,False,False,False,5072.66,2026-01-09 13:30:00+00:00,25529.02711068727,95.0,SL,0.0,0.0,3.6,-53.6,5019.06,2026-01-09 11:55:00+00:00,2026-01-09 13:30:00+00:00,2026-01,2026-01-09
9,NAS100,SELL,2026-01-12 07:15:00+00:00,25548.8,25633.214356146877,25430.61990139437,25371.529852091553,25633.214356146877,84.41435614687835,118.18009860562968,177.27014790844453,0.59,0.29,0.3,False,False,False,5019.06,2026-01-12 13:30:00+00:00,25633.214356146877,375.0,SL,0.0,0.0,2.95,-52.95,4966.11,2026-01-12 07:15:00+00:00,2026-01-12 13:30:00+00:00,2026-01,2026-01-12
7,XAUUSD,BUY,2026-01-12 11:55:00+00:00,4590.5,4568.176529063386,4621.75285931126,4637.37928896689,4590.5,22.32347093661423,31.25285931125992,46.87928896688988,0.02,0.01,0.01,True,False,False,5118.85,2026-01-12 20:40:00+00:00,4590.5,525.0,TP1_THEN_BE,31.25,0.0,0.1,31.15,5150.0,2026-01-12 11:55:00+00:00,2026-01-12 20:40:00+00:00,2026-01,2026-01-12
10,NAS100,BUY,2026-01-13 07:20:00+00:00,25778.4,25714.30222016387,25868.136891770584,25913.005337655875,25778.4,64.09777983613002,89.73689177058202,134.60533765587303,0.78,0.39,0.39,True,False,False,4966.11,2026-01-13 14:00:00+00:00,25778.4,400.0,TP1_THEN_BE,35.0,0.0,3.9,31.1,4997.2,2026-01-13 07:20:00+00:00,2026-01-13 14:00:00+00:00,2026-01,2026-01-13
8,XAUUSD,BUY,2026-01-13 10:40:00+00:00,4589.72,4569.374679151897,4618.203449187345,4632.445173781017,4589.72,20.34532084810293,28.4834491873441,42.72517378101615,0.02,0.01,0.01,True,False,False,5150.0,2026-01-13 13:45:00+00:00,4632.445173781017,185.0,FULL_TP2,28.48,42.73,0.1,71.11,5221.11,2026-01-13 10:40:00+00:00,2026-01-13 13:45:00+00:00,2026-01,2026-01-13
9,XAUUSD,BUY,2026-01-13 14:55:00+00:00,4618.95,4596.655098845724,4650.162861615986,4665.769292423979,4596.655098845724,22.294901154276012,31.212861615986416,46.819292423979626,0.02,0.01,0.01,False,False,False,5221.11,2026-01-13 15:25:00+00:00,4596.655098845724,30.0,SL,0.0,0.0,0.1,-50.1,5171.01,2026-01-13 14:55:00+00:00,2026-01-13 15:25:00+00:00,2026-01,2026-01-13
11,NAS100,BUY,2026-01-13 15:30:00+00:00,25802.6,25715.819686931904,25924.09243829533,25984.838657442993,25715.819686931904,86.78031306809321,121.49243829533049,182.23865744299573,0.58,0.29,0.29,False,False,False,4997.2,2026-01-13 16:55:00+00:00,25715.819686931904,85.0,SL,0.0,0.0,2.9,-52.9,4944.3,2026-01-13 15:30:00+00:00,2026-01-13 16:55:00+00:00,2026-01,2026-01-13
10,XAUUSD,BUY,2026-01-14 07:50:00+00:00,4634.73,4613.393593165604,4664.600969568153,4679.53645435223,4613.393593165604,21.336406834395383,29.870969568153534,44.806454352230304,0.02,0.01,0.01,False,False,False,5171.01,2026-01-14 13:45:00+00:00,4613.393593165604,355.0,SL,0.0,0.0,0.1,-50.1,5120.91,2026-01-14 07:50:00+00:00,2026-01-14 13:45:00+00:00,2026-01,2026-01-14
12,NAS100,BUY,2026-01-15 11:40:00+00:00,25693.0,25595.461612006846,25829.553743190412,25897.83061478562,25595.461612006846,97.53838799315287,136.553743190414,204.83061478562104,0.51,0.26,0.25,False,False,False,4944.3,2026-01-15 19:00:00+00:00,25595.461612006846,440.0,SL,0.0,0.0,2.55,-52.55,4891.75,2026-01-15 11:40:00+00:00,2026-01-15 19:00:00+00:00,2026-01,2026-01-15
13,NAS100,BUY,2026-01-16 08:00:00+00:00,25696.9,25623.676840314696,25799.412423559428,25850.66863533914,25623.676840314696,73.22315968530482,102.51242355942675,153.76863533914013,0.68,0.34,0.34,False,False,False,4891.75,2026-01-16 13:55:00+00:00,25623.676840314696,355.0,SL,0.0,0.0,3.4,-53.4,4838.35,2026-01-16 08:00:00+00:00,2026-01-16 13:55:00+00:00,2026-01,2026-01-16
11,XAUUSD,SELL,2026-01-16 10:00:00+00:00,4601.24,4619.576484433868,4575.568921792584,4562.733382688876,4619.576484433868,18.336484433868307,25.67107820741563,38.50661731112345,0.03,0.01,0.02,False,False,False,5120.91,2026-01-16 14:05:00+00:00,4619.576484433868,245.0,SL,0.0,0.0,0.15,-50.15,5070.76,2026-01-16 10:00:00+00:00,2026-01-16 14:05:00+00:00,2026-01,2026-01-16
12,XAUUSD,SELL,2026-01-16 14:25:00+00:00,4564.57,4584.498254943662,4536.670443078873,4522.7206646183095,4564.57,19.92825494366189,27.899556921126646,41.849335381689976,0.03,0.01,0.02,True,False,False,5070.76,2026-01-16 14:45:00+00:00,4564.57,20.0,TP1_THEN_BE,27.9,0.0,0.15,27.75,5098.51,2026-01-16 14:25:00+00:00,2026-01-16 14:45:00+00:00,2026-01,2026-01-16
14,NAS100,SELL,2026-01-16 16:05:00+00:00,25571.5,25666.05315220231,25439.125586916765,25372.938380375148,25666.05315220231,94.55315220230996,132.37441308323395,198.56161962485092,0.53,0.27,0.26,False,False,False,4838.35,2026-01-19 22:00:00+00:00,25372.938380375148,4675.0,FULL_TP2,35.74,51.63,2.65,84.72,4923.07,2026-01-16 16:05:00+00:00,2026-01-19 22:00:00+00:00,2026-01,2026-01-19
13,XAUUSD,SELL,2026-01-16 16:20:00+00:00,4584.28,4611.704582068769,4545.885585103722,4526.688377655583,4611.704582068769,27.424582068769706,38.39441489627759,57.591622344416386,0.02,0.01,0.01,False,False,False,5098.51,2026-01-18 22:00:00+00:00,4611.704582068769,3220.0,SL,0.0,0.0,0.1,-50.1,5048.41,2026-01-16 16:20:00+00:00,2026-01-18 22:00:00+00:00,2026-01,2026-01-18
14,XAUUSD,BUY,2026-01-19 08:15:00+00:00,4671.34,4646.1030576866115,4706.671719238744,4724.337578858116,4671.34,25.23694231338835,35.33171923874369,52.99757885811554,0.02,0.01,0.01,True,False,False,5048.41,2026-01-20 07:05:00+00:00,4724.337578858116,1370.0,FULL_TP2,35.33,53.0,0.1,88.23,5136.64,2026-01-19 08:15:00+00:00,2026-01-20 07:05:00+00:00,2026-01,2026-01-20
15,XAUUSD,BUY,2026-01-20 10:40:00+00:00,4732.16,4713.936298648909,4757.673181891528,4770.429772837291,4732.16,18.22370135109134,25.513181891527875,38.26977283729181,0.03,0.01,0.02,True,False,False,5136.64,2026-01-20 22:40:00+00:00,4770.429772837291,720.0,FULL_TP2,25.51,76.54,0.15,101.9,5238.54,2026-01-20 10:40:00+00:00,2026-01-20 22:40:00+00:00,2026-01,2026-01-20
15,NAS100,SELL,2026-01-20 12:40:00+00:00,25088.9,25201.555993964233,24931.18160845008,24852.322412675116,25201.555993964233,112.65599396423089,157.71839154992324,236.5775873248849,0.44,0.22,0.22,False,False,False,4923.07,2026-01-20 13:30:00+00:00,25201.555993964233,50.0,SL,0.0,0.0,2.2,-52.2,4870.87,2026-01-20 12:40:00+00:00,2026-01-20 13:30:00+00:00,2026-01,2026-01-20
16,NAS100,SELL,2026-01-21 07:00:00+00:00,25083.9,25183.161700331995,24944.933619535208,24875.45042930281,25083.9,99.26170033199483,138.96638046479276,208.44957069718916,0.5,0.25,0.25,True,False,False,4870.87,2026-01-21 13:10:00+00:00,25083.9,370.0,TP1_THEN_BE,34.74,0.0,2.5,32.24,4903.11,2026-01-21 07:00:00+00:00,2026-01-21 13:10:00+00:00,2026-01,2026-01-21
16,XAUUSD,BUY,2026-01-21 07:10:00+00:00,4858.41,4829.0079139727,4899.572920438219,4920.154380657329,4829.0079139727,29.402086027299514,41.16292043821932,61.74438065732898,0.02,0.01,0.01,False,False,False,5238.54,2026-01-21 14:15:00+00:00,4829.0079139727,425.0,SL,0.0,0.0,0.1,-50.1,5188.44,2026-01-21 07:10:00+00:00,2026-01-21 14:15:00+00:00,2026-01,2026-01-21
17,NAS100,BUY,2026-01-21 17:50:00+00:00,25164.7,25012.928373148905,25377.180277591535,25483.4204163873,25164.7,151.77162685109485,212.48027759153277,318.7204163872992,0.33,0.17,0.16,True,False,False,4903.11,2026-01-21 18:45:00+00:00,25483.4204163873,55.0,FULL_TP2,36.12,51.0,1.65,85.47,4988.58,2026-01-21 17:50:00+00:00,2026-01-21 18:45:00+00:00,2026-01,2026-01-21
17,XAUUSD,BUY,2026-01-22 11:20:00+00:00,4830.56,4798.799874282919,4875.024176003914,4897.256264005871,4830.56,31.760125717081458,44.46417600391404,66.69626400587106,0.02,0.01,0.01,True,False,False,5188.44,2026-01-22 16:40:00+00:00,4897.256264005871,320.0,FULL_TP2,44.46,66.7,0.1,111.06,5299.5,2026-01-22 11:20:00+00:00,2026-01-22 16:40:00+00:00,2026-01,2026-01-22
18,NAS100,BUY,2026-01-22 11:55:00+00:00,25572.2,25454.31404041047,25737.240343425343,25819.760515138012,25454.31404041047,117.88595958952963,165.0403434253415,247.56051513801225,0.42,0.21,0.21,False,False,False,4988.58,2026-01-22 13:45:00+00:00,25454.31404041047,110.0,SL,0.0,0.0,2.1,-52.1,4936.48,2026-01-22 11:55:00+00:00,2026-01-22 13:45:00+00:00,2026-01,2026-01-22
19,NAS100,BUY,2026-01-23 06:20:00+00:00,25606.5,25520.42823515839,25727.000470778257,25787.250706167386,25520.42823515839,86.07176484161195,120.50047077825673,180.75070616738512,0.58,0.29,0.29,False,False,False,4936.48,2026-01-23 07:25:00+00:00,25520.42823515839,65.0,SL,0.0,0.0,2.9,-52.9,4883.58,2026-01-23 06:20:00+00:00,2026-01-23 07:25:00+00:00,2026-01,2026-01-23
20,NAS100,SELL,2026-01-23 12:25:00+00:00,25456.9,25545.222350594166,25333.248709168172,25271.423063752256,25545.222350594166,88.3223505941637,123.65129083182916,185.47693624774377,0.57,0.28,0.29,False,False,False,4883.58,2026-01-23 13:55:00+00:00,25545.222350594166,90.0,SL,0.0,0.0,2.85,-52.85,4830.73,2026-01-23 12:25:00+00:00,2026-01-23 13:55:00+00:00,2026-01,2026-01-23
18,XAUUSD,BUY,2026-01-23 18:25:00+00:00,4977.27,4946.407088208928,5020.478076507502,5042.082114761253,4977.27,30.86291179107258,43.20807650750161,64.81211476125242,0.02,0.01,0.01,True,False,False,5299.5,2026-01-25 23:05:00+00:00,5042.082114761253,3160.0,FULL_TP2,43.21,64.81,0.1,107.92,5407.42,2026-01-23 18:25:00+00:00,2026-01-25 23:05:00+00:00,2026-01,2026-01-25
19,XAUUSD,BUY,2026-01-26 08:15:00+00:00,5093.43,5059.5329750043675,5140.885834993886,5164.61375249083,5059.5329750043675,33.89702499563327,47.45583499388657,71.18375249082986,0.01,0.01,0.0,False,False,False,5407.42,2026-01-26 12:30:00+00:00,5059.5329750043675,255.0,SL,0.0,0.0,0.05,-50.05,5357.37,2026-01-26 08:15:00+00:00,2026-01-26 12:30:00+00:00,2026-01,2026-01-26
20,XAUUSD,BUY,2026-01-26 16:00:00+00:00,5094.97,5060.715947608413,5142.925673348222,5166.903510022332,5060.715947608413,34.25405239158644,47.95567334822101,71.93351002233153,0.01,0.01,0.0,False,False,False,5357.37,2026-01-26 17:40:00+00:00,5060.715947608413,100.0,SL,0.0,0.0,0.05,-50.05,5307.32,2026-01-26 16:00:00+00:00,2026-01-26 17:40:00+00:00,2026-01,2026-01-26
21,NAS100,BUY,2026-01-26 17:20:00+00:00,25801.6,25697.004603801415,25948.03355467801,26021.250332017018,25801.6,104.59539619858157,146.4335546780142,219.6503320170213,0.48,0.24,0.24,True,False,False,4830.73,2026-01-27 22:00:00+00:00,26021.250332017018,1720.0,FULL_TP2,35.14,52.72,2.4,85.46,4916.19,2026-01-26 17:20:00+00:00,2026-01-27 22:00:00+00:00,2026-01,2026-01-27
21,XAUUSD,BUY,2026-01-27 08:25:00+00:00,5088.13,5048.98111068315,5142.93844504359,5170.342667565385,5048.98111068315,39.148889316850116,54.80844504359016,82.21266756538525,0.01,0.01,0.0,False,False,False,5307.32,2026-01-27 13:15:00+00:00,5048.98111068315,290.0,SL,0.0,0.0,0.05,-50.05,5257.27,2026-01-27 08:25:00+00:00,2026-01-27 13:15:00+00:00,2026-01,2026-01-27
22,XAUUSD,BUY,2026-01-27 14:30:00+00:00,5077.71,5041.342079673359,5128.625088457297,5154.082632685947,5077.71,36.36792032664119,50.915088457297664,76.3726326859465,0.01,0.01,0.0,True,False,False,5257.27,2026-01-27 19:45:00+00:00,5154.082632685947,315.0,FULL_TP2,50.92,0.0,0.05,50.87,5308.14,2026-01-27 14:30:00+00:00,2026-01-27 19:45:00+00:00,2026-01,2026-01-27
23,XAUUSD,BUY,2026-01-28 11:40:00+00:00,5269.53,5232.121822510474,5321.901448485336,5348.087172728004,5269.53,37.40817748952568,52.37144848533595,78.55717272800392,0.01,0.01,0.0,True,False,False,5308.14,2026-01-28 17:35:00+00:00,5269.53,355.0,TP1_THEN_BE,52.37,0.0,0.05,52.32,5360.46,2026-01-28 11:40:00+00:00,2026-01-28 17:35:00+00:00,2026-01,2026-01-28
24,XAUUSD,BUY,2026-01-28 18:35:00+00:00,5301.15,5258.069415700416,5361.462818019417,5391.619227029126,5301.15,43.08058429958368,60.31281801941714,90.46922702912572,0.01,0.01,0.0,True,False,False,5360.46,2026-01-28 19:45:00+00:00,5391.619227029126,70.0,FULL_TP2,60.31,0.0,0.05,60.26,5420.72,2026-01-28 18:35:00+00:00,2026-01-28 19:45:00+00:00,2026-01,2026-01-28
22,NAS100,SELL,2026-01-28 19:55:00+00:00,26045.5,26129.98171943244,25927.225592794584,25868.08838919188,26045.5,84.48171943243892,118.27440720541448,177.41161080812174,0.59,0.29,0.3,True,False,False,4916.19,2026-01-28 20:05:00+00:00,26045.5,10.0,TP1_THEN_BE,34.3,0.0,2.95,31.35,4947.54,2026-01-28 19:55:00+00:00,2026-01-28 20:05:00+00:00,2026-01,2026-01-28
25,XAUUSD,SELL,2026-01-29 18:10:00+00:00,5306.3,5409.07364015011,5162.416903789846,5090.475355684769,5409.07364015011,102.77364015011007,143.8830962101541,215.82464431523115,0.01,0.01,0.0,False,False,False,5420.72,2026-01-29 20:25:00+00:00,5409.07364015011,135.0,SL,0.0,0.0,0.05,-50.05,5370.67,2026-01-29 18:10:00+00:00,2026-01-29 20:25:00+00:00,2026-01,2026-01-29
23,NAS100,SELL,2026-01-30 08:10:00+00:00,25615.9,25760.05181700032,25414.087456199555,25313.18118429933,25760.05181700032,144.15181700031917,201.81254380044683,302.7188157006703,0.35,0.17,0.18,False,False,False,4947.54,2026-01-30 10:50:00+00:00,25760.05181700032,160.0,SL,0.0,0.0,1.75,-51.75,4895.79,2026-01-30 08:10:00+00:00,2026-01-30 10:50:00+00:00,2026-01,2026-01-30
26,XAUUSD,SELL,2026-01-30 11:45:00+00:00,5065.79,5184.305538598921,4899.86824596151,4816.907368942266,5065.79,118.51553859892121,165.9217540384897,248.88263105773456,0.01,0.01,0.0,True,False,False,5370.67,2026-01-30 16:50:00+00:00,4816.907368942266,305.0,FULL_TP2,165.92,0.0,0.05,165.87,5536.54,2026-01-30 11:45:00+00:00,2026-01-30 16:50:00+00:00,2026-01,2026-01-30
24,NAS100,SELL,2026-01-30 14:25:00+00:00,25691.2,25840.525201380737,25482.14471806697,25377.617077100458,25691.2,149.32520138073525,209.05528193302933,313.58292289954403,0.33,0.17,0.16,True,False,False,4895.79,2026-02-01 22:00:00+00:00,25377.617077100458,3335.0,FULL_TP2,35.54,50.17,1.65,84.06,4979.85,2026-01-30 14:25:00+00:00,2026-02-01 22:00:00+00:00,2026-01,2026-02-01
27,XAUUSD,SELL,2026-01-30 19:40:00+00:00,4861.38,5002.918718706445,4663.225793810977,4564.148690716465,4861.38,141.53871870644525,198.15420618902334,297.23130928353504,0.01,0.01,0.0,True,False,False,5536.54,2026-02-02 04:45:00+00:00,4564.148690716465,3425.0,FULL_TP2,198.15,0.0,0.05,198.1,5734.65,2026-01-30 19:40:00+00:00,2026-02-02 04:45:00+00:00,2026-01,2026-02-02
28,XAUUSD,SELL,2026-02-02 19:55:00+00:00,4653.27,4791.538791633281,4459.693691713407,4362.905537570111,4791.538791633281,138.26879163328067,193.57630828659293,290.36446242988944,0.01,0.01,0.0,False,False,False,5734.65,2026-02-02 23:00:00+00:00,4791.538791633281,185.0,SL,0.0,0.0,0.05,-50.05,5684.6,2026-02-02 19:55:00+00:00,2026-02-02 23:00:00+00:00,2026-02,2026-02-02
29,XAUUSD,BUY,2026-02-03 08:45:00+00:00,4923.09,4817.8656622482395,5070.404072852465,5144.061109278698,4923.09,105.22433775176057,147.3140728524648,220.9711092786972,0.01,0.01,0.0,True,False,False,5684.6,2026-02-04 14:30:00+00:00,4923.09,1785.0,TP1_THEN_BE,147.31,0.0,0.05,147.26,5831.86,2026-02-03 08:45:00+00:00,2026-02-04 14:30:00+00:00,2026-02,2026-02-04
25,NAS100,BUY,2026-02-03 11:15:00+00:00,25882.4,25781.15675252202,26024.140546469174,26095.010819703763,25781.15675252202,101.24324747798188,141.74054646917463,212.61081970376196,0.49,0.24,0.25,False,False,False,4979.85,2026-02-03 13:30:00+00:00,25781.15675252202,135.0,SL,0.0,0.0,2.45,-52.45,4927.4,2026-02-03 11:15:00+00:00,2026-02-03 13:30:00+00:00,2026-02,2026-02-03
26,NAS100,SELL,2026-02-04 07:20:00+00:00,25350.7,25469.053649692556,25185.00489043042,25102.157335645632,25350.7,118.35364969255664,165.6951095695793,248.54266435436895,0.42,0.21,0.21,True,False,False,4927.4,2026-02-04 13:55:00+00:00,25102.157335645632,395.0,FULL_TP2,34.8,52.19,2.1,84.89,5012.29,2026-02-04 07:20:00+00:00,2026-02-04 13:55:00+00:00,2026-02,2026-02-04
27,NAS100,SELL,2026-02-04 20:00:00+00:00,24823.2,25008.71424471551,24563.48005739829,24433.620086097435,25008.71424471551,185.51424471550803,259.71994260171124,389.5799139025669,0.27,0.14,0.13,False,False,False,5012.29,2026-02-04 20:30:00+00:00,25008.71424471551,30.0,SL,0.0,0.0,1.35,-51.35,4960.94,2026-02-04 20:00:00+00:00,2026-02-04 20:30:00+00:00,2026-02,2026-02-04
28,NAS100,SELL,2026-02-05 07:50:00+00:00,24937.8,25105.5535601285,24702.945015820096,24585.517523730145,24937.8,167.75356012850241,234.85498417990337,352.28247626985507,0.3,0.15,0.15,True,False,False,4960.94,2026-02-05 13:30:00+00:00,24585.517523730145,340.0,FULL_TP2,35.23,52.84,1.5,86.57,5047.51,2026-02-05 07:50:00+00:00,2026-02-05 13:30:00+00:00,2026-02,2026-02-05
30,XAUUSD,SELL,2026-02-05 10:45:00+00:00,4871.56,4947.756740135637,4764.884563810109,4711.546845715163,4871.56,76.19674013563682,106.67543618989154,160.01315428483733,0.01,0.01,0.0,True,False,False,5831.86,2026-02-05 22:45:00+00:00,4711.546845715163,720.0,FULL_TP2,106.68,0.0,0.05,106.63,5938.49,2026-02-05 10:45:00+00:00,2026-02-05 22:45:00+00:00,2026-02,2026-02-05
29,NAS100,SELL,2026-02-05 14:00:00+00:00,24618.6,24816.332410964667,24341.77462464946,24203.361936974194,24618.6,197.73241096466944,276.8253753505372,415.23806302580584,0.25,0.12,0.13,True,False,False,5047.51,2026-02-05 23:00:00+00:00,24203.361936974194,540.0,FULL_TP2,33.22,53.98,1.25,85.95,5133.46,2026-02-05 14:00:00+00:00,2026-02-05 23:00:00+00:00,2026-02,2026-02-05
30,NAS100,BUY,2026-02-06 12:20:00+00:00,24761.9,24568.860811661136,25032.154863674416,25167.28229551162,24761.9,193.03918833886684,270.25486367441357,405.3822955116204,0.26,0.13,0.13,True,False,False,5133.46,2026-02-08 22:00:00+00:00,25167.28229551162,3460.0,FULL_TP2,35.13,52.7,1.3,86.53,5219.99,2026-02-06 12:20:00+00:00,2026-02-08 22:00:00+00:00,2026-02,2026-02-08
31,XAUUSD,BUY,2026-02-06 20:35:00+00:00,4962.37,4906.556582651762,5040.508784287533,5079.578176431299,4962.37,55.81341734823768,78.13878428753274,117.20817643129912,0.01,0.01,0.0,True,False,False,5938.49,2026-02-09 15:25:00+00:00,5079.578176431299,4010.0,FULL_TP2,78.14,0.0,0.05,78.09,6016.58,2026-02-06 20:35:00+00:00,2026-02-09 15:25:00+00:00,2026-02,2026-02-09
32,XAUUSD,BUY,2026-02-09 18:00:00+00:00,5066.09,5020.902250287474,5129.352849597537,5160.984274396305,5020.902250287474,45.187749712526404,63.26284959753696,94.89427439630545,0.01,0.01,0.0,False,False,False,6016.58,2026-02-09 22:10:00+00:00,5020.902250287474,250.0,SL,0.0,0.0,0.05,-50.05,5966.53,2026-02-09 18:00:00+00:00,2026-02-09 22:10:00+00:00,2026-02,2026-02-09
31,NAS100,BUY,2026-02-10 06:20:00+00:00,25260.5,25153.037264506103,25410.947829691453,25486.171744537183,25153.037264506103,107.46273549389613,150.4478296914546,225.6717445371819,0.47,0.23,0.24,False,False,False,5219.99,2026-02-10 19:50:00+00:00,25153.037264506103,810.0,SL,0.0,0.0,2.35,-52.35,5167.64,2026-02-10 06:20:00+00:00,2026-02-10 19:50:00+00:00,2026-02,2026-02-10
33,XAUUSD,BUY,2026-02-10 06:55:00+00:00,5033.96,4992.001040563716,5092.702543210798,5122.073814816196,5033.96,41.95895943628407,58.74254321079769,88.11381481619655,0.01,0.01,0.0,True,False,False,5966.53,2026-02-11 12:30:00+00:00,5033.96,1775.0,TP1_THEN_BE,58.74,0.0,0.05,58.69,6025.22,2026-02-10 06:55:00+00:00,2026-02-11 12:30:00+00:00,2026-02,2026-02-11
34,XAUUSD,BUY,2026-02-11 15:30:00+00:00,5075.04,5031.299435337902,5136.2767905269375,5166.895185790406,5031.299435337902,43.7405646620981,61.23679052693734,91.85518579040601,0.01,0.01,0.0,False,False,False,6025.22,2026-02-12 15:10:00+00:00,5031.299435337902,1420.0,SL,0.0,0.0,0.05,-50.05,5975.17,2026-02-11 15:30:00+00:00,2026-02-12 15:10:00+00:00,2026-02,2026-02-12
32,NAS100,SELL,2026-02-12 18:10:00+00:00,24798.8,24938.625277528972,24603.044611459438,24505.166917189155,24798.8,139.82527752897326,195.75538854056256,293.63308281084386,0.36,0.18,0.18,True,False,False,5167.64,2026-02-13 14:25:00+00:00,24798.8,1215.0,TP1_THEN_BE,35.24,0.0,1.8,33.44,5201.08,2026-02-12 18:10:00+00:00,2026-02-13 14:25:00+00:00,2026-02,2026-02-13
35,XAUUSD,SELL,2026-02-12 19:15:00+00:00,4937.56,4986.891313730389,4868.496160777457,4833.964241166185,4986.891313730389,49.331313730388295,69.0638392225436,103.59575883381542,0.01,0.01,0.0,False,False,False,5975.17,2026-02-13 00:45:00+00:00,4986.891313730389,330.0,SL,0.0,0.0,0.05,-50.05,5925.12,2026-02-12 19:15:00+00:00,2026-02-13 00:45:00+00:00,2026-02,2026-02-13
36,XAUUSD,SELL,2026-02-13 08:25:00+00:00,4964.79,5007.76478153577,4904.625305849921,4874.542958774881,5007.76478153577,42.97478153577074,60.16469415007903,90.24704122511855,0.01,0.01,0.0,False,False,False,5925.12,2026-02-13 13:30:00+00:00,5007.76478153577,305.0,SL,0.0,0.0,0.05,-50.05,5875.07,2026-02-13 08:25:00+00:00,2026-02-13 13:30:00+00:00,2026-02,2026-02-13
33,NAS100,SELL,2026-02-17 06:25:00+00:00,24532.5,24638.714881159543,24383.799166376637,24309.448749564956,24638.714881159543,106.21488115954482,148.70083362336274,223.05125043504412,0.47,0.23,0.24,False,False,False,5201.08,2026-02-17 07:00:00+00:00,24638.714881159543,35.0,SL,0.0,0.0,2.35,-52.35,5148.73,2026-02-17 06:25:00+00:00,2026-02-17 07:00:00+00:00,2026-02,2026-02-17
34,NAS100,SELL,2026-02-17 11:30:00+00:00,24554.9,24663.65458575737,24402.643579939686,24326.515369909528,24663.65458575737,108.75458575736856,152.25642006031597,228.384630090474,0.46,0.23,0.23,False,False,False,5148.73,2026-02-17 13:30:00+00:00,24663.65458575737,120.0,SL,0.0,0.0,2.3,-52.3,5096.43,2026-02-17 11:30:00+00:00,2026-02-17 13:30:00+00:00,2026-02,2026-02-17
37,XAUUSD,SELL,2026-02-17 12:10:00+00:00,4922.13,4954.260861637395,4877.146793707648,4854.6551905614715,4922.13,32.13086163739467,44.98320629235254,67.47480943852882,0.02,0.01,0.01,True,False,False,5875.07,2026-02-17 13:00:00+00:00,4854.6551905614715,50.0,FULL_TP2,44.98,67.47,0.1,112.36,5987.43,2026-02-17 12:10:00+00:00,2026-02-17 13:00:00+00:00,2026-02,2026-02-17
38,XAUUSD,SELL,2026-02-17 15:55:00+00:00,4869.15,4909.177452994663,4813.111565807471,4785.092348711207,4909.177452994663,40.02745299466334,56.038434192528676,84.05765128879302,0.01,0.01,0.0,False,False,False,5987.43,2026-02-17 17:55:00+00:00,4909.177452994663,120.0,SL,0.0,0.0,0.05,-50.05,5937.38,2026-02-17 15:55:00+00:00,2026-02-17 17:55:00+00:00,2026-02,2026-02-17
39,XAUUSD,SELL,2026-02-17 19:00:00+00:00,4878.91,4918.849899130065,4822.994141217909,4795.036211826863,4918.849899130065,39.93989913006517,55.915858782091235,83.87378817313686,0.01,0.01,0.0,False,False,False,5937.38,2026-02-18 02:20:00+00:00,4918.849899130065,440.0,SL,0.0,0.0,0.05,-50.05,5887.33,2026-02-17 19:00:00+00:00,2026-02-18 02:20:00+00:00,2026-02,2026-02-18
35,NAS100,BUY,2026-02-18 06:35:00+00:00,24775.8,24657.032608103254,24942.074348655446,25025.211522983165,24775.8,118.76739189674647,166.27434865544507,249.4115229831676,0.42,0.21,0.21,True,False,False,5096.43,2026-02-18 14:45:00+00:00,25025.211522983165,490.0,FULL_TP2,34.92,52.38,2.1,85.19,5181.62,2026-02-18 06:35:00+00:00,2026-02-18 14:45:00+00:00,2026-02,2026-02-18
40,XAUUSD,BUY,2026-02-18 11:05:00+00:00,4923.92,4897.213470455636,4961.3091413621105,4980.003712043166,4923.92,26.70652954436471,37.38914136211059,56.08371204316589,0.02,0.01,0.01,True,False,False,5887.33,2026-02-18 13:35:00+00:00,4980.003712043166,150.0,FULL_TP2,37.39,56.08,0.1,93.37,5980.7,2026-02-18 11:05:00+00:00,2026-02-18 13:35:00+00:00,2026-02,2026-02-18
36,NAS100,SELL,2026-02-19 12:05:00+00:00,24790.1,24896.40000174962,24641.27999755053,24566.869996325797,24896.40000174962,106.30000174962,148.82000244946798,223.230003674202,0.47,0.23,0.24,False,False,False,5181.62,2026-02-19 15:20:00+00:00,24896.40000174962,195.0,SL,0.0,0.0,2.35,-52.35,5129.27,2026-02-19 12:05:00+00:00,2026-02-19 15:20:00+00:00,2026-02,2026-02-19
41,XAUUSD,BUY,2026-02-19 12:35:00+00:00,4994.61,4971.056024426423,5027.585565803006,5044.073348704509,4971.056024426423,23.55397557357606,32.97556580300648,49.46334870450973,0.02,0.01,0.01,False,False,False,5980.7,2026-02-19 13:30:00+00:00,4971.056024426423,55.0,SL,0.0,0.0,0.1,-50.1,5930.6,2026-02-19 12:35:00+00:00,2026-02-19 13:30:00+00:00,2026-02,2026-02-19
37,NAS100,SELL,2026-02-19 15:40:00+00:00,24784.1,24900.650037843992,24620.92994701841,24539.344920527616,24900.650037843992,116.5500378439924,163.17005298158935,244.75507947238404,0.43,0.21,0.22,False,False,False,5129.27,2026-02-20 05:15:00+00:00,24900.650037843992,815.0,SL,0.0,0.0,2.15,-52.15,5077.12,2026-02-19 15:40:00+00:00,2026-02-20 05:15:00+00:00,2026-02,2026-02-20
38,NAS100,BUY,2026-02-20 07:55:00+00:00,24881.8,24789.881010020974,25010.486585970637,25074.829878955952,24789.881010020974,91.91898997902575,128.68658597063606,193.02987895595408,0.54,0.27,0.27,False,False,False,5077.12,2026-02-20 10:00:00+00:00,24789.881010020974,125.0,SL,0.0,0.0,2.7,-52.7,5024.42,2026-02-20 07:55:00+00:00,2026-02-20 10:00:00+00:00,2026-02,2026-02-20
42,XAUUSD,BUY,2026-02-23 11:35:00+00:00,5157.96,5128.762439984735,5198.836584021372,5219.274876032057,5157.96,29.19756001526536,40.8765840213715,61.314876032057256,0.02,0.01,0.01,True,False,False,5930.6,2026-02-23 19:00:00+00:00,5219.274876032057,445.0,FULL_TP2,40.88,61.31,0.1,102.09,6032.69,2026-02-23 11:35:00+00:00,2026-02-23 19:00:00+00:00,2026-02,2026-02-23
39,NAS100,BUY,2026-02-23 12:40:00+00:00,24901.8,24794.4705906566,25052.061173080754,25127.19175962113,24794.4705906566,107.32940934339666,150.26117308075533,225.391759621133,0.47,0.23,0.24,False,False,False,5024.42,2026-02-23 14:05:00+00:00,24794.4705906566,85.0,SL,0.0,0.0,2.35,-52.35,4972.07,2026-02-23 12:40:00+00:00,2026-02-23 14:05:00+00:00,2026-02,2026-02-23
43,XAUUSD,BUY,2026-02-24 06:25:00+00:00,5183.22,5149.570628956504,5230.329119460895,5253.883679191342,5149.570628956504,33.64937104349583,47.10911946089416,70.66367919134126,0.01,0.01,0.0,False,False,False,6032.69,2026-02-24 11:15:00+00:00,5149.570628956504,290.0,SL,0.0,0.0,0.05,-50.05,5982.64,2026-02-24 06:25:00+00:00,2026-02-24 11:15:00+00:00,2026-02,2026-02-24
44,XAUUSD,SELL,2026-02-24 15:50:00+00:00,5138.05,5173.592957311531,5088.289859763857,5063.409789645785,5173.592957311531,35.54295731153097,49.76014023614336,74.64021035421504,0.01,0.01,0.0,False,False,False,5982.64,2026-02-25 00:10:00+00:00,5173.592957311531,500.0,SL,0.0,0.0,0.05,-50.05,5932.59,2026-02-24 15:50:00+00:00,2026-02-25 00:10:00+00:00,2026-02,2026-02-25
45,XAUUSD,BUY,2026-02-25 07:25:00+00:00,5193.37,5162.306244272328,5236.8592580187415,5258.603887028112,5162.306244272328,31.06375572767233,43.48925801874126,65.2338870281119,0.02,0.01,0.01,False,False,False,5932.59,2026-02-25 10:15:00+00:00,5162.306244272328,170.0,SL,0.0,0.0,0.1,-50.1,5882.49,2026-02-25 07:25:00+00:00,2026-02-25 10:15:00+00:00,2026-02,2026-02-25
40,NAS100,BUY,2026-02-26 11:00:00+00:00,25334.9,25262.709459106034,25435.966757251554,25486.500135877333,25262.709459106034,72.19054089396695,101.06675725155372,151.60013587733062,0.69,0.34,0.35,False,False,False,4972.07,2026-02-26 13:30:00+00:00,25262.709459106034,150.0,SL,0.0,0.0,3.45,-53.45,4918.62,2026-02-26 11:00:00+00:00,2026-02-26 13:30:00+00:00,2026-02,2026-02-26
46,XAUUSD,SELL,2026-02-26 12:15:00+00:00,5171.62,5199.074270584117,5133.184021182236,5113.966031773355,5171.62,27.454270584116554,38.43597881776317,57.653968226644764,0.02,0.01,0.01,True,False,False,5882.49,2026-02-26 14:40:00+00:00,5171.62,145.0,TP1_THEN_BE,38.44,0.0,0.1,38.34,5920.83,2026-02-26 12:15:00+00:00,2026-02-26 14:40:00+00:00,2026-02,2026-02-26
47,XAUUSD,SELL,2026-02-26 16:35:00+00:00,5173.86,5205.610899525014,5129.40874066498,5107.183110997469,5205.610899525014,31.750899525014407,44.45125933502017,66.67688900253026,0.02,0.01,0.01,False,False,False,5920.83,2026-02-27 12:05:00+00:00,5205.610899525014,1170.0,SL,0.0,0.0,0.1,-50.1,5870.73,2026-02-26 16:35:00+00:00,2026-02-27 12:05:00+00:00,2026-02,2026-02-27
41,NAS100,SELL,2026-02-26 20:50:00+00:00,25000.8,25126.73338566062,24824.49326007513,24736.339890112697,25000.8,125.93338566062037,176.3067399248685,264.4601098873028,0.4,0.2,0.2,True,False,False,4918.62,2026-03-01 22:00:00+00:00,24736.339890112697,4390.0,FULL_TP2,35.26,52.89,2.0,86.15,5004.78,2026-02-26 20:50:00+00:00,2026-03-01 22:00:00+00:00,2026-02,2026-03-01
48,XAUUSD,BUY,2026-02-27 16:50:00+00:00,5234.87,5206.26225369781,5274.920844823067,5294.946267234599,5234.87,28.607746302190236,40.05084482306633,60.0762672345995,0.02,0.01,0.01,True,False,False,5870.73,2026-03-01 22:00:00+00:00,5294.946267234599,3190.0,FULL_TP2,40.05,60.08,0.1,100.03,5970.75,2026-02-27 16:50:00+00:00,2026-03-01 22:00:00+00:00,2026-02,2026-03-01
49,XAUUSD,BUY,2026-03-02 10:35:00+00:00,5395.92,5359.781346048166,5446.514115532568,5471.811173298852,5359.781346048166,36.138653951834264,50.59411553256797,75.89117329885195,0.01,0.01,0.0,False,False,False,5970.75,2026-03-02 13:20:00+00:00,5359.781346048166,165.0,SL,0.0,0.0,0.05,-50.05,5920.7,2026-03-02 10:35:00+00:00,2026-03-02 13:20:00+00:00,2026-03,2026-03-02
42,NAS100,SELL,2026-03-02 11:20:00+00:00,24612.9,24748.691664311165,24422.791669964372,24327.73750494656,24748.691664311165,135.7916643111637,190.10833003562914,285.16249505344376,0.37,0.18,0.19,False,False,False,5004.78,2026-03-02 13:30:00+00:00,24748.691664311165,130.0,SL,0.0,0.0,1.85,-51.85,4952.93,2026-03-02 11:20:00+00:00,2026-03-02 13:30:00+00:00,2026-03,2026-03-02
43,NAS100,BUY,2026-03-02 18:10:00+00:00,25017.4,24852.530202087513,25248.217717077485,25363.62657561623,24852.530202087513,164.86979791248876,230.81771707748425,346.2265756162264,0.3,0.15,0.15,False,False,False,4952.93,2026-03-03 00:55:00+00:00,24852.530202087513,405.0,SL,0.0,0.0,1.5,-51.5,4901.43,2026-03-02 18:10:00+00:00,2026-03-03 00:55:00+00:00,2026-03,2026-03-03
50,XAUUSD,SELL,2026-03-03 07:25:00+00:00,5312.22,5354.025628463814,5253.692120150661,5224.428180225991,5312.22,41.80562846381381,58.52787984933933,87.79181977400901,0.01,0.01,0.0,True,False,False,5920.7,2026-03-03 10:05:00+00:00,5224.428180225991,160.0,FULL_TP2,58.53,0.0,0.05,58.48,5979.18,2026-03-03 07:25:00+00:00,2026-03-03 10:05:00+00:00,2026-03,2026-03-03
51,XAUUSD,SELL,2026-03-03 12:05:00+00:00,5152.35,5219.2709376565845,5058.660687280782,5011.8160309211735,5152.35,66.92093765658436,93.6893127192181,140.53396907882717,0.01,0.01,0.0,True,False,False,5979.18,2026-03-03 14:15:00+00:00,5011.8160309211735,130.0,FULL_TP2,93.69,0.0,0.05,93.64,6072.82,2026-03-03 12:05:00+00:00,2026-03-03 14:15:00+00:00,2026-03,2026-03-03
44,NAS100,SELL,2026-03-03 12:35:00+00:00,24468.9,24619.850208529406,24257.569708058832,24151.90456208825,24619.850208529406,150.9502085294058,211.33029194116813,316.9954379117522,0.33,0.17,0.16,False,False,False,4901.43,2026-03-03 13:35:00+00:00,24619.850208529406,60.0,SL,0.0,0.0,1.65,-51.65,4849.78,2026-03-03 12:35:00+00:00,2026-03-03 13:35:00+00:00,2026-03,2026-03-03
52,XAUUSD,SELL,2026-03-03 19:45:00+00:00,5104.62,5184.27728728401,4993.099797802386,4937.339696703579,5184.27728728401,79.65728728400987,111.52020219761381,167.28030329642073,0.01,0.01,0.0,False,False,False,6072.82,2026-03-04 01:05:00+00:00,5184.27728728401,320.0,SL,0.0,0.0,0.05,-50.05,6022.77,2026-03-03 19:45:00+00:00,2026-03-04 01:05:00+00:00,2026-03,2026-03-04
53,XAUUSD,SELL,2026-03-04 07:10:00+00:00,5157.24,5216.532739559698,5074.230164616422,5032.725246924633,5157.24,59.29273955969847,83.00983538357785,124.51475307536678,0.01,0.01,0.0,True,False,False,6022.77,2026-03-06 14:00:00+00:00,5157.24,3290.0,TP1_THEN_BE,83.01,0.0,0.05,82.96,6105.73,2026-03-04 07:10:00+00:00,2026-03-06 14:00:00+00:00,2026-03,2026-03-06
45,NAS100,BUY,2026-03-04 12:05:00+00:00,24857.3,24692.490841050196,25088.032822529723,25203.399233794586,24857.3,164.8091589498034,230.73282252972473,346.0992337945871,0.3,0.15,0.15,True,False,False,4849.78,2026-03-04 23:15:00+00:00,25203.399233794586,670.0,FULL_TP2,34.61,51.91,1.5,85.02,4934.8,2026-03-04 12:05:00+00:00,2026-03-04 23:15:00+00:00,2026-03,2026-03-04
46,NAS100,BUY,2026-03-05 08:00:00+00:00,25074.8,24937.895205975667,25266.466711634068,25362.300067451102,24937.895205975667,136.90479402433417,191.6667116340678,287.50006745110176,0.37,0.18,0.19,False,False,False,4934.8,2026-03-05 13:15:00+00:00,24937.895205975667,315.0,SL,0.0,0.0,1.85,-51.85,4882.95,2026-03-05 08:00:00+00:00,2026-03-05 13:15:00+00:00,2026-03,2026-03-05
54,XAUUSD,BUY,2026-03-06 16:15:00+00:00,5143.37,5101.9692301880295,5201.331077736759,5230.311616605138,5101.9692301880295,41.40076981197055,57.96107773675876,86.94161660513815,0.01,0.01,0.0,False,False,False,6105.73,2026-03-08 22:10:00+00:00,5101.9692301880295,3235.0,SL,0.0,0.0,0.05,-50.05,6055.68,2026-03-06 16:15:00+00:00,2026-03-08 22:10:00+00:00,2026-03,2026-03-08
47,NAS100,SELL,2026-03-06 16:35:00+00:00,24745.2,24909.705038774086,24514.892945716285,24399.739418574423,24909.705038774086,164.50503877408377,230.30705428371726,345.4605814255759,0.3,0.15,0.15,False,False,False,4882.95,2026-03-08 21:00:00+00:00,24399.739418574423,3145.0,FULL_TP2,34.55,51.82,1.5,84.87,4967.82,2026-03-06 16:35:00+00:00,2026-03-08 21:00:00+00:00,2026-03,2026-03-08
55,XAUUSD,SELL,2026-03-09 12:10:00+00:00,5092.67,5137.483327152365,5029.931341986689,4998.562012980034,5137.483327152365,44.81332715236495,62.738658013310925,94.1079870199664,0.01,0.01,0.0,False,False,False,6055.68,2026-03-09 18:20:00+00:00,5137.483327152365,370.0,SL,0.0,0.0,0.05,-50.05,6005.63,2026-03-09 12:10:00+00:00,2026-03-09 18:20:00+00:00,2026-03,2026-03-09
48,NAS100,BUY,2026-03-09 17:20:00+00:00,24638.3,24449.12627820579,24903.14321051189,25035.564815767837,24638.3,189.1737217942089,264.84321051189244,397.2648157678387,0.26,0.13,0.13,True,False,False,4967.82,2026-03-10 06:25:00+00:00,25035.564815767837,785.0,FULL_TP2,34.43,51.64,1.3,84.77,5052.59,2026-03-09 17:20:00+00:00,2026-03-10 06:25:00+00:00,2026-03,2026-03-10
49,NAS100,BUY,2026-03-10 12:20:00+00:00,24983.2,24830.183884901264,25197.42256113823,25304.533841707347,24983.2,153.01611509873624,214.22256113823073,321.3338417073461,0.33,0.17,0.16,True,False,False,5052.59,2026-03-10 17:15:00+00:00,24983.2,295.0,TP1_THEN_BE,36.42,0.0,1.65,34.77,5087.36,2026-03-10 12:20:00+00:00,2026-03-10 17:15:00+00:00,2026-03,2026-03-10
50,NAS100,SELL,2026-03-11 10:45:00+00:00,24920.8,25045.07744038851,24746.811583456085,24659.817375184128,25045.07744038851,124.277440388511,173.98841654391538,260.9826248158731,0.4,0.2,0.2,False,False,False,5087.36,2026-03-11 12:30:00+00:00,25045.07744038851,105.0,SL,0.0,0.0,2.0,-52.0,5035.36,2026-03-11 10:45:00+00:00,2026-03-11 12:30:00+00:00,2026-03,2026-03-11
56,XAUUSD,SELL,2026-03-11 14:10:00+00:00,5170.78,5201.034451752975,5128.423767545834,5107.245651318752,5170.78,30.25445175297517,42.35623245416524,63.53434868124786,0.02,0.01,0.01,True,False,False,6005.63,2026-03-12 00:45:00+00:00,5170.78,635.0,TP1_THEN_BE,42.36,0.0,0.1,42.26,6047.89,2026-03-11 14:10:00+00:00,2026-03-12 00:45:00+00:00,2026-03,2026-03-12
57,XAUUSD,BUY,2026-03-12 11:50:00+00:00,5183.76,5157.488991948896,5220.539411271546,5238.9291169073185,5157.488991948896,26.27100805110392,36.779411271545484,55.169116907318234,0.02,0.01,0.01,False,False,False,6047.89,2026-03-12 12:40:00+00:00,5157.488991948896,50.0,SL,0.0,0.0,0.1,-50.1,5997.79,2026-03-12 11:50:00+00:00,2026-03-12 12:40:00+00:00,2026-03,2026-03-12
51,NAS100,SELL,2026-03-12 15:05:00+00:00,24582.4,24726.604599004488,24380.51356139372,24279.57034209058,24726.604599004488,144.2045990044862,201.88643860628068,302.82965790942103,0.35,0.17,0.18,False,False,False,5035.36,2026-03-13 12:40:00+00:00,24726.604599004488,1295.0,SL,0.0,0.0,1.75,-51.75,4983.61,2026-03-12 15:05:00+00:00,2026-03-13 12:40:00+00:00,2026-03,2026-03-13
58,XAUUSD,SELL,2026-03-13 16:55:00+00:00,5046.02,5079.928781753566,4998.547705545008,4974.811558317512,5046.02,33.90878175356583,47.472294454992166,71.20844168248826,0.01,0.01,0.0,True,False,False,5997.79,2026-03-15 22:20:00+00:00,4974.811558317512,3205.0,FULL_TP2,47.47,0.0,0.05,47.42,6045.21,2026-03-13 16:55:00+00:00,2026-03-15 22:20:00+00:00,2026-03,2026-03-15
52,NAS100,SELL,2026-03-13 18:20:00+00:00,24375.2,24532.202896884402,24155.395944361837,24045.493916542753,24532.202896884402,157.00289688440333,219.80405563816464,329.706083457247,0.32,0.16,0.16,False,False,False,4983.61,2026-03-16 02:45:00+00:00,24532.202896884402,3385.0,SL,0.0,0.0,1.6,-51.6,4932.01,2026-03-13 18:20:00+00:00,2026-03-16 02:45:00+00:00,2026-03,2026-03-16
53,NAS100,BUY,2026-03-16 14:10:00+00:00,24704.7,24578.28424526489,24881.682056629154,24970.173084943734,24578.28424526489,126.41575473511024,176.98205662915433,265.4730849437315,0.4,0.2,0.2,False,False,False,4932.01,2026-03-17 01:55:00+00:00,24578.28424526489,705.0,SL,0.0,0.0,2.0,-52.0,4880.01,2026-03-16 14:10:00+00:00,2026-03-17 01:55:00+00:00,2026-03,2026-03-17
59,XAUUSD,SELL,2026-03-16 16:35:00+00:00,4986.39,5022.034858605885,4936.487197951762,4911.535796927642,5022.034858605885,35.6448586058848,49.90280204823872,74.85420307235808,0.01,0.01,0.0,False,False,False,6045.21,2026-03-17 00:50:00+00:00,5022.034858605885,495.0,SL,0.0,0.0,0.05,-50.05,5995.16,2026-03-16 16:35:00+00:00,2026-03-17 00:50:00+00:00,2026-03,2026-03-17
54,NAS100,SELL,2026-03-17 07:10:00+00:00,24556.8,24659.220958915026,24413.41065751896,24341.715986278447,24659.220958915026,102.42095891502596,143.38934248103635,215.08401372155453,0.49,0.24,0.25,False,False,False,4880.01,2026-03-17 11:05:00+00:00,24659.220958915026,235.0,SL,0.0,0.0,2.45,-52.45,4827.56,2026-03-17 07:10:00+00:00,2026-03-17 11:05:00+00:00,2026-03,2026-03-17
60,XAUUSD,SELL,2026-03-17 10:55:00+00:00,5003.21,5030.358105787485,4965.20265189752,4946.19897784628,5030.358105787485,27.148105787485694,38.007348102479966,57.011022153719956,0.02,0.01,0.01,False,False,False,5995.16,2026-03-17 12:40:00+00:00,5030.358105787485,105.0,SL,0.0,0.0,0.1,-50.1,5945.06,2026-03-17 10:55:00+00:00,2026-03-17 12:40:00+00:00,2026-03,2026-03-17
61,XAUUSD,SELL,2026-03-18 06:45:00+00:00,4995.56,5017.829752366825,4964.382346686445,4948.793520029668,4995.56,22.26975236682492,31.177653313554888,46.766479970332334,0.02,0.01,0.01,True,False,False,5945.06,2026-03-18 10:25:00+00:00,4948.793520029668,220.0,FULL_TP2,31.18,46.77,0.1,77.84,6022.9,2026-03-18 06:45:00+00:00,2026-03-18 10:25:00+00:00,2026-03,2026-03-18
55,NAS100,BUY,2026-03-18 08:20:00+00:00,24972.3,24897.70423871004,25076.73406580594,25128.95109870891,24897.70423871004,74.59576128995722,104.43406580594011,156.65109870891018,0.67,0.34,0.33,False,False,False,4827.56,2026-03-18 10:30:00+00:00,24897.70423871004,130.0,SL,0.0,0.0,3.35,-53.35,4774.21,2026-03-18 08:20:00+00:00,2026-03-18 10:30:00+00:00,2026-03,2026-03-18
56,NAS100,SELL,2026-03-18 17:20:00+00:00,24640.2,24750.655381935052,24485.562465290932,24408.243697936396,24640.2,110.45538193504963,154.63753470906948,231.95630206360423,0.45,0.23,0.22,True,False,False,4774.21,2026-03-18 19:30:00+00:00,24408.243697936396,130.0,FULL_TP2,35.57,51.03,2.25,84.35,4858.56,2026-03-18 17:20:00+00:00,2026-03-18 19:30:00+00:00,2026-03,2026-03-18
62,XAUUSD,SELL,2026-03-18 17:30:00+00:00,4876.87,4910.100875626392,4830.346774123052,4807.0851611845765,4876.87,33.2308756263919,46.52322587694866,69.78483881542299,0.02,0.01,0.01,True,False,False,6022.9,2026-03-18 19:30:00+00:00,4807.0851611845765,120.0,FULL_TP2,46.52,69.78,0.1,116.21,6139.11,2026-03-18 17:30:00+00:00,2026-03-18 19:30:00+00:00,2026-03,2026-03-18
57,NAS100,SELL,2026-03-19 10:05:00+00:00,24377.5,24493.566927902633,24215.00630093631,24133.75945140447,24377.5,116.06692790263432,162.49369906368804,243.7405485955321,0.43,0.21,0.22,True,False,False,4858.56,2026-03-19 12:30:00+00:00,24133.75945140447,145.0,FULL_TP2,34.12,53.62,2.15,85.6,4944.15,2026-03-19 10:05:00+00:00,2026-03-19 12:30:00+00:00,2026-03,2026-03-19
63,XAUUSD,SELL,2026-03-19 14:30:00+00:00,4579.59,4643.610299606825,4489.961580550446,4445.147370825669,4643.610299606825,64.02029960682444,89.6284194495542,134.44262917433133,0.01,0.01,0.0,False,False,False,6139.11,2026-03-19 18:00:00+00:00,4643.610299606825,210.0,SL,0.0,0.0,0.05,-50.05,6089.06,2026-03-19 14:30:00+00:00,2026-03-19 18:00:00+00:00,2026-03,2026-03-19
58,NAS100,SELL,2026-03-19 14:30:00+00:00,24218.4,24356.34375853361,24025.278738052948,23928.71810707942,24356.34375853361,137.9437585336096,193.12126194705345,289.6818929205802,0.36,0.18,0.18,False,False,False,4944.15,2026-03-19 18:00:00+00:00,24356.34375853361,210.0,SL,0.0,0.0,1.8,-51.8,4892.35,2026-03-19 14:30:00+00:00,2026-03-19 18:00:00+00:00,2026-03,2026-03-19
59,NAS100,SELL,2026-03-20 07:55:00+00:00,24361.5,24476.79103155503,24200.09255582296,24119.388833734443,24361.5,115.29103155502726,161.40744417703814,242.11116626555724,0.43,0.21,0.22,True,False,False,4892.35,2026-03-20 12:55:00+00:00,24119.388833734443,300.0,FULL_TP2,33.9,53.26,2.15,85.01,4977.36,2026-03-20 07:55:00+00:00,2026-03-20 12:55:00+00:00,2026-03,2026-03-20
64,XAUUSD,SELL,2026-03-20 08:00:00+00:00,4687.1,4740.777347579209,4611.951713389108,4574.377570083662,4687.1,53.67734757920874,75.14828661089223,112.72242991633837,0.01,0.01,0.0,True,False,False,6089.06,2026-03-20 13:15:00+00:00,4574.377570083662,315.0,FULL_TP2,75.15,0.0,0.05,75.1,6164.16,2026-03-20 08:00:00+00:00,2026-03-20 13:15:00+00:00,2026-03,2026-03-20
60,NAS100,SELL,2026-03-20 15:35:00+00:00,24074.6,24213.252451735076,23880.48656757089,23783.429851356334,24074.6,138.65245173507816,194.11343242910942,291.17014864366416,0.36,0.18,0.18,True,False,False,4977.36,2026-03-20 18:35:00+00:00,23783.429851356334,180.0,FULL_TP2,34.94,52.41,1.8,85.55,5062.91,2026-03-20 15:35:00+00:00,2026-03-20 18:35:00+00:00,2026-03,2026-03-20
65,XAUUSD,SELL,2026-03-20 16:20:00+00:00,4569.84,4628.542913405028,4487.65592123296,4446.563881849441,4569.84,58.702913405028404,82.18407876703976,123.27611815055965,0.01,0.01,0.0,True,False,False,6164.16,2026-03-22 23:00:00+00:00,4446.563881849441,3280.0,FULL_TP2,82.18,0.0,0.05,82.13,6246.29,2026-03-20 16:20:00+00:00,2026-03-22 23:00:00+00:00,2026-03,2026-03-22
61,NAS100,SELL,2026-03-23 08:40:00+00:00,23682.8,23844.450833860657,23456.488832595078,23343.333248892613,23844.450833860657,161.65083386065942,226.31116740492317,339.46675110738477,0.31,0.15,0.16,False,False,False,5062.91,2026-03-23 10:05:00+00:00,23844.450833860657,85.0,SL,0.0,0.0,1.55,-51.55,5011.36,2026-03-23 08:40:00+00:00,2026-03-23 10:05:00+00:00,2026-03,2026-03-23
62,NAS100,BUY,2026-03-23 16:55:00+00:00,24279.5,24018.429020548338,24644.99937123233,24827.749056848494,24018.429020548338,261.0709794516641,365.4993712323297,548.2490568484945,0.19,0.1,0.09,False,False,False,5011.36,2026-03-24 04:25:00+00:00,24018.429020548338,690.0,SL,0.0,0.0,0.95,-50.95,4960.41,2026-03-23 16:55:00+00:00,2026-03-24 04:25:00+00:00,2026-03,2026-03-24
66,XAUUSD,BUY,2026-03-24 10:30:00+00:00,4427.79,4352.38021896171,4533.363693453605,4586.150540180408,4352.38021896171,75.40978103828958,105.5736934536054,158.36054018040812,0.01,0.01,0.0,False,False,False,6246.29,2026-03-24 12:35:00+00:00,4352.38021896171,125.0,SL,0.0,0.0,0.05,-50.05,6196.24,2026-03-24 10:30:00+00:00,2026-03-24 12:35:00+00:00,2026-03,2026-03-24
63,NAS100,SELL,2026-03-24 15:40:00+00:00,24104.2,24293.267508135665,23839.505488610073,23707.158232915106,24293.267508135665,189.06750813566345,264.69451138992883,397.04176708489325,0.26,0.13,0.13,False,False,False,4960.41,2026-03-24 19:35:00+00:00,24293.267508135665,235.0,SL,0.0,0.0,1.3,-51.3,4909.11,2026-03-24 15:40:00+00:00,2026-03-24 19:35:00+00:00,2026-03,2026-03-24
64,NAS100,BUY,2026-03-25 10:00:00+00:00,24293.3,24153.15512185236,24489.502829406694,24587.60424411004,24153.15512185236,140.144878147638,196.20282940669318,294.3042441100398,0.36,0.18,0.18,False,False,False,4909.11,2026-03-25 13:00:00+00:00,24153.15512185236,180.0,SL,0.0,0.0,1.8,-51.8,4857.31,2026-03-25 10:00:00+00:00,2026-03-25 13:00:00+00:00,2026-03,2026-03-25
67,XAUUSD,BUY,2026-03-25 14:50:00+00:00,4561.89,4510.199053505154,4634.257325092786,4670.440987639178,4510.199053505154,51.69094649484684,72.36732509278558,108.55098763917837,0.01,0.01,0.0,False,False,False,6196.24,2026-03-25 18:05:00+00:00,4510.199053505154,195.0,SL,0.0,0.0,0.05,-50.05,6146.19,2026-03-25 14:50:00+00:00,2026-03-25 18:05:00+00:00,2026-03,2026-03-25
65,NAS100,SELL,2026-03-26 10:10:00+00:00,23985.2,24120.544171144353,23795.718160397908,23700.97724059686,23985.2,135.34417114435206,189.48183960209286,284.2227594031393,0.37,0.18,0.19,True,False,False,4857.31,2026-03-26 16:50:00+00:00,23700.97724059686,400.0,FULL_TP2,34.11,54.0,1.85,86.26,4943.57,2026-03-26 10:10:00+00:00,2026-03-26 16:50:00+00:00,2026-03,2026-03-26
68,XAUUSD,SELL,2026-03-26 10:50:00+00:00,4427.33,4474.247692465213,4361.645230548702,4328.802845823054,4474.247692465213,46.91769246521265,65.68476945129771,98.52715417694658,0.01,0.01,0.0,False,False,False,6146.19,2026-03-26 13:30:00+00:00,4474.247692465213,160.0,SL,0.0,0.0,0.05,-50.05,6096.14,2026-03-26 10:50:00+00:00,2026-03-26 13:30:00+00:00,2026-03,2026-03-26
69,XAUUSD,SELL,2026-03-26 14:30:00+00:00,4442.52,4490.067420254554,4375.953611643625,4342.670417465438,4442.52,47.54742025455375,66.56638835637524,99.84958253456288,0.01,0.01,0.0,True,False,False,6096.14,2026-03-27 02:35:00+00:00,4442.52,725.0,TP1_THEN_BE,66.57,0.0,0.05,66.52,6162.66,2026-03-26 14:30:00+00:00,2026-03-27 02:35:00+00:00,2026-03,2026-03-27
66,NAS100,SELL,2026-03-26 19:55:00+00:00,23640.1,23789.703539996866,23430.655044004387,23325.93256600658,23789.703539996866,149.603539996866,209.4449559956124,314.1674339934186,0.33,0.17,0.16,False,False,False,4943.57,2026-03-27 04:10:00+00:00,23789.703539996866,495.0,SL,0.0,0.0,1.65,-51.65,4891.92,2026-03-26 19:55:00+00:00,2026-03-27 04:10:00+00:00,2026-03,2026-03-27
70,XAUUSD,SELL,2026-03-27 12:30:00+00:00,4418.37,4458.557192267239,4362.107930825865,4333.976896238797,4458.557192267239,40.18719226723928,56.26206917413499,84.3931037612025,0.01,0.01,0.0,False,False,False,6162.66,2026-03-27 13:05:00+00:00,4458.557192267239,35.0,SL,0.0,0.0,0.05,-50.05,6112.61,2026-03-27 12:30:00+00:00,2026-03-27 13:05:00+00:00,2026-03,2026-03-27
67,NAS100,SELL,2026-03-27 15:10:00+00:00,23338.8,23482.41195975032,23137.743256349553,23037.214884524332,23338.8,143.6119597503185,201.0567436504459,301.5851154756689,0.35,0.17,0.18,True,False,False,4891.92,2026-03-29 22:00:00+00:00,23037.214884524332,3290.0,FULL_TP2,34.18,54.29,1.75,86.71,4978.64,2026-03-27 15:10:00+00:00,2026-03-29 22:00:00+00:00,2026-03,2026-03-29
71,XAUUSD,BUY,2026-03-27 17:30:00+00:00,4513.85,4467.649561227317,4578.530614281758,4610.870921422637,4467.649561227317,46.20043877268414,64.68061428175778,97.02092142263669,0.01,0.01,0.0,False,False,False,6112.61,2026-03-29 22:00:00+00:00,4467.649561227317,3150.0,SL,0.0,0.0,0.05,-50.05,6062.56,2026-03-27 17:30:00+00:00,2026-03-29 22:00:00+00:00,2026-03,2026-03-29
72,XAUUSD,BUY,2026-03-30 08:00:00+00:00,4527.66,4482.168476863511,4591.348132391084,4623.192198586626,4527.66,45.491523136488304,63.68813239108362,95.53219858662544,0.01,0.01,0.0,True,False,False,6062.56,2026-03-31 14:00:00+00:00,4623.192198586626,1800.0,FULL_TP2,63.69,0.0,0.05,63.64,6126.2,2026-03-30 08:00:00+00:00,2026-03-31 14:00:00+00:00,2026-03,2026-03-31
68,NAS100,SELL,2026-03-30 16:05:00+00:00,23157.4,23304.100310800088,22952.019564879884,22849.329347319825,23157.4,146.70031080008465,205.3804351201185,308.0706526801778,0.34,0.17,0.17,True,False,False,4978.64,2026-03-31 00:10:00+00:00,22849.329347319825,485.0,FULL_TP2,34.91,52.37,1.7,85.59,5064.23,2026-03-30 16:05:00+00:00,2026-03-31 00:10:00+00:00,2026-03,2026-03-31
69,NAS100,BUY,2026-03-31 15:10:00+00:00,23380.1,23208.48937729508,23620.354871786883,23740.482307680326,23380.1,171.61062270491811,240.25487178688533,360.38230768032804,0.29,0.14,0.15,True,False,False,5064.23,2026-03-31 19:15:00+00:00,23740.482307680326,245.0,FULL_TP2,33.64,54.06,1.45,86.24,5150.47,2026-03-31 15:10:00+00:00,2026-03-31 19:15:00+00:00,2026-03,2026-03-31
73,XAUUSD,BUY,2026-04-01 10:25:00+00:00,4728.28,4689.292742953887,4782.862159864559,4810.153239796838,4728.28,38.98725704611318,54.58215986455845,81.87323979683768,0.01,0.01,0.0,True,False,False,6126.2,2026-04-02 01:05:00+00:00,4728.28,880.0,TP1_THEN_BE,54.58,0.0,0.05,54.53,6180.73,2026-04-01 10:25:00+00:00,2026-04-02 01:05:00+00:00,2026-04,2026-04-02
70,NAS100,BUY,2026-04-01 14:00:00+00:00,23985.3,23831.206808592677,24201.03046797025,24308.895701955378,23831.206808592677,154.0931914073227,215.73046797025177,323.5957019553777,0.32,0.16,0.16,False,False,False,5150.47,2026-04-02 01:15:00+00:00,23831.206808592677,675.0,SL,0.0,0.0,1.6,-51.6,5098.87,2026-04-01 14:00:00+00:00,2026-04-02 01:15:00+00:00,2026-04,2026-04-02
74,XAUUSD,SELL,2026-04-02 11:25:00+00:00,4614.77,4665.228152048853,4544.128587131607,4508.80788069741,4665.228152048853,50.45815204885282,70.64141286839394,105.96211930259092,0.01,0.01,0.0,False,False,False,6180.73,2026-04-02 14:20:00+00:00,4665.228152048853,175.0,SL,0.0,0.0,0.05,-50.05,6130.68,2026-04-02 11:25:00+00:00,2026-04-02 14:20:00+00:00,2026-04,2026-04-02
75,XAUUSD,SELL,2026-04-02 17:25:00+00:00,4651.93,4705.353064438071,4577.137709786702,4539.741564680053,4705.353064438071,53.42306443807042,74.79229021329859,112.18843531994789,0.01,0.01,0.0,False,False,False,6130.68,2026-04-06 09:40:00+00:00,4705.353064438071,5295.0,SL,0.0,0.0,0.05,-50.05,6080.63,2026-04-02 17:25:00+00:00,2026-04-06 09:40:00+00:00,2026-04,2026-04-06
71,NAS100,BUY,2026-04-06 06:10:00+00:00,24122.3,23977.646624913283,24324.814725121403,24426.072087682107,23977.646624913283,144.65337508671735,202.51472512140427,303.7720876821064,0.35,0.17,0.18,False,False,False,5098.87,2026-04-07 13:55:00+00:00,23977.646624913283,1905.0,SL,0.0,0.0,1.75,-51.75,5047.12,2026-04-06 06:10:00+00:00,2026-04-07 13:55:00+00:00,2026-04,2026-04-07
76,XAUUSD,BUY,2026-04-06 14:15:00+00:00,4683.3,4644.8519424102415,4737.127280625662,4764.040920938493,4644.8519424102415,38.44805758975878,53.82728062566229,80.74092093849345,0.01,0.01,0.0,False,False,False,6080.63,2026-04-07 01:00:00+00:00,4644.8519424102415,645.0,SL,0.0,0.0,0.05,-50.05,6030.58,2026-04-06 14:15:00+00:00,2026-04-07 01:00:00+00:00,2026-04,2026-04-07
72,NAS100,BUY,2026-04-08 07:20:00+00:00,25039.4,24879.35535217443,25263.462506955806,25375.493760433706,24879.35535217443,160.0446478255743,224.062506955804,336.093760433706,0.31,0.15,0.16,False,False,False,5047.12,2026-04-08 14:35:00+00:00,24879.35535217443,435.0,SL,0.0,0.0,1.55,-51.55,4995.57,2026-04-08 07:20:00+00:00,2026-04-08 14:35:00+00:00,2026-04,2026-04-08
77,XAUUSD,SELL,2026-04-09 07:20:00+00:00,4713.36,4747.706348878255,4665.275111570441,4641.232667355663,4747.706348878255,34.34634887825575,48.08488842955805,72.12733264433709,0.01,0.01,0.0,False,False,False,6030.58,2026-04-09 11:30:00+00:00,4747.706348878255,250.0,SL,0.0,0.0,0.05,-50.05,5980.53,2026-04-09 07:20:00+00:00,2026-04-09 11:30:00+00:00,2026-04,2026-04-09
73,NAS100,BUY,2026-04-09 19:05:00+00:00,25070.3,24957.40892732957,25228.3475017386,25307.3712526079,25070.3,112.89107267042925,158.04750173860094,237.07125260790144,0.44,0.22,0.22,True,False,False,4995.57,2026-04-12 22:00:00+00:00,25070.3,4495.0,TP1_THEN_BE,34.77,0.0,2.2,32.57,5028.14,2026-04-09 19:05:00+00:00,2026-04-12 22:00:00+00:00,2026-04,2026-04-12
78,XAUUSD,SELL,2026-04-13 11:35:00+00:00,4712.15,4740.523304847803,4672.427373213075,4652.566059819612,4740.523304847803,28.373304847803585,39.72262678692502,59.58394018038753,0.02,0.01,0.01,False,False,False,5980.53,2026-04-13 13:45:00+00:00,4740.523304847803,130.0,SL,0.0,0.0,0.1,-50.1,5930.43,2026-04-13 11:35:00+00:00,2026-04-13 13:45:00+00:00,2026-04,2026-04-13
79,XAUUSD,SELL,2026-04-13 14:20:00+00:00,4717.36,4746.2654029703435,4676.892435841518,4656.658653762277,4746.2654029703435,28.905402970344213,40.46756415848189,60.70134623772285,0.02,0.01,0.01,False,False,False,5930.43,2026-04-13 16:45:00+00:00,4746.2654029703435,145.0,SL,0.0,0.0,0.1,-50.1,5880.33,2026-04-13 14:20:00+00:00,2026-04-13 16:45:00+00:00,2026-04,2026-04-13
80,XAUUSD,BUY,2026-04-14 06:40:00+00:00,4769.58,4745.601470607438,4803.149941149586,4819.934911724379,4769.58,23.978529392561487,33.56994114958608,50.35491172437913,0.02,0.01,0.01,True,False,False,5880.33,2026-04-14 16:30:00+00:00,4819.934911724379,590.0,FULL_TP2,33.57,50.35,0.1,83.82,5964.16,2026-04-14 06:40:00+00:00,2026-04-14 16:30:00+00:00,2026-04,2026-04-14
74,NAS100,BUY,2026-04-14 06:55:00+00:00,25449.4,25373.533559835796,25555.613016229887,25608.71952434483,25449.4,75.86644016420446,106.21301622988624,159.31952434482938,0.66,0.33,0.33,True,False,False,5028.14,2026-04-14 13:35:00+00:00,25608.71952434483,400.0,FULL_TP2,35.05,52.58,3.3,84.33,5112.46,2026-04-14 06:55:00+00:00,2026-04-14 13:35:00+00:00,2026-04,2026-04-14
75,NAS100,BUY,2026-04-14 19:05:00+00:00,25814.7,25723.08262577052,25942.964323921275,26007.096485881913,25814.7,91.61737422948157,128.26432392127418,192.3964858819113,0.55,0.28,0.27,True,False,False,5112.46,2026-04-15 14:30:00+00:00,26007.096485881913,1165.0,FULL_TP2,35.91,51.95,2.75,85.11,5197.58,2026-04-14 19:05:00+00:00,2026-04-15 14:30:00+00:00,2026-04,2026-04-15
76,NAS100,BUY,2026-04-15 17:30:00+00:00,26074.9,25981.567468625668,26205.56554392407,26270.898315886105,26074.9,93.33253137433509,130.6655439240691,195.9983158861037,0.54,0.27,0.27,True,False,False,5197.58,2026-04-15 23:45:00+00:00,26270.898315886105,375.0,FULL_TP2,35.28,52.92,2.7,85.5,5283.07,2026-04-15 17:30:00+00:00,2026-04-15 23:45:00+00:00,2026-04,2026-04-15
81,XAUUSD,SELL,2026-04-15 19:55:00+00:00,4795.77,4819.80224312397,4762.124859626444,4745.302289439665,4819.80224312397,24.032243123969156,33.64514037355681,50.46771056033523,0.02,0.01,0.01,False,False,False,5964.16,2026-04-15 23:30:00+00:00,4819.80224312397,215.0,SL,0.0,0.0,0.1,-50.1,5914.06,2026-04-15 19:55:00+00:00,2026-04-15 23:30:00+00:00,2026-04,2026-04-15
82,XAUUSD,BUY,2026-04-16 07:00:00+00:00,4828.69,4806.934344590757,4859.147917572939,4874.37687635941,4806.934344590757,21.75565540924286,30.45791757294,45.68687635941001,0.02,0.01,0.01,False,False,False,5914.06,2026-04-16 08:05:00+00:00,4806.934344590757,65.0,SL,0.0,0.0,0.1,-50.1,5863.96,2026-04-16 07:00:00+00:00,2026-04-16 08:05:00+00:00,2026-04,2026-04-16
77,NAS100,BUY,2026-04-16 17:45:00+00:00,26372.8,26268.499741464522,26518.820361949667,26591.830542924505,26268.499741464522,104.3002585354781,146.0203619496693,219.030542924504,0.48,0.24,0.24,False,False,False,5283.07,2026-04-16 18:05:00+00:00,26268.499741464522,20.0,SL,0.0,0.0,2.4,-52.4,5230.67,2026-04-16 17:45:00+00:00,2026-04-16 18:05:00+00:00,2026-04,2026-04-16
78,NAS100,BUY,2026-04-16 19:30:00+00:00,26325.5,26215.670491364817,26479.261312089257,26556.141968133885,26325.5,109.82950863518263,153.76131208925568,230.64196813388355,0.46,0.23,0.23,True,False,False,5230.67,2026-04-17 12:45:00+00:00,26556.141968133885,1035.0,FULL_TP2,35.37,53.05,2.3,86.11,5316.79,2026-04-16 19:30:00+00:00,2026-04-17 12:45:00+00:00,2026-04,2026-04-17
83,XAUUSD,SELL,2026-04-16 20:20:00+00:00,4788.63,4811.003381071728,4757.307266499582,4741.645899749372,4811.003381071728,22.373381071727653,31.322733500418714,46.984100250628074,0.02,0.01,0.01,False,False,False,5863.96,2026-04-17 11:45:00+00:00,4811.003381071728,925.0,SL,0.0,0.0,0.1,-50.1,5813.86,2026-04-16 20:20:00+00:00,2026-04-17 11:45:00+00:00,2026-04,2026-04-17
84,XAUUSD,BUY,2026-04-17 15:50:00+00:00,4869.09,4841.413924735204,4907.836505370715,4927.209758056072,4841.413924735204,27.676075264796193,38.746505370714665,58.11975805607201,0.02,0.01,0.01,False,False,False,5813.86,2026-04-17 20:35:00+00:00,4841.413924735204,285.0,SL,0.0,0.0,0.1,-50.1,5763.76,2026-04-17 15:50:00+00:00,2026-04-17 20:35:00+00:00,2026-04,2026-04-17
79,NAS100,BUY,2026-04-17 19:40:00+00:00,26693.9,26585.696135722457,26845.385409988565,26921.128114982846,26585.696135722457,108.2038642775448,151.4854099885627,227.2281149828441,0.46,0.23,0.23,False,False,False,5316.79,2026-04-19 22:00:00+00:00,26585.696135722457,3020.0,SL,0.0,0.0,2.3,-52.3,5264.49,2026-04-17 19:40:00+00:00,2026-04-19 22:00:00+00:00,2026-04,2026-04-19
80,NAS100,BUY,2026-04-20 06:55:00+00:00,26565.2,26467.21158666801,26702.38377866479,26770.975667997183,26565.2,97.98841333199162,137.18377866478826,205.7756679971824,0.51,0.26,0.25,True,False,False,5264.49,2026-04-20 14:45:00+00:00,26565.2,470.0,TP1_THEN_BE,35.67,0.0,2.55,33.12,5297.61,2026-04-20 06:55:00+00:00,2026-04-20 14:45:00+00:00,2026-04,2026-04-20
85,XAUUSD,SELL,2026-04-21 08:10:00+00:00,4775.89,4796.962245414429,4746.3888564198005,4731.6382846297,4796.962245414429,21.07224541442871,29.501143580200193,44.251715370300296,0.02,0.01,0.01,False,False,False,5763.76,2026-04-21 11:45:00+00:00,4796.962245414429,215.0,SL,0.0,0.0,0.1,-50.1,5713.66,2026-04-21 08:10:00+00:00,2026-04-21 11:45:00+00:00,2026-04,2026-04-21
86,XAUUSD,SELL,2026-04-21 12:25:00+00:00,4780.34,4801.010517135608,4751.40127601015,4736.931914015225,4780.34,20.670517135607522,28.93872398985053,43.408085984775795,0.02,0.01,0.01,True,False,False,5713.66,2026-04-21 14:45:00+00:00,4736.931914015225,140.0,FULL_TP2,28.94,43.41,0.1,72.25,5785.9,2026-04-21 12:25:00+00:00,2026-04-21 14:45:00+00:00,2026-04,2026-04-21
81,NAS100,BUY,2026-04-21 14:10:00+00:00,26736.2,26657.746367595362,26846.035085366497,26900.952628049745,26657.746367595362,78.45363240463959,109.83508536649542,164.75262804974315,0.64,0.32,0.32,False,False,False,5297.61,2026-04-21 14:50:00+00:00,26657.746367595362,40.0,SL,0.0,0.0,3.2,-53.2,5244.41,2026-04-21 14:10:00+00:00,2026-04-21 14:50:00+00:00,2026-04,2026-04-21
82,NAS100,SELL,2026-04-21 18:20:00+00:00,26558.7,26666.626043708584,26407.603538807984,26332.055308211977,26666.626043708584,107.92604370858278,151.09646119201588,226.64469178802386,0.46,0.23,0.23,False,False,False,5244.41,2026-04-21 20:10:00+00:00,26666.626043708584,110.0,SL,0.0,0.0,2.3,-52.3,5192.11,2026-04-21 18:20:00+00:00,2026-04-21 20:10:00+00:00,2026-04,2026-04-21
87,XAUUSD,SELL,2026-04-21 19:35:00+00:00,4701.16,4731.192854922007,4659.114003109189,4638.091004663785,4731.192854922007,30.032854922007434,42.04599689081041,63.068995336215615,0.02,0.01,0.01,False,False,False,5785.9,2026-04-21 23:15:00+00:00,4731.192854922007,220.0,SL,0.0,0.0,0.1,-50.1,5735.8,2026-04-21 19:35:00+00:00,2026-04-21 23:15:00+00:00,2026-04,2026-04-21
88,XAUUSD,BUY,2026-04-22 10:50:00+00:00,4757.4,4733.45426156502,4790.924033808972,4807.686050713458,4733.45426156502,23.945738434980058,33.52403380897208,50.286050713458124,0.02,0.01,0.01,False,False,False,5735.8,2026-04-22 14:30:00+00:00,4733.45426156502,220.0,SL,0.0,0.0,0.1,-50.1,5685.7,2026-04-22 10:50:00+00:00,2026-04-22 14:30:00+00:00,2026-04,2026-04-22
83,NAS100,BUY,2026-04-22 11:55:00+00:00,26715.5,26624.1207841219,26843.43090222934,26907.396353344007,26715.5,91.37921587809953,127.93090222933934,191.89635334400901,0.55,0.28,0.27,True,False,False,5192.11,2026-04-22 17:10:00+00:00,26907.396353344007,315.0,FULL_TP2,35.82,51.81,2.75,84.88,5276.99,2026-04-22 11:55:00+00:00,2026-04-22 17:10:00+00:00,2026-04,2026-04-22
89,XAUUSD,SELL,2026-04-22 18:25:00+00:00,4730.2,4753.013263742332,4698.261430760735,4682.292146141102,4730.2,22.813263742332285,31.9385692392652,47.9078538588978,0.02,0.01,0.01,True,False,False,5685.7,2026-04-23 00:20:00+00:00,4730.2,355.0,TP1_THEN_BE,31.94,0.0,0.1,31.84,5717.54,2026-04-22 18:25:00+00:00,2026-04-23 00:20:00+00:00,2026-04,2026-04-23
90,XAUUSD,SELL,2026-04-23 07:20:00+00:00,4705.31,4729.440009698743,4671.527986421761,4654.636979632641,4729.440009698743,24.130009698742775,33.782013578239884,50.67302036735983,0.02,0.01,0.01,False,False,False,5717.54,2026-04-23 12:00:00+00:00,4729.440009698743,280.0,SL,0.0,0.0,0.1,-50.1,5667.44,2026-04-23 07:20:00+00:00,2026-04-23 12:00:00+00:00,2026-04,2026-04-23
84,NAS100,BUY,2026-04-23 10:30:00+00:00,26862.6,26764.81436176407,26999.499893530297,27067.94984029545,26862.6,97.78563823592884,136.89989353030037,205.34984029545058,0.51,0.26,0.25,True,False,False,5276.99,2026-04-23 17:05:00+00:00,26862.6,395.0,TP1_THEN_BE,35.59,0.0,2.55,33.04,5310.03,2026-04-23 10:30:00+00:00,2026-04-23 17:05:00+00:00,2026-04,2026-04-23
91,XAUUSD,SELL,2026-04-23 17:05:00+00:00,4710.93,4736.212503941484,4675.5344944819235,4657.836741722885,4710.93,25.282503941483647,35.3955055180771,53.09325827711566,0.02,0.01,0.01,True,False,False,5667.44,2026-04-23 18:00:00+00:00,4710.93,55.0,TP1_THEN_BE,35.4,0.0,0.1,35.3,5702.74,2026-04-23 17:05:00+00:00,2026-04-23 18:00:00+00:00,2026-04,2026-04-23
92,XAUUSD,SELL,2026-04-23 18:45:00+00:00,4706.59,4736.639039374235,4664.521344876071,4643.487017314107,4706.59,30.04903937423479,42.06865512392871,63.10298268589307,0.02,0.01,0.01,True,False,False,5702.74,2026-04-24 11:20:00+00:00,4706.59,995.0,TP1_THEN_BE,42.07,0.0,0.1,41.97,5744.71,2026-04-23 18:45:00+00:00,2026-04-24 11:20:00+00:00,2026-04,2026-04-24
85,NAS100,BUY,2026-04-24 14:45:00+00:00,27148.5,27022.333736293553,27325.132769189026,27413.449153783542,27148.5,126.16626370644777,176.63276918902687,264.94915378354034,0.4,0.2,0.2,True,False,False,5310.03,2026-04-27 01:45:00+00:00,27413.449153783542,3540.0,FULL_TP2,35.33,52.99,2.0,86.32,5396.35,2026-04-24 14:45:00+00:00,2026-04-27 01:45:00+00:00,2026-04,2026-04-27
93,XAUUSD,BUY,2026-04-27 07:10:00+00:00,4717.09,4694.086488686879,4749.294915838369,4765.397373757553,4694.086488686879,23.003511313120484,32.20491583836868,48.307373757553016,0.02,0.01,0.01,False,False,False,5744.71,2026-04-27 13:00:00+00:00,4694.086488686879,350.0,SL,0.0,0.0,0.1,-50.1,5694.61,2026-04-27 07:10:00+00:00,2026-04-27 13:00:00+00:00,2026-04,2026-04-27
86,NAS100,SELL,2026-04-28 14:35:00+00:00,26967.6,27079.59583270159,26810.80583421777,26732.408751326653,27079.59583270159,111.99583270159347,156.79416578223086,235.1912486733463,0.45,0.23,0.22,False,False,False,5396.35,2026-04-28 18:50:00+00:00,27079.59583270159,255.0,SL,0.0,0.0,2.25,-52.25,5344.1,2026-04-28 14:35:00+00:00,2026-04-28 18:50:00+00:00,2026-04,2026-04-28
94,XAUUSD,SELL,2026-04-28 20:20:00+00:00,4592.74,4616.985105076688,4558.796852892636,4541.825279338954,4592.74,24.24510507668851,33.94314710736391,50.91472066104588,0.02,0.01,0.01,True,False,False,5694.61,2026-04-29 12:55:00+00:00,4541.825279338954,995.0,FULL_TP2,33.94,50.91,0.1,84.76,5779.36,2026-04-28 20:20:00+00:00,2026-04-29 12:55:00+00:00,2026-04,2026-04-29
95,XAUUSD,SELL,2026-04-29 17:00:00+00:00,4544.98,4572.111952614296,4506.995266339985,4488.002899509978,4572.111952614296,27.131952614295916,37.98473366001428,56.97710049002143,0.02,0.01,0.01,False,False,False,5779.36,2026-04-30 00:45:00+00:00,4572.111952614296,465.0,SL,0.0,0.0,0.1,-50.1,5729.26,2026-04-29 17:00:00+00:00,2026-04-30 00:45:00+00:00,2026-04,2026-04-30
87,NAS100,SELL,2026-04-29 18:05:00+00:00,27074.2,27184.557999539298,26919.698800644986,26842.44820096748,27184.557999539298,110.3579995392959,154.50119935501425,231.7517990325214,0.45,0.23,0.22,False,False,False,5344.1,2026-04-29 18:55:00+00:00,27184.557999539298,50.0,SL,0.0,0.0,2.25,-52.25,5291.85,2026-04-29 18:05:00+00:00,2026-04-29 18:55:00+00:00,2026-04,2026-04-29
96,XAUUSD,BUY,2026-04-30 12:55:00+00:00,4639.48,4612.195208845728,4677.678707615979,4696.778061423968,4612.195208845728,27.284791154270906,38.19870761597927,57.2980614239689,0.02,0.01,0.01,False,False,False,5729.26,2026-04-30 13:50:00+00:00,4612.195208845728,55.0,SL,0.0,0.0,0.1,-50.1,5679.16,2026-04-30 12:55:00+00:00,2026-04-30 13:50:00+00:00,2026-04,2026-04-30
88,NAS100,BUY,2026-04-30 15:05:00+00:00,27299.1,27117.253709824665,27553.684806245466,27680.9772093682,27299.1,181.8462901753347,254.58480624546857,381.8772093682029,0.27,0.14,0.13,True,False,False,5291.85,2026-05-01 13:40:00+00:00,27680.9772093682,1355.0,FULL_TP2,35.64,49.64,1.35,83.94,5375.78,2026-04-30 15:05:00+00:00,2026-05-01 13:40:00+00:00,2026-04,2026-05-01
89,NAS100,BUY,2026-05-01 17:10:00+00:00,27754.0,27624.21234443842,27935.702717786215,28026.554076679324,27624.21234443842,129.78765556158214,181.70271778621498,272.5540766793225,0.39,0.2,0.19,False,False,False,5375.78,2026-05-04 10:05:00+00:00,27624.21234443842,3895.0,SL,0.0,0.0,1.95,-51.95,5323.83,2026-05-01 17:10:00+00:00,2026-05-04 10:05:00+00:00,2026-05,2026-05-04
97,XAUUSD,SELL,2026-05-04 15:05:00+00:00,4557.9,4584.569999372473,4520.562000878536,4501.893001317805,4557.9,26.66999937247351,37.33799912146291,56.00699868219437,0.02,0.01,0.01,True,False,False,5679.16,2026-05-04 16:10:00+00:00,4501.893001317805,65.0,FULL_TP2,37.34,56.01,0.1,93.24,5772.41,2026-05-04 15:05:00+00:00,2026-05-04 16:10:00+00:00,2026-05,2026-05-04
90,NAS100,SELL,2026-05-04 18:40:00+00:00,27631.6,27763.77470278208,27446.555416105086,27354.033124157628,27763.77470278208,132.1747027820813,185.0445838949138,277.5668758423708,0.38,0.19,0.19,False,False,False,5323.83,2026-05-05 04:00:00+00:00,27763.77470278208,560.0,SL,0.0,0.0,1.9,-51.9,5271.93,2026-05-04 18:40:00+00:00,2026-05-05 04:00:00+00:00,2026-05,2026-05-05
98,XAUUSD,SELL,2026-05-04 20:00:00+00:00,4515.16,4543.811625827415,4475.047723841619,4454.991585762427,4543.811625827415,28.651625827415295,40.11227615838141,60.16841423757212,0.02,0.01,0.01,False,False,False,5772.41,2026-05-05 02:40:00+00:00,4543.811625827415,400.0,SL,0.0,0.0,0.1,-50.1,5722.31,2026-05-04 20:00:00+00:00,2026-05-05 02:40:00+00:00,2026-05,2026-05-05
91,NAS100,BUY,2026-05-05 06:35:00+00:00,27768.9,27675.335672295198,27899.890058786725,27965.38508818009,27768.9,93.5643277048032,130.9900587867245,196.48508818008673,0.53,0.27,0.26,True,False,False,5271.93,2026-05-05 13:35:00+00:00,27965.38508818009,420.0,FULL_TP2,35.37,51.09,2.65,83.8,5355.74,2026-05-05 06:35:00+00:00,2026-05-05 13:35:00+00:00,2026-05,2026-05-05
92,NAS100,BUY,2026-05-05 20:30:00+00:00,28132.2,28039.332077372874,28262.21509167798,28327.22263751697,28039.332077372874,92.86792262712855,130.01509167797997,195.02263751696995,0.54,0.27,0.27,False,False,False,5355.74,2026-05-05 22:50:00+00:00,28327.22263751697,140.0,FULL_TP2,35.1,52.66,2.7,85.06,5440.8,2026-05-05 20:30:00+00:00,2026-05-05 22:50:00+00:00,2026-05,2026-05-05
93,NAS100,BUY,2026-05-06 07:05:00+00:00,28252.2,28158.02451377608,28384.04568071349,28449.968521070234,28252.2,94.17548622392096,131.84568071348934,197.76852107023402,0.53,0.27,0.26,True,False,False,5440.8,2026-05-06 10:15:00+00:00,28449.968521070234,190.0,FULL_TP2,35.6,51.42,2.65,84.37,5525.17,2026-05-06 07:05:00+00:00,2026-05-06 10:15:00+00:00,2026-05,2026-05-06
94,NAS100,BUY,2026-05-06 14:35:00+00:00,28408.7,28282.300362915885,28585.659491917762,28674.139237876643,28408.7,126.39963708411535,176.95949191776148,265.43923787664227,0.4,0.2,0.2,True,False,False,5525.17,2026-05-06 20:10:00+00:00,28674.139237876643,335.0,FULL_TP2,35.39,53.09,2.0,86.48,5611.65,2026-05-06 14:35:00+00:00,2026-05-06 20:10:00+00:00,2026-05,2026-05-06
99,XAUUSD,BUY,2026-05-06 18:20:00+00:00,4687.82,4661.356055259207,4724.869522637109,4743.394283955664,4687.82,26.46394474079245,37.049522637109426,55.57428395566414,0.02,0.01,0.01,True,False,False,5722.31,2026-05-07 06:35:00+00:00,4743.394283955664,735.0,FULL_TP2,37.05,55.57,0.1,92.52,5814.83,2026-05-06 18:20:00+00:00,2026-05-07 06:35:00+00:00,2026-05,2026-05-07
100,XAUUSD,BUY,2026-05-07 10:40:00+00:00,4739.16,4713.689796615282,4774.818284738605,4792.647427107908,4713.689796615282,25.47020338471811,35.65828473860535,53.48742710790803,0.02,0.01,0.01,False,False,False,5814.83,2026-05-07 16:10:00+00:00,4713.689796615282,330.0,SL,0.0,0.0,0.1,-50.1,5764.73,2026-05-07 10:40:00+00:00,2026-05-07 16:10:00+00:00,2026-05,2026-05-07
95,NAS100,BUY,2026-05-07 11:05:00+00:00,28653.4,28558.155928042837,28786.741700740033,28853.41255111005,28653.4,95.24407195716525,133.34170074003134,200.012551110047,0.52,0.26,0.26,True,False,False,5611.65,2026-05-07 14:55:00+00:00,28853.41255111005,230.0,FULL_TP2,34.67,52.0,2.6,84.07,5695.72,2026-05-07 11:05:00+00:00,2026-05-07 14:55:00+00:00,2026-05,2026-05-07
101,XAUUSD,BUY,2026-05-08 08:35:00+00:00,4721.27,4692.323562216674,4761.795012896658,4782.057519344986,4692.323562216674,28.946437783326445,40.52501289665702,60.78751934498554,0.02,0.01,0.01,False,False,False,5764.73,2026-05-10 22:00:00+00:00,4692.323562216674,3685.0,SL,0.0,0.0,0.1,-50.1,5714.63,2026-05-08 08:35:00+00:00,2026-05-10 22:00:00+00:00,2026-05,2026-05-10
96,NAS100,BUY,2026-05-08 10:15:00+00:00,28777.8,28677.010740048852,28918.904963931607,28989.45744589741,28777.8,100.78925995114746,141.10496393160642,211.65744589740967,0.5,0.25,0.25,True,False,False,5695.72,2026-05-08 13:50:00+00:00,28989.45744589741,215.0,FULL_TP2,35.28,52.91,2.5,85.69,5781.41,2026-05-08 10:15:00+00:00,2026-05-08 13:50:00+00:00,2026-05,2026-05-08
97,NAS100,BUY,2026-05-08 19:05:00+00:00,29204.6,29091.696138640425,29362.6654059034,29441.6981088551,29204.6,112.90386135957228,158.06540590340117,237.0981088551018,0.44,0.22,0.22,True,False,False,5781.41,2026-05-12 01:35:00+00:00,29204.6,4710.0,TP1_THEN_BE,34.77,0.0,2.2,32.57,5813.98,2026-05-08 19:05:00+00:00,2026-05-12 01:35:00+00:00,2026-05,2026-05-12
102,XAUUSD,SELL,2026-05-11 07:50:00+00:00,4669.11,4696.895149422134,4630.210790809012,4610.761186213519,4696.895149422134,27.78514942213381,38.89920919098733,58.348813786481,0.02,0.01,0.01,False,False,False,5714.63,2026-05-11 12:35:00+00:00,4696.895149422134,285.0,SL,0.0,0.0,0.1,-50.1,5664.53,2026-05-11 07:50:00+00:00,2026-05-11 12:35:00+00:00,2026-05,2026-05-11
103,XAUUSD,SELL,2026-05-12 10:30:00+00:00,4695.27,4718.968505055059,4662.09209292292,4645.503139384378,4695.27,23.698505055057982,33.17790707708117,49.766860615621766,0.02,0.01,0.01,True,False,False,5664.53,2026-05-12 15:20:00+00:00,4645.503139384378,290.0,FULL_TP2,33.18,49.77,0.1,82.84,5747.38,2026-05-12 10:30:00+00:00,2026-05-12 15:20:00+00:00,2026-05,2026-05-12
98,NAS100,SELL,2026-05-12 10:35:00+00:00,29124.2,29233.24689182689,28971.534351442355,28895.201527163532,29124.2,109.04689182688938,152.6656485576451,228.9984728364677,0.46,0.23,0.23,True,False,False,5813.98,2026-05-12 15:05:00+00:00,28895.201527163532,270.0,FULL_TP2,35.11,52.67,2.3,85.48,5899.47,2026-05-12 10:35:00+00:00,2026-05-12 15:05:00+00:00,2026-05,2026-05-12
104,XAUUSD,SELL,2026-05-13 07:05:00+00:00,4698.69,4720.97879574181,4667.485685961466,4651.883528942199,4698.69,22.288795741810198,31.204314038534275,46.80647105780142,0.02,0.01,0.01,True,False,False,5747.38,2026-05-14 04:25:00+00:00,4698.69,1280.0,TP1_THEN_BE,31.2,0.0,0.1,31.1,5778.48,2026-05-13 07:05:00+00:00,2026-05-14 04:25:00+00:00,2026-05,2026-05-14
99,NAS100,BUY,2026-05-13 20:30:00+00:00,29466.6,29316.106190038117,29677.291333946632,29782.63700091995,29466.6,150.49380996188174,210.69133394663442,316.03700091995165,0.33,0.17,0.16,True,False,False,5899.47,2026-05-15 01:50:00+00:00,29466.6,1760.0,TP1_THEN_BE,35.82,0.0,1.65,34.17,5933.63,2026-05-13 20:30:00+00:00,2026-05-15 01:50:00+00:00,2026-05,2026-05-15
105,XAUUSD,SELL,2026-05-15 07:45:00+00:00,4574.8,4602.5181101472335,4535.994645793873,4516.591968690809,4574.8,27.71811014723367,38.805354206127134,58.20803130919071,0.02,0.01,0.01,True,False,False,5778.48,2026-05-15 13:45:00+00:00,4516.591968690809,360.0,FULL_TP2,38.81,58.21,0.1,96.91,5875.4,2026-05-15 07:45:00+00:00,2026-05-15 13:45:00+00:00,2026-05,2026-05-15
100,NAS100,SELL,2026-05-15 08:00:00+00:00,29271.2,29423.02140463207,29058.650033515107,28952.375050272658,29271.2,151.82140463206736,212.5499664848943,318.82494972734145,0.33,0.17,0.16,True,False,False,5933.63,2026-05-15 14:15:00+00:00,29271.2,375.0,TP1_THEN_BE,36.13,0.0,1.65,34.48,5968.12,2026-05-15 08:00:00+00:00,2026-05-15 14:15:00+00:00,2026-05,2026-05-15
106,XAUUSD,SELL,2026-05-15 15:30:00+00:00,4543.82,4576.414321449849,4498.187949970211,4475.371924955317,4543.82,32.59432144984906,45.63205002978869,68.44807504468304,0.02,0.01,0.01,True,False,False,5875.4,2026-05-18 03:40:00+00:00,4543.82,3610.0,TP1_THEN_BE,45.63,0.0,0.1,45.53,5920.93,2026-05-15 15:30:00+00:00,2026-05-18 03:40:00+00:00,2026-05,2026-05-18
101,NAS100,SELL,2026-05-15 16:00:00+00:00,29208.1,29397.678147508603,28942.690593487954,28809.985890231932,29397.678147508603,189.57814750860297,265.40940651204414,398.11410976806627,0.26,0.13,0.13,False,False,False,5968.12,2026-05-15 18:05:00+00:00,29397.678147508603,125.0,SL,0.0,0.0,1.3,-51.3,5916.82,2026-05-15 16:00:00+00:00,2026-05-15 18:05:00+00:00,2026-05,2026-05-15
102,NAS100,SELL,2026-05-18 06:00:00+00:00,28958.6,29144.36489459275,28698.529147570145,28568.493721355222,29144.36489459275,185.76489459275123,260.0708524298517,390.1062786447776,0.27,0.14,0.13,False,False,False,5916.82,2026-05-18 08:20:00+00:00,29144.36489459275,140.0,SL,0.0,0.0,1.35,-51.35,5865.47,2026-05-18 06:00:00+00:00,2026-05-18 08:20:00+00:00,2026-05,2026-05-18
103,NAS100,SELL,2026-05-18 18:00:00+00:00,28888.1,29115.78309853046,28569.343662057352,28409.965493086027,29115.78309853046,227.68309853046304,318.75633794264826,478.1345069139724,0.22,0.11,0.11,False,False,False,5865.47,2026-05-18 23:00:00+00:00,29115.78309853046,300.0,SL,0.0,0.0,1.1,-51.1,5814.37,2026-05-18 18:00:00+00:00,2026-05-18 23:00:00+00:00,2026-05,2026-05-18
107,XAUUSD,SELL,2026-05-19 07:40:00+00:00,4542.41,4567.588879540228,4507.159568643681,4489.534352965522,4542.41,25.178879540227776,35.250431356318884,52.875647034478334,0.02,0.01,0.01,True,False,False,5920.93,2026-05-19 13:30:00+00:00,4489.534352965522,350.0,FULL_TP2,35.25,52.88,0.1,88.03,6008.95,2026-05-19 07:40:00+00:00,2026-05-19 13:30:00+00:00,2026-05,2026-05-19
104,NAS100,SELL,2026-05-19 08:25:00+00:00,28928.3,29109.94094125012,28674.002682249833,28546.85402337475,28928.3,181.64094125011826,254.29731775016555,381.44597662524836,0.28,0.14,0.14,True,False,False,5814.37,2026-05-19 16:45:00+00:00,28928.3,500.0,TP1_THEN_BE,35.6,0.0,1.4,34.2,5848.57,2026-05-19 08:25:00+00:00,2026-05-19 16:45:00+00:00,2026-05,2026-05-19
108,XAUUSD,SELL,2026-05-19 17:45:00+00:00,4500.73,4530.144689532281,4459.549434654807,4438.95915198221,4500.73,29.41468953228083,41.18056534519316,61.770848017789746,0.02,0.01,0.01,True,False,False,6008.95,2026-05-20 11:25:00+00:00,4500.73,1060.0,TP1_THEN_BE,41.18,0.0,0.1,41.08,6050.03,2026-05-19 17:45:00+00:00,2026-05-20 11:25:00+00:00,2026-05,2026-05-20
105,NAS100,BUY,2026-05-20 16:40:00+00:00,29228.7,29049.350697695652,29479.789023226087,29605.33353483913,29228.7,179.34930230434776,251.08902322608685,376.63353483913033,0.28,0.14,0.14,True,False,False,5848.57,2026-05-22 08:20:00+00:00,29605.33353483913,2380.0,FULL_TP2,35.15,52.73,1.4,86.48,5935.05,2026-05-20 16:40:00+00:00,2026-05-22 08:20:00+00:00,2026-05,2026-05-22
109,XAUUSD,SELL,2026-05-21 14:40:00+00:00,4504.73,4530.722959604366,4468.339856553886,4450.14478483083,4530.722959604366,25.992959604366355,36.390143446112894,54.585215169169345,0.02,0.01,0.01,False,False,False,6050.03,2026-05-21 17:10:00+00:00,4530.722959604366,150.0,SL,0.0,0.0,0.1,-50.1,5999.93,2026-05-21 14:40:00+00:00,2026-05-21 17:10:00+00:00,2026-05,2026-05-21
110,XAUUSD,SELL,2026-05-22 07:10:00+00:00,4522.43,4544.94314086157,4490.911602793803,4475.152404190704,4544.94314086157,22.513140861569674,31.51839720619754,47.277595809296315,0.02,0.01,0.01,False,False,False,5999.93,2026-05-24 22:00:00+00:00,4544.94314086157,3770.0,SL,0.0,0.0,0.1,-50.1,5949.83,2026-05-22 07:10:00+00:00,2026-05-24 22:00:00+00:00,2026-05,2026-05-24
106,NAS100,BUY,2026-05-22 14:35:00+00:00,29550.1,29412.911936295037,29742.16328918694,29838.194933780414,29550.1,137.18806370495992,192.06328918694388,288.09493378041583,0.36,0.18,0.18,True,False,False,5935.05,2026-05-25 00:20:00+00:00,29838.194933780414,3465.0,FULL_TP2,34.57,51.86,1.8,84.63,6019.68,2026-05-22 14:35:00+00:00,2026-05-25 00:20:00+00:00,2026-05,2026-05-25
107,NAS100,BUY,2026-05-25 07:55:00+00:00,29922.9,29807.51350715744,30084.441089979584,30165.211634969375,29807.51350715744,115.38649284255945,161.5410899795832,242.31163496937486,0.43,0.21,0.22,False,False,False,6019.68,2026-05-25 23:20:00+00:00,29807.51350715744,925.0,SL,0.0,0.0,2.15,-52.15,5967.53,2026-05-25 07:55:00+00:00,2026-05-25 23:20:00+00:00,2026-05,2026-05-25
111,XAUUSD,BUY,2026-05-25 14:05:00+00:00,4569.45,4550.809744374251,4595.546357876048,4608.594536814072,4550.809744374251,18.640255625748644,26.0963578760481,39.144536814072154,0.03,0.01,0.02,False,False,False,5949.83,2026-05-26 00:00:00+00:00,4550.809744374251,595.0,SL,0.0,0.0,0.15,-50.15,5899.68,2026-05-25 14:05:00+00:00,2026-05-26 00:00:00+00:00,2026-05,2026-05-26
112,XAUUSD,SELL,2026-05-26 06:55:00+00:00,4530.96,4549.70928289038,4504.711003953468,4491.586505930202,4530.96,18.74928289037969,26.248996046531563,39.373494069797346,0.03,0.01,0.02,True,False,False,5899.68,2026-05-26 13:40:00+00:00,4530.96,405.0,TP1_THEN_BE,26.25,0.0,0.15,26.1,5925.78,2026-05-26 06:55:00+00:00,2026-05-26 13:40:00+00:00,2026-05,2026-05-26
108,NAS100,SELL,2026-05-26 07:05:00+00:00,29737.2,29818.97213782895,29622.71900703947,29565.478510559205,29818.97213782895,81.77213782895015,114.4809929605302,171.72148944079532,0.61,0.3,0.31,False,False,False,5967.53,2026-05-26 10:10:00+00:00,29818.97213782895,185.0,SL,0.0,0.0,3.05,-53.05,5914.48,2026-05-26 07:05:00+00:00,2026-05-26 10:10:00+00:00,2026-05,2026-05-26
113,XAUUSD,SELL,2026-05-26 14:05:00+00:00,4515.48,4537.695063471627,4484.378911139722,4468.828366709583,4515.48,22.215063471626976,31.101088860277766,46.651633290416655,0.02,0.01,0.01,True,False,False,5925.78,2026-05-26 22:00:00+00:00,4515.48,475.0,TP1_THEN_BE,31.1,0.0,0.1,31.0,5956.78,2026-05-26 14:05:00+00:00,2026-05-26 22:00:00+00:00,2026-05,2026-05-26
109,NAS100,BUY,2026-05-26 17:40:00+00:00,29939.3,29823.53188782157,30101.3753570498,30182.4130355747,29939.3,115.76811217842985,162.07535704980177,243.11303557470268,0.43,0.21,0.22,True,False,False,5914.48,2026-05-27 10:00:00+00:00,30182.4130355747,980.0,FULL_TP2,34.04,53.48,2.15,85.37,5999.85,2026-05-26 17:40:00+00:00,2026-05-27 10:00:00+00:00,2026-05,2026-05-27
114,XAUUSD,SELL,2026-05-27 10:00:00+00:00,4486.53,4508.2369137333135,4456.14032077336,4440.94548116004,4486.53,21.70691373331403,30.389679226639636,45.584518839959465,0.02,0.01,0.01,True,False,False,5956.78,2026-05-27 11:20:00+00:00,4440.94548116004,80.0,FULL_TP2,30.39,45.58,0.1,75.87,6032.66,2026-05-27 10:00:00+00:00,2026-05-27 11:20:00+00:00,2026-05,2026-05-27
115,XAUUSD,SELL,2026-05-27 15:10:00+00:00,4431.99,4461.5297778600125,4390.634310995983,4369.9564664939735,4461.5297778600125,29.53977786001244,41.355689004017414,62.033533506026124,0.02,0.01,0.01,False,False,False,6032.66,2026-05-27 22:00:00+00:00,4461.5297778600125,410.0,SL,0.0,0.0,0.1,-50.1,5982.56,2026-05-27 15:10:00+00:00,2026-05-27 22:00:00+00:00,2026-05,2026-05-27
110,NAS100,SELL,2026-05-27 17:05:00+00:00,29854.1,29993.600099353476,29658.79986090513,29561.149791357697,29993.600099353476,139.5000993534775,195.3001390948685,292.95020864230275,0.36,0.18,0.18,False,False,False,5999.85,2026-05-27 18:25:00+00:00,29993.600099353476,80.0,SL,0.0,0.0,1.8,-51.8,5948.05,2026-05-27 17:05:00+00:00,2026-05-27 18:25:00+00:00,2026-05,2026-05-27
116,XAUUSD,SELL,2026-05-28 10:45:00+00:00,4380.94,4405.553628746549,4346.48091975483,4329.2513796322455,4405.553628746549,24.613628746549434,34.459080245169204,51.68862036775381,0.02,0.01,0.01,False,False,False,5982.56,2026-05-28 12:45:00+00:00,4405.553628746549,120.0,SL,0.0,0.0,0.1,-50.1,5932.46,2026-05-28 10:45:00+00:00,2026-05-28 12:45:00+00:00,2026-05,2026-05-28
111,NAS100,BUY,2026-05-28 18:50:00+00:00,30272.1,30124.769505951175,30478.362691668353,30581.49403750253,30272.1,147.33049404882402,206.26269166835363,309.39403750253047,0.34,0.17,0.17,True,False,False,5948.05,2026-05-29 14:40:00+00:00,30272.1,1190.0,TP1_THEN_BE,35.06,0.0,1.7,33.36,5981.41,2026-05-28 18:50:00+00:00,2026-05-29 14:40:00+00:00,2026-05,2026-05-29
112,NAS100,BUY,2026-05-29 15:30:00+00:00,30361.9,30238.341115181312,30534.882438746165,30621.373658119246,30361.9,123.55888481868809,172.9824387461633,259.473658119245,0.4,0.2,0.2,True,False,False,5981.41,2026-06-01 13:10:00+00:00,30361.9,4180.0,TP1_THEN_BE,34.6,0.0,2.0,32.6,6014.01,2026-05-29 15:30:00+00:00,2026-06-01 13:10:00+00:00,2026-05,2026-06-01
117,XAUUSD,SELL,2026-06-01 06:10:00+00:00,4514.13,4536.115118473224,4483.350834137486,4467.9612512062295,4514.13,21.985118473223995,30.77916586251359,46.16874879377039,0.02,0.01,0.01,True,False,False,5932.46,2026-06-01 13:20:00+00:00,4467.9612512062295,430.0,FULL_TP2,30.78,46.17,0.1,76.85,6009.31,2026-06-01 06:10:00+00:00,2026-06-01 13:20:00+00:00,2026-06,2026-06-01
118,XAUUSD,SELL,2026-06-01 19:40:00+00:00,4483.6,4508.0184632210985,4449.414151490463,4432.321227235695,4508.0184632210985,24.418463221097937,34.18584850953711,51.27877276430567,0.02,0.01,0.01,False,False,False,6009.31,2026-06-02 04:15:00+00:00,4508.0184632210985,515.0,SL,0.0,0.0,0.1,-50.1,5959.21,2026-06-01 19:40:00+00:00,2026-06-02 04:15:00+00:00,2026-06,2026-06-02
119,XAUUSD,BUY,2026-06-02 10:50:00+00:00,4532.27,4510.649034506544,4562.53935169084,4577.67402753626,4510.649034506544,21.62096549345678,30.26935169083949,45.404027536259235,0.02,0.01,0.01,False,False,False,5959.21,2026-06-02 13:20:00+00:00,4510.649034506544,150.0,SL,0.0,0.0,0.1,-50.1,5909.11,2026-06-02 10:50:00+00:00,2026-06-02 13:20:00+00:00,2026-06,2026-06-02
113,NAS100,BUY,2026-06-02 11:35:00+00:00,30536.8,30437.145813365987,30676.315861287614,30746.073791931423,30437.145813365987,99.65418663401168,139.51586128761633,209.27379193142454,0.5,0.25,0.25,False,False,False,6014.01,2026-06-02 13:35:00+00:00,30437.145813365987,120.0,SL,0.0,0.0,2.5,-52.5,5961.51,2026-06-02 11:35:00+00:00,2026-06-02 13:35:00+00:00,2026-06,2026-06-02
120,XAUUSD,SELL,2026-06-03 12:20:00+00:00,4457.93,4479.447234954527,4427.805871063663,4412.743806595495,4457.93,21.517234954526618,30.124128936337264,45.1861934045059,0.02,0.01,0.01,True,False,False,5909.11,2026-06-03 14:15:00+00:00,4457.93,115.0,TP1_THEN_BE,30.12,0.0,0.1,30.02,5939.13,2026-06-03 12:20:00+00:00,2026-06-03 14:15:00+00:00,2026-06,2026-06-03
121,XAUUSD,SELL,2026-06-03 15:10:00+00:00,4445.84,4469.6463765288245,4412.5110728596455,4395.846609289469,4469.6463765288245,23.806376528824693,33.328927140354565,49.993390710531855,0.02,0.01,0.01,False,False,False,5939.13,2026-06-04 01:20:00+00:00,4469.6463765288245,610.0,SL,0.0,0.0,0.1,-50.1,5889.03,2026-06-03 15:10:00+00:00,2026-06-04 01:20:00+00:00,2026-06,2026-06-04
114,NAS100,SELL,2026-06-03 20:05:00+00:00,30584.1,30717.810089007286,30396.905875389795,30303.30881308469,30584.1,133.71008900728842,187.19412461020377,280.7911869153057,0.37,0.18,0.19,True,False,False,5961.51,2026-06-04 08:50:00+00:00,30303.30881308469,765.0,FULL_TP2,33.69,53.35,1.85,85.2,6046.71,2026-06-03 20:05:00+00:00,2026-06-04 08:50:00+00:00,2026-06,2026-06-04
122,XAUUSD,BUY,2026-06-04 19:00:00+00:00,4481.42,4457.705738132494,4514.6199666145085,4531.219949921763,4457.705738132494,23.71426186750606,33.19996661450848,49.79994992176273,0.02,0.01,0.01,False,False,False,5889.03,2026-06-05 00:10:00+00:00,4457.705738132494,310.0,SL,0.0,0.0,0.1,-50.1,5838.93,2026-06-04 19:00:00+00:00,2026-06-05 00:10:00+00:00,2026-06,2026-06-05
123,XAUUSD,SELL,2026-06-05 06:00:00+00:00,4437.48,4457.66203211403,4409.225155040357,4395.097732560536,4457.66203211403,20.182032114030232,28.254844959642323,42.38226743946349,0.02,0.01,0.01,False,False,False,5838.93,2026-06-05 07:05:00+00:00,4457.66203211403,65.0,SL,0.0,0.0,0.1,-50.1,5788.83,2026-06-05 06:00:00+00:00,2026-06-05 07:05:00+00:00,2026-06,2026-06-05
115,NAS100,SELL,2026-06-08 06:45:00+00:00,29040.3,29272.3342758022,28715.45201387692,28553.028020815378,29272.3342758022,232.03427580220037,324.8479861230805,487.2719791846208,0.22,0.11,0.11,False,False,False,6046.71,2026-06-08 11:10:00+00:00,29272.3342758022,265.0,SL,0.0,0.0,1.1,-51.1,5995.61,2026-06-08 06:45:00+00:00,2026-06-08 11:10:00+00:00,2026-06,2026-06-08
124,XAUUSD,SELL,2026-06-08 07:50:00+00:00,4296.51,4327.562802023051,4253.03607716773,4231.299115751594,4327.562802023051,31.052802023050532,43.473922832270745,65.21088424840612,0.02,0.01,0.01,False,False,False,5788.83,2026-06-08 11:15:00+00:00,4327.562802023051,205.0,SL,0.0,0.0,0.1,-50.1,5738.73,2026-06-08 07:50:00+00:00,2026-06-08 11:15:00+00:00,2026-06,2026-06-08
116,NAS100,BUY,2026-06-08 18:20:00+00:00,29560.6,29318.637191168,29899.3479323648,30068.721898547195,29318.637191168,241.96280883199904,338.74793236479866,508.121898547198,0.21,0.1,0.11,False,False,False,5995.61,2026-06-08 22:15:00+00:00,29318.637191168,235.0,SL,0.0,0.0,1.05,-51.05,5944.56,2026-06-08 18:20:00+00:00,2026-06-08 22:15:00+00:00,2026-06,2026-06-08
117,NAS100,BUY,2026-06-09 08:15:00+00:00,29631.4,29451.947968755452,29882.632843742373,30008.249265613555,29451.947968755452,179.4520312445499,251.23284374236982,376.8492656135548,0.28,0.14,0.14,False,False,False,5944.56,2026-06-09 14:15:00+00:00,29451.947968755452,360.0,SL,0.0,0.0,1.4,-51.4,5893.16,2026-06-09 08:15:00+00:00,2026-06-09 14:15:00+00:00,2026-06,2026-06-09
125,XAUUSD,BUY,2026-06-09 08:35:00+00:00,4334.39,4312.205213348665,4365.44870131187,4380.978051967804,4312.205213348665,22.184786651335205,31.058701311869285,46.588051967803935,0.02,0.01,0.01,False,False,False,5738.73,2026-06-09 14:15:00+00:00,4312.205213348665,340.0,SL,0.0,0.0,0.1,-50.1,5688.63,2026-06-09 08:35:00+00:00,2026-06-09 14:15:00+00:00,2026-06,2026-06-09
126,XAUUSD,SELL,2026-06-09 19:10:00+00:00,4258.72,4287.381887047606,4218.593358133352,4198.530037200027,4258.72,28.661887047606104,40.12664186664854,60.18996279997282,0.02,0.01,0.01,True,False,False,5688.63,2026-06-10 00:40:00+00:00,4198.530037200027,330.0,FULL_TP2,40.13,60.19,0.1,100.22,5788.85,2026-06-09 19:10:00+00:00,2026-06-10 00:40:00+00:00,2026-06,2026-06-10
118,NAS100,SELL,2026-06-10 07:40:00+00:00,28930.7,29174.72365062115,28589.066889130394,28418.25033369559,29174.72365062115,244.0236506211487,341.6331108696082,512.4496663044123,0.2,0.1,0.1,False,False,False,5893.16,2026-06-10 14:20:00+00:00,29174.72365062115,400.0,SL,0.0,0.0,1.0,-51.0,5842.16,2026-06-10 07:40:00+00:00,2026-06-10 14:20:00+00:00,2026-06,2026-06-10
127,XAUUSD,SELL,2026-06-10 11:00:00+00:00,4161.3,4191.368597961621,4119.203962853731,4098.1559442805965,4161.3,30.068597961620775,42.09603714626908,63.14405571940363,0.02,0.01,0.01,True,False,False,5788.85,2026-06-10 18:50:00+00:00,4098.1559442805965,470.0,FULL_TP2,42.1,63.14,0.1,105.14,5893.99,2026-06-10 11:00:00+00:00,2026-06-10 18:50:00+00:00,2026-06,2026-06-10
119,NAS100,SELL,2026-06-10 15:05:00+00:00,28809.1,29104.52796218551,28395.50085294028,28188.701279410423,28809.1,295.42796218551285,413.59914705971795,620.398720589577,0.17,0.09,0.08,True,False,False,5842.16,2026-06-11 07:15:00+00:00,28809.1,970.0,TP1_THEN_BE,37.22,0.0,0.85,36.37,5878.53,2026-06-10 15:05:00+00:00,2026-06-11 07:15:00+00:00,2026-06,2026-06-11
120,NAS100,BUY,2026-06-11 11:50:00+00:00,28887.0,28673.589971468286,29185.7740399444,29335.161059916598,28673.589971468286,213.4100285317138,298.7740399443993,448.161059916599,0.23,0.12,0.11,False,False,False,5878.53,2026-06-11 12:30:00+00:00,28673.589971468286,40.0,SL,0.0,0.0,1.15,-51.15,5827.38,2026-06-11 11:50:00+00:00,2026-06-11 12:30:00+00:00,2026-06,2026-06-11
128,XAUUSD,SELL,2026-06-11 14:05:00+00:00,4062.77,4097.520117048896,4014.119836131545,3989.7947541973176,4097.520117048896,34.75011704889629,48.650163868454804,72.97524580268222,0.01,0.01,0.0,False,False,False,5893.99,2026-06-11 16:10:00+00:00,4097.520117048896,125.0,SL,0.0,0.0,0.05,-50.05,5843.94,2026-06-11 14:05:00+00:00,2026-06-11 16:10:00+00:00,2026-06,2026-06-11
121,NAS100,BUY,2026-06-11 15:40:00+00:00,28813.4,28545.229828069183,29188.838240703146,29376.557361054718,28813.4,268.17017193081733,375.43824070314423,563.1573610547164,0.19,0.1,0.09,True,False,False,5827.38,2026-06-11 19:15:00+00:00,29376.557361054718,215.0,FULL_TP2,37.54,50.68,0.95,87.28,5914.66,2026-06-11 15:40:00+00:00,2026-06-11 19:15:00+00:00,2026-06,2026-06-11
129,XAUUSD,SELL,2026-06-11 16:50:00+00:00,4079.63,4114.725458067671,4030.496358705261,4005.9295380578915,4114.725458067671,35.0954580676708,49.133641294739114,73.70046194210867,0.01,0.01,0.0,False,False,False,5843.94,2026-06-11 17:30:00+00:00,4114.725458067671,40.0,SL,0.0,0.0,0.05,-50.05,5793.89,2026-06-11 16:50:00+00:00,2026-06-11 17:30:00+00:00,2026-06,2026-06-11
130,XAUUSD,BUY,2026-06-12 07:55:00+00:00,4194.33,4157.731628699664,4245.56771982047,4271.186579730706,4157.731628699664,36.598371300336225,51.237719820470716,76.85657973070607,0.01,0.01,0.0,False,False,False,5793.89,2026-06-14 22:00:00+00:00,4271.186579730706,3725.0,FULL_TP2,51.24,0.0,0.05,51.19,5845.07,2026-06-12 07:55:00+00:00,2026-06-14 22:00:00+00:00,2026-06,2026-06-14
122,NAS100,BUY,2026-06-12 14:15:00+00:00,29604.1,29351.431940942955,29957.83528267986,30134.702924019788,29604.1,252.6680590570432,353.73528267986046,530.6029240197907,0.2,0.1,0.1,True,False,False,5914.66,2026-06-15 00:05:00+00:00,30134.702924019788,3470.0,FULL_TP2,35.37,53.06,1.0,87.43,6002.09,2026-06-12 14:15:00+00:00,2026-06-15 00:05:00+00:00,2026-06,2026-06-15
131,XAUUSD,BUY,2026-06-15 07:25:00+00:00,4316.66,4285.83916714314,4359.809165999604,4381.383748999407,4316.66,30.82083285686018,43.14916599960425,64.72374899940638,0.02,0.01,0.01,True,False,False,5845.07,2026-06-15 19:50:00+00:00,4316.66,745.0,TP1_THEN_BE,43.15,0.0,0.1,43.05,5888.12,2026-06-15 07:25:00+00:00,2026-06-15 19:50:00+00:00,2026-06,2026-06-15
123,NAS100,BUY,2026-06-15 11:00:00+00:00,30319.2,30152.877553081216,30552.0514256863,30668.477138529444,30319.2,166.3224469187832,232.8514256862965,349.27713852944476,0.3,0.15,0.15,True,False,False,6002.09,2026-06-16 08:50:00+00:00,30668.477138529444,1310.0,FULL_TP2,34.93,52.39,1.5,85.82,6087.91,2026-06-15 11:00:00+00:00,2026-06-16 08:50:00+00:00,2026-06,2026-06-16
132,XAUUSD,BUY,2026-06-16 07:00:00+00:00,4326.79,4305.894955566053,4356.043062207526,4370.66959331129,4326.79,20.895044433947362,29.253062207526305,43.87959331128946,0.02,0.01,0.01,True,False,False,5888.12,2026-06-17 17:30:00+00:00,4370.66959331129,2070.0,FULL_TP2,29.25,43.88,0.1,73.03,5961.16,2026-06-16 07:00:00+00:00,2026-06-17 17:30:00+00:00,2026-06,2026-06-17
124,NAS100,BUY,2026-06-16 10:05:00+00:00,30634.8,30523.96744944288,30789.965570779965,30867.548356169948,30523.96744944288,110.83255055711889,155.16557077996643,232.7483561699497,0.45,0.23,0.22,False,False,False,6087.91,2026-06-16 13:30:00+00:00,30523.96744944288,205.0,SL,0.0,0.0,2.25,-52.25,6035.66,2026-06-16 10:05:00+00:00,2026-06-16 13:30:00+00:00,2026-06,2026-06-16
125,NAS100,SELL,2026-06-17 14:35:00+00:00,30168.8,30299.74497625612,29985.477033241434,29893.81554986215,30168.8,130.94497625611928,183.32296675856696,274.9844501378505,0.38,0.19,0.19,True,False,False,6035.66,2026-06-17 18:05:00+00:00,29893.81554986215,210.0,FULL_TP2,34.83,52.25,1.9,85.18,6120.84,2026-06-17 14:35:00+00:00,2026-06-17 18:05:00+00:00,2026-06,2026-06-17
126,NAS100,SELL,2026-06-17 18:55:00+00:00,30019.9,30166.527986434066,29814.620818992313,29711.981228488465,30019.9,146.6279864340646,205.27918100769045,307.9187715115357,0.34,0.17,0.17,True,False,False,6120.84,2026-06-17 19:35:00+00:00,29711.981228488465,40.0,FULL_TP2,34.9,52.35,1.7,85.54,6206.38,2026-06-17 18:55:00+00:00,2026-06-17 19:35:00+00:00,2026-06,2026-06-17
127,NAS100,BUY,2026-06-18 12:20:00+00:00,30211.4,30054.376820171896,30431.232451759348,30541.148677639023,30211.4,157.02317982810527,219.83245175934738,329.7486776390211,0.32,0.16,0.16,True,False,False,6206.38,2026-06-19 04:45:00+00:00,30211.4,985.0,TP1_THEN_BE,35.17,0.0,1.6,33.57,6239.96,2026-06-18 12:20:00+00:00,2026-06-19 04:45:00+00:00,2026-06,2026-06-19
133,XAUUSD,SELL,2026-06-18 14:05:00+00:00,4243.49,4273.793208875899,4201.06550757374,4179.853261360611,4243.49,30.303208875899262,42.424492426258965,63.636738639388454,0.02,0.01,0.01,True,False,False,5961.16,2026-06-19 02:05:00+00:00,4179.853261360611,720.0,FULL_TP2,42.42,63.64,0.1,105.96,6067.12,2026-06-18 14:05:00+00:00,2026-06-19 02:05:00+00:00,2026-06,2026-06-19
134,XAUUSD,SELL,2026-06-19 06:35:00+00:00,4133.67,4160.411442974652,4096.231979835487,4077.512969753231,4160.411442974652,26.741442974651935,37.43802016451271,56.15703024676907,0.02,0.01,0.01,False,False,False,6067.12,2026-06-19 07:55:00+00:00,4160.411442974652,80.0,SL,0.0,0.0,0.1,-50.1,6017.02,2026-06-19 06:35:00+00:00,2026-06-19 07:55:00+00:00,2026-06,2026-06-19
135,XAUUSD,SELL,2026-06-19 10:00:00+00:00,4157.87,4183.424352113678,4122.093907040851,4104.205860561277,4183.424352113678,25.55435211367742,35.776092959148386,53.664139438722586,0.02,0.01,0.01,False,False,False,6017.02,2026-06-22 00:45:00+00:00,4183.424352113678,3765.0,SL,0.0,0.0,0.1,-50.1,5966.92,2026-06-19 10:00:00+00:00,2026-06-22 00:45:00+00:00,2026-06,2026-06-22
128,NAS100,BUY,2026-06-19 12:55:00+00:00,30403.6,30276.60139891426,30581.39804152003,30670.29706228005,30276.60139891426,126.99860108573817,177.79804152003342,266.69706228005015,0.39,0.2,0.19,False,False,False,6239.96,2026-06-21 22:05:00+00:00,30276.60139891426,3430.0,SL,0.0,0.0,1.95,-51.95,6188.01,2026-06-19 12:55:00+00:00,2026-06-21 22:05:00+00:00,2026-06,2026-06-21
136,XAUUSD,BUY,2026-06-22 08:55:00+00:00,4197.31,4170.548734005541,4234.775772392244,4253.5086585883655,4170.548734005541,26.761265994459713,37.46577239224359,56.1986585883654,0.02,0.01,0.01,False,False,False,5966.92,2026-06-22 15:45:00+00:00,4170.548734005541,410.0,SL,0.0,0.0,0.1,-50.1,5916.82,2026-06-22 08:55:00+00:00,2026-06-22 15:45:00+00:00,2026-06,2026-06-22
137,XAUUSD,SELL,2026-06-23 12:00:00+00:00,4122.42,4147.262782678358,4087.6401042502985,4070.250156375447,4122.42,24.842782678358457,34.779895749701836,52.16984362455276,0.02,0.01,0.01,True,False,False,5916.82,2026-06-24 01:00:00+00:00,4070.250156375447,780.0,FULL_TP2,34.78,52.17,0.1,86.85,6003.67,2026-06-23 12:00:00+00:00,2026-06-24 01:00:00+00:00,2026-06,2026-06-24
129,NAS100,SELL,2026-06-23 12:15:00+00:00,29565.1,29749.75939084062,29306.57685282313,29177.315279234695,29749.75939084062,184.6593908406208,258.5231471768691,387.7847207653037,0.27,0.14,0.13,False,False,False,6188.01,2026-06-23 14:00:00+00:00,29749.75939084062,105.0,SL,0.0,0.0,1.35,-51.35,6136.66,2026-06-23 12:15:00+00:00,2026-06-23 14:00:00+00:00,2026-06,2026-06-23
130,NAS100,SELL,2026-06-23 17:50:00+00:00,29518.4,29735.643179522274,29214.25954866882,29062.18932300323,29518.4,217.2431795222724,304.14045133118134,456.21067699677207,0.23,0.12,0.11,True,False,False,6136.66,2026-06-24 19:05:00+00:00,29062.18932300323,1515.0,FULL_TP2,36.5,50.18,1.15,85.53,6222.19,2026-06-23 17:50:00+00:00,2026-06-24 19:05:00+00:00,2026-06,2026-06-24
138,XAUUSD,SELL,2026-06-24 07:50:00+00:00,4078.77,4106.12453699702,4040.473648204172,4021.325472306258,4078.77,27.354536997020034,38.296351795828045,57.444527693742074,0.02,0.01,0.01,True,False,False,6003.67,2026-06-24 12:25:00+00:00,4021.325472306258,275.0,FULL_TP2,38.3,57.44,0.1,95.64,6099.31,2026-06-24 07:50:00+00:00,2026-06-24 12:25:00+00:00,2026-06,2026-06-24
139,XAUUSD,SELL,2026-06-24 14:55:00+00:00,4007.93,4042.3429165114617,3959.7519168839535,3935.66287532593,4007.93,34.41291651146176,48.17808311604646,72.26712467406969,0.01,0.01,0.0,True,False,False,6099.31,2026-06-24 22:00:00+00:00,4007.93,425.0,TP1_THEN_BE,48.18,0.0,0.05,48.13,6147.44,2026-06-24 14:55:00+00:00,2026-06-24 22:00:00+00:00,2026-06,2026-06-24
131,NAS100,BUY,2026-06-25 10:10:00+00:00,29926.2,29732.44079003979,30197.4628939443,30333.09434091645,29732.44079003979,193.75920996021327,271.2628939442986,406.8943409164479,0.26,0.13,0.13,False,False,False,6222.19,2026-06-25 13:40:00+00:00,29732.44079003979,210.0,SL,0.0,0.0,1.3,-51.3,6170.89,2026-06-25 10:10:00+00:00,2026-06-25 13:40:00+00:00,2026-06,2026-06-25
132,NAS100,SELL,2026-06-25 16:50:00+00:00,29456.0,29754.35213740247,29038.30700763654,28829.46051145481,29456.0,298.3521374024704,417.6929923634586,626.5394885451879,0.17,0.09,0.08,True,False,False,6170.89,2026-06-26 15:40:00+00:00,29456.0,1370.0,TP1_THEN_BE,37.59,0.0,0.85,36.74,6207.63,2026-06-25 16:50:00+00:00,2026-06-26 15:40:00+00:00,2026-06,2026-06-26
140,XAUUSD,BUY,2026-06-26 12:55:00+00:00,4058.93,4033.4320904375704,4094.6270733874007,4112.475610081102,4058.93,25.49790956242938,35.69707338740113,53.5456100811017,0.02,0.01,0.01,True,False,False,6147.44,2026-06-28 22:15:00+00:00,4058.93,3440.0,TP1_THEN_BE,35.7,0.0,0.1,35.6,6183.03,2026-06-26 12:55:00+00:00,2026-06-28 22:15:00+00:00,2026-06,2026-06-28
141,XAUUSD,SELL,2026-06-29 16:10:00+00:00,4023.63,4049.2844364348803,3987.713788991168,3969.755683486752,4023.63,25.654436434880157,35.91621100883222,53.87431651324833,0.02,0.01,0.01,True,False,False,6183.03,2026-06-30 01:05:00+00:00,3969.755683486752,535.0,FULL_TP2,35.92,53.87,0.1,89.69,6272.72,2026-06-29 16:10:00+00:00,2026-06-30 01:05:00+00:00,2026-06,2026-06-30
142,XAUUSD,BUY,2026-06-30 17:55:00+00:00,4030.73,4004.2547455665813,4067.7953562067864,4086.3280343101796,4004.2547455665813,26.47525443341887,37.06535620678641,55.59803431017963,0.02,0.01,0.01,False,False,False,6272.72,2026-07-01 00:15:00+00:00,4004.2547455665813,380.0,SL,0.0,0.0,0.1,-50.1,6222.62,2026-06-30 17:55:00+00:00,2026-07-01 00:15:00+00:00,2026-06,2026-07-01
133,NAS100,SELL,2026-07-01 14:30:00+00:00,30019.9,30155.354284611516,29830.264001543877,29735.446002315817,30019.9,135.45428461151596,189.63599845612234,284.45399768418355,0.37,0.18,0.19,True,False,False,6207.63,2026-07-02 02:15:00+00:00,30019.9,705.0,TP1_THEN_BE,34.13,0.0,1.85,32.28,6239.91,2026-07-01 14:30:00+00:00,2026-07-02 02:15:00+00:00,2026-07,2026-07-02
143,XAUUSD,BUY,2026-07-02 07:40:00+00:00,4074.41,4049.6342986485415,4109.095981892041,4126.438972838062,4049.6342986485415,24.775701351458114,34.685981892041355,52.02897283806204,0.02,0.01,0.01,False,False,False,6222.62,2026-07-02 12:30:00+00:00,4126.438972838062,290.0,FULL_TP2,34.69,52.03,0.1,86.61,6309.24,2026-07-02 07:40:00+00:00,2026-07-02 12:30:00+00:00,2026-07,2026-07-02
134,NAS100,SELL,2026-07-02 10:05:00+00:00,29725.7,29889.790776361308,29495.97291309417,29381.109369641257,29889.790776361308,164.0907763613066,229.72708690582922,344.5906303587439,0.3,0.15,0.15,False,False,False,6239.91,2026-07-02 12:05:00+00:00,29889.790776361308,120.0,SL,0.0,0.0,1.5,-51.5,6188.41,2026-07-02 10:05:00+00:00,2026-07-02 12:05:00+00:00,2026-07,2026-07-02
135,NAS100,SELL,2026-07-02 14:25:00+00:00,29720.0,29911.31930559286,29452.152972169995,29318.229458254995,29720.0,191.31930559285942,267.8470278300032,401.7705417450048,0.26,0.13,0.13,True,False,False,6188.41,2026-07-02 16:30:00+00:00,29318.229458254995,125.0,FULL_TP2,34.82,52.23,1.3,85.75,6274.16,2026-07-02 14:25:00+00:00,2026-07-02 16:30:00+00:00,2026-07,2026-07-02
144,XAUUSD,BUY,2026-07-02 18:20:00+00:00,4117.94,4088.8615520442468,4158.649827138054,4179.004740707081,4117.94,29.078447955753038,40.70982713805425,61.064740707081384,0.02,0.01,0.01,True,False,False,6309.24,2026-07-03 01:10:00+00:00,4179.004740707081,410.0,FULL_TP2,40.71,61.06,0.1,101.67,6410.91,2026-07-02 18:20:00+00:00,2026-07-03 01:10:00+00:00,2026-07,2026-07-03
136,NAS100,SELL,2026-07-02 19:00:00+00:00,29188.6,29437.04686922021,28840.774383091706,28666.86157463756,29437.04686922021,248.44686922020873,347.8256169082922,521.7384253624383,0.2,0.1,0.1,False,False,False,6274.16,2026-07-03 01:05:00+00:00,29437.04686922021,365.0,SL,0.0,0.0,1.0,-51.0,6223.16,2026-07-02 19:00:00+00:00,2026-07-03 01:05:00+00:00,2026-07,2026-07-03
145,XAUUSD,BUY,2026-07-03 07:05:00+00:00,4180.27,4155.816204054607,4214.505314323552,4231.622971485327,4155.816204054607,24.453795945393548,34.235314323550966,51.35297148532645,0.02,0.01,0.01,False,False,False,6410.91,2026-07-03 14:05:00+00:00,4155.816204054607,420.0,SL,0.0,0.0,0.1,-50.1,6360.81,2026-07-03 07:05:00+00:00,2026-07-03 14:05:00+00:00,2026-07,2026-07-03
146,XAUUSD,BUY,2026-07-03 15:00:00+00:00,4171.64,4150.726455956815,4200.91896166046,4215.558442490689,4171.64,20.91354404318514,29.278961660459196,43.9184424906888,0.02,0.01,0.01,True,False,False,6360.81,2026-07-06 00:00:00+00:00,4171.64,3420.0,TP1_THEN_BE,29.28,0.0,0.1,29.18,6389.99,2026-07-03 15:00:00+00:00,2026-07-06 00:00:00+00:00,2026-07,2026-07-06
137,NAS100,BUY,2026-07-03 16:40:00+00:00,29711.4,29586.782077796433,29885.865091084997,29973.097636627495,29586.782077796433,124.61792220356871,174.46509108499617,261.6976366274943,0.4,0.2,0.2,False,False,False,6223.16,2026-07-06 01:25:00+00:00,29586.782077796433,3405.0,SL,0.0,0.0,2.0,-52.0,6171.16,2026-07-03 16:40:00+00:00,2026-07-06 01:25:00+00:00,2026-07,2026-07-06
147,XAUUSD,SELL,2026-07-06 08:30:00+00:00,4154.28,4176.225019316547,4123.556972956833,4108.195459435251,4154.28,21.945019316547207,30.723027043166088,46.08454056474913,0.02,0.01,0.01,True,False,False,6389.99,2026-07-07 11:55:00+00:00,4154.28,1645.0,TP1_THEN_BE,30.72,0.0,0.1,30.62,6420.62,2026-07-06 08:30:00+00:00,2026-07-07 11:55:00+00:00,2026-07,2026-07-07
138,NAS100,SELL,2026-07-07 07:55:00+00:00,29446.2,29592.59921994456,29241.241092077616,29138.761638116423,29446.2,146.3992199445609,204.95890792238527,307.43836188357795,0.34,0.17,0.17,True,False,False,6171.16,2026-07-07 14:10:00+00:00,29138.761638116423,375.0,FULL_TP2,34.84,52.26,1.7,85.41,6256.57,2026-07-07 07:55:00+00:00,2026-07-07 14:10:00+00:00,2026-07,2026-07-07
148,XAUUSD,BUY,2026-07-07 17:35:00+00:00,4146.03,4125.2717626037565,4175.09153235474,4189.62229853211,4125.2717626037565,20.758237396243008,29.06153235474021,43.59229853211032,0.02,0.01,0.01,False,False,False,6420.62,2026-07-07 18:50:00+00:00,4125.2717626037565,75.0,SL,0.0,0.0,0.1,-50.1,6370.52,2026-07-07 17:35:00+00:00,2026-07-07 18:50:00+00:00,2026-07,2026-07-07
139,NAS100,SELL,2026-07-07 18:40:00+00:00,29272.1,29442.31424451254,29033.80005768244,28914.65008652366,29272.1,170.2142445125419,238.29994231755865,357.44991347633805,0.29,0.14,0.15,True,False,False,6256.57,2026-07-08 08:25:00+00:00,28914.65008652366,825.0,FULL_TP2,33.36,53.62,1.45,85.53,6342.1,2026-07-07 18:40:00+00:00,2026-07-08 08:25:00+00:00,2026-07,2026-07-08
140,NAS100,SELL,2026-07-08 11:00:00+00:00,28796.1,28994.961070113593,28517.694501840964,28378.49175276145,28994.961070113593,198.86107011359545,278.4054981590336,417.60824723855046,0.25,0.12,0.13,False,False,False,6342.1,2026-07-08 12:45:00+00:00,28994.961070113593,105.0,SL,0.0,0.0,1.25,-51.25,6290.85,2026-07-08 11:00:00+00:00,2026-07-08 12:45:00+00:00,2026-07,2026-07-08
149,XAUUSD,SELL,2026-07-08 14:05:00+00:00,4063.63,4090.6571945407245,4025.791927642986,4006.872891464479,4063.63,27.027194540724345,37.83807235701408,56.75710853552113,0.02,0.01,0.01,True,False,False,6370.52,2026-07-08 16:55:00+00:00,4063.63,170.0,TP1_THEN_BE,37.84,0.0,0.1,37.74,6408.25,2026-07-08 14:05:00+00:00,2026-07-08 16:55:00+00:00,2026-07,2026-07-08
141,NAS100,SELL,2026-07-08 14:55:00+00:00,29012.9,29226.700681865732,28713.579045387978,28563.918568081965,29226.700681865732,213.80068186573217,299.32095461202505,448.9814319180376,0.23,0.12,0.11,False,False,False,6290.85,2026-07-08 17:25:00+00:00,29226.700681865732,150.0,SL,0.0,0.0,1.15,-51.15,6239.7,2026-07-08 14:55:00+00:00,2026-07-08 17:25:00+00:00,2026-07,2026-07-08
142,NAS100,BUY,2026-07-09 11:35:00+00:00,29471.2,29302.510714346106,29707.364999915455,29825.447499873182,29471.2,168.68928565389538,236.1649999154535,354.24749987318035,0.3,0.15,0.15,True,False,False,6239.7,2026-07-09 14:20:00+00:00,29471.2,165.0,TP1_THEN_BE,35.42,0.0,1.5,33.92,6273.62,2026-07-09 11:35:00+00:00,2026-07-09 14:20:00+00:00,2026-07,2026-07-09
150,XAUUSD,BUY,2026-07-09 11:45:00+00:00,4106.16,4084.0012424031943,4137.182260635528,4152.693390953292,4106.16,22.158757596805792,31.022260635528106,46.53339095329216,0.02,0.01,0.01,True,False,False,6408.25,2026-07-10 07:40:00+00:00,4106.16,1195.0,TP1_THEN_BE,31.02,0.0,0.1,30.92,6439.18,2026-07-09 11:45:00+00:00,2026-07-10 07:40:00+00:00,2026-07,2026-07-10
143,NAS100,BUY,2026-07-09 15:00:00+00:00,29626.1,29425.66415744583,29906.71017957583,30047.01526936375,29425.66415744583,200.43584255416715,280.61017957583397,420.91526936375107,0.25,0.12,0.13,False,False,False,6273.62,2026-07-13 05:00:00+00:00,29425.66415744583,5160.0,SL,0.0,0.0,1.25,-51.25,6222.37,2026-07-09 15:00:00+00:00,2026-07-13 05:00:00+00:00,2026-07,2026-07-13
151,XAUUSD,SELL,2026-07-10 11:25:00+00:00,4100.15,4116.7289430679,4076.9394797049385,4065.334219557408,4116.7289430679,16.57894306790092,23.210520295061286,34.81578044259193,0.03,0.01,0.02,False,False,False,6439.18,2026-07-10 12:10:00+00:00,4116.7289430679,45.0,SL,0.0,0.0,0.15,-50.15,6389.03,2026-07-10 11:25:00+00:00,2026-07-10 12:10:00+00:00,2026-07,2026-07-10
152,XAUUSD,SELL,2026-07-10 12:35:00+00:00,4101.14,4117.6629471344795,4078.007874011729,4066.4418110175934,4101.14,16.522947134479395,23.132125988271152,34.698188982406734,0.03,0.01,0.02,True,False,False,6389.03,2026-07-10 14:40:00+00:00,4101.14,125.0,TP1_THEN_BE,23.13,0.0,0.15,22.98,6412.01,2026-07-10 12:35:00+00:00,2026-07-10 14:40:00+00:00,2026-07,2026-07-10
153,XAUUSD,SELL,2026-07-10 14:55:00+00:00,4092.73,4110.650388090444,4067.641456673379,4055.0971850100677,4110.650388090444,17.920388090443886,25.08854332662144,37.632814989932164,0.03,0.01,0.02,False,False,False,6412.01,2026-07-10 15:45:00+00:00,4110.650388090444,50.0,SL,0.0,0.0,0.15,-50.15,6361.86,2026-07-10 14:55:00+00:00,2026-07-10 15:45:00+00:00,2026-07,2026-07-10
154,XAUUSD,SELL,2026-07-13 06:45:00+00:00,4056.4,4079.1765853002576,4024.51278057964,4008.56917086946,4079.1765853002576,22.7765853002573,31.887219420360218,47.83082913054033,0.02,0.01,0.01,False,False,False,6361.86,2026-07-13 08:20:00+00:00,4079.1765853002576,95.0,SL,0.0,0.0,0.1,-50.1,6311.76,2026-07-13 06:45:00+00:00,2026-07-13 08:20:00+00:00,2026-07,2026-07-13
144,NAS100,SELL,2026-07-13 12:00:00+00:00,29547.9,29680.74542619803,29361.91640332276,29268.924604984142,29547.9,132.84542619802883,185.98359667724034,278.97539501586056,0.38,0.19,0.19,True,False,False,6222.37,2026-07-13 15:00:00+00:00,29547.9,180.0,TP1_THEN_BE,35.34,0.0,1.9,33.44,6255.81,2026-07-13 12:00:00+00:00,2026-07-13 15:00:00+00:00,2026-07,2026-07-13
145,NAS100,SELL,2026-07-13 15:45:00+00:00,29455.3,29614.811290582024,29231.984193185166,29120.326289777753,29455.3,159.51129058202275,223.31580681483183,334.9737102222478,0.31,0.15,0.16,True,False,False,6255.81,2026-07-14 06:15:00+00:00,29455.3,870.0,TP1_THEN_BE,33.5,0.0,1.55,31.95,6287.76,2026-07-13 15:45:00+00:00,2026-07-14 06:15:00+00:00,2026-07,2026-07-14
155,XAUUSD,SELL,2026-07-13 19:35:00+00:00,3995.26,4020.1517444102965,3960.411557825585,3942.987336738378,4020.1517444102965,24.891744410296404,34.84844217441496,52.27266326162245,0.02,0.01,0.01,False,False,False,6311.76,2026-07-14 04:30:00+00:00,4020.1517444102965,535.0,SL,0.0,0.0,0.1,-50.1,6261.66,2026-07-13 19:35:00+00:00,2026-07-14 04:30:00+00:00,2026-07,2026-07-14
146,NAS100,BUY,2026-07-14 12:20:00+00:00,29472.5,29322.528886118518,29682.459559434075,29787.439339151115,29472.5,149.97111388148264,209.9595594340757,314.93933915111353,0.33,0.17,0.16,True,False,False,6287.76,2026-07-14 14:05:00+00:00,29472.5,105.0,TP1_THEN_BE,35.69,0.0,1.65,34.04,6321.8,2026-07-14 12:20:00+00:00,2026-07-14 14:05:00+00:00,2026-07,2026-07-14
147,NAS100,BUY,2026-07-14 14:40:00+00:00,29548.9,29373.546029357294,29794.395558899792,29917.143338349688,29548.9,175.3539706427072,245.49555889979007,368.24333834968513,0.29,0.14,0.15,True,False,False,6321.8,2026-07-15 14:20:00+00:00,29548.9,1420.0,TP1_THEN_BE,34.37,0.0,1.45,32.92,6354.72,2026-07-14 14:40:00+00:00,2026-07-15 14:20:00+00:00,2026-07,2026-07-15
156,XAUUSD,SELL,2026-07-15 07:20:00+00:00,4025.89,4045.6007855590624,3998.2949002173127,3984.497350325969,4045.6007855590624,19.710785559062398,27.595099782687356,41.392649674031034,0.03,0.01,0.02,False,False,False,6261.66,2026-07-15 12:30:00+00:00,4045.6007855590624,310.0,SL,0.0,0.0,0.15,-50.15,6211.51,2026-07-15 07:20:00+00:00,2026-07-15 12:30:00+00:00,2026-07,2026-07-15
157,XAUUSD,BUY,2026-07-15 17:30:00+00:00,4054.81,4033.0887054470604,4085.219812374115,4100.424718561173,4033.0887054470604,21.72129455293939,30.409812374115145,45.61471856117272,0.02,0.01,0.01,False,False,False,6211.51,2026-07-16 02:05:00+00:00,4033.0887054470604,515.0,SL,0.0,0.0,0.1,-50.1,6161.41,2026-07-15 17:30:00+00:00,2026-07-16 02:05:00+00:00,2026-07,2026-07-16
148,NAS100,SELL,2026-07-15 19:15:00+00:00,29441.4,29628.594710933237,29179.327404693468,29048.291107040204,29441.4,187.19471093323745,262.07259530653243,393.10889295979865,0.27,0.14,0.13,True,False,False,6354.72,2026-07-16 17:45:00+00:00,29048.291107040204,1350.0,FULL_TP2,36.69,51.1,1.35,86.44,6441.17,2026-07-15 19:15:00+00:00,2026-07-16 17:45:00+00:00,2026-07,2026-07-16
158,XAUUSD,SELL,2026-07-16 08:10:00+00:00,4025.77,4044.045330838082,4000.1845368266854,3987.391805240028,4025.77,18.27533083808184,25.585463173314572,38.37819475997186,0.03,0.01,0.02,True,False,False,6161.41,2026-07-16 13:00:00+00:00,3987.391805240028,290.0,FULL_TP2,25.59,76.76,0.15,102.19,6263.6,2026-07-16 08:10:00+00:00,2026-07-16 13:00:00+00:00,2026-07,2026-07-16
159,XAUUSD,SELL,2026-07-16 16:10:00+00:00,3989.74,4013.7227285718445,3956.1641799994172,3939.3762699991257,4013.7227285718445,23.98272857184481,33.57582000058273,50.3637300008741,0.02,0.01,0.01,False,False,False,6263.6,2026-07-17 15:00:00+00:00,4013.7227285718445,1370.0,SL,0.0,0.0,0.1,-50.1,6213.5,2026-07-16 16:10:00+00:00,2026-07-17 15:00:00+00:00,2026-07,2026-07-17
149,NAS100,SELL,2026-07-17 12:00:00+00:00,28535.2,28700.456716670687,28303.84059666104,28188.160894991557,28535.2,165.25671667068684,231.35940333896156,347.0391050084424,0.3,0.15,0.15,True,False,False,6441.17,2026-07-17 14:00:00+00:00,28535.2,120.0,TP1_THEN_BE,34.7,0.0,1.5,33.2,6474.37,2026-07-17 12:00:00+00:00,2026-07-17 14:00:00+00:00,2026-07,2026-07-17
150,NAS100,BUY,2026-07-20 15:40:00+00:00,28873.1,28690.582171216876,29128.624960296373,29256.387440444556,28690.582171216876,182.5178287831234,255.52496029637274,383.2874404445592,0.27,0.14,0.13,False,False,False,6474.37,2026-07-20 19:00:00+00:00,28690.582171216876,200.0,SL,0.0,0.0,1.35,-51.35,6423.02,2026-07-20 15:40:00+00:00,2026-07-20 19:00:00+00:00,2026-07,2026-07-20
151,NAS100,BUY,2026-07-21 08:00:00+00:00,28982.3,28827.67594302603,29198.77367976355,29307.010519645326,28982.3,154.6240569739658,216.4736797635521,324.7105196453282,0.32,0.16,0.16,True,False,False,6423.02,2026-07-22 06:05:00+00:00,28982.3,1325.0,TP1_THEN_BE,34.64,0.0,1.6,33.04,6456.06,2026-07-21 08:00:00+00:00,2026-07-22 06:05:00+00:00,2026-07,2026-07-22
160,XAUUSD,BUY,2026-07-21 10:15:00+00:00,4067.37,4048.1793964204917,4094.2368450113113,4107.670267516967,4048.1793964204917,19.19060357950814,26.866845011311394,40.30026751696709,0.03,0.01,0.02,False,False,False,6213.5,2026-07-21 13:30:00+00:00,4048.1793964204917,195.0,SL,0.0,0.0,0.15,-50.15,6163.35,2026-07-21 10:15:00+00:00,2026-07-21 13:30:00+00:00,2026-07,2026-07-21
161,XAUUSD,BUY,2026-07-21 14:10:00+00:00,4065.83,4047.2265488901935,4091.874831553729,4104.897247330594,4065.83,18.60345110980663,26.04483155372928,39.06724733059393,0.03,0.01,0.02,True,False,False,6163.35,2026-07-22 01:00:00+00:00,4104.897247330594,650.0,FULL_TP2,26.04,78.13,0.15,104.03,6267.38,2026-07-21 14:10:00+00:00,2026-07-22 01:00:00+00:00,2026-07,2026-07-22
162,XAUUSD,BUY,2026-07-22 10:20:00+00:00,4121.41,4103.92117100795,4145.89436058887,4158.136540883305,4121.41,17.48882899205004,24.484360588870054,36.726540883305084,0.03,0.01,0.02,True,False,False,6267.38,2026-07-22 14:00:00+00:00,4158.136540883305,220.0,FULL_TP2,24.48,73.45,0.15,97.79,6365.17,2026-07-22 10:20:00+00:00,2026-07-22 14:00:00+00:00,2026-07,2026-07-22
152,NAS100,SELL,2026-07-22 11:20:00+00:00,28973.5,29085.176491626502,28817.152911722897,28738.979367584343,28973.5,111.67649162650352,156.34708827710492,234.5206324156574,0.45,0.23,0.22,True,False,False,6456.06,2026-07-22 13:30:00+00:00,28973.5,130.0,TP1_THEN_BE,35.96,0.0,2.25,33.71,6489.76,2026-07-22 11:20:00+00:00,2026-07-22 13:30:00+00:00,2026-07,2026-07-22
153,NAS100,SELL,2026-07-23 10:05:00+00:00,28904.7,29054.525673193017,28694.944057529778,28590.066086294668,28904.7,149.82567319301637,209.75594247022292,314.6339137053344,0.33,0.17,0.16,True,False,False,6489.76,2026-07-23 13:05:00+00:00,28590.066086294668,180.0,FULL_TP2,35.66,50.34,1.65,84.35,6574.11,2026-07-23 10:05:00+00:00,2026-07-23 13:05:00+00:00,2026-07,2026-07-23
154,NAS100,SELL,2026-07-23 17:35:00+00:00,28446.1,28639.37644901215,28175.512971382985,28040.219457074476,28446.1,193.27644901215342,270.58702861701477,405.8805429255222,0.26,0.13,0.13,True,False,False,6574.11,2026-07-24 16:00:00+00:00,28446.1,1345.0,TP1_THEN_BE,35.18,0.0,1.3,33.88,6607.99,2026-07-23 17:35:00+00:00,2026-07-24 16:00:00+00:00,2026-07,2026-07-24
155,NAS100,SELL,2026-07-24 17:00:00+00:00,28336.3,28528.85341612008,28066.725217431886,27931.93782614783,28528.85341612008,192.55341612008036,269.5747825681125,404.3621738521688,0.26,0.13,0.13,False,False,False,6607.99,2026-07-26 22:00:00+00:00,28528.85341612008,3180.0,SL,0.0,0.0,1.3,-51.3,6556.69,2026-07-24 17:00:00+00:00,2026-07-26 22:00:00+00:00,2026-07,2026-07-26
156,NAS100,BUY,2026-07-27 08:25:00+00:00,28587.1,28423.51134725032,28816.124113849546,28930.63617077432,28423.51134725032,163.58865274967758,229.0241138495486,343.53617077432295,0.31,0.15,0.16,False,False,False,6556.69,2026-07-27 13:30:00+00:00,28423.51134725032,305.0,SL,0.0,0.0,1.55,-51.55,6505.14,2026-07-27 08:25:00+00:00,2026-07-27 13:30:00+00:00,2026-07,2026-07-27
163,XAUUSD,BUY,2026-07-27 10:35:00+00:00,4097.98,4080.394634821275,4122.599511250214,4134.909266875322,4080.394634821275,17.585365178724878,24.619511250214828,36.92926687532225,0.03,0.01,0.02,False,False,False,6365.17,2026-07-27 13:25:00+00:00,4080.394634821275,170.0,SL,0.0,0.0,0.15,-50.15,6315.02,2026-07-27 10:35:00+00:00,2026-07-27 13:25:00+00:00,2026-07,2026-07-27
157,NAS100,SELL,2026-07-27 18:30:00+00:00,27907.9,28113.724807582807,27619.745269384075,27475.667904076116,28113.724807582807,205.8248075828035,288.15473061592485,432.23209592388736,0.24,0.12,0.12,False,False,False,6505.14,2026-07-27 19:30:00+00:00,28113.724807582807,60.0,SL,0.0,0.0,1.2,-51.2,6453.94,2026-07-27 18:30:00+00:00,2026-07-27 19:30:00+00:00,2026-07,2026-07-27
164,XAUUSD,SELL,2026-07-27 20:25:00+00:00,4078.67,4096.004154263074,4054.402184031696,4042.268276047544,4078.67,17.33415426307425,24.26781596830395,36.401723952455924,0.03,0.01,0.02,True,False,False,6315.02,2026-07-28 02:40:00+00:00,4042.268276047544,375.0,FULL_TP2,24.27,72.8,0.15,96.92,6411.94,2026-07-27 20:25:00+00:00,2026-07-28 02:40:00+00:00,2026-07,2026-07-28
158,NAS100,SELL,2026-07-28 08:05:00+00:00,27767.0,27937.316450573464,27528.556969197147,27409.33545379572,27767.0,170.31645057346572,238.44303080285198,357.664546204278,0.29,0.14,0.15,True,False,False,6453.94,2026-07-28 15:15:00+00:00,27767.0,430.0,TP1_THEN_BE,33.38,0.0,1.45,31.93,6485.87,2026-07-28 08:05:00+00:00,2026-07-28 15:15:00+00:00,2026-07,2026-07-28
165,XAUUSD,SELL,2026-07-28 08:10:00+00:00,4044.36,4059.408368140198,4023.2922846037227,4012.758426905584,4044.36,15.048368140198125,21.067715396277375,31.601573094416064,0.03,0.01,0.02,True,False,False,6411.94,2026-07-28 14:20:00+00:00,4012.758426905584,370.0,FULL_TP2,21.07,63.2,0.15,84.12,6496.06,2026-07-28 08:10:00+00:00,2026-07-28 14:20:00+00:00,2026-07,2026-07-28
166,XAUUSD,SELL,2026-07-28 17:15:00+00:00,4035.4,4053.683225341492,4009.8034845219117,3997.005226782868,4035.4,18.283225341491594,25.59651547808823,38.39477321713235,0.03,0.01,0.02,True,False,False,6496.06,2026-07-29 14:10:00+00:00,3997.005226782868,1255.0,FULL_TP2,25.6,76.79,0.15,102.24,6598.29,2026-07-28 17:15:00+00:00,2026-07-29 14:10:00+00:00,2026-07,2026-07-29
159,NAS100,SELL,2026-07-28 19:55:00+00:00,27791.1,27998.886300705166,27500.199179012765,27354.74876851915,27998.886300705166,207.78630070516562,290.90082098723184,436.3512314808478,0.24,0.12,0.12,False,False,False,6485.87,2026-07-29 00:00:00+00:00,27998.886300705166,245.0,SL,0.0,0.0,1.2,-51.2,6434.67,2026-07-28 19:55:00+00:00,2026-07-29 00:00:00+00:00,2026-07,2026-07-29
160,NAS100,SELL,2026-07-29 08:20:00+00:00,27704.5,27928.482202813015,27390.924916061776,27234.137374092665,27928.482202813015,223.9822028130163,313.5750839382228,470.36262590733423,0.22,0.11,0.11,False,False,False,6434.67,2026-07-29 09:50:00+00:00,27928.482202813015,90.0,SL,0.0,0.0,1.1,-51.1,6383.57,2026-07-29 08:20:00+00:00,2026-07-29 09:50:00+00:00,2026-07,2026-07-29
167,XAUUSD,BUY,2026-07-30 12:35:00+00:00,4077.93,4051.550111133091,4114.861844413673,4133.327766620509,4077.93,26.379888866909102,36.93184441367274,55.39776662050912,0.02,0.01,0.01,True,False,False,6598.29,2026-07-31 02:40:00+00:00,4077.93,845.0,TP1_THEN_BE,36.93,0.0,0.1,36.83,6635.13,2026-07-30 12:35:00+00:00,2026-07-31 02:40:00+00:00,2026-07,2026-07-31
161,NAS100,BUY,2026-07-31 07:35:00+00:00,28438.3,28247.924034956643,28704.8263510607,28838.08952659105,28247.924034956643,190.37596504335835,266.5263510607017,399.78952659105255,0.26,0.13,0.13,False,False,False,6383.57,2026-07-31 13:45:00+00:00,28247.924034956643,370.0,SL,0.0,0.0,1.3,-51.3,6332.27,2026-07-31 07:35:00+00:00,2026-07-31 13:45:00+00:00,2026-07,2026-07-31
168,XAUUSD,SELL,2026-07-31 11:35:00+00:00,4053.15,4072.827305738437,4025.601771966188,4011.827657949282,4053.15,19.67730573843717,27.548228033812038,41.322342050718056,0.03,0.01,0.02,True,False,False,6635.13,2026-07-31 17:25:00+00:00,4053.15,350.0,TP1_THEN_BE,27.55,0.0,0.15,27.4,6662.52,2026-07-31 11:35:00+00:00,2026-07-31 17:25:00+00:00,2026-07,2026-07-31
169,XAUUSD,SELL,2026-07-31 20:05:00+00:00,4047.04,4066.4768233897407,4019.8284472543633,4006.2226708815447,4066.4768233897407,19.43682338974063,27.211552745636883,40.817329118455326,0.03,0.01,0.02,False,False,False,6662.52,2026-08-02 22:00:00+00:00,4066.4768233897407,2995.0,SL,0.0,0.0,0.15,-50.15,6612.37,2026-07-31 20:05:00+00:00,2026-08-02 22:00:00+00:00,2026-07,2026-08-02
170,XAUUSD,SELL,2026-08-03 17:05:00+00:00,4034.8,4054.513036821655,4007.2017484496832,3993.402622674525,4054.513036821655,19.71303682165494,27.598251550316913,41.397377325475375,0.03,0.01,0.02,False,False,False,6612.37,2026-08-03 19:30:00+00:00,4054.513036821655,145.0,SL,0.0,0.0,0.15,-50.15,6562.22,2026-08-03 17:05:00+00:00,2026-08-03 19:30:00+00:00,2026-08,2026-08-03
162,NAS100,BUY,2026-08-03 20:10:00+00:00,28801.4,28631.153482712656,29039.745124202283,29158.917686303423,28801.4,170.24651728734406,238.34512420228168,357.5176863034225,0.29,0.14,0.15,True,False,False,6332.27,2026-08-04 13:20:00+00:00,29158.917686303423,1030.0,FULL_TP2,33.37,53.63,1.45,85.55,6417.82,2026-08-03 20:10:00+00:00,2026-08-04 13:20:00+00:00,2026-08,2026-08-04
171,XAUUSD,BUY,2026-08-04 15:40:00+00:00,4084.01,4062.8810373592196,4113.590547697093,4128.380821545639,4084.01,21.12896264078066,29.58054769709292,44.37082154563939,0.02,0.01,0.01,True,False,False,6562.22,2026-08-05 02:40:00+00:00,4128.380821545639,660.0,FULL_TP2,29.58,44.37,0.1,73.85,6636.08,2026-08-04 15:40:00+00:00,2026-08-05 02:40:00+00:00,2026-08,2026-08-05
163,NAS100,BUY,2026-08-05 11:00:00+00:00,29790.6,29664.998003360237,29966.442795295665,30054.3641929435,29664.998003360237,125.6019966397626,175.84279529566763,263.7641929435015,0.4,0.2,0.2,False,False,False,6417.82,2026-08-05 15:15:00+00:00,29664.998003360237,255.0,SL,0.0,0.0,2.0,-52.0,6365.82,2026-08-05 11:00:00+00:00,2026-08-05 15:15:00+00:00,2026-08,2026-08-05
172,XAUUSD,BUY,2026-08-05 11:00:00+00:00,4163.97,4142.233331247209,4194.401336253908,4209.6170043808615,4163.97,21.736668752791065,30.43133625390749,45.64700438086124,0.02,0.01,0.01,True,False,False,6636.08,2026-08-05 12:20:00+00:00,4209.6170043808615,80.0,FULL_TP2,30.43,45.65,0.1,75.98,6712.05,2026-08-05 11:00:00+00:00,2026-08-05 12:20:00+00:00,2026-08,2026-08-05
173,XAUUSD,BUY,2026-08-05 16:35:00+00:00,4243.57,4215.388817034513,4283.023656151681,4302.750484227522,4243.57,28.18118296548686,39.453656151681606,59.18048422752241,0.02,0.01,0.01,True,False,False,6712.05,2026-08-06 01:00:00+00:00,4302.750484227522,505.0,FULL_TP2,39.45,59.18,0.1,98.53,6810.59,2026-08-05 16:35:00+00:00,2026-08-06 01:00:00+00:00,2026-08,2026-08-06
164,NAS100,SELL,2026-08-06 06:00:00+00:00,29446.5,29583.854681008117,29254.20344658864,29158.05516988296,29446.5,137.3546810081157,192.29655341136197,288.444830117043,0.36,0.18,0.18,True,False,False,6365.82,2026-08-06 13:30:00+00:00,29158.05516988296,450.0,FULL_TP2,34.61,51.92,1.8,84.73,6450.55,2026-08-06 06:00:00+00:00,2026-08-06 13:30:00+00:00,2026-08,2026-08-06
165,NAS100,SELL,2026-08-06 15:55:00+00:00,29411.6,29573.841713653077,29184.46160088569,29070.892401328536,29573.841713653077,162.24171365307777,227.13839911430887,340.7075986714633,0.31,0.15,0.16,False,False,False,6450.55,2026-08-07 12:30:00+00:00,29573.841713653077,1235.0,SL,0.0,0.0,1.55,-51.55,6399.0,2026-08-06 15:55:00+00:00,2026-08-07 12:30:00+00:00,2026-08,2026-08-07
174,XAUUSD,BUY,2026-08-07 12:30:00+00:00,4359.81,4336.378015442288,4392.614778380797,4409.017167571196,4336.378015442288,23.431984557712127,32.804778380796975,49.20716757119547,0.02,0.01,0.01,False,False,False,6810.59,2026-08-07 14:00:00+00:00,4336.378015442288,90.0,SL,0.0,0.0,0.1,-50.1,6760.49,2026-08-07 12:30:00+00:00,2026-08-07 14:00:00+00:00,2026-08,2026-08-07
175,XAUUSD,BUY,2026-08-07 14:20:00+00:00,4351.25,4322.236401070136,4391.86903850181,4412.178557752714,4322.236401070136,29.01359892986403,40.61903850180964,60.92855775271447,0.02,0.01,0.01,False,False,False,6760.49,2026-08-10 01:10:00+00:00,4322.236401070136,3530.0,SL,0.0,0.0,0.1,-50.1,6710.39,2026-08-07 14:20:00+00:00,2026-08-10 01:10:00+00:00,2026-08,2026-08-10
166,NAS100,BUY,2026-08-07 15:05:00+00:00,29654.5,29502.961907723893,29866.65332918655,29972.729993779823,29654.5,151.53809227610702,212.15332918654983,318.2299937798248,0.33,0.17,0.16,True,False,False,6399.0,2026-08-10 13:30:00+00:00,29654.5,4225.0,TP1_THEN_BE,36.07,0.0,1.65,34.42,6433.42,2026-08-07 15:05:00+00:00,2026-08-10 13:30:00+00:00,2026-08,2026-08-10
167,NAS100,BUY,2026-08-10 14:05:00+00:00,29779.6,29664.413037077138,29940.861748092,30021.492622138005,29664.413037077138,115.18696292285942,161.2617480920032,241.8926221380048,0.43,0.21,0.22,False,False,False,6433.42,2026-08-10 15:25:00+00:00,29664.413037077138,80.0,SL,0.0,0.0,2.15,-52.15,6381.27,2026-08-10 14:05:00+00:00,2026-08-10 15:25:00+00:00,2026-08,2026-08-10
176,XAUUSD,BUY,2026-08-10 14:25:00+00:00,4345.39,4323.727815882834,4375.717057764033,4390.880586646049,4345.39,21.662184117166163,30.327057764032627,45.490586646048946,0.02,0.01,0.01,True,False,False,6710.39,2026-08-10 19:25:00+00:00,4390.880586646049,300.0,FULL_TP2,30.33,45.49,0.1,75.72,6786.11,2026-08-10 14:25:00+00:00,2026-08-10 19:25:00+00:00,2026-08,2026-08-10
168,NAS100,SELL,2026-08-10 19:50:00+00:00,29641.6,29760.396717150066,29475.284595989906,29392.12689398486,29760.396717150066,118.7967171500665,166.3154040100931,249.47310601513965,0.42,0.21,0.21,False,False,False,6381.27,2026-08-11 04:25:00+00:00,29760.396717150066,515.0,SL,0.0,0.0,2.1,-52.1,6329.17,2026-08-10 19:50:00+00:00,2026-08-11 04:25:00+00:00,2026-08,2026-08-11
177,XAUUSD,BUY,2026-08-11 14:50:00+00:00,4395.16,4371.93657003988,4427.672801944168,4443.929202916252,4371.93657003988,23.22342996011989,32.51280194416785,48.76920291625177,0.02,0.01,0.01,False,False,False,6786.11,2026-08-11 15:35:00+00:00,4371.93657003988,45.0,SL,0.0,0.0,0.1,-50.1,6736.01,2026-08-11 14:50:00+00:00,2026-08-11 15:35:00+00:00,2026-08,2026-08-11
178,XAUUSD,SELL,2026-08-11 20:15:00+00:00,4368.17,4390.461788919845,4336.961495512217,4321.357243268325,4390.461788919845,22.291788919845327,31.208504487783458,46.81275673167519,0.02,0.01,0.01,False,False,False,6736.01,2026-08-12 01:10:00+00:00,4390.461788919845,295.0,SL,0.0,0.0,0.1,-50.1,6685.91,2026-08-11 20:15:00+00:00,2026-08-12 01:10:00+00:00,2026-08,2026-08-12
179,XAUUSD,BUY,2026-08-12 06:50:00+00:00,4401.2,4380.44057338255,4430.263197264429,4444.794795896645,4401.2,20.759426617449993,29.063197264429988,43.59479589664499,0.02,0.01,0.01,True,False,False,6685.91,2026-08-12 16:55:00+00:00,4401.2,605.0,TP1_THEN_BE,29.06,0.0,0.1,28.96,6714.87,2026-08-12 06:50:00+00:00,2026-08-12 16:55:00+00:00,2026-08,2026-08-12
169,NAS100,BUY,2026-08-12 14:20:00+00:00,29832.8,29735.956180869394,29968.381346782848,30036.17202017427,29735.956180869394,96.84381913060511,135.58134678284713,203.37202017427074,0.52,0.26,0.26,False,False,False,6329.17,2026-08-12 15:30:00+00:00,29735.956180869394,70.0,SL,0.0,0.0,2.6,-52.6,6276.57,2026-08-12 14:20:00+00:00,2026-08-12 15:30:00+00:00,2026-08,2026-08-12
170,NAS100,BUY,2026-08-12 16:35:00+00:00,29796.3,29695.323339627183,29937.667324521943,30008.350986782916,29695.323339627183,100.97666037281753,141.36732452194454,212.05098678291682,0.5,0.25,0.25,False,False,False,6276.57,2026-08-12 22:35:00+00:00,29695.323339627183,360.0,SL,0.0,0.0,2.5,-52.5,6224.07,2026-08-12 16:35:00+00:00,2026-08-12 22:35:00+00:00,2026-08,2026-08-12
171,NAS100,BUY,2026-08-13 11:30:00+00:00,29785.0,29709.410012984226,29890.825981822083,29943.73897273312,29709.410012984226,75.58998701577275,105.82598182208184,158.73897273312278,0.66,0.33,0.33,False,False,False,6224.07,2026-08-13 13:35:00+00:00,29943.73897273312,125.0,FULL_TP2,34.92,52.38,3.3,84.01,6308.08,2026-08-13 11:30:00+00:00,2026-08-13 13:35:00+00:00,2026-08,2026-08-13
172,NAS100,BUY,2026-08-13 16:25:00+00:00,30099.6,29988.247046898152,30255.49413434258,30333.441201513873,29988.247046898152,111.35295310184566,155.8941343425839,233.8412015138759,0.45,0.23,0.22,False,False,False,6308.08,2026-08-14 15:20:00+00:00,29988.247046898152,1375.0,SL,0.0,0.0,2.25,-52.25,6255.83,2026-08-13 16:25:00+00:00,2026-08-14 15:20:00+00:00,2026-08,2026-08-14
180,XAUUSD,SELL,2026-08-13 17:30:00+00:00,4361.07,4386.806466454073,4325.038946964296,4307.023420446445,4361.07,25.73646645407387,36.031053035703415,54.04657955355513,0.02,0.01,0.01,True,False,False,6714.87,2026-08-14 11:30:00+00:00,4361.07,1080.0,TP1_THEN_BE,36.03,0.0,0.1,35.93,6750.8,2026-08-13 17:30:00+00:00,2026-08-14 11:30:00+00:00,2026-08,2026-08-14
181,XAUUSD,BUY,2026-08-17 10:25:00+00:00,4405.1,4386.051344378729,4431.768117869781,4445.102176804671,4386.051344378729,19.048655621271866,26.668117869780612,40.00217680467092,0.03,0.01,0.02,False,False,False,6750.8,2026-08-17 12:25:00+00:00,4386.051344378729,120.0,SL,0.0,0.0,0.15,-50.15,6700.65,2026-08-17 10:25:00+00:00,2026-08-17 12:25:00+00:00,2026-08,2026-08-17
173,NAS100,BUY,2026-08-17 10:25:00+00:00,30260.5,30189.235241993774,30360.270661208717,30410.155991813073,30189.235241993774,71.26475800622542,99.77066120871558,149.6559918130734,0.7,0.35,0.35,False,False,False,6255.83,2026-08-17 12:00:00+00:00,30189.235241993774,95.0,SL,0.0,0.0,3.5,-53.5,6202.33,2026-08-17 10:25:00+00:00,2026-08-17 12:00:00+00:00,2026-08,2026-08-17
174,NAS100,BUY,2026-08-17 15:00:00+00:00,30193.4,30109.223597804477,30311.246963073736,30370.1704446106,30109.223597804477,84.17640219552389,117.84696307373343,176.77044461060018,0.59,0.29,0.3,False,False,False,6202.33,2026-08-17 16:40:00+00:00,30109.223597804477,100.0,SL,0.0,0.0,2.95,-52.95,6149.38,2026-08-17 15:00:00+00:00,2026-08-17 16:40:00+00:00,2026-08,2026-08-17
182,XAUUSD,BUY,2026-08-17 19:30:00+00:00,4416.31,4395.498243872086,4445.44645857908,4460.014687868619,4395.498243872086,20.811756127913892,29.136458579079445,43.704687868619175,0.02,0.01,0.01,False,False,False,6700.65,2026-08-18 02:35:00+00:00,4395.498243872086,425.0,SL,0.0,0.0,0.1,-50.1,6650.55,2026-08-17 19:30:00+00:00,2026-08-18 02:35:00+00:00,2026-08,2026-08-18
175,NAS100,SELL,2026-08-18 07:20:00+00:00,29786.6,29885.135233333487,29648.650673333115,29579.676009999675,29786.6,98.53523333348731,137.94932666688223,206.92399000032336,0.51,0.26,0.25,True,False,False,6149.38,2026-08-18 13:30:00+00:00,29579.676009999675,370.0,FULL_TP2,35.87,51.73,2.55,85.05,6234.42,2026-08-18 07:20:00+00:00,2026-08-18 13:30:00+00:00,2026-08,2026-08-18
183,XAUUSD,SELL,2026-08-18 08:05:00+00:00,4390.81,4409.71005569829,4364.349922022396,4351.119883033593,4390.81,18.900055698288867,26.460077977604413,39.69011696640662,0.03,0.01,0.02,True,False,False,6650.55,2026-08-18 19:40:00+00:00,4351.119883033593,695.0,FULL_TP2,26.46,79.38,0.15,105.69,6756.24,2026-08-18 08:05:00+00:00,2026-08-18 19:40:00+00:00,2026-08,2026-08-18
176,NAS100,SELL,2026-08-18 17:20:00+00:00,29527.7,29648.738099249866,29358.246661050187,29273.519991575282,29648.738099249866,121.03809924986574,169.45333894981204,254.18000842471807,0.41,0.2,0.21,False,False,False,6234.42,2026-08-19 12:45:00+00:00,29648.738099249866,1165.0,SL,0.0,0.0,2.05,-52.05,6182.37,2026-08-18 17:20:00+00:00,2026-08-19 12:45:00+00:00,2026-08,2026-08-19
184,XAUUSD,BUY,2026-08-19 18:50:00+00:00,4494.28,4467.6263562341155,4531.595101272238,4550.252651908358,4467.6263562341155,26.653643765884553,37.31510127223837,55.97265190835756,0.02,0.01,0.01,False,False,False,6756.24,2026-08-20 11:45:00+00:00,4467.6263562341155,1015.0,SL,0.0,0.0,0.1,-50.1,6706.14,2026-08-19 18:50:00+00:00,2026-08-20 11:45:00+00:00,2026-08,2026-08-20
177,NAS100,SELL,2026-08-19 19:45:00+00:00,29441.3,29595.204769752447,29225.833322346574,29118.09998351986,29595.204769752447,153.90476975244727,215.46667765342616,323.20001648013925,0.32,0.16,0.16,False,False,False,6182.37,2026-08-19 23:00:00+00:00,29595.204769752447,195.0,SL,0.0,0.0,1.6,-51.6,6130.77,2026-08-19 19:45:00+00:00,2026-08-19 23:00:00+00:00,2026-08,2026-08-19
178,NAS100,BUY,2026-08-20 06:05:00+00:00,29585.9,29463.467587602434,29757.305377356595,29843.00806603489,29463.467587602434,122.43241239756594,171.4053773565923,257.1080660348885,0.41,0.2,0.21,False,False,False,6130.77,2026-08-20 08:10:00+00:00,29463.467587602434,125.0,SL,0.0,0.0,2.05,-52.05,6078.72,2026-08-20 06:05:00+00:00,2026-08-20 08:10:00+00:00,2026-08,2026-08-20
179,NAS100,SELL,2026-08-20 10:35:00+00:00,29455.9,29582.058592005596,29279.27797119217,29190.966956788252,29455.9,126.15859200559414,176.62202880783178,264.9330432117477,0.4,0.2,0.2,True,False,False,6078.72,2026-08-20 12:30:00+00:00,29190.966956788252,115.0,FULL_TP2,35.32,52.99,2.0,86.31,6165.03,2026-08-20 10:35:00+00:00,2026-08-20 12:30:00+00:00,2026-08,2026-08-20
180,NAS100,SELL,2026-08-20 14:15:00+00:00,29246.0,29392.43169789337,29040.99562294928,28938.49343442392,29392.43169789337,146.4316978933718,205.0043770507205,307.5065655760808,0.34,0.17,0.17,False,False,False,6165.03,2026-08-21 08:00:00+00:00,29392.43169789337,1065.0,SL,0.0,0.0,1.7,-51.7,6113.33,2026-08-20 14:15:00+00:00,2026-08-21 08:00:00+00:00,2026-08,2026-08-21
185,XAUUSD,BUY,2026-08-20 17:30:00+00:00,4518.15,4491.740446379617,4555.123375068535,4573.610062602803,4518.15,26.409553620382454,36.97337506853543,55.460062602803156,0.02,0.01,0.01,True,False,False,6706.14,2026-08-21 08:20:00+00:00,4573.610062602803,890.0,FULL_TP2,36.97,55.46,0.1,92.33,6798.47,2026-08-20 17:30:00+00:00,2026-08-21 08:20:00+00:00,2026-08,2026-08-21
186,XAUUSD,BUY,2026-08-21 14:00:00+00:00,4588.48,4562.182207789765,4625.296909094329,4643.705363641493,4588.48,26.29779221023497,36.816909094328956,55.22536364149344,0.02,0.01,0.01,True,False,False,6798.47,2026-08-24 02:10:00+00:00,4643.705363641493,3610.0,FULL_TP2,36.82,55.23,0.1,91.94,6890.42,2026-08-21 14:00:00+00:00,2026-08-24 02:10:00+00:00,2026-08,2026-08-24
181,NAS100,SELL,2026-08-21 20:10:00+00:00,29312.0,29430.77938016353,29145.708867771056,29062.563301656584,29312.0,118.7793801635306,166.29113222894284,249.4366983434143,0.42,0.21,0.21,True,False,False,6113.33,2026-08-24 08:00:00+00:00,29062.563301656584,3590.0,FULL_TP2,34.92,52.38,2.1,85.2,6198.54,2026-08-21 20:10:00+00:00,2026-08-24 08:00:00+00:00,2026-08,2026-08-24
187,XAUUSD,BUY,2026-08-24 06:00:00+00:00,4644.88,4617.9637406890515,4682.562763035327,4701.404144552992,4644.88,26.916259310948384,37.68276303532773,56.52414455299161,0.02,0.01,0.01,True,False,False,6890.42,2026-08-25 02:05:00+00:00,4644.88,1205.0,TP1_THEN_BE,37.68,0.0,0.1,37.58,6928.0,2026-08-24 06:00:00+00:00,2026-08-25 02:05:00+00:00,2026-08,2026-08-25
182,NAS100,SELL,2026-08-24 10:45:00+00:00,29137.4,29259.118742240928,28966.993760862704,28881.790641294054,29137.4,121.71874224092743,170.4062391372984,255.6093587059476,0.41,0.2,0.21,True,False,False,6198.54,2026-08-24 15:45:00+00:00,29137.4,300.0,TP1_THEN_BE,34.08,0.0,2.05,32.03,6230.57,2026-08-24 10:45:00+00:00,2026-08-24 15:45:00+00:00,2026-08,2026-08-24
183,NAS100,SELL,2026-08-24 17:30:00+00:00,29068.1,29218.617901638707,28857.37493770581,28752.01240655871,29218.617901638707,150.51790163870746,210.72506229419042,316.08759344128566,0.33,0.17,0.16,False,False,False,6230.57,2026-08-25 06:20:00+00:00,29218.617901638707,770.0,SL,0.0,0.0,1.65,-51.65,6178.92,2026-08-24 17:30:00+00:00,2026-08-25 06:20:00+00:00,2026-08,2026-08-25
188,XAUUSD,SELL,2026-08-25 07:05:00+00:00,4641.08,4669.347466751842,4601.505546547421,4581.7183198211305,4669.347466751842,28.26746675184242,39.574453452579384,59.361680178869086,0.02,0.01,0.01,False,False,False,6928.0,2026-08-25 22:35:00+00:00,4669.347466751842,930.0,SL,0.0,0.0,0.1,-50.1,6877.9,2026-08-25 07:05:00+00:00,2026-08-25 22:35:00+00:00,2026-08,2026-08-25
184,NAS100,BUY,2026-08-25 08:20:00+00:00,29258.1,29142.01914983165,29420.613190235686,29501.86978535353,29142.01914983165,116.08085016834828,162.51319023568757,243.7697853535314,0.43,0.21,0.22,False,False,False,6178.92,2026-08-25 14:30:00+00:00,29142.01914983165,370.0,SL,0.0,0.0,2.15,-52.15,6126.77,2026-08-25 08:20:00+00:00,2026-08-25 14:30:00+00:00,2026-08,2026-08-25
185,NAS100,SELL,2026-08-26 10:10:00+00:00,29143.4,29246.75087379843,28998.7087766822,28926.3631650233,29246.75087379843,103.35087379842868,144.69122331780014,217.03683497670025,0.48,0.24,0.24,False,False,False,6126.77,2026-08-26 13:40:00+00:00,29246.75087379843,210.0,SL,0.0,0.0,2.4,-52.4,6074.37,2026-08-26 10:10:00+00:00,2026-08-26 13:40:00+00:00,2026-08,2026-08-26
189,XAUUSD,SELL,2026-08-26 12:50:00+00:00,4616.25,4637.189271120706,4586.935020431012,4572.277530646518,4616.25,20.939271120705584,29.314979568987816,43.97246935348173,0.02,0.01,0.01,True,False,False,6877.9,2026-08-26 23:15:00+00:00,4616.25,625.0,TP1_THEN_BE,29.31,0.0,0.1,29.21,6907.11,2026-08-26 12:50:00+00:00,2026-08-26 23:15:00+00:00,2026-08,2026-08-26
186,NAS100,BUY,2026-08-27 11:05:00+00:00,29556.5,29433.226936927487,29729.082288301517,29815.373432452274,29433.226936927487,123.27306307251209,172.5822883015169,258.8734324522754,0.41,0.2,0.21,False,False,False,6074.37,2026-08-27 13:30:00+00:00,29433.226936927487,145.0,SL,0.0,0.0,2.05,-52.05,6022.32,2026-08-27 11:05:00+00:00,2026-08-27 13:30:00+00:00,2026-08,2026-08-27
190,XAUUSD,SELL,2026-08-27 12:40:00+00:00,4587.64,4610.871813096082,4555.115461665486,4538.853192498229,4610.871813096082,23.231813096081634,32.52453833451428,48.786807501771435,0.02,0.01,0.01,False,False,False,6907.11,2026-08-27 15:55:00+00:00,4610.871813096082,195.0,SL,0.0,0.0,0.1,-50.1,6857.01,2026-08-27 12:40:00+00:00,2026-08-27 15:55:00+00:00,2026-08,2026-08-27
187,NAS100,BUY,2026-08-27 14:15:00+00:00,29525.7,29392.396093451054,29712.325469168525,29805.638203752787,29525.7,133.30390654894646,186.62546916852503,279.93820375278756,0.38,0.19,0.19,True,False,False,6022.32,2026-08-28 15:55:00+00:00,29525.7,1540.0,TP1_THEN_BE,35.46,0.0,1.9,33.56,6055.88,2026-08-27 14:15:00+00:00,2026-08-28 15:55:00+00:00,2026-08,2026-08-28
191,XAUUSD,SELL,2026-08-31 08:30:00+00:00,4435.93,4467.378274206562,4391.902416110814,4369.88862416622,4435.93,31.4482742065621,44.027583889186936,66.0413758337804,0.02,0.01,0.01,True,False,False,6857.01,2026-09-01 08:35:00+00:00,4369.88862416622,1445.0,FULL_TP2,44.03,66.04,0.1,109.97,6966.98,2026-08-31 08:30:00+00:00,2026-09-01 08:35:00+00:00,2026-08,2026-09-01
192,XAUUSD,SELL,2026-09-01 10:50:00+00:00,4375.74,4401.510612280111,4339.661142807845,4321.6217142117675,4375.74,25.770612280110758,36.078857192155056,54.11828578823259,0.02,0.01,0.01,True,False,False,6966.98,2026-09-02 00:00:00+00:00,4321.6217142117675,790.0,FULL_TP2,36.08,54.12,0.1,90.1,7057.08,2026-09-01 10:50:00+00:00,2026-09-02 00:00:00+00:00,2026-09,2026-09-02
188,NAS100,SELL,2026-09-01 16:30:00+00:00,29096.6,29223.223139635167,28919.32760451076,28830.691406766142,29096.6,126.6231396351701,177.27239548923814,265.90859323385723,0.39,0.2,0.19,True,False,False,6055.88,2026-09-02 12:20:00+00:00,29096.6,1190.0,TP1_THEN_BE,35.45,0.0,1.95,33.5,6089.38,2026-09-01 16:30:00+00:00,2026-09-02 12:20:00+00:00,2026-09,2026-09-02
193,XAUUSD,BUY,2026-09-02 17:40:00+00:00,4376.44,4350.0789123431,4413.34552271966,4431.798284079489,4376.44,26.361087656900065,36.90552271966009,55.35828407949014,0.02,0.01,0.01,True,False,False,7057.08,2026-09-03 03:30:00+00:00,4431.798284079489,590.0,FULL_TP2,36.91,55.36,0.1,92.16,7149.24,2026-09-02 17:40:00+00:00,2026-09-03 03:30:00+00:00,2026-09,2026-09-03
189,NAS100,BUY,2026-09-02 18:00:00+00:00,29123.9,28999.222354408845,29298.44870382762,29385.723055741426,29123.9,124.6776455911553,174.5487038276174,261.8230557414261,0.4,0.2,0.2,True,False,False,6089.38,2026-09-03 15:00:00+00:00,29385.723055741426,1260.0,FULL_TP2,34.91,52.36,2.0,85.27,6174.66,2026-09-02 18:00:00+00:00,2026-09-03 15:00:00+00:00,2026-09,2026-09-03
194,XAUUSD,BUY,2026-09-03 07:50:00+00:00,4430.39,4408.3091312021,4461.303216317061,4476.759824475592,4430.39,22.08086879790069,30.91321631706096,46.36982447559145,0.02,0.01,0.01,True,False,False,7149.24,2026-09-03 12:35:00+00:00,4476.759824475592,285.0,FULL_TP2,30.91,46.37,0.1,77.18,7226.43,2026-09-03 07:50:00+00:00,2026-09-03 12:35:00+00:00,2026-09,2026-09-03
195,XAUUSD,BUY,2026-09-03 17:30:00+00:00,4491.71,4464.590811065771,4529.67686450792,4548.66029676188,4464.590811065771,27.119188934228784,37.9668645079203,56.95029676188045,0.02,0.01,0.01,False,False,False,7226.43,2026-09-04 06:30:00+00:00,4464.590811065771,780.0,SL,0.0,0.0,0.1,-50.1,7176.33,2026-09-03 17:30:00+00:00,2026-09-04 06:30:00+00:00,2026-09,2026-09-04
190,NAS100,BUY,2026-09-04 07:20:00+00:00,29583.8,29496.10486154394,29706.573193838485,29767.959790757726,29496.10486154394,87.69513845606104,122.77319383848545,184.1597907577282,0.57,0.28,0.29,False,False,False,6174.66,2026-09-04 12:30:00+00:00,29496.10486154394,310.0,SL,0.0,0.0,2.85,-52.85,6121.81,2026-09-04 07:20:00+00:00,2026-09-04 12:30:00+00:00,2026-09,2026-09-04
196,XAUUSD,SELL,2026-09-04 17:00:00+00:00,4431.32,4462.468566898203,4387.712006342515,4365.908009513773,4431.32,31.14856689820323,43.60799365748452,65.41199048622678,0.02,0.01,0.01,True,False,False,7176.33,2026-09-08 00:00:00+00:00,4419.22,4740.0,END_OF_DATA,43.61,12.1,0.1,55.61,7231.94,2026-09-04 17:00:00+00:00,2026-09-08 00:00:00+00:00,2026-09,2026-09-08
191,NAS100,BUY,2026-09-07 16:15:00+00:00,29584.0,29500.675279952644,29700.654608066296,29758.981912099447,29500.675279952644,83.32472004735492,116.65460806629687,174.98191209944534,0.6,0.3,0.3,False,False,False,6121.81,2026-09-08 00:00:00+00:00,29570.5,465.0,END_OF_DATA,-4.05,-4.05,3.0,-11.1,6110.71,2026-09-07 16:15:00+00:00,2026-09-08 00:00:00+00:00,2026-09,2026-09-08
