trade_id,symbol,direction,entry_time,exit_time,duration_m,planned_entry,actual_entry,entry_spread,total_lots,partial_lots,runner_lots,tp1_hit,tp2_hit,be_hit,exit_reason,partial_pnl,runner_pnl,commission,net_pnl,account_balance,return_pct,adx_1h,atr_1h,month,portfolio_balance
1,NAS100,BUY,2026-01-02 10:00:00.057000+00:00,2026-01-02 11:10:06.745000+00:00,70.11146666666667,25481.9,25471.6,2.599999999998545,0.11,0.06,0.05,True,True,False,FULL_TP2,40.0328258109912,44.48091756776921,0.55,83.96374337876041,5083.96374337876,1.6792748675752083,18.89811712088356,44.48091756776897,2026-01,5083.96374337876
2,XAUUSD,BUY,2026-01-02 15:00:00.041000+00:00,2026-01-02 15:24:12.321000+00:00,24.204666666666665,4397.43,4394.83,0.2899999999999636,0.03,0.02,0.01,False,False,False,SL,-28.992427834209593,-14.496213917104797,0.15,-43.63864175131439,5002.891067985847,-0.864725747420344,29.106927922621363,16.106904352338432,2026-01,5040.325101627446
1,XAUUSD,BUY,2026-01-02 09:35:00.029000+00:00,2026-01-02 15:24:12.980000+00:00,349.21585,4379.54,4379.25,0.3900000000003274,0.03,0.02,0.01,True,False,True,TP1_THEN_BE,46.28970973716059,0.3900000000003274,0.15,46.52970973716092,5046.529709737161,0.9305941947432185,25.129525391946878,18.368932435381186,2026-01,5086.8548113646075
2,NAS100,BUY,2026-01-02 16:45:00.112000+00:00,2026-01-02 16:50:30.982000+00:00,5.5145,25586.3,25524.7,2.600000000002183,0.12,0.06,0.06,True,True,False,FULL_TP2,39.03941352560578,52.05255136747364,0.6,90.49196489307943,5174.455708271839,1.7799490606307748,22.905144082869562,43.37712613956099,2026-01,5177.3467762576865
3,XAUUSD,BUY,2026-01-05 06:25:00.296000+00:00,2026-01-05 14:50:29.192000+00:00,505.4816,4404.69,4405.28,0.2899999999999636,0.03,0.02,0.01,True,False,True,TP1_THEN_BE,49.879492261352425,0.2899999999999636,0.15,50.01949226135239,5052.9105602472,0.9998117404840903,27.772810113238535,19.793449310060783,2026-01,5227.366268519039
3,NAS100,BUY,2026-01-05 15:50:00.061000+00:00,2026-01-05 16:36:00.430000+00:00,46.006150000000005,25407.9,25407.9,2.600000000002183,0.09,0.04,0.05,True,False,True,TP1_THEN_BE,35.248013897294,1.3000000000010914,0.44999999999999996,36.09801389729509,5210.553722169135,0.6976195358980293,15.555561281524472,58.74668982882248,2026-01,5263.464282416335
4,XAUUSD,BUY,2026-01-05 16:00:00.016000+00:00,2026-01-05 17:04:17.926000+00:00,64.2985,4422.18,4417.08,0.2899999999999636,0.03,0.02,0.01,True,True,False,FULL_TP2,44.81596134579377,35.212541057409,0.15,79.87850240320276,5132.789062650403,1.5808414071610821,30.00087155595782,17.78411164515591,2026-01,5343.342784819538
5,XAUUSD,BUY,2026-01-05 19:15:00.027000+00:00,2026-01-05 21:00:00.048000+00:00,105.00035,4445.15,4442.67,0.2600000000002183,0.03,0.02,0.01,False,False,False,EOD_EXIT,11.780000000000655,5.890000000000327,0.15,17.520000000000984,5150.3090626504045,0.34133489193016303,29.97563844773907,18.345810234842478,2026-01,5360.862784819539
7,XAUUSD,BUY,2026-01-06 10:20:00.081000+00:00,2026-01-06 11:46:30.568000+00:00,86.50811666666667,4469.1,4466.11,0.26999999999952706,0.03,0.02,0.01,False,False,False,SL,-29.21935094541368,-14.60967547270684,0.15,-43.97902641812052,5061.564650563934,-0.8613975161234352,28.363061469632402,16.232972747451544,2026-01,5316.883758401419
6,XAUUSD,BUY,2026-01-06 08:50:00.133000+00:00,2026-01-06 11:47:11.001000+00:00,177.18113333333335,4464.5,4463.37,0.2899999999999636,0.03,0.02,0.01,False,False,False,SL,-29.74359044556695,-14.871795222783476,0.15,-44.765385668350426,5105.543676982054,-0.8691786283853358,29.028270755210173,16.524216914204185,2026-01,5272.118372733069
4,NAS100,BUY,2026-01-06 16:25:00.105000+00:00,2026-01-06 16:50:21.405000+00:00,25.355,25479.1,25465.2,2.600000000002183,0.11,0.06,0.05,True,True,False,FULL_TP2,43.944455704852594,48.82717300539117,0.55,92.22162871024376,5302.7753508793785,1.7699007366121586,15.895623849305801,48.82717300539127,2026-01,5364.340001443313
8,XAUUSD,BUY,2026-01-06 13:30:00.287000+00:00,2026-01-06 16:55:05.920000+00:00,205.09388333333334,4460.53,4455.74,0.2899999999999636,0.03,0.02,0.01,True,True,False,FULL_TP2,42.1065194015664,33.08369381551711,0.15,75.0402132170835,5136.604863781018,1.4825497330894093,26.21303900414045,16.70893627046318,2026-01,5439.380214660397
9,XAUUSD,BUY,2026-01-06 15:50:00.034000+00:00,2026-01-06 17:00:33.041000+00:00,70.55011666666665,4465.02,4458.54,0.27999999999974534,0.04,0.02,0.02,True,True,False,FULL_TP2,40.38917438196404,63.46870260022842,0.2,103.65787698219246,5240.262740763211,2.018023183233344,25.311271844408253,16.027450151572857,2026-01,5543.038091642589
5,NAS100,BUY,2026-01-06 19:10:00.048000+00:00,2026-01-06 21:00:00.144000+00:00,110.0016,25556.9,25553.8,2.599999999998545,0.09,0.04,0.05,True,False,False,EOD_EXIT,36.634941492605144,46.95000000000073,0.44999999999999996,83.13494149260588,5385.910292371985,1.5677628409964475,19.039669475010918,61.05823582100738,2026-01,5626.1730331351955
11,XAUUSD,SELL,2026-01-07 12:25:00.206000+00:00,2026-01-07 15:09:40.706000+00:00,164.675,4459.85,4464.34,0.2899999999999636,0.04,0.02,0.02,True,True,False,FULL_TP2,41.75311541072915,65.61203850257334,0.2,107.16515391330249,5424.356578158683,2.0154466025926734,23.43041168043867,16.56869659155894,2026-01,5733.338187048498
12,XAUUSD,SELL,2026-01-07 13:10:00.131000+00:00,2026-01-07 15:09:43.988000+00:00,119.73094999999999,4461.77,4462.4,0.2899999999999636,0.04,0.02,0.02,True,True,False,FULL_TP2,40.45195002424771,63.56735003810354,0.2,103.81930006235125,5528.1758782210345,1.913946816851651,22.96896698533654,16.052361120733245,2026-01,5837.15748711085
10,XAUUSD,SELL,2026-01-07 11:40:00.269000+00:00,2026-01-07 15:10:01.645000+00:00,210.02293333333333,4461.41,4462.7,0.2600000000002183,0.03,0.02,0.01,True,True,False,FULL_TP2,43.16406275001464,33.91462073215462,0.15,76.92868348216925,5317.19142424538,1.4680310375232268,24.011409930744126,17.128596329371167,2026-01,5914.086170593019
13,XAUUSD,SELL,2026-01-07 16:35:00.014000+00:00,2026-01-07 17:32:32.112000+00:00,57.53496666666667,4440.93,4449.32,0.2899999999999636,0.04,0.02,0.02,True,False,True,TP1_THEN_BE,42.52532820819033,0.5799999999999272,0.2,42.905328208190255,5571.081206429225,0.7761208968987647,25.332049911985173,16.875130241345097,2026-01,5956.99149880121
6,NAS100,BUY,2026-01-07 20:40:00.061000+00:00,2026-01-07 21:00:00.034000+00:00,19.99955,25815.7,25801.8,2.599999999998545,0.11,0.06,0.05,False,False,False,EOD_EXIT,0.4200000000004366,0.35000000000036385,0.55,0.22000000000080044,5386.130292371986,0.004084731977663728,30.58639655270391,50.676187686573236,2026-01,5957.211498801211
14,XAUUSD,SELL,2026-01-07 19:55:00.021000+00:00,2026-01-07 21:00:00.281000+00:00,65.00433333333334,4451.9,4454.58,0.2899999999999636,0.03,0.02,0.01,False,False,False,EOD_EXIT,4.639999999999418,2.319999999999709,0.15,6.8099999999991265,5577.891206429224,0.12223839049662649,27.616599050373093,18.335969803292677,2026-01,5964.02149880121
18,XAUUSD,SELL,2026-01-08 13:15:00.260000+00:00,2026-01-08 14:39:28.343000+00:00,84.46804999999999,4428.78,4428.24,0.2899999999999636,0.04,0.02,0.02,True,False,True,TP1_THEN_BE,37.29639947389296,0.5799999999999272,0.2,37.676399473892886,5732.891895011485,0.6615447563558168,32.841307710672574,14.8001585213864,2026-01,6001.697898275103
17,XAUUSD,SELL,2026-01-08 12:15:00.080000+00:00,2026-01-08 14:39:34.169000+00:00,144.56815,4424.36,4429.17,0.2899999999999636,0.04,0.02,0.02,True,False,True,TP1_THEN_BE,37.9031686641938,0.5799999999999272,0.2,38.283168664193724,5695.215495537592,0.6767478635430828,32.172281987329036,15.040939946108425,2026-01,6039.981066939297
15,XAUUSD,SELL,2026-01-08 10:00:00.018000+00:00,2026-01-08 14:42:40.063000+00:00,282.6674166666666,4425.66,4430.78,0.2899999999999636,0.04,0.02,0.02,True,False,True,TP1_THEN_BE,39.33487726734893,0.5799999999999272,0.2,39.714877267348854,5617.6060836965735,0.7120052327584382,30.721913802473924,15.60907828069382,2026-01,6079.695944206646
16,XAUUSD,SELL,2026-01-08 11:15:00.103000+00:00,2026-01-08 14:42:41.641000+00:00,207.69230000000002,4426.47,4430.9,0.2899999999999636,0.04,0.02,0.02,True,False,True,TP1_THEN_BE,38.94624317682428,0.5799999999999272,0.2,39.32624317682421,5656.932326873398,0.7000534140504601,31.61141748112901,15.454858403501392,2026-01,6119.022187383471
8,NAS100,SELL,2026-01-08 14:05:00.230000+00:00,2026-01-08 15:19:00.141000+00:00,73.99851666666667,25603.6,25600.8,2.600000000002183,0.11,0.06,0.05,False,False,False,SL,-30.17559482073775,-25.14632901728146,0.55,-55.87192383801921,5276.910233055205,-1.0477068478373606,18.829469724596976,50.29265803456243,2026-01,6063.150263545452
7,NAS100,SELL,2026-01-08 11:40:00.019000+00:00,2026-01-08 15:20:40.755000+00:00,220.67893333333333,25608.8,25606.3,2.600000000002183,0.1,0.05,0.05,False,False,False,SL,-26.424067739380916,-26.424067739380916,0.5,-53.34813547876183,5332.782156893224,-0.9904724279380172,20.302989436712732,52.84813547876163,2026-01,6009.80212806669
10,NAS100,SELL,2026-01-08 16:30:00.067000+00:00,2026-01-08 16:38:26.472000+00:00,8.440083333333332,25556.5,25632.9,2.599999999998545,0.11,0.06,0.05,True,True,False,FULL_TP2,44.80511881151469,49.78346534612683,0.55,94.03858415764152,5458.460968773331,1.7530048421863504,17.214984131191713,49.78346534612771,2026-01,6103.840712224332
9,NAS100,SELL,2026-01-08 14:30:00.140000+00:00,2026-01-08 16:40:08.086000+00:00,130.13243333333332,25609.6,25622.5,2.7999999999992724,0.1,0.05,0.05,True,True,False,FULL_TP2,37.71949352592128,50.29265803456292,0.5,87.5121515604842,5364.422384615689,1.658397579179905,18.829469724596976,50.29265803456243,2026-01,6191.352863784816
19,XAUUSD,SELL,2026-01-08 15:05:00.016000+00:00,2026-01-08 16:47:49.515000+00:00,102.82498333333334,4418.7,4423.82,0.2899999999999636,0.04,0.02,0.02,False,False,False,SL,-27.392113378600698,-27.392113378600698,0.2,-54.9842267572014,5677.907668254284,-0.9591010569211378,34.843366371395156,15.217840765889328,2026-01,6136.368637027615
20,XAUUSD,SELL,2026-01-08 16:05:00.093000+00:00,2026-01-08 16:50:05.697000+00:00,45.093399999999995,4423.63,4424.46,0.2899999999999636,0.04,0.02,0.02,False,False,False,SL,-27.88353385155824,-27.88353385155824,0.2,-55.967067703116484,5621.940600551167,-0.9856987991550766,35.456723430021604,15.490852139754374,2026-01,6080.401569324498
11,NAS100,SELL,2026-01-08 20:10:00.118000+00:00,2026-01-08 21:00:00.002000+00:00,49.998066666666666,25474.8,25500.9,2.599999999998545,0.08,0.04,0.04,False,False,False,EOD_EXIT,7.840000000000873,7.840000000000873,0.4,15.280000000001746,5473.7409687733325,0.27993238547303545,21.720827438758025,70.1747072509045,2026-01,6095.6815693245
15,NAS100,SELL,2026-01-09 10:55:00.059000+00:00,2026-01-09 11:38:02.053000+00:00,43.033233333333335,25524.1,25522.8,2.600000000002183,0.1,0.05,0.05,False,False,False,SL,-26.123109883081273,-26.123109883081273,0.5,-52.74621976616255,5260.996145505901,-0.9926378838177251,18.86699698681638,52.24621976616427,2026-01,6042.935349558337
13,NAS100,SELL,2026-01-09 07:45:03.542000+00:00,2026-01-09 12:00:32.941000+00:00,255.48998333333333,25519.3,25521.0,2.599999999998545,0.09,0.04,0.05,False,False,False,SL,-22.879913889549787,-28.599892361937236,0.44999999999999996,-51.92980625148702,5367.4998327125495,-0.958215342037613,20.161297826129022,57.19978472387558,2026-01,5991.00554330685
14,NAS100,SELL,2026-01-09 09:20:00.258000+00:00,2026-01-09 12:00:33.190000+00:00,160.54886666666667,25512.1,25525.8,2.600000000002183,0.1,0.05,0.05,False,False,False,SL,-26.628733720242966,-26.628733720242966,0.5,-53.75746744048593,5313.742365272064,-1.001536453021532,19.033238888399364,53.25746744048471,2026-01,5937.248075866364
12,NAS100,SELL,2026-01-09 06:00:00.440000+00:00,2026-01-09 12:21:51.387000+00:00,381.84911666666665,25517.4,25524.1,2.600000000002183,0.09,0.04,0.05,False,False,False,SL,-23.938368804131464,-29.922961005164325,0.44999999999999996,-54.31132980929579,5419.429638964037,-0.9922159290900274,20.27083270191785,59.845922010327605,2026-01,5882.936746057068
21,XAUUSD,BUY,2026-01-09 07:30:00.004000+00:00,2026-01-09 16:11:07.517000+00:00,521.1252166666667,4470.88,4465.17,0.2899999999999636,0.04,0.02,0.02,True,True,False,FULL_TP2,36.26694722110369,56.99091706173386,0.2,93.05786428283754,5714.998464834005,1.655262317672198,17.996407197948542,14.39164572265989,2026-01,5975.994610339906
16,NAS100,BUY,2026-01-09 14:55:00.210000+00:00,2026-01-09 16:18:22.700000+00:00,83.37483333333333,25598.1,25590.9,2.600000000002183,0.11,0.06,0.05,True,False,True,TP1_THEN_BE,44.404000272471606,1.3000000000010914,0.55,45.1540002724727,5306.150145778373,0.8582785279370446,15.816876467247031,49.33777808052425,2026-01,6021.148610612378
22,XAUUSD,BUY,2026-01-09 10:05:00.006000+00:00,2026-01-09 16:36:30.136000+00:00,391.5021666666667,4473.79,4469.49,0.2899999999999636,0.05,0.02,0.03,True,True,False,FULL_TP2,34.37233682389342,81.020508227748,0.25,115.14284505164142,5830.1413098856465,2.0147484861132994,15.750127901563008,13.639816199957675,2026-01,6136.29145566402
24,XAUUSD,BUY,2026-01-12 12:45:00.046000+00:00,2026-01-12 16:25:57.831000+00:00,220.96308333333334,4592.22,4589.97,0.27000000000043656,0.04,0.02,0.02,True,False,True,TP1_THEN_BE,45.53956925358398,0.5400000000008731,0.2,45.87956925358485,5921.940448392816,0.7807878474585449,38.0217823949413,18.07125764031136,2026-01,6182.171024917605
23,XAUUSD,BUY,2026-01-12 12:20:00.002000+00:00,2026-01-12 16:25:57.884000+00:00,245.9647,4591.49,4589.58,0.2899999999999636,0.04,0.02,0.02,True,False,True,TP1_THEN_BE,45.53956925358398,0.5799999999999272,0.2,45.9195692535839,5876.060879139231,0.7876236065791787,38.0217823949413,18.07125764031136,2026-01,6228.090594171189
25,XAUUSD,BUY,2026-01-12 14:55:00.014000+00:00,2026-01-12 16:25:57.902000+00:00,90.9648,4590.5,4589.0,0.2899999999999636,0.04,0.02,0.02,True,False,True,TP1_THEN_BE,43.27318981559074,0.5799999999999272,0.2,43.653189815590665,5965.593638208406,0.7371433434025483,40.37395038653747,17.1719007204726,2026-01,6271.74378398678
17,NAS100,SELL,2026-01-12 10:15:00.050000+00:00,2026-01-12 16:30:03.480000+00:00,375.05716666666666,25548.8,25574.4,2.399999999997817,0.09,0.04,0.05,False,False,False,SL,-24.118387470536984,-30.14798433817123,0.44999999999999996,-54.71637180870822,5251.433773969665,-1.0311877784355783,22.873666267587392,60.29596867634267,2026-01,6217.027412178071
18,NAS100,SELL,2026-01-12 16:20:00.030000+00:00,2026-01-12 16:30:08.818000+00:00,10.146466666666667,25584.1,25595.3,2.5,0.09,0.04,0.05,False,False,False,SL,-22.448840835381997,-28.0610510442275,0.44999999999999996,-50.9598918796095,5200.473882090056,-0.9703995912927202,26.00146240628003,56.122102088454,2026-01,6166.067520298462
26,XAUUSD,BUY,2026-01-12 16:35:00.075000+00:00,2026-01-12 21:00:00.117000+00:00,265.0007,4610.69,4598.41,0.2899999999999636,0.04,0.02,0.02,True,False,False,EOD_EXIT,45.082044279770344,24.840000000000146,0.2,69.72204427977049,6035.315682488177,1.1687360639721596,42.235499964511746,17.889700111019735,2026-01,6235.789564578233
20,NAS100,BUY,2026-01-13 11:05:00.197000+00:00,2026-01-13 12:14:42.807000+00:00,69.71016666666667,25777.5,25783.8,2.599999999998545,0.12,0.06,0.06,False,False,False,SL,-26.82830013886778,-26.82830013886778,0.6,-54.256600277735565,5232.657125875639,-1.0262433451360913,15.94555336633365,44.71383356478024,2026-01,6181.532964300497
19,NAS100,BUY,2026-01-13 10:20:00.231000+00:00,2026-01-13 15:31:39.504000+00:00,311.65455000000003,25778.4,25773.8,2.599999999998545,0.11,0.06,0.05,True,True,False,FULL_TP2,41.205715608940224,45.78412845437924,0.55,86.43984406331947,5286.913726153375,1.6621532195558213,16.68038650617415,45.784128454378774,2026-01,6267.9728083638165
27,XAUUSD,BUY,2026-01-13 13:40:00.085000+00:00,2026-01-13 15:42:02.150000+00:00,122.03441666666666,4589.72,4586.55,0.2899999999999636,0.04,0.02,0.02,True,True,False,FULL_TP2,39.43862195170732,61.974977352683716,0.2,101.21359930439102,6136.529281792568,1.6770224563077658,22.41023021349178,15.650246806233048,2026-01,6369.186407668208
28,XAUUSD,BUY,2026-01-13 14:50:00.084000+00:00,2026-01-13 15:46:07.650000+00:00,56.126099999999994,4591.12,4590.17,0.2899999999999636,0.04,0.02,0.02,True,True,False,FULL_TP2,38.46117752658574,60.43899325606253,0.2,98.70017078264827,6235.229452575217,1.6084038102042029,21.271228128082353,15.262372034359212,2026-01,6467.886578450856
29,XAUUSD,BUY,2026-01-13 17:55:00.002000+00:00,2026-01-13 18:27:12.900000+00:00,32.21496666666666,4618.95,4615.94,0.2899999999999636,0.04,0.02,0.02,False,False,False,SL,-30.869863136689673,-30.869863136689673,0.2,-61.93972627337935,6173.289726301838,-0.9933832707278732,20.838925187225822,17.14992396482772,2026-01,6405.946852177477
21,NAS100,BUY,2026-01-13 18:30:00.050000+00:00,2026-01-13 19:53:04.432000+00:00,83.07303333333333,25802.6,25764.1,2.599999999998545,0.08,0.04,0.04,True,False,True,TP1_THEN_BE,37.191562743468964,1.0399999999994178,0.4,37.83156274346838,5270.488688619108,0.722989522022955,15.582763499312737,61.98593790578098,2026-01,6443.778414920946
34,XAUUSD,BUY,2026-01-14 14:05:00.230000+00:00,2026-01-14 16:39:16.636000+00:00,154.27343333333334,4636.59,4635.16,0.3099999999994907,0.04,0.02,0.02,False,False,False,SL,-27.732605442341086,-27.732605442341086,0.2,-55.665210884682175,5877.9514622712195,-0.9381329120318052,19.3228301200183,15.40700302352319,2026-01,6388.113204036264
32,XAUUSD,BUY,2026-01-14 10:50:00.101000+00:00,2026-01-14 16:39:16.644000+00:00,349.2757166666667,4634.73,4635.75,0.3100000000004002,0.04,0.02,0.02,False,False,False,SL,-29.542717155316495,-29.542717155316495,0.2,-59.28543431063299,5991.787379270683,-0.9797508001815801,19.22523187721897,16.412620641842608,2026-01,6328.827769725631
35,XAUUSD,BUY,2026-01-14 15:50:00.052000+00:00,2026-01-14 16:39:16.729000+00:00,49.277950000000004,4635.51,4634.27,0.3100000000004002,0.04,0.02,0.02,False,False,False,SL,-27.28170505360322,-27.28170505360322,0.2,-54.76341010720644,5823.188052164013,-0.9316750990326493,19.582233151442203,15.156502807557223,2026-01,6274.0643596184245
30,XAUUSD,BUY,2026-01-14 08:15:00.062000+00:00,2026-01-14 16:39:56.161000+00:00,504.9349833333333,4632.91,4633.89,0.28000000000065484,0.04,0.02,0.02,False,False,False,SL,-30.454228180131395,-30.454228180131395,0.2,-61.10845636026279,6112.181269941575,-0.9898847951345116,17.236848130371488,16.919015655628048,2026-01,6212.955903258162
33,XAUUSD,BUY,2026-01-14 12:25:00.001000+00:00,2026-01-14 16:39:56.304000+00:00,254.93838333333332,4635.12,4632.92,0.3100000000004002,0.04,0.02,0.02,False,False,False,SL,-28.985353057390967,-28.985353057390967,0.2,-58.170706114781936,5933.6166731559015,-0.9708406262216607,19.317034846627173,16.102973920772424,2026-01,6154.78519714338
31,XAUUSD,BUY,2026-01-14 08:50:00.102000+00:00,2026-01-14 16:42:57.631000+00:00,472.9588166666666,4633.52,4632.02,0.2600000000002183,0.04,0.02,0.02,False,False,False,SL,-30.45422818012958,-30.45422818012958,0.2,-61.10845636025916,6051.072813581316,-0.9997814799894389,17.236848130371488,16.919015655628048,2026-01,6093.676740783121
36,XAUUSD,SELL,2026-01-15 10:00:00.032000+00:00,2026-01-15 12:37:16.524000+00:00,157.27486666666667,4599.9,4601.56,0.3099999999994907,0.04,0.02,0.02,False,False,False,SL,-32.38623375894713,-32.38623375894713,0.2,-64.97246751789426,5758.215584646119,-1.1157542386725634,26.70926236511481,17.992352088304308,2026-01,6028.704273265227
23,NAS100,BUY,2026-01-15 17:35:00.042000+00:00,2026-01-15 17:46:17.308000+00:00,11.287766666666666,25766.0,25769.4,2.600000000002183,0.07,0.04,0.03,False,False,False,SL,-28.652813246662845,-21.489609934997134,0.35000000000000003,-50.49242318165998,5262.438431720227,-0.950368535947988,29.18552440689552,71.63203311665882,2026-01,5978.211850083567
22,NAS100,BUY,2026-01-15 14:40:00.087000+00:00,2026-01-15 17:46:35.294000+00:00,186.58678333333333,25693.0,25686.0,2.599999999998545,0.08,0.04,0.04,True,False,True,TP1_THEN_BE,41.80216628277995,1.0399999999994178,0.4,42.44216628277937,5312.930854901887,0.8052795251117293,24.924992964881287,69.67027713796634,2026-01,6020.654016366346
25,NAS100,BUY,2026-01-15 20:30:00.021000+00:00,2026-01-15 21:00:00.134000+00:00,30.001883333333335,25766.2,25760.5,2.599999999998545,0.07,0.04,0.03,False,False,False,EOD_EXIT,-6.2399999999994185,-4.679999999999564,0.35000000000000003,-11.269999999998982,5228.348431720229,-0.21509199852743685,30.609949410965523,75.0398603342927,2026-01,6009.384016366347
24,NAS100,BUY,2026-01-15 18:05:00.008000+00:00,2026-01-15 21:00:00.134000+00:00,175.0021,25764.7,25777.0,2.599999999998545,0.07,0.04,0.03,False,False,False,EOD_EXIT,-12.839999999999419,-9.629999999999564,0.35000000000000003,-22.819999999998984,5239.618431720228,-0.4336392776103113,29.853103327396852,75.21545932261171,2026-01,5986.564016366348
37,XAUUSD,SELL,2026-01-16 08:45:00.111000+00:00,2026-01-16 09:12:08.398000+00:00,27.13811666666667,4596.59,4595.86,0.3100000000004002,0.04,0.02,0.02,False,False,False,SL,-26.54719940376708,-26.54719940376708,0.2,-53.294398807534165,5704.921185838585,-0.925536705323086,26.61741486754131,14.748444113203474,2026-01,5933.269617558814
39,XAUUSD,SELL,2026-01-16 13:00:00.025000+00:00,2026-01-16 13:33:52.700000+00:00,33.877916666666664,4601.24,4600.14,0.3099999999994907,0.05,0.02,0.03,False,False,False,SL,-25.388978446893816,-38.083467670340724,0.25,-63.72244611723454,5679.62891614447,-1.10949935147518,21.489845991924636,14.104988026052544,2026-01,5869.54717144158
38,XAUUSD,SELL,2026-01-16 10:40:00.283000+00:00,2026-01-16 16:05:30.954000+00:00,325.5111833333333,4602.09,4605.12,0.3100000000004002,0.04,0.02,0.02,True,False,True,TP1_THEN_BE,38.01017642311854,0.6200000000008004,0.2,38.430176423119335,5743.351362261705,0.6736320305092937,24.2869686698378,15.083403342507035,2026-01,5907.977347864699
28,NAS100,BUY,2026-01-16 16:10:00.053000+00:00,2026-01-16 16:54:49.640000+00:00,44.82645,25703.2,25701.5,2.5,0.1,0.05,0.05,False,False,False,SL,-24.679376039264756,-24.679376039264756,0.5,-49.85875207852951,5074.321041299698,-0.9730094198287107,16.857047571848437,49.35875207852913,2026-01,5858.11859578617
27,NAS100,BUY,2026-01-16 12:15:00.179000+00:00,2026-01-16 16:54:50.754000+00:00,279.84291666666667,25698.1,25695.1,2.399999999997817,0.1,0.05,0.05,False,False,False,SL,-25.43319071196311,-25.43319071196311,0.5,-51.36638142392622,5124.179793378227,-0.9924823330532804,17.270974872737437,50.866381423926725,2026-01,5806.752214362244
26,NAS100,BUY,2026-01-16 11:00:00.071000+00:00,2026-01-16 16:55:50.305000+00:00,355.83723333333336,25696.9,25683.7,2.600000000002183,0.1,0.05,0.05,False,False,False,SL,-26.151128459037864,-26.151128459037864,0.5,-52.80225691807573,5175.5461748021535,-1.0099223035275549,17.63951098947852,52.302256918074875,2026-01,5753.949957444168
40,XAUUSD,SELL,2026-01-16 17:25:00.051000+00:00,2026-01-16 17:31:49.275000+00:00,6.8204,4564.57,4588.43,1.1300000000001091,0.04,0.02,0.02,True,True,False,FULL_TP2,38.63015573694429,60.70453044377063,0.2,99.13468618071492,5778.763602325185,1.7454430147526432,18.057315582785883,15.329426879739914,2026-01,5853.084643624883
29,NAS100,SELL,2026-01-16 19:05:00.002000+00:00,2026-01-16 21:00:00.056000+00:00,115.0009,25571.5,25574.4,2.599999999998545,0.08,0.04,0.04,False,False,False,EOD_EXIT,-3.3599999999991272,-3.3599999999991272,0.4,-7.119999999998255,5067.2010412997,-0.14031433845136831,20.184008850783933,67.53796585879283,2026-01,5845.964643624885
41,XAUUSD,SELL,2026-01-16 19:20:00.012000+00:00,2026-01-16 21:00:00.111000+00:00,100.00165,4584.28,4584.37,0.31999999999970896,0.03,0.02,0.01,False,False,False,EOD_EXIT,3.0799999999999272,1.5399999999999636,0.15,4.4699999999998905,5783.2336023251855,0.07735218651618331,22.503447940593258,21.09583236059208,2026-01,5850.434643624885
42,XAUUSD,BUY,2026-01-19 11:15:00.068000+00:00,2026-01-19 21:00:00.234000+00:00,585.0027666666666,4671.34,4670.97,0.3000000000001819,0.03,0.02,0.01,False,False,False,EOD_EXIT,11.079999999999927,5.539999999999964,0.15,16.469999999999892,5799.703602325186,0.28478877272704367,30.995511066874993,19.41303254876027,2026-01,5866.9046436248855
45,XAUUSD,BUY,2026-01-19 17:35:00.066000+00:00,2026-01-19 21:00:00.234000+00:00,205.0028,4669.38,4666.8,0.3000000000001819,0.04,0.02,0.02,False,False,False,EOD_EXIT,19.420000000000073,19.420000000000073,0.2,38.64000000000014,5912.343602325188,0.6578472905017536,30.99724938456911,16.096289823655663,2026-01,5905.544643624886
44,XAUUSD,BUY,2026-01-19 17:05:00.138000+00:00,2026-01-19 21:00:00.234000+00:00,235.0016,4669.68,4668.17,0.31999999999970896,0.04,0.02,0.02,False,False,False,EOD_EXIT,16.68000000000029,16.68000000000029,0.2,33.16000000000058,5873.703602325188,0.5677553710377097,30.99724938456911,16.096289823655663,2026-01,5938.704643624887
43,XAUUSD,BUY,2026-01-19 14:15:00.225000+00:00,2026-01-19 21:00:00.234000+00:00,405.00014999999996,4670.05,4666.25,0.31999999999970896,0.04,0.02,0.02,False,False,False,EOD_EXIT,20.520000000000437,20.520000000000437,0.2,40.84000000000087,5840.543602325187,0.7041739164675159,30.86508996738761,17.481815783391554,2026-01,5979.544643624888
46,XAUUSD,BUY,2026-01-20 13:40:00.159000+00:00,2026-01-20 15:21:58.218000+00:00,101.96765,4732.16,4731.41,0.3400000000001455,0.05,0.02,0.03,False,False,False,SL,-25.232817255357077,-37.849225883035615,0.25,-63.33204313839269,5849.011559186795,-1.0711833986354524,40.6551614523288,14.018231808531798,2026-01,5916.212600486495
30,NAS100,SELL,2026-01-20 15:40:00.091000+00:00,2026-01-20 16:30:04.962000+00:00,50.081183333333335,25088.9,25087.7,2.599999999998545,0.06,0.03,0.03,False,False,False,SL,-24.140570135191957,-24.140570135191957,0.3,-48.58114027038391,5018.619901029316,-0.9587371780678986,52.35555877080575,80.46856711730778,2026-01,5867.631460216111
47,XAUUSD,BUY,2026-01-20 15:50:00.066000+00:00,2026-01-20 16:34:28.653000+00:00,44.47645,4731.65,4730.71,0.32999999999992724,0.05,0.02,0.03,True,False,True,TP1_THEN_BE,34.39492940110904,0.9899999999997817,0.25,35.13492940110882,5884.146488587904,0.6006985803596826,43.46436859877437,13.648781508376937,2026-01,5902.76638961722
48,XAUUSD,BUY,2026-01-20 18:10:00.137000+00:00,2026-01-20 20:21:13.354000+00:00,131.22028333333333,4741.3,4735.0,0.3400000000001455,0.04,0.02,0.02,True,True,False,FULL_TP2,39.77149864950297,62.498069306362595,0.2,102.06956795586557,5986.21605654377,1.7346537540121734,43.65462165575284,15.782340733930106,2026-01,6004.835957573086
52,XAUUSD,BUY,2026-01-21 14:35:00.090000+00:00,2026-01-21 16:05:03.035000+00:00,90.04908333333333,4866.55,4866.68,0.3400000000001455,0.03,0.02,0.01,False,False,False,SL,-37.885261506549796,-18.942630753274898,0.15,-56.97789225982469,5749.194770971548,-0.981333066800569,54.152334144135736,21.04736750363835,2026-01,5947.858065313261
51,XAUUSD,BUY,2026-01-21 13:55:00.015000+00:00,2026-01-21 16:05:03.481000+00:00,130.05776666666668,4866.71,4863.09,0.3400000000001455,0.03,0.02,0.01,False,False,False,SL,-38.541204699360605,-19.270602349680303,0.15,-57.96180704904091,5806.172663231372,-0.9884119701346016,54.07188481524622,21.411780388533575,2026-01,5889.896258264221
50,XAUUSD,BUY,2026-01-21 12:40:00.713000+00:00,2026-01-21 16:05:03.641000+00:00,205.0488,4864.95,4863.15,0.339999999999236,0.03,0.02,0.01,False,False,False,SL,-40.47714352238836,-20.23857176119418,0.15,-60.86571528358254,5864.134470280413,-1.0272694240901326,54.11622641296487,22.48730195688236,2026-01,5829.0305429806385
53,XAUUSD,BUY,2026-01-21 15:05:00.233000+00:00,2026-01-21 16:05:03.641000+00:00,60.056799999999996,4868.43,4861.4,0.339999999999236,0.03,0.02,0.01,False,False,False,SL,-37.139885684653564,-18.569942842326782,0.15,-55.859828526980344,5693.334942444568,-0.971611343018401,54.22703709238527,20.63326982480704,2026-01,5773.170714453659
49,XAUUSD,BUY,2026-01-21 10:10:00.039000+00:00,2026-01-21 16:12:07.211000+00:00,362.1195333333333,4858.41,4860.07,0.31999999999970896,0.03,0.02,0.01,False,False,False,SL,-40.71058065318357,-20.355290326591785,0.15,-61.21587097977535,5925.000185563995,-1.0226137914427238,54.40776969026216,22.616989251768857,2026-01,5711.954843473884
31,NAS100,BUY,2026-01-21 20:50:00.109000+00:00,2026-01-21 21:00:00.003000+00:00,9.998233333333333,25164.7,25152.6,2.599999999998545,0.05,0.02,0.03,False,False,False,EOD_EXIT,1.7000000000000002,2.55,0.25,4.0,5022.619901029316,0.07970318690960441,31.768903592361614,108.40830489363918,2026-01,5715.954843473884
32,NAS100,BUY,2026-01-22 14:55:00.080000+00:00,2026-01-22 16:47:34.665000+00:00,112.57641666666667,25572.2,25563.3,2.599999999998545,0.06,0.03,0.03,False,False,False,SL,-25.26127705489962,-25.26127705489962,0.3,-50.822554109799235,4971.797346919517,-1.0118733870222563,37.92356887878744,84.20425684966403,2026-01,5665.1322893640845
57,XAUUSD,BUY,2026-01-22 16:25:00.016000+00:00,2026-01-22 17:53:11.759000+00:00,88.19571666666667,4829.31,4826.31,0.3400000000001455,0.03,0.02,0.01,True,True,False,FULL_TP2,59.81395298426469,46.99667734477953,0.15,106.66063032904421,6101.334055427538,1.779256729523873,19.087553373654266,23.735695628676467,2026-01,5771.792919693129
55,XAUUSD,BUY,2026-01-22 14:20:00.219000+00:00,2026-01-22 18:10:44.875000+00:00,230.74426666666668,4830.56,4827.41,0.3400000000001455,0.03,0.02,0.01,True,True,False,FULL_TP2,61.56578215926493,48.37311455370855,0.15,109.78889671297347,5888.301592436445,1.8999507744306836,21.038303581082825,24.430865936216506,2026-01,5881.581816406103
56,XAUUSD,BUY,2026-01-22 15:20:00.049000+00:00,2026-01-22 18:19:03.908000+00:00,179.06431666666668,4834.21,4831.84,0.3400000000001455,0.03,0.02,0.01,True,True,False,FULL_TP2,59.65222629074742,46.869606371300506,0.15,106.37183266204792,5994.673425098494,1.8064943004733844,19.801714462941174,23.67151836934391,2026-01,5987.953649068151
54,XAUUSD,BUY,2026-01-22 12:40:00.132000+00:00,2026-01-22 18:26:14.061000+00:00,346.23215,4828.25,4828.54,0.3400000000001455,0.02,0.01,0.01,True,True,False,FULL_TP2,33.16357071957373,52.1141825593304,0.1,85.17775327890413,5778.512695723472,1.4960959462246401,24.116499790765264,26.320294221884232,2026-01,6073.131402347055
33,NAS100,BUY,2026-01-22 18:15:00.031000+00:00,2026-01-22 21:00:00.085000+00:00,165.0009,25534.1,25536.4,2.600000000002183,0.06,0.03,0.03,False,False,False,EOD_EXIT,5.219999999999345,5.219999999999345,0.3,10.13999999999869,4981.937346919515,0.20395038840996502,35.959641498623526,90.32830278746488,2026-01,6083.2714023470535
34,NAS100,BUY,2026-01-23 09:20:00.056000+00:00,2026-01-23 10:14:33.633000+00:00,54.55961666666667,25606.5,25605.2,2.600000000002183,0.08,0.04,0.04,False,False,False,SL,-24.591932811889272,-24.591932811889272,0.4,-49.58386562377854,4932.353481295737,-0.9952727658134394,22.62161075444685,61.47983202972282,2026-01,6033.687536723275
59,XAUUSD,BUY,2026-01-23 08:20:00.074000+00:00,2026-01-23 10:20:36.259000+00:00,120.60308333333334,4958.68,4954.48,0.339999999999236,0.03,0.02,0.01,False,False,False,SL,-40.09412466098729,-20.047062330493645,0.15,-60.291186991480934,5975.909864587951,-0.9988266871214495,32.69680953109033,22.27451370054816,2026-01,5973.3963497317945
58,XAUUSD,BUY,2026-01-23 06:25:00.339000+00:00,2026-01-23 10:20:45.462000+00:00,235.75205,4952.83,4952.15,0.339999999999236,0.03,0.02,0.01,False,False,False,SL,-43.322002565404546,-21.661001282702273,0.15,-65.13300384810682,6036.201051579432,-1.0675206972181228,31.897479710480713,24.067779203002587,2026-01,5908.263345883688
36,NAS100,SELL,2026-01-23 15:25:00.368000+00:00,2026-01-23 17:00:00.303000+00:00,94.99891666666667,25456.9,25490.7,2.599999999998545,0.08,0.04,0.04,False,False,False,SL,-25.234957312617915,-25.234957312617915,0.4,-50.86991462523583,4829.715966304863,-1.0422911483639643,18.325255286078406,63.087393281545495,2026-01,5857.393431258452
35,NAS100,SELL,2026-01-23 14:30:00.279000+00:00,2026-01-23 17:00:16.660000+00:00,150.27301666666665,25475.1,25501.2,2.599999999998545,0.08,0.04,0.04,False,False,False,SL,-25.68380018281896,-25.68380018281896,0.4,-51.76760036563792,4880.585880930099,-1.0495517112053878,19.565239968763073,64.20950045704899,2026-01,5805.6258308928145
60,XAUUSD,BUY,2026-01-26 08:00:00.172000+00:00,2026-01-26 09:00:57.880000+00:00,60.961800000000004,5079.23,5074.58,0.32999999999992724,0.03,0.02,0.01,True,False,True,TP1_THEN_BE,64.63445270186821,0.32999999999992724,0.15,64.81445270186813,6040.72431728982,1.0845955539916297,39.89724224329935,25.648592342011007,2026-01,5870.440283594683
62,XAUUSD,BUY,2026-01-26 12:35:00.036000+00:00,2026-01-26 15:02:47.343000+00:00,147.78845,5094.57,5093.07,0.3400000000001455,0.03,0.02,0.01,False,False,False,SL,-46.586603565814585,-23.293301782907292,0.15,-70.02990534872188,5900.142898488631,-1.1729962875397826,44.70829398063942,25.881446425452328,2026-01,5800.4103782459615
63,XAUUSD,BUY,2026-01-26 13:50:00.021000+00:00,2026-01-26 15:02:51.621000+00:00,72.86,5091.34,5090.82,0.3400000000001455,0.03,0.02,0.01,False,False,False,SL,-45.35598902539823,-22.677994512699115,0.15,-68.18398353809735,5831.958914950534,-1.155632748412979,45.47755301773249,25.197771680777127,2026-01,5732.2263947078645
61,XAUUSD,BUY,2026-01-26 11:15:00.035000+00:00,2026-01-26 15:02:51.674000+00:00,227.86065,5093.43,5091.4,0.339999999999236,0.03,0.02,0.01,False,False,False,SL,-46.9343423016453,-23.46717115082265,0.15,-70.55151345246796,5970.172803837352,-1.1679313563529912,43.879861171457314,26.07463461202559,2026-01,5661.674881255397
65,XAUUSD,BUY,2026-01-26 19:00:00.066000+00:00,2026-01-26 20:40:13.221000+00:00,100.21925,5094.97,5089.89,0.3400000000001455,0.02,0.01,0.01,False,False,False,SL,-23.714343963405554,-23.714343963405554,0.1,-47.52868792681111,5718.291760247775,-0.8243178634162693,43.565286262319646,26.34927107045111,2026-01,5614.1461933285855
64,XAUUSD,BUY,2026-01-26 16:35:00.118000+00:00,2026-01-26 20:41:05.692000+00:00,246.09290000000001,5089.04,5085.22,0.3400000000001455,0.03,0.02,0.01,False,False,False,SL,-43.992311183965285,-21.996155591982642,0.15,-66.13846677594793,5765.820448174586,-1.1340694908943632,45.77086307399742,24.440172879980757,2026-01,5548.007726552638
37,NAS100,BUY,2026-01-26 20:20:00.062000+00:00,2026-01-26 21:00:00.101000+00:00,40.00065,25801.6,25794.7,2.600000000002183,0.06,0.03,0.03,False,False,False,EOD_EXIT,-1.1700000000004365,-1.1700000000004365,0.3,-2.6400000000008728,4827.075966304862,-0.05466159953130108,16.31008244841907,74.71099728470112,2026-01,5545.367726552637
68,XAUUSD,BUY,2026-01-27 14:40:00.307000+00:00,2026-01-27 16:05:44.902000+00:00,85.74325,5089.02,5086.25,0.3400000000001455,0.02,0.01,0.01,False,False,False,SL,-25.508428079784608,-25.508428079784608,0.1,-51.11685615956922,5646.968749649489,-0.8970882449968255,21.27498517988793,28.342697866427358,2026-01,5494.250870393067
67,XAUUSD,BUY,2026-01-27 11:25:00.164000+00:00,2026-01-27 16:13:20.374000+00:00,288.33683333333335,5088.13,5085.23,0.339999999999236,0.02,0.01,0.01,False,False,False,SL,-27.103077219358056,-27.103077219358056,0.1,-54.30615443871611,5698.0856058090585,-0.9440621693049809,25.148797805458646,30.114530243730858,2026-01,5439.944715954351
40,NAS100,BUY,2026-01-27 15:10:00.097000+00:00,2026-01-27 16:30:25.556000+00:00,80.42431666666667,25911.6,25908.2,2.600000000002183,0.1,0.05,0.05,False,False,False,SL,-23.724107576454116,-23.724107576454116,0.5,-47.94821515290823,4682.707176491855,-1.013563897247597,27.699192594101106,47.44821515290674,2026-01,5391.996500801442
38,NAS100,BUY,2026-01-27 09:30:00.009000+00:00,2026-01-27 16:35:40.284000+00:00,425.67125000000004,25902.4,25896.5,2.599999999998545,0.09,0.04,0.05,False,False,False,SL,-20.908177848310153,-26.13522231038769,0.44999999999999996,-47.493400158697845,4779.582566146164,-0.9838958510332738,23.673605082913156,52.27044462077507,2026-01,5344.503100642744
39,NAS100,BUY,2026-01-27 12:20:00.149000+00:00,2026-01-27 16:36:09.385000+00:00,256.1539333333333,25882.9,25888.6,2.599999999998545,0.1,0.05,0.05,False,False,False,SL,-24.213587250700588,-24.213587250700588,0.5,-48.927174501401176,4730.655391644763,-1.0236704528958844,25.371795471259126,48.42717450140036,2026-01,5295.575926141343
66,XAUUSD,BUY,2026-01-27 07:40:00.297000+00:00,2026-01-27 21:00:00.129000+00:00,799.9972,5074.56,5070.79,0.3400000000001455,0.02,0.01,0.01,False,False,False,EOD_EXIT,17.100000000000364,17.100000000000364,0.1,34.100000000000726,5752.391760247775,0.596331936699277,32.1147545998235,33.687074816818786,2026-01,5329.675926141344
70,XAUUSD,BUY,2026-01-27 20:35:00.077000+00:00,2026-01-27 21:00:00.129000+00:00,25.000866666666663,5089.8,5088.83,0.32999999999992724,0.02,0.01,0.01,False,False,False,EOD_EXIT,-0.9399999999995998,-0.9399999999995998,0.1,-1.9799999999991997,5681.908749649489,-0.034835305320170123,18.688282925607652,27.74738533237013,2026-01,5327.695926141344
69,XAUUSD,BUY,2026-01-27 17:30:00.086000+00:00,2026-01-27 21:00:00.129000+00:00,210.00071666666665,5077.71,5069.38,0.3400000000001455,0.02,0.01,0.01,False,False,False,EOD_EXIT,18.51000000000022,18.51000000000022,0.1,36.920000000000435,5683.888749649489,0.6538020951911958,20.193139552219588,27.975323328185528,2026-01,5364.615926141344
42,NAS100,BUY,2026-01-27 19:25:00.100000+00:00,2026-01-27 21:00:00.130000+00:00,95.0005,25978.1,25962.0,2.599999999998545,0.09,0.04,0.05,False,False,False,EOD_EXIT,8.839999999999419,11.049999999999274,0.44999999999999996,19.439999999998694,4750.84717649185,0.4108714231272877,25.955790836712907,53.252891320860286,2026-01,5384.055926141343
41,NAS100,BUY,2026-01-27 16:55:00.168000+00:00,2026-01-27 21:00:00.130000+00:00,244.99936666666665,25948.0,25934.9,2.600000000002183,0.1,0.05,0.05,False,False,False,EOD_EXIT,24.59999999999855,24.59999999999855,0.5,48.6999999999971,4731.407176491852,1.039996697732479,28.231208786135067,46.57334264198489,2026-01,5432.75592614134
43,NAS100,BUY,2026-01-27 20:25:00.054000+00:00,2026-01-27 21:00:00.130000+00:00,35.001266666666666,25971.3,25982.1,2.7999999999992724,0.09,0.04,0.05,False,False,False,EOD_EXIT,0.8,1.0,0.44999999999999996,1.35,4752.197176491851,0.028415984557029584,25.033670431137253,52.39911336937021,2026-01,5434.10592614134
44,NAS100,BUY,2026-01-28 06:10:00.089000+00:00,2026-01-28 08:19:28.095000+00:00,129.46676666666667,26116.1,26119.2,2.600000000002183,0.1,0.05,0.05,True,True,False,FULL_TP2,34.4562987425943,45.9417316567924,0.5,79.8980303993867,4832.0952068912375,1.6812860963477263,25.39374217459502,45.941731656791674,2026-01,5514.003956540727
45,NAS100,BUY,2026-01-28 12:25:00.083000+00:00,2026-01-28 16:19:05.713000+00:00,234.09383333333332,26190.5,26181.6,2.399999999997817,0.1,0.05,0.05,False,False,False,SL,-23.541279405304522,-23.541279405304522,0.5,-47.582558810609044,4784.512648080628,-0.9847189836564006,33.13498528998501,47.082558810607566,2026-01,5466.421397730118
72,XAUUSD,BUY,2026-01-28 16:40:00.041000+00:00,2026-01-28 17:08:02.032000+00:00,28.033183333333334,5279.19,5282.1,0.3400000000001455,0.02,0.01,0.01,False,False,False,SL,-26.097626358543497,-26.097626358543497,0.1,-52.295252717086996,5577.717558869982,-0.9288656077204425,38.119099627078356,28.997362620603713,2026-01,5414.1261450130305
71,XAUUSD,BUY,2026-01-28 14:40:00.223000+00:00,2026-01-28 17:08:24.499000+00:00,148.4046,5269.53,5270.31,0.3400000000001455,0.02,0.01,0.01,False,False,False,SL,-25.89796903120987,-25.89796903120987,0.1,-51.89593806241974,5630.012811587069,-0.9133539510929517,38.83795055865754,28.775521145788982,2026-01,5362.23020695061
73,XAUUSD,BUY,2026-01-28 17:35:00.096000+00:00,2026-01-28 20:38:59.814000+00:00,183.99530000000001,5274.33,5273.49,0.3400000000001455,0.02,0.01,0.01,True,False,True,TP1_THEN_BE,37.57101426610643,0.3400000000001455,0.1,37.811014266106575,5615.528573136088,0.6778940286421907,37.47805821158101,29.818265290560575,2026-01,5400.041221216717
46,NAS100,BUY,2026-01-29 11:00:00.004000+00:00,2026-01-29 13:01:58.752000+00:00,121.97913333333332,26158.6,26149.9,2.600000000002183,0.07,0.04,0.03,False,False,False,SL,-26.412370303731585,-19.809277727798687,0.35000000000000003,-46.57164803153027,4737.941000049098,-0.9733833194110818,23.19498608264221,66.03092575932955,2026-01,5353.469573185186
74,XAUUSD,BUY,2026-01-29 16:10:00.021000+00:00,2026-01-29 16:47:27.076000+00:00,37.450916666666664,5529.11,5537.57,0.3400000000001455,0.02,0.01,0.01,False,False,False,SL,-43.27269980536494,-43.27269980536494,0.1,-86.64539961072987,5528.883173525358,-1.5429607112183432,44.39516912330303,48.08077756151699,2026-01,5266.824173574456
75,XAUUSD,SELL,2026-01-30 07:55:00.199000+00:00,2026-01-30 11:13:03.180000+00:00,198.04968333333332,5184.3,5215.8,0.7200000000002547,0.02,0.01,0.01,True,True,False,FULL_TP2,106.91452108893009,168.00853313974767,0.1,274.82305422867773,5803.706227754035,4.970679350662486,38.81105693060008,84.85279451502406,2026-01,5541.647227803133
47,NAS100,SELL,2026-01-30 07:30:00.151000+00:00,2026-01-30 11:51:17.640000+00:00,261.2914833333333,25750.3,25763.8,2.600000000002183,0.04,0.02,0.02,True,True,False,FULL_TP2,31.845692291818708,42.46092305575803,0.2,74.10661534757674,4812.047615396675,1.5641101344826536,35.22092992941124,106.15230763939512,2026-01,5615.75384315071
48,NAS100,SELL,2026-01-30 11:10:00.015000+00:00,2026-01-30 13:51:48.565000+00:00,161.80916666666664,25615.9,25651.0,2.599999999998545,0.05,0.02,0.03,False,False,False,SL,-20.59311671433097,-30.889675071496455,0.25,-51.73279178582743,4760.314823610847,-1.0750681605955577,38.22018105437959,102.96558357165655,2026-01,5564.021051364883
49,NAS100,SELL,2026-01-30 15:35:00.072000+00:00,2026-01-30 16:30:41.804000+00:00,55.69553333333333,25712.2,25710.2,2.5,0.05,0.02,0.03,False,False,False,SL,-20.81861324651254,-31.22791986976881,0.25,-52.29653311628135,4708.018290494566,-1.0985940017432039,38.7124710172383,104.09306623256167,2026-01,5511.724518248601
76,XAUUSD,SELL,2026-01-30 14:45:00.058000+00:00,2026-01-30 16:34:35.013000+00:00,109.58258333333333,5065.79,5113.67,0.8299999999999272,0.02,0.01,0.01,True,False,True,TP1_THEN_BE,114.8689066420311,0.8299999999999274,0.1,115.59890664203104,5919.305134396066,1.991811819992247,46.986142628338975,91.16579892224708,2026-01,5627.323424890632
77,XAUUSD,SELL,2026-01-30 16:55:00.049000+00:00,2026-01-30 19:43:38.208000+00:00,168.63598333333331,5032.38,5049.19,1.1200000000008004,0.02,0.01,0.01,True,True,False,FULL_TP2,116.45196440052679,182.99594405797143,0.1,299.3479084584982,6218.653042854564,5.057146095054956,49.405005930091654,92.42219396867222,2026-01,5926.67133334913
50,NAS100,SELL,2026-01-30 17:25:00.014000+00:00,2026-01-30 20:16:30.169000+00:00,171.50258333333335,25691.2,25755.9,2.599999999998545,0.04,0.02,0.02,True,True,False,FULL_TP2,31.998257438729347,42.66434325163864,0.2,74.46260069036798,4782.480891184934,1.5816123917935303,37.10292839534286,106.66085812909661,2026-01,6001.133934039498
51,NAS100,SELL,2026-01-30 18:05:00.046000+00:00,2026-01-30 20:20:03.611000+00:00,135.05941666666666,25723.8,25734.3,2.400000000001455,0.04,0.02,0.02,True,True,False,FULL_TP2,33.19052476453435,44.254033019378404,0.2,77.24455778391275,4859.725448968847,1.615156642367142,36.317982177238285,110.6350825484468,2026-01,6078.3784918234105
52,NAS100,SELL,2026-02-02 07:00:00+00:00,2026-02-02 13:45:06.063000+00:00,405.10105,25234.0,25247.5,2.400000000001455,0.04,0.02,0.02,False,False,False,SL,-27.207494301821864,-27.207494301821864,0.2,-54.61498860364373,4805.110460365203,-1.1238286849153614,46.2081134483802,136.03747150911073,2026-02,6023.763503219767
78,XAUUSD,SELL,2026-02-02 19:20:00.105000+00:00,2026-02-02 21:00:00.022000+00:00,99.99861666666668,4672.06,4677.32,0.8200000000006185,0.02,0.01,0.01,False,False,False,EOD_EXIT,18.779999999999745,18.779999999999745,0.1,37.45999999999949,6256.113042854563,0.6023812510820532,57.19616249701931,116.24938140881702,2026-02,6061.223503219766
53,NAS100,BUY,2026-02-03 14:15:00.057000+00:00,2026-02-03 16:31:45.674000+00:00,136.76028333333335,25882.4,25878.3,2.599999999998545,0.07,0.04,0.03,False,False,False,SL,-28.926642136566805,-21.694981602425102,0.35000000000000003,-50.97162373899191,4754.138836626211,-1.0607794380468396,27.244919208814316,72.31660534141564,2026-02,6010.251879480774
81,XAUUSD,BUY,2026-02-03 14:30:00.013000+00:00,2026-02-03 20:32:30.202000+00:00,362.50314999999995,4916.8,4902.93,0.3600000000005821,0.02,0.01,0.01,True,False,True,TP1_THEN_BE,90.55608097980985,0.3600000000005821,0.1,90.81608097981044,6301.849123834373,1.4621735281909203,27.355872805362367,71.86990553953181,2026-02,6101.067960460584
83,XAUUSD,BUY,2026-02-03 17:05:00.098000+00:00,2026-02-03 21:00:00.017000+00:00,234.99865,4937.11,4919.6,0.42000000000007276,0.02,0.01,0.01,False,False,False,EOD_EXIT,-11.340000000000146,-11.340000000000146,0.1,-22.780000000000292,6267.269123834373,-0.36215933375912573,25.1694347053583,66.62591197899103,2026-02,6078.287960460583
79,XAUUSD,BUY,2026-02-03 11:45:00.176000+00:00,2026-02-03 21:00:00.017000+00:00,554.99735,4923.09,4921.61,0.3599999999996726,0.02,0.01,0.01,False,False,False,EOD_EXIT,-13.349999999999454,-13.349999999999454,0.1,-26.79999999999891,6229.313042854564,-0.42838100616817665,30.56508461481758,80.94179827058505,2026-02,6051.487960460584
80,XAUUSD,BUY,2026-02-03 14:00:00.027000+00:00,2026-02-03 21:00:00.017000+00:00,419.99983333333336,4932.15,4917.35,0.3400000000001455,0.02,0.01,0.01,False,False,False,EOD_EXIT,-9.090000000000146,-9.090000000000146,0.1,-18.280000000000292,6211.033042854563,-0.29345129830918787,27.355872805362367,71.86990553953181,2026-02,6033.207960460583
82,XAUUSD,BUY,2026-02-03 15:00:00.029000+00:00,2026-02-03 21:00:00.017000+00:00,359.9998,4921.05,4914.11,0.5799999999999272,0.02,0.01,0.01,False,False,False,EOD_EXIT,-5.849999999999454,-5.849999999999454,0.1,-11.799999999998908,6290.049123834374,-0.18724662822170476,26.489848082866448,69.95348371527955,2026-02,6021.407960460584
84,XAUUSD,BUY,2026-02-03 17:50:00.065000+00:00,2026-02-03 21:00:00.017000+00:00,189.9992,4933.62,4926.02,0.3400000000001455,0.02,0.01,0.01,False,False,False,EOD_EXIT,-17.76000000000022,-17.76000000000022,0.1,-35.62000000000044,6231.649123834372,-0.5683496160159752,25.1694347053583,66.62591197899103,2026-02,5985.787960460583
85,XAUUSD,BUY,2026-02-04 09:20:00.087000+00:00,2026-02-04 13:17:19.024000+00:00,237.31561666666667,5081.24,5069.07,0.36999999999989086,0.02,0.01,0.01,False,False,False,SL,-47.513028151264734,-47.513028151264734,0.1,-95.12605630252946,6136.523067531843,-1.5264989156513646,24.40827740200482,52.79225350140551,2026-02,5890.661904158053
55,NAS100,SELL,2026-02-04 07:30:00.316000+00:00,2026-02-04 16:32:15.020000+00:00,542.2450666666667,25330.3,25341.6,2.600000000002183,0.05,0.02,0.03,True,True,False,FULL_TP2,28.33591534784864,56.67183069569692,0.25,84.75774604354555,4923.654328713303,1.751592425990272,37.40661208767502,94.45305115949529,2026-02,5975.419650201599
54,NAS100,SELL,2026-02-04 07:05:00.021000+00:00,2026-02-04 16:32:16.864000+00:00,567.2807166666666,25329.6,25336.1,2.600000000002183,0.05,0.02,0.03,True,True,False,FULL_TP2,28.33591534784864,56.67183069569692,0.25,84.75774604354555,4838.896582669757,1.782820169040207,37.40661208767502,94.45305115949529,2026-02,6060.177396245145
87,XAUUSD,BUY,2026-02-04 15:30:00.011000+00:00,2026-02-04 16:32:49.701000+00:00,62.82816666666667,5057.06,5049.53,0.6599999999998545,0.02,0.01,0.01,False,False,False,SL,-40.729632377583584,-40.729632377583584,0.1,-81.55926475516716,5971.041671501879,-1.3475077179894788,21.329777963327963,45.2551470862037,2026-02,5978.618131489978
86,XAUUSD,BUY,2026-02-04 14:30:00.261000+00:00,2026-02-04 16:32:50.026000+00:00,122.82941666666667,5062.57,5047.86,0.4600000000000364,0.02,0.01,0.01,False,False,False,SL,-41.91106563739777,-41.91106563739777,0.1,-83.92213127479553,6052.600936257047,-1.367584385347217,22.410164438055943,46.567850708219396,2026-02,5894.696000215182
56,NAS100,SELL,2026-02-05 07:15:00.062000+00:00,2026-02-05 10:16:50.653000+00:00,181.84318333333334,24890.9,24900.7,2.599999999998545,0.04,0.02,0.02,False,False,False,SL,-26.417822289655305,-26.417822289655305,0.2,-53.03564457931061,4870.618684133992,-1.0771601952237455,46.155328035026024,132.0891114482773,2026-02,5841.660355635871
57,NAS100,SELL,2026-02-05 10:50:00.062000+00:00,2026-02-05 14:35:42.303000+00:00,225.70401666666666,24937.8,24982.0,2.599999999998545,0.04,0.02,0.02,True,True,False,FULL_TP2,35.94719145610797,47.92958860814324,0.2,83.67678006425122,4954.295464198243,1.7179907829128107,45.762909376098236,119.82397152035887,2026-02,5925.337135700122
58,NAS100,SELL,2026-02-05 12:45:00.060000+00:00,2026-02-05 14:43:21.433000+00:00,118.35621666666665,24956.2,24951.0,2.7999999999992724,0.04,0.02,0.02,True,True,False,FULL_TP2,36.018904877970634,48.02520650396036,0.2,83.844111381931,5038.139575580174,1.692351858863136,45.67034181907707,120.0630162599011,2026-02,6009.181247082053
59,NAS100,SELL,2026-02-05 17:00:00.110000+00:00,2026-02-05 18:28:08.218000+00:00,88.13513333333334,24618.6,24681.9,2.899999999997817,0.04,0.02,0.02,True,False,True,TP1_THEN_BE,42.37123092100083,0.5799999999995634,0.2,42.75123092100039,5080.890806501175,0.8485519362785283,50.24750235619289,141.23743640333532,2026-02,6051.932478003054
90,XAUUSD,SELL,2026-02-05 17:10:00.035000+00:00,2026-02-05 18:54:11.556000+00:00,104.19201666666666,4827.87,4850.78,0.6300000000001091,0.02,0.01,0.01,False,False,False,SL,-52.72803336375363,-52.72803336375363,0.1,-105.55606672750726,6017.576384906213,-1.7238899788839894,38.18022832015157,58.58670373750369,2026-02,5946.376411275546
89,XAUUSD,SELL,2026-02-05 13:45:00.008000+00:00,2026-02-05 21:00:00.001000+00:00,434.9998833333333,4871.56,4871.3,0.47999999999956344,0.02,0.01,0.01,False,False,False,EOD_EXIT,12.659999999999854,12.659999999999854,0.1,25.219999999999708,6123.132451633721,0.4135841601537407,34.104308624937985,58.612877027412935,2026-02,5971.5964112755455
88,XAUUSD,SELL,2026-02-05 10:50:00.062000+00:00,2026-02-05 21:00:00.001000+00:00,609.9989833333333,4904.52,4909.02,0.3499999999994543,0.02,0.01,0.01,True,False,False,EOD_EXIT,76.59078013184262,50.380000000000116,0.1,126.87078013184274,6097.9124516337215,2.1247679569439564,31.644889868515687,60.78633343797044,2026-02,6098.467191407388
91,XAUUSD,SELL,2026-02-05 20:50:00+00:00,2026-02-05 21:00:00.001000+00:00,10.000016666666665,4858.47,4861.58,0.5399999999999636,0.02,0.01,0.01,False,False,False,EOD_EXIT,2.9399999999996,2.9399999999996,0.1,5.7799999999992,6023.356384906212,0.09605195896635525,38.45311028583704,59.5153528102389,2026-02,6104.247191407387
60,NAS100,SELL,2026-02-05 20:20:00.037000+00:00,2026-02-05 21:00:00.071000+00:00,40.00056666666667,24644.7,24673.5,2.5,0.03,0.02,0.01,False,False,False,EOD_EXIT,11.359999999999854,5.679999999999927,0.15,16.88999999999978,5097.780806501174,0.33242202289386824,52.784543593996474,160.17352324275785,2026-02,6121.137191407386
63,NAS100,BUY,2026-02-06 17:15:00.067000+00:00,2026-02-06 19:27:47.679000+00:00,132.79353333333333,24767.3,24694.0,3.400000000001455,0.04,0.02,0.02,True,True,False,FULL_TP2,43.59656285998717,58.12875047998314,0.2,101.52531333997031,5389.786051453623,1.9198242743262477,34.901892059435966,145.32187619995804,2026-02,6222.662504747356
62,NAS100,BUY,2026-02-06 16:15:00.121000+00:00,2026-02-06 19:27:51.856000+00:00,192.86225000000002,24725.3,24717.0,2.7999999999992724,0.04,0.02,0.02,True,True,False,FULL_TP2,40.44014461844781,53.92019282459732,0.2,94.16033744304512,5288.260738113653,1.8128324479613087,36.60549674407525,134.8004820614931,2026-02,6316.822842190401
61,NAS100,BUY,2026-02-06 15:20:00.424000+00:00,2026-02-06 19:51:57.404000+00:00,271.94966666666664,24761.9,24741.7,2.600000000002183,0.04,0.02,0.02,True,True,False,FULL_TP2,41.36554035832887,55.15405381110468,0.2,96.31959416943356,5194.100400670608,1.8894416575659287,39.2228793479973,137.88513452776203,2026-02,6413.142436359835
93,XAUUSD,BUY,2026-02-09 10:20:00.317000+00:00,2026-02-09 12:27:42.719000+00:00,127.7067,5025.96,5027.78,0.5,0.02,0.01,0.01,False,False,False,SL,-36.301198589075284,-36.301198589075284,0.1,-72.70239717815056,6050.928834291462,-1.187243229222062,26.895009179492767,40.33466509897282,2026-02,6340.440039181684
94,XAUUSD,BUY,2026-02-09 16:15:00.020000+00:00,2026-02-09 21:00:00.085000+00:00,285.0010833333333,5015.49,5015.93,0.42000000000007276,0.02,0.01,0.01,True,False,False,EOD_EXIT,46.036326160888166,46.63000000000011,0.1,92.56632616088828,6143.49516045235,1.5297870574233483,23.310577651759367,36.53676679435597,2026-02,6433.006365342572
92,XAUUSD,BUY,2026-02-09 07:05:00.162000+00:00,2026-02-09 21:00:00.085000+00:00,834.9987166666667,5019.18,5015.51,0.6300000000001091,0.02,0.01,0.01,True,False,False,EOD_EXIT,53.324846563401486,47.05000000000018,0.1,100.27484656340167,6123.631231469613,1.6647669531007339,26.52636182200725,42.32130679635022,2026-02,6533.281211905974
65,NAS100,BUY,2026-02-10 13:45:00.327000+00:00,2026-02-10 15:12:03.951000+00:00,87.0604,25289.1,25288.6,2.5,0.08,0.04,0.04,False,False,False,SL,-27.69263081187237,-27.69263081187237,0.4,-55.78526162374474,5279.9194220829295,-1.0455087927578317,16.1382442519816,69.23157702968174,2026-02,6477.4959502822285
66,NAS100,BUY,2026-02-10 16:00:00.060000+00:00,2026-02-10 16:37:54.295000+00:00,37.90391666666667,25303.7,25300.9,2.600000000002183,0.08,0.04,0.04,False,False,False,SL,-27.720171244053926,-27.720171244053926,0.4,-55.84034248810785,5224.079079594821,-1.0575983840692558,16.842107689405967,69.30042811013493,2026-02,6421.65560779412
96,XAUUSD,BUY,2026-02-10 07:45:00.089000+00:00,2026-02-10 16:48:01.054000+00:00,543.0160833333333,5034.52,5032.89,0.43000000000029104,0.02,0.01,0.01,True,False,True,TP1_THEN_BE,41.44371152655731,0.4300000000002911,0.1,41.7737115265576,6228.711992084431,0.6751919872520674,19.12022347849729,32.891834544886976,2026-02,6463.429319320678
95,XAUUSD,BUY,2026-02-10 06:55:01.077000+00:00,2026-02-10 16:48:02.136000+00:00,593.01765,5031.57,5032.07,0.5,0.02,0.01,0.01,True,False,True,TP1_THEN_BE,43.043120105523485,0.5,0.1,43.443120105523484,6186.938280557873,0.7071401371841356,19.77320827052348,34.161206432955176,2026-02,6506.872439426201
97,XAUUSD,BUY,2026-02-10 09:55:00.236000+00:00,2026-02-10 16:48:02.136000+00:00,413.0316666666667,5033.96,5032.17,0.3400000000001455,0.02,0.01,0.01,True,False,True,TP1_THEN_BE,40.66791453055248,0.3400000000001455,0.1,40.907914530552624,6269.619906614983,0.6567636227608405,17.188103905831568,32.27612264329544,2026-02,6547.780353956753
64,NAS100,BUY,2026-02-10 09:20:00.200000+00:00,2026-02-10 16:49:45.069000+00:00,449.74781666666667,25260.5,25260.6,2.599999999998545,0.07,0.04,0.03,False,False,False,SL,-30.703638712542304,-23.02772903440673,0.35000000000000003,-54.081367746949034,5335.704683706675,-1.0034047220179234,16.1075014202947,76.75909678135439,2026-02,6493.698986209804
67,NAS100,BUY,2026-02-10 17:00:00.011000+00:00,2026-02-10 18:51:15.487000+00:00,111.25793333333333,25328.3,25320.2,2.600000000002183,0.07,0.04,0.03,False,False,False,SL,-30.108730440906946,-22.581547830680208,0.35000000000000003,-53.040278271587155,5171.038801323234,-1.0153038930586202,15.936110807500738,75.271826102268,2026-02,6440.658707938217
98,XAUUSD,BUY,2026-02-11 11:30:00.149000+00:00,2026-02-11 13:22:50.050000+00:00,112.83168333333333,5057.72,5054.9,0.4499999999998181,0.03,0.02,0.01,True,True,False,FULL_TP2,59.51743971023461,46.76370262946966,0.15,106.13114233970427,6375.751048954688,1.692784314209014,17.00442553008664,23.618031631045213,2026-02,6546.789850277922
100,XAUUSD,BUY,2026-02-11 20:40:00.026000+00:00,2026-02-11 21:00:00.130000+00:00,20.001733333333334,5083.33,5081.21,0.3400000000001455,0.02,0.01,0.01,False,False,False,EOD_EXIT,1.069999999999709,1.069999999999709,0.1,2.039999999999418,6419.631048954685,0.03178762847987484,16.792914099376787,33.63649696975891,2026-02,6548.829850277921
99,XAUUSD,BUY,2026-02-11 18:30:00.014000+00:00,2026-02-11 21:00:00.130000+00:00,150.00193333333334,5075.04,5061.31,0.37000000000080036,0.02,0.01,0.01,False,False,False,EOD_EXIT,20.969999999999345,20.969999999999345,0.1,41.83999999999869,6417.591048954686,0.6562364132278724,18.341146547280463,33.64658820161392,2026-02,6590.669850277919
68,NAS100,SELL,2026-02-13 10:20:00.197000+00:00,2026-02-13 10:48:08.204000+00:00,28.13345,24651.6,24612.4,2.599999999998545,0.06,0.03,0.03,False,False,False,SL,-27.850855252676045,-27.850855252676045,0.3,-56.00171050535209,5115.037090817882,-1.0829876289271245,45.26873065334733,92.83618417558509,2026-02,6534.668139772567
70,NAS100,SELL,2026-02-13 14:55:00.051000+00:00,2026-02-13 15:30:26.224000+00:00,35.43621666666666,24625.3,24652.8,2.2000000000007276,0.06,0.03,0.03,False,False,False,SL,-27.821981384622994,-27.821981384622994,0.3,-55.943962769245985,5101.151249510643,-1.0847960036889417,48.58018365868238,92.73993794874221,2026-02,6478.724177003321
69,NAS100,SELL,2026-02-13 12:40:00.049000+00:00,2026-02-13 16:45:28.418000+00:00,245.4728166666667,24688.5,24688.8,2.100000000002183,0.06,0.03,0.03,True,False,True,TP1_THEN_BE,41.72812146200631,0.6300000000006547,0.3,42.058121462006966,5157.095212279889,0.8222447015585956,46.969079223561856,92.72915880445854,2026-02,6520.782298465328
71,NAS100,SELL,2026-02-13 16:35:00.034000+00:00,2026-02-13 16:47:39.140000+00:00,12.651766666666667,24603.8,24648.8,2.2000000000007276,0.05,0.02,0.03,False,False,False,SL,-19.69433623809964,-29.541504357149464,0.25,-49.4858405952491,5051.6654089153935,-0.9700916160836501,48.83771318059202,98.47168119049721,2026-02,6471.2964578700785
72,NAS100,SELL,2026-02-13 16:55:00.002000+00:00,2026-02-13 17:11:21.377000+00:00,16.35625,24628.4,24660.3,2.900000000001455,0.05,0.02,0.03,False,False,False,SL,-19.69433623809964,-29.541504357149464,0.25,-49.4858405952491,5002.179568320144,-0.9795945809853992,48.83771318059202,98.47168119049721,2026-02,6421.810617274829
73,NAS100,SELL,2026-02-16 06:40:02.050000+00:00,2026-02-16 19:59:59.161000+00:00,799.9518499999999,24763.0,24766.5,2.2000000000007276,0.05,0.02,0.03,True,False,False,EOD,28.72272335461239,0.0,0.25,28.47272335461239,5030.652291674757,0.5692063422700004,34.50991080091943,95.74241118204203,2026-02,6450.283340629442
74,NAS100,SELL,2026-02-17 09:25:00.367000+00:00,2026-02-17 10:01:00.735000+00:00,36.00613333333333,24532.5,24552.7,2.2000000000007276,0.07,0.04,0.03,False,False,False,SL,-30.34710890272691,-22.76033167704518,0.35000000000000003,-53.45744057977209,4977.194851094985,-1.0626343758291341,32.53942415337171,75.86777225681773,2026-02,6396.82590004967
101,XAUUSD,SELL,2026-02-17 12:50:00.004000+00:00,2026-02-17 14:10:39.245000+00:00,80.65401666666666,4911.87,4916.06,0.3899999999994179,0.03,0.02,0.01,False,False,False,SL,-45.772495850782434,-22.886247925391217,0.15,-68.80874377617366,6350.822305178512,-1.0718488843276726,37.055683433759896,25.42916436154578,2026-02,6328.017156273497
75,NAS100,SELL,2026-02-17 12:30:00.035000+00:00,2026-02-17 15:51:08.839000+00:00,201.14673333333334,24583.3,24601.2,2.2000000000007276,0.06,0.03,0.03,True,False,True,TP1_THEN_BE,34.46238995688873,0.6600000000002182,0.3,34.82238995688895,5012.017241051874,0.6996388728728996,31.002485767453194,76.58308879308633,2026-02,6362.839546230386
76,NAS100,SELL,2026-02-17 14:30:00.104000+00:00,2026-02-17 15:52:02.017000+00:00,82.03188333333333,24554.9,24558.8,2.2000000000007276,0.06,0.03,0.03,False,False,False,SL,-23.304554090864986,-23.304554090864986,0.3,-46.90910818172997,4965.108132870145,-0.9359326978668798,30.701707230694957,77.68184696954897,2026-02,6315.9304380486565
102,XAUUSD,SELL,2026-02-17 15:10:00.070000+00:00,2026-02-17 15:58:29.401000+00:00,48.48885,4922.13,4924.7,0.3400000000001455,0.03,0.02,0.01,True,True,False,FULL_TP2,62.28443948171844,48.93777387849332,0.15,111.07221336021175,6461.894518538724,1.7489422317743415,38.89084719397273,24.71604741338052,2026-02,6427.002651408869
77,NAS100,SELL,2026-02-17 16:55:00.024000+00:00,2026-02-17 17:18:49.809000+00:00,23.82975,24423.6,24470.8,2.2000000000007276,0.06,0.03,0.03,False,False,False,SL,-25.82668184365393,-25.82668184365393,0.3,-51.953363687307856,4913.154769182837,-1.0463692289673365,30.11564932703203,86.08893947884589,2026-02,6375.049287721561
78,NAS100,SELL,2026-02-17 19:50:00.094000+00:00,2026-02-17 20:23:00.057000+00:00,32.999383333333334,24561.3,24602.5,2.2000000000007276,0.04,0.02,0.02,False,False,False,SL,-23.383163267858617,-23.383163267858617,0.2,-46.966326535717236,4866.18844264712,-0.9559301251877466,26.199183567571033,116.91581633929475,2026-02,6328.0829611858435
103,XAUUSD,SELL,2026-02-17 18:55:00.037000+00:00,2026-02-17 20:56:16.218000+00:00,121.26968333333333,4869.15,4876.24,0.32000000000061846,0.02,0.01,0.01,False,False,False,SL,-27.711313611690457,-27.711313611690457,0.1,-55.522627223380915,6406.3718913153425,-0.8592314075089029,43.09682061581919,30.79034845743334,2026-02,6272.560333962462
104,XAUUSD,BUY,2026-02-18 08:45:00.263000+00:00,2026-02-18 13:45:57.223000+00:00,300.9493333333333,4935.64,4931.32,0.38000000000010914,0.03,0.02,0.01,False,False,False,SL,-44.781657050101785,-22.390828525050892,0.15,-67.32248557515268,6339.04940574019,-1.0508675849183362,31.447178683661487,24.87869836116736,2026-02,6205.23784838731
80,NAS100,BUY,2026-02-18 14:05:00.071000+00:00,2026-02-18 14:34:08.586000+00:00,29.141916666666667,24877.2,24876.2,2.7000000000007276,0.07,0.04,0.03,False,False,False,SL,-29.07970456586918,-21.809778424401884,0.35000000000000003,-51.239482990271064,4853.4841927665175,-1.04469663079164,24.109768384036144,72.6992614146726,2026-02,6153.9983653970385
105,XAUUSD,BUY,2026-02-18 14:05:00.186000+00:00,2026-02-18 15:36:00.546000+00:00,91.006,4923.92,4919.23,0.31999999999970896,0.03,0.02,0.01,True,True,False,FULL_TP2,51.76958034753807,40.676098844493936,0.15,92.295679192032,6431.345084932223,1.4559861153386124,22.893261922202445,20.54348426489593,2026-02,6246.294044589071
79,NAS100,BUY,2026-02-18 09:35:00.022000+00:00,2026-02-18 15:47:55.182000+00:00,372.9193333333333,24775.8,24772.0,2.2000000000007276,0.06,0.03,0.03,True,False,True,TP1_THEN_BE,38.17523310966899,0.6600000000002182,0.3,38.53523310966921,4904.723675756789,0.7918976744087356,21.147985641861872,84.83385135481892,2026-02,6284.82927769874
81,NAS100,BUY,2026-02-18 16:55:00.037000+00:00,2026-02-18 17:06:11.291000+00:00,11.187566666666667,24883.6,24831.2,2.5,0.06,0.03,0.03,True,True,False,FULL_TP2,35.04438178870296,46.725842384938005,0.3,81.47022417364097,4934.954416940159,1.6785925520281217,22.512225449687435,77.87640397489616,2026-02,6366.299501872381
82,NAS100,BUY,2026-02-19 07:40:00.176000+00:00,2026-02-19 11:36:50.540000+00:00,236.83939999999998,24924.3,24925.6,2.7999999999992724,0.06,0.03,0.03,False,False,False,SL,-23.437736995234445,-23.437736995234445,0.3,-47.17547399046889,4887.77894294969,-0.9559454861129052,15.095209529278902,78.12578998411391,2026-02,6319.124027881912
106,XAUUSD,BUY,2026-02-19 15:35:00.031000+00:00,2026-02-19 16:10:39.429000+00:00,35.65663333333334,4994.61,4988.42,0.32999999999992724,0.04,0.02,0.02,False,False,False,SL,-32.61319694802842,-32.61319694802842,0.2,-65.42639389605684,6365.918691036166,-1.0173049810270962,19.76177542032315,18.118442748904663,2026-02,6253.697633985856
83,NAS100,SELL,2026-02-19 15:05:00.149000+00:00,2026-02-19 17:03:35.362000+00:00,118.58688333333333,24790.1,24800.7,2.7000000000007276,0.06,0.03,0.03,False,False,False,SL,-22.778571803489463,-22.778571803489463,0.3,-45.85714360697892,4841.921799342711,-0.9382000320027758,18.51545495221788,75.9285726783,2026-02,6207.840490378877
107,XAUUSD,BUY,2026-02-19 16:45:00.145000+00:00,2026-02-19 18:27:53.374000+00:00,102.88715,4999.63,4992.86,0.32999999999992724,0.04,0.02,0.02,True,False,True,TP1_THEN_BE,47.20315603243762,0.6599999999998545,0.2,47.66315603243747,6413.581847068604,0.7487239210194727,18.590150219153816,18.731411123982888,2026-02,6255.503646411315
84,NAS100,SELL,2026-02-19 18:40:00.052000+00:00,2026-02-19 21:00:00.082000+00:00,140.00050000000002,24784.1,24833.2,2.2000000000007276,0.06,0.03,0.03,True,False,False,EOD_EXIT,37.46251216414093,14.430000000000653,0.3,51.59251216414159,4893.514311506852,1.065537906274018,20.22043904569334,83.25002703142314,2026-02,6307.096158575456
85,NAS100,BUY,2026-02-20 10:55:00.117000+00:00,2026-02-20 13:02:39.143000+00:00,127.65043333333332,24881.8,24887.1,2.7999999999992724,0.07,0.04,0.03,False,False,False,SL,-26.262568565436233,-19.696926424077173,0.35000000000000003,-46.309494989513404,4847.204816517339,-0.9463443251942465,15.70186563598764,65.65642141358983,2026-02,6260.786663585943
86,NAS100,BUY,2026-02-20 20:35:00.020000+00:00,2026-02-20 21:00:00.051000+00:00,25.000516666666666,24970.0,24975.2,2.2000000000007276,0.04,0.02,0.02,False,False,False,EOD_EXIT,13.61999999999971,13.61999999999971,0.2,27.03999999999942,4874.244816517338,0.5578472753587366,16.398303393232812,110.54154003136283,2026-02,6287.826663585942
108,XAUUSD,BUY,2026-02-23 14:35:00.609000+00:00,2026-02-23 16:45:33.966000+00:00,130.55595,5157.96,5152.01,0.2899999999999636,0.03,0.02,0.01,True,True,False,FULL_TP2,56.598347106513756,44.470129869404445,0.15,100.9184769759182,6514.500324044522,1.573511952950972,24.40708380010663,22.45966155020412,2026-02,6388.74514056186
87,NAS100,BUY,2026-02-23 15:40:00.295000+00:00,2026-02-23 16:46:00.243000+00:00,65.99913333333333,24901.8,24891.2,2.600000000002183,0.06,0.03,0.03,False,False,False,SL,-22.99915914501398,-22.99915914501398,0.3,-46.29831829002796,4827.94649822731,-0.9498562348189198,15.04190868210617,76.66386381671191,2026-02,6342.446822271832
109,XAUUSD,BUY,2026-02-23 16:15:00.035000+00:00,2026-02-23 17:20:00.561000+00:00,65.00876666666666,5159.8,5157.36,0.2999999999992724,0.03,0.02,0.01,True,True,False,FULL_TP2,56.06643602551594,44.052199734333044,0.15,99.96863575984898,6614.4689598043715,1.5345556955592188,24.6331372424954,22.248585724410745,2026-02,6442.415458031682
110,XAUUSD,BUY,2026-02-23 19:50:00.032000+00:00,2026-02-23 21:00:00.053000+00:00,70.00035,5205.15,5199.89,0.2899999999999636,0.03,0.02,0.01,False,False,False,EOD_EXIT,19.340000000000146,9.670000000000073,0.15,28.86000000000022,6643.328959804372,0.4363162058115362,28.942559448802662,26.222322462292336,2026-02,6471.275458031682
111,XAUUSD,SELL,2026-02-24 14:00:00.045000+00:00,2026-02-24 15:49:21.895000+00:00,109.36416666666668,5169.56,5172.65,0.28000000000065484,0.03,0.02,0.01,True,True,False,FULL_TP2,56.79040353685741,44.621031350387966,0.15,101.26143488724537,6744.590394691618,1.524257424251158,21.72389500070924,22.535874419387806,2026-02,6572.536892918928
112,XAUUSD,SELL,2026-02-24 18:50:00.101000+00:00,2026-02-24 19:17:58.184000+00:00,27.96805,5138.05,5135.9,0.28000000000065484,0.03,0.02,0.01,False,False,False,SL,-49.213325508273556,-24.606662754136778,0.15,-73.96998826241034,6670.620406429208,-1.096730623117291,26.43528210255391,27.340736393485358,2026-02,6498.566904656518
114,XAUUSD,BUY,2026-02-25 10:25:00.108000+00:00,2026-02-25 12:32:27.278000+00:00,127.45283333333333,5193.37,5193.31,0.28000000000065484,0.03,0.02,0.01,False,False,False,SL,-43.01135408446862,-21.50567704223431,0.15,-64.66703112670294,6536.78246287775,-0.9795883644256406,18.544836868201575,23.8951967135941,2026-02,6433.8998735298155
115,XAUUSD,BUY,2026-02-25 11:40:00.046000+00:00,2026-02-25 12:33:51.598000+00:00,53.8592,5190.86,5190.99,0.27999999999974534,0.03,0.02,0.01,False,False,False,SL,-41.64654307843557,-20.823271539217785,0.15,-62.619814617653354,6474.162648260097,-0.9579608159407165,18.369238739508212,23.136968376908786,2026-02,6371.2800589121625
113,XAUUSD,BUY,2026-02-25 06:40:00.212000+00:00,2026-02-25 13:16:25.513000+00:00,396.4216833333333,5184.1,5182.72,0.3000000000001819,0.03,0.02,0.01,False,False,False,SL,-46.01394161650387,-23.006970808251936,0.15,-69.17091242475581,6601.449494004452,-1.0369487125678478,20.666153570706253,25.56330089805792,2026-02,6302.109146487407
116,XAUUSD,BUY,2026-02-25 14:05:00.375000+00:00,2026-02-25 16:39:57.834000+00:00,154.95765,5180.92,5180.31,0.28000000000065484,0.03,0.02,0.01,False,False,False,SL,-42.00511193269813,-21.002555966349064,0.15,-63.15766789904719,6411.00498036105,-0.9755341552319595,16.090950251863728,23.336173295943347,2026-02,6238.95147858836
88,NAS100,BUY,2026-02-26 14:00:00.070000+00:00,2026-02-26 16:30:32.634000+00:00,150.54273333333333,25334.9,25326.6,2.599999999998545,0.09,0.04,0.05,False,False,False,SL,-20.625868826847,-25.78233603355875,0.44999999999999996,-46.85820486040575,4781.0882933669045,-0.9705618087858016,33.985599784114015,51.56467206711926,2026-02,6192.0932737279545
117,XAUUSD,SELL,2026-02-26 15:15:00.030000+00:00,2026-02-26 16:36:29.913000+00:00,81.49804999999999,5171.62,5173.91,0.27999999999974534,0.03,0.02,0.01,True,False,True,TP1_THEN_BE,53.21904759382596,0.27999999999974534,0.15,53.34904759382571,6464.354027954876,0.8321479667735532,16.845105962544604,21.118669680089656,2026-02,6245.442321321781
118,XAUUSD,SELL,2026-02-26 19:35:00.541000+00:00,2026-02-26 21:00:00.017000+00:00,84.99126666666666,5173.86,5176.67,0.27999999999974534,0.03,0.02,0.01,False,False,False,EOD_EXIT,-8.340000000000146,-4.170000000000073,0.15,-12.660000000000219,6451.694027954876,-0.19584323422344266,18.527163259796062,24.423768865395697,2026-02,6232.782321321781
89,NAS100,SELL,2026-02-27 08:15:00.061000+00:00,2026-02-27 10:01:50.365000+00:00,106.83840000000001,24966.7,24976.5,2.2000000000007276,0.07,0.04,0.03,False,False,False,SL,-28.444418334166404,-21.333313750624804,0.35000000000000003,-50.12773208479121,4730.960561282113,-1.0484586146283152,38.384945422819875,71.11104583541581,2026-02,6182.6545892369895
119,XAUUSD,BUY,2026-02-27 07:20:00.242000+00:00,2026-02-27 15:22:21.297000+00:00,482.35091666666665,5189.01,5186.77,0.28000000000065484,0.03,0.02,0.01,True,True,False,FULL_TP2,53.37791410571116,41.93978965448696,0.15,95.16770376019812,6546.861731715075,1.4750808601251253,19.707120721008295,21.181711946710685,2026-02,6277.822292997188
121,XAUUSD,BUY,2026-02-27 20:40:00.044000+00:00,2026-02-27 21:00:00.076000+00:00,20.000533333333333,5239.68,5231.2,0.27999999999974534,0.03,0.02,0.01,False,False,False,EOD_EXIT,27.960000000000946,13.980000000000473,0.15,41.79000000000142,6614.331731715079,0.6358270773443457,24.741570602297354,21.65624735870729,2026-02,6319.61229299719
120,XAUUSD,BUY,2026-02-27 19:50:00.215000+00:00,2026-02-27 21:00:00.076000+00:00,69.99768333333333,5234.87,5236.57,0.27999999999974534,0.03,0.02,0.01,False,False,False,EOD_EXIT,17.220000000001164,8.610000000000582,0.15,25.680000000001748,6572.541731715077,0.39224900497897613,23.19578940637421,22.00595869399249,2026-02,6345.292292997192
90,NAS100,SELL,2026-02-27 19:25:00.069000+00:00,2026-02-27 21:00:00.088000+00:00,95.00031666666668,24914.2,24900.0,2.2000000000007276,0.05,0.02,0.03,False,False,False,EOD_EXIT,6.8400000000001455,10.260000000000218,0.25,16.850000000000364,4747.810561282114,0.3561644571273689,38.608147740689354,87.16075973009644,2026-02,6362.142292997192
122,XAUUSD,BUY,2026-03-02 07:40:00.608000+00:00,2026-03-02 09:18:01.325000+00:00,98.01195,5360.49,5358.85,0.28000000000065484,0.02,0.01,0.01,True,True,False,FULL_TP2,37.17308476632661,58.41484748994117,0.1,95.48793225626778,6709.819663971346,1.4436519988619925,43.28192687708285,29.502448227242997,2026-03,6457.63022525346
91,NAS100,SELL,2026-03-02 14:20:00.328000+00:00,2026-03-02 15:25:27.623000+00:00,65.45491666666666,24612.9,24602.7,2.2000000000007276,0.05,0.02,0.03,False,False,False,SL,-19.398809187309233,-29.09821378096385,0.25,-48.747022968273086,4699.063538313841,-1.0267263686929684,39.6176318989114,96.9940459365455,2026-03,6408.883202285187
123,XAUUSD,BUY,2026-03-02 13:35:00.086000+00:00,2026-03-02 16:09:58.102000+00:00,154.96693333333332,5395.92,5397.21,0.27999999999974534,0.03,0.02,0.01,False,False,False,SL,-50.03813624100075,-25.019068120500375,0.15,-75.20720436150113,6634.612459609845,-1.120852841475447,48.74797214725769,27.798964578334047,2026-03,6333.675997923686
124,XAUUSD,BUY,2026-03-02 14:25:00.192000+00:00,2026-03-02 16:10:00.029000+00:00,104.99728333333334,5394.05,5394.75,0.27999999999974534,0.03,0.02,0.01,False,False,False,SL,-49.800412223787134,-24.900206111893567,0.15,-74.8506183356807,6559.761841274165,-1.128183730268435,48.783336353859,27.666895679881605,2026-03,6258.8253795880055
92,NAS100,SELL,2026-03-02 15:55:00.171000+00:00,2026-03-02 16:31:53.168000+00:00,36.88328333333333,24589.6,24622.7,2.2000000000007276,0.05,0.02,0.03,False,False,False,SL,-19.37032281678694,-29.055484225180408,0.25,-48.675807041967346,4650.387731271873,-1.0358618615196173,38.98057726128023,96.85161408393512,2026-03,6210.149572546038
125,XAUUSD,SELL,2026-03-03 10:25:00.086000+00:00,2026-03-03 11:25:36.084000+00:00,60.59996666666667,5312.22,5316.08,0.3500000000003638,0.02,0.01,0.01,True,True,False,FULL_TP2,40.51930143415757,63.67318796796281,0.1,104.09248940212038,6663.854330676285,1.5868333625646005,22.713479612071502,32.15817574139524,2026-03,6314.242061948158
93,NAS100,SELL,2026-03-03 15:35:00.388000+00:00,2026-03-03 16:30:58.531000+00:00,55.96905,24468.9,24473.3,2.400000000001455,0.04,0.02,0.02,False,False,False,SL,-21.56431550420093,-21.56431550420093,0.2,-43.328631008401864,4607.059100263471,-0.9317208265675422,29.35234724191063,107.82157752100416,2026-03,6270.913430939756
126,XAUUSD,SELL,2026-03-03 15:05:00.101000+00:00,2026-03-03 16:44:06.095000+00:00,99.09989999999999,5152.35,5174.98,0.3000000000001819,0.02,0.01,0.01,True,True,False,FULL_TP2,64.86183188253563,101.92573581541274,0.1,166.68756769794837,6830.541898374233,2.5013687188602156,30.89095972070272,51.477644351218736,2026-03,6437.600998637704
94,NAS100,SELL,2026-03-03 16:55:00.095000+00:00,2026-03-03 18:05:14.842000+00:00,70.24578333333334,24460.2,24515.2,2.899999999997817,0.04,0.02,0.02,True,False,True,TP1_THEN_BE,32.9460108808511,0.5799999999995634,0.2,33.32601088085066,4640.385111144322,0.7233684256176526,29.547776705150245,109.82003626950382,2026-03,6470.927009518555
127,XAUUSD,SELL,2026-03-03 19:25:00.101000+00:00,2026-03-03 21:00:00.026000+00:00,94.99875,5082.93,5095.86,0.4400000000005093,0.02,0.01,0.01,False,False,False,EOD_EXIT,-40.160000000000764,-40.160000000000764,0.1,-80.42000000000152,6750.121898374231,-1.1773590030849914,40.82223524552133,63.696104235609084,2026-03,6390.507009518553
95,NAS100,BUY,2026-03-04 15:05:00.004000+00:00,2026-03-04 17:22:01.516000+00:00,137.0252,24857.3,24814.0,2.2000000000007276,0.04,0.02,0.02,True,True,False,FULL_TP2,35.31624834638642,47.08833112851498,0.2,82.2045794749014,4722.589690619223,1.7715033883174771,15.350866674767536,117.72082782128814,2026-03,6472.711588993454
128,XAUUSD,SELL,2026-03-04 06:45:00.147000+00:00,2026-03-04 21:00:00.010000+00:00,854.9977166666666,5155.1,5161.46,0.5500000000001819,0.02,0.01,0.01,False,False,False,EOD_EXIT,27.21000000000004,27.21000000000004,0.1,54.32000000000008,6804.441898374231,0.8047262081753378,39.40226530294213,51.9122486533647,2026-03,6527.031588993454
129,XAUUSD,BUY,2026-03-05 09:00:00.037000+00:00,2026-03-05 10:15:28.134000+00:00,75.46828333333333,5170.56,5167.73,0.27999999999974534,0.02,0.01,0.01,False,False,False,SL,-27.995460931252637,-27.995460931252637,0.1,-56.090921862505276,6748.350976511725,-0.824328030134359,27.33863015067018,31.10606770139158,2026-03,6470.940667130948
96,NAS100,BUY,2026-03-05 11:00:00.065000+00:00,2026-03-05 14:51:37.121000+00:00,231.6176,25074.8,25029.5,2.7000000000007276,0.05,0.02,0.03,True,False,True,TP1_THEN_BE,29.336741576642815,0.8100000000002182,0.25,29.896741576643034,4752.486432195866,0.6330582060946097,19.168339637706186,97.78913858881013,2026-03,6500.837408707591
97,NAS100,BUY,2026-03-05 14:25:00.161000+00:00,2026-03-05 15:05:53.136000+00:00,40.88291666666667,25092.8,25103.2,2.400000000001455,0.05,0.02,0.03,False,False,False,SL,-19.239645588893474,-28.859468383340207,0.25,-48.34911397223368,4704.137318223632,-1.0173435455741886,17.837151007534533,96.19822794446628,2026-03,6452.488294735357
131,XAUUSD,BUY,2026-03-05 12:55:00.121000+00:00,2026-03-05 15:16:57.278000+00:00,141.95261666666664,5164.54,5166.32,0.38000000000010914,0.02,0.01,0.01,False,False,False,SL,-26.964511904505343,-26.964511904505343,0.1,-54.02902380901069,6613.42866867994,-0.8103392072494988,28.505924136566,29.96056878278335,2026-03,6398.459270926346
130,XAUUSD,BUY,2026-03-05 10:45:00.255000+00:00,2026-03-05 15:17:04.513000+00:00,272.07096666666666,5168.04,5161.5,0.27999999999974534,0.03,0.02,0.01,False,False,False,SL,-53.82885601518319,-26.914428007591596,0.15,-80.8932840227748,6667.457692488951,-1.1987118676004187,27.57804316714511,29.904920008435038,2026-03,6317.565986903572
132,XAUUSD,SELL,2026-03-05 20:55:00.101000+00:00,2026-03-05 21:00:00.047000+00:00,4.9991,5069.37,5072.61,0.27000000000043656,0.02,0.01,0.01,False,False,False,EOD_EXIT,2.9899999999997817,2.9899999999997817,0.1,5.879999999999564,6619.308668679939,0.08891000862905246,38.244513640654205,34.63302862214075,2026-03,6323.445986903571
134,XAUUSD,SELL,2026-03-06 14:55:00.075000+00:00,2026-03-06 15:30:10.072000+00:00,35.16661666666666,5083.19,5085.55,0.27999999999974534,0.03,0.02,0.01,False,False,False,SL,-49.12355175072298,-24.56177587536149,0.15,-73.83532762608448,6473.930757456533,-1.1276414988968386,27.277447376929214,27.29086208373545,2026-03,6249.610659277487
133,XAUUSD,SELL,2026-03-06 13:40:00.210000+00:00,2026-03-06 15:30:19.342000+00:00,110.31886666666666,5081.22,5092.31,0.27999999999974534,0.03,0.02,0.01,False,False,False,SL,-47.5950557315482,-23.7975278657741,0.15,-71.5425835973223,6547.766085082617,-1.0808165501608151,26.663627870812707,26.44169762863818,2026-03,6178.068075680165
135,XAUUSD,SELL,2026-03-06 16:45:00.090000+00:00,2026-03-06 16:56:28.653000+00:00,11.476049999999999,5090.42,5089.08,0.4400000000005093,0.02,0.01,0.01,False,False,False,SL,-26.72864858640878,-26.72864858640878,0.1,-53.55729717281756,6420.373460283715,-0.8272763361135959,26.45785372358202,29.698498429343296,2026-03,6124.510778507347
99,NAS100,SELL,2026-03-06 20:55:00.121000+00:00,2026-03-06 21:00:00.106000+00:00,4.999750000000001,24771.7,24772.8,2.2000000000007276,0.04,0.02,0.02,False,False,False,EOD_EXIT,-0.680000000000291,-0.680000000000291,0.2,-1.560000000000582,4709.617318223631,-0.033112742200685975,23.292269374043205,121.6390563297493,2026-03,6122.9507785073465
98,NAS100,SELL,2026-03-06 19:35:00.093000+00:00,2026-03-06 21:00:00.106000+00:00,85.00021666666666,24745.2,24794.3,2.2000000000007276,0.04,0.02,0.02,False,False,False,EOD_EXIT,3.619999999999709,3.619999999999709,0.2,7.039999999999417,4711.177318223631,0.14965549523239363,23.07599189882826,117.50359912434556,2026-03,6129.990778507346
137,XAUUSD,BUY,2026-03-06 19:55:00.104000+00:00,2026-03-06 21:00:00.106000+00:00,65.00003333333333,5140.69,5134.6,0.28000000000065484,0.02,0.01,0.01,False,False,False,EOD_EXIT,26.479999999999563,26.479999999999563,0.1,52.859999999999125,6521.4334602837125,0.8171817221301321,23.71733374317224,31.84674600920811,2026-03,6182.850778507344
136,XAUUSD,BUY,2026-03-06 19:15:00.107000+00:00,2026-03-06 21:00:00.106000+00:00,104.99998333333333,5143.37,5136.93,0.28000000000065484,0.02,0.01,0.01,False,False,False,EOD_EXIT,24.149999999999636,24.149999999999636,0.1,48.19999999999927,6468.573460283714,0.7507351448971524,23.71733374317224,31.84674600920811,2026-03,6231.050778507343
138,XAUUSD,SELL,2026-03-09 15:40:00.035000+00:00,2026-03-09 21:00:00.025000+00:00,319.99983333333336,5075.88,5098.21,0.31999999999970896,0.02,0.01,0.01,False,False,False,EOD_EXIT,-25.220000000000255,-25.220000000000255,0.1,-50.54000000000051,6470.893460283712,-0.7749829896723623,15.689087498899116,34.4717901172038,2026-03,6180.510778507342
100,NAS100,BUY,2026-03-09 20:20:00.059000+00:00,2026-03-09 21:00:00.027000+00:00,39.99946666666666,24638.3,24640.8,2.2000000000007276,0.03,0.02,0.01,False,False,False,EOD_EXIT,-1.3,-0.65,0.15,-2.1,4707.51731822363,-0.0445896101127825,27.88803246851777,135.1240869958635,2026-03,6178.410778507342
101,NAS100,BUY,2026-03-10 07:00:00.095000+00:00,2026-03-10 14:09:11.048000+00:00,429.18255000000005,24925.5,24886.9,2.600000000002183,0.04,0.02,0.02,True,False,True,TP1_THEN_BE,37.3475223898371,0.5200000000004366,0.2,37.667522389837536,4745.184840613468,0.8001568521908546,31.323286147669716,124.4917412994559,2026-03,6216.078300897179
102,NAS100,BUY,2026-03-10 15:20:00.125000+00:00,2026-03-10 19:19:56.188000+00:00,239.93438333333333,24983.2,24961.7,2.2000000000007276,0.04,0.02,0.02,True,True,False,FULL_TP2,32.78916752115765,43.71889002821044,0.2,76.30805754936809,4821.492898162835,1.6081155974422026,32.040804979976336,109.29722507052588,2026-03,6292.386358446547
103,NAS100,BUY,2026-03-10 16:30:00.042000+00:00,2026-03-10 20:19:21.530000+00:00,229.3581333333333,25035.2,24986.2,2.2000000000007276,0.04,0.02,0.02,True,False,True,TP1_THEN_BE,33.286369841075064,0.44000000000014555,0.2,33.52636984107521,4855.019268003911,0.6953524675697433,31.301744545397156,110.9545661369169,2026-03,6325.9127282876225
104,NAS100,SELL,2026-03-11 13:45:00.183000+00:00,2026-03-11 15:30:01.373000+00:00,105.01983333333332,24920.8,24954.1,2.2000000000007276,0.05,0.02,0.03,False,False,False,SL,-17.75392005550166,-26.630880083252485,0.25,-44.634800138754144,4810.384467865157,-0.9193537177681534,16.155312871507242,88.76960027750786,2026-03,6281.277928148868
140,XAUUSD,SELL,2026-03-11 19:30:00.033000+00:00,2026-03-11 21:00:00.041000+00:00,90.00013333333332,5168.01,5172.29,0.27000000000043656,0.03,0.02,0.01,False,False,False,EOD_EXIT,-0.9799999999995636,-0.4899999999997818,0.15,-1.6199999999993453,6493.063460283714,-0.024943478922505903,19.151950108857093,22.57713636676928,2026-03,6279.657928148869
139,XAUUSD,SELL,2026-03-11 17:10:00.089000+00:00,2026-03-11 21:00:00.041000+00:00,229.9992,5170.78,5180.76,0.2600000000002183,0.03,0.02,0.01,False,False,False,EOD_EXIT,15.960000000000946,7.980000000000473,0.15,23.79000000000142,6494.683460283713,0.36764629407077837,17.18691391557561,23.272655194596286,2026-03,6303.447928148871
141,XAUUSD,BUY,2026-03-12 14:50:00.069000+00:00,2026-03-12 15:23:02.516000+00:00,33.04078333333333,5183.76,5181.55,0.25,0.04,0.02,0.02,False,False,False,SL,-36.37524191691227,-36.37524191691227,0.2,-72.95048383382455,6420.11297644989,-1.1235141051684252,27.798919938531192,20.2084677316184,2026-03,6230.497444315047
105,NAS100,SELL,2026-03-12 18:05:00.088000+00:00,2026-03-12 21:00:00.109000+00:00,175.00035,24582.4,24675.8,2.100000000002183,0.05,0.02,0.03,False,False,False,EOD_EXIT,17.959999999999855,26.93999999999978,0.25,44.649999999999636,4855.034467865156,0.9282002363485772,18.386823347347008,103.00328500320443,2026-03,6275.147444315046
106,NAS100,SELL,2026-03-12 18:25:00.008000+00:00,2026-03-12 21:00:00.109000+00:00,155.00168333333335,24625.3,24666.8,2.2000000000007276,0.05,0.02,0.03,False,False,False,EOD_EXIT,16.159999999999854,24.23999999999978,0.25,40.149999999999636,4895.184467865156,0.8269766211907923,18.386823347347008,103.00328500320443,2026-03,6315.297444315046
107,NAS100,SELL,2026-03-12 19:15:00.031000+00:00,2026-03-12 21:00:00.109000+00:00,105.0013,24622.2,24645.9,2.1999999999970896,0.05,0.02,0.03,False,False,False,EOD_EXIT,11.98000000000029,17.970000000000436,0.25,29.700000000000728,4924.884467865157,0.6067187088651886,19.78609540826291,105.82447893154698,2026-03,6344.997444315047
108,NAS100,SELL,2026-03-12 19:40:00.082000+00:00,2026-03-12 21:00:00.109000+00:00,80.00045,24631.5,24666.0,2.400000000001455,0.05,0.02,0.03,False,False,False,EOD_EXIT,16.0,24.0,0.25,39.75,4964.634467865157,0.8071255327788607,19.78609540826291,105.82447893154698,2026-03,6384.747444315047
142,XAUUSD,SELL,2026-03-13 19:55:00.054000+00:00,2026-03-13 21:00:00.037000+00:00,64.99971666666667,5046.02,5045.74,0.28000000000065484,0.03,0.02,0.01,False,False,False,EOD_EXIT,-1.9799999999995634,-0.9899999999997817,0.15,-3.119999999999345,6416.992976449891,-0.0485972756467691,41.354963635306,26.083678271973717,2026-03,6381.627444315048
143,XAUUSD,SELL,2026-03-16 19:35:00.039000+00:00,2026-03-16 20:39:07.222000+00:00,64.11971666666666,4986.39,4989.86,0.2899999999999636,0.03,0.02,0.01,False,False,False,SL,-49.35441960814751,-24.677209804073755,0.15,-74.18162941222127,6342.81134703767,-1.1560185539311776,41.884109566227885,27.41912200452677,2026-03,6307.445814902827
110,NAS100,BUY,2026-03-16 19:10:00.064000+00:00,2026-03-16 21:00:00.112000+00:00,110.0008,24711.4,24700.3,2.099999999998545,0.06,0.03,0.03,False,False,False,EOD_EXIT,2.1300000000006545,2.1300000000006545,0.3,3.960000000001309,4978.694467865158,0.07960223858341312,20.73653827672242,90.02442620347517,2026-03,6311.405814902828
111,NAS100,BUY,2026-03-16 20:00:00.041000+00:00,2026-03-16 21:00:00.112000+00:00,60.00118333333333,24701.7,24686.6,2.099999999998545,0.06,0.03,0.03,False,False,False,EOD_EXIT,6.240000000000872,6.240000000000872,0.3,12.180000000001744,4990.87446786516,0.24464244750540945,21.64552033238225,88.70125290322696,2026-03,6323.58581490283
109,NAS100,BUY,2026-03-16 17:10:00.068000+00:00,2026-03-16 21:00:00.112000+00:00,230.00073333333333,24704.7,24686.7,2.2000000000007276,0.05,0.02,0.03,False,False,False,EOD_EXIT,4.140000000000146,6.210000000000218,0.25,10.100000000000364,4974.734467865157,0.2034389453115864,18.53770224040124,90.29696766793589,2026-03,6333.68581490283
112,NAS100,SELL,2026-03-17 10:10:00.137000+00:00,2026-03-17 11:28:51.983000+00:00,78.8641,24556.8,24561.8,2.400000000001455,0.07,0.04,0.03,False,False,False,SL,-29.263131118578897,-21.94734833893417,0.35000000000000003,-51.56047945751307,4939.313988407647,-1.0330950976526563,23.7006919180553,73.15782779644712,2026-03,6282.125335445317
144,XAUUSD,BUY,2026-03-17 09:35:00.948000+00:00,2026-03-17 12:06:40.021000+00:00,151.65121666666667,5026.73,5024.52,0.2900000000008731,0.03,0.02,0.01,False,False,False,SL,-39.286365971825944,-19.643182985912972,0.15,-59.079548957738915,6283.731798079932,-0.9314410554766266,24.432312570983445,21.825758873236193,2026-03,6223.045786487579
145,XAUUSD,SELL,2026-03-17 13:55:00.448000+00:00,2026-03-17 15:32:51.599000+00:00,97.85251666666666,5003.21,5006.57,0.28000000000065484,0.03,0.02,0.01,False,False,False,SL,-37.5896849365181,-18.79484246825905,0.15,-56.534527404777144,6227.197270675155,-0.8996966965084655,22.436459282177253,20.88315829806592,2026-03,6166.511259082802
113,NAS100,BUY,2026-03-17 19:00:00.047000+00:00,2026-03-17 21:00:00.031000+00:00,119.99973333333334,24824.0,24789.7,2.2000000000007276,0.06,0.03,0.03,False,False,False,EOD_EXIT,1.8600000000002181,1.8600000000002181,0.3,3.4200000000004365,4942.733988407647,0.06924038455597328,32.71382120416385,86.52111010528762,2026-03,6169.931259082802
147,XAUUSD,SELL,2026-03-17 19:45:00.228000+00:00,2026-03-17 21:00:00.031000+00:00,74.99671666666667,4999.74,4997.69,0.28000000000065484,0.03,0.02,0.01,False,False,False,EOD_EXIT,-12.520000000000437,-6.260000000000218,0.15,-18.930000000000653,6270.125942004507,-0.3009990716343844,21.712003764440244,22.039543551093974,2026-03,6151.001259082802
146,XAUUSD,SELL,2026-03-17 16:20:00.135000+00:00,2026-03-17 21:00:00.031000+00:00,279.99826666666667,5009.49,5012.73,0.28000000000065484,0.03,0.02,0.01,True,False,False,EOD_EXIT,53.22867132935244,8.779999999999745,0.15,61.858671329352184,6289.055942004507,0.9933629631528511,21.235123413281396,21.12248862275913,2026-03,6212.859930412154
148,XAUUSD,SELL,2026-03-18 09:45:00.020000+00:00,2026-03-18 12:35:37.968000+00:00,170.63246666666666,4995.56,5001.96,0.2899999999999636,0.04,0.02,0.02,True,True,False,FULL_TP2,43.16905843415225,67.83709182509665,0.2,110.8061502592489,6380.932092263756,1.7672077289060815,23.677528379769843,17.130578743711478,2026-03,6323.6660806714035
114,NAS100,BUY,2026-03-18 11:20:00.314000+00:00,2026-03-18 13:26:44.985000+00:00,126.74451666666667,24972.3,24977.4,2.400000000001455,0.09,0.04,0.05,False,False,False,SL,-21.313074654273805,-26.641343317842257,0.44999999999999996,-48.404417972116065,4894.329570435531,-0.9793045323831,48.71920488864027,53.28268663568374,2026-03,6275.261662699288
115,NAS100,BUY,2026-03-18 12:05:00.177000+00:00,2026-03-18 13:27:36.682000+00:00,82.60841666666667,24974.0,24962.6,2.1999999999970896,0.09,0.04,0.05,False,False,False,SL,-20.70499789325404,-25.881247366567553,0.44999999999999996,-47.0362452598216,4847.2933251757095,-0.9610355122782626,49.63256697167124,51.7624947331349,2026-03,6228.225417439466
149,XAUUSD,SELL,2026-03-18 20:30:00.061000+00:00,2026-03-18 21:00:00.067000+00:00,30.0001,4876.87,4885.6,0.6899999999995998,0.03,0.02,0.01,True,False,False,EOD_EXIT,64.41677429115953,32.5600000000004,0.15,96.82677429115992,6477.7588665549165,1.5174393472789458,38.87369288757295,25.562212020301462,2026-03,6325.052191730626
116,NAS100,SELL,2026-03-18 18:25:00.089000+00:00,2026-03-18 21:00:00.068000+00:00,154.99965,24684.2,24697.3,2.2000000000007276,0.06,0.03,0.03,True,False,False,EOD_EXIT,35.18801220063978,46.11000000000022,0.3,80.99801220064,4928.2913373763495,1.6709946513852432,44.033863111933634,78.1955826680885,2026-03,6406.050203931266
117,NAS100,SELL,2026-03-18 20:20:00.012000+00:00,2026-03-18 21:00:00.068000+00:00,40.000933333333336,24640.2,24638.5,2.2000000000007276,0.06,0.03,0.03,False,False,False,EOD_EXIT,28.470000000000436,28.470000000000436,0.3,56.640000000000875,4984.931337376351,1.1492827051526144,43.362451752273664,78.8967013821783,2026-03,6462.690203931267
118,NAS100,SELL,2026-03-19 13:05:00.073000+00:00,2026-03-19 15:15:01.290000+00:00,130.02028333333334,24377.5,24378.5,2.599999999998545,0.06,0.03,0.03,True,True,False,FULL_TP2,37.30722682584674,49.74296910112934,0.3,86.75019592697608,5071.681533303326,1.7402485622326362,43.36202413255823,82.90494850188166,2026-03,6549.440399858243
119,NAS100,SELL,2026-03-19 16:25:00.053000+00:00,2026-03-19 16:35:58.241000+00:00,10.9698,24228.7,24245.5,2.599999999998545,0.05,0.02,0.03,False,False,False,SL,-19.108270543632536,-28.6624058154488,0.25,-48.020676359081335,5023.660856944245,-0.9468393479312992,44.897261658605444,95.54135271816115,2026-03,6501.419723499162
151,XAUUSD,SELL,2026-03-19 18:30:00.011000+00:00,2026-03-19 21:00:00.075000+00:00,150.00106666666667,4593.57,4599.53,0.3600000000005821,0.02,0.01,0.01,False,False,False,EOD_EXIT,-23.600000000000364,-23.600000000000364,0.1,-47.30000000000073,6390.018866554915,-0.7347779561728383,61.36983912296773,50.955214004874605,2026-03,6454.1197234991605
150,XAUUSD,SELL,2026-03-19 17:30:00.089000+00:00,2026-03-19 21:00:00.075000+00:00,209.9997666666667,4579.59,4602.96,0.3400000000001455,0.02,0.01,0.01,False,False,False,EOD_EXIT,-20.170000000000073,-20.170000000000073,0.1,-40.44000000000015,6437.318866554916,-0.6242899872175616,60.49647584240718,49.24638431294187,2026-03,6413.67972349916
121,NAS100,SELL,2026-03-19 18:50:00.093000+00:00,2026-03-19 21:00:00.360000+00:00,130.00445,24249.1,24267.7,3.2999999999992724,0.05,0.02,0.03,False,False,False,EOD_EXIT,-9.059999999999855,-13.589999999999783,0.25,-22.899999999999636,4975.2608569442455,-0.4581685274931336,45.285296149106564,104.25759494576154,2026-03,6390.77972349916
120,NAS100,SELL,2026-03-19 17:30:00.124000+00:00,2026-03-19 21:00:00.360000+00:00,210.00393333333335,24218.4,24262.5,2.7999999999992724,0.05,0.02,0.03,False,False,False,EOD_EXIT,-10.1,-15.149999999999999,0.25,-25.5,4998.160856944245,-0.5075979594592089,45.41548922818112,98.53125609543545,2026-03,6365.27972349916
122,NAS100,SELL,2026-03-19 20:45:00.014000+00:00,2026-03-19 21:00:00.360000+00:00,15.005766666666666,24237.5,24230.4,2.599999999998545,0.05,0.02,0.03,False,False,False,EOD_EXIT,-16.51999999999971,-24.77999999999956,0.25,-41.54999999999927,4933.710856944246,-0.8351320904512103,45.398314571075005,103.78639564200869,2026-03,6323.729723499161
123,NAS100,SELL,2026-03-20 10:55:00.186000+00:00,2026-03-20 12:01:57.955000+00:00,66.96281666666667,24361.5,24369.7,2.599999999998545,0.06,0.03,0.03,True,True,False,FULL_TP2,37.057831571258426,49.410442095011604,0.3,86.16827366627003,5019.879130610516,1.7465205433550557,22.695468671675826,82.35073682501948,2026-03,6409.897997165431
124,NAS100,SELL,2026-03-20 13:50:00.092000+00:00,2026-03-20 15:25:06.868000+00:00,95.11293333333333,24231.6,24230.7,2.599999999998545,0.06,0.03,0.03,False,False,False,SL,-27.011771370761927,-27.011771370761927,0.3,-54.32354274152385,4965.555587868992,-1.0821683416691557,25.93490300124317,90.03923790253944,2026-03,6355.574454423907
152,XAUUSD,SELL,2026-03-20 15:10:00.072000+00:00,2026-03-20 16:15:18.307000+00:00,65.30391666666667,4662.0,4664.79,0.3100000000004002,0.02,0.01,0.01,True,True,False,FULL_TP2,50.24847385873545,78.96188749229805,0.1,129.1103613510335,6519.129227905948,2.0205004718654527,30.517686298235922,39.87974115772638,2026-03,6484.68481577494
125,NAS100,SELL,2026-03-20 15:35:00.085000+00:00,2026-03-20 19:32:23.419000+00:00,237.3889,24191.5,24201.9,2.899999999997817,0.06,0.03,0.03,True,True,False,FULL_TP2,39.423974706571606,52.565299608762864,0.3,91.68927431533447,5057.244862184327,1.8465058479928056,27.744831894777242,87.60883268127142,2026-03,6576.374090090275
153,XAUUSD,SELL,2026-03-20 19:20:00.027000+00:00,2026-03-20 20:55:41.245000+00:00,95.68696666666666,4569.84,4574.85,0.2899999999999636,0.02,0.01,0.01,True,True,False,FULL_TP2,56.89666991564264,89.40905272458167,0.1,146.2057226402243,6665.334950546172,2.2427185829416056,30.89004560770944,45.15608723463723,2026-03,6722.579812730499
126,NAS100,SELL,2026-03-20 18:35:00.059000+00:00,2026-03-20 20:57:04.513000+00:00,142.07423333333332,24074.6,24081.8,2.600000000002183,0.05,0.02,0.03,True,True,False,FULL_TP2,29.711239657516852,59.422479315033705,0.25,88.88371897255055,5146.128581156878,1.7575522126124592,32.27501574584511,99.03746552505584,2026-03,6811.46353170305
155,XAUUSD,SELL,2026-03-23 07:20:00.282000+00:00,2026-03-23 08:28:58.726000+00:00,68.97406666666667,4354.19,4368.19,0.5800000000008367,0.02,0.01,0.01,True,True,False,FULL_TP2,74.59321430064301,117.21790818672434,0.1,191.71112248736736,7055.5788818660885,2.793048019105776,44.308608131183725,59.200963730668875,2026-03,7003.174654190417
154,XAUUSD,SELL,2026-03-23 06:50:00.051000+00:00,2026-03-23 08:29:25.143000+00:00,99.4182,4354.12,4369.04,0.5100000000002183,0.02,0.01,0.01,True,True,False,FULL_TP2,77.24609232376952,121.38671650878041,0.1,198.53280883254993,6863.8677593787215,2.97858712736232,42.72462158997502,61.30642247918187,2026-03,7201.707463022966
127,NAS100,SELL,2026-03-23 07:30:00.108000+00:00,2026-03-23 13:05:38.416000+00:00,335.63846666666666,23771.1,23796.3,2.7999999999992724,0.05,0.02,0.03,True,False,True,TP1_THEN_BE,33.512914615767656,0.8399999999997818,0.25,34.10291461576744,5180.231495772645,0.6626906824800114,44.91106757458611,111.70971538589299,2026-03,7235.810377638733
128,NAS100,SELL,2026-03-23 11:40:00.064000+00:00,2026-03-23 13:05:38.416000+00:00,85.6392,23682.8,23678.6,3.0,0.04,0.02,0.02,False,False,False,SL,-23.09297626580883,-23.09297626580883,0.2,-46.38595253161766,5133.845543241027,-0.8954416915435375,47.40122355081753,115.46488132904246,2026-03,7189.424425107116
129,NAS100,BUY,2026-03-23 19:55:00.090000+00:00,2026-03-23 21:00:00.001000+00:00,64.99851666666667,24279.5,24253.2,2.600000000002183,0.03,0.02,0.01,False,False,False,EOD_EXIT,14.740000000000146,7.370000000000073,0.15,21.96000000000022,5155.805543241027,0.4277495264521874,42.23742538406413,186.47927103690293,2026-03,7211.384425107116
130,NAS100,BUY,2026-03-24 12:00:00.098000+00:00,2026-03-24 14:37:22.189000+00:00,157.36818333333335,24217.6,24238.4,2.600000000002183,0.04,0.02,0.02,False,False,False,SL,-26.623102461918464,-26.623102461918464,0.2,-53.44620492383693,5102.35933831719,-1.036621813518586,20.158953618214138,133.1155123095925,2026-03,7157.938220183279
156,XAUUSD,BUY,2026-03-24 13:30:00.002000+00:00,2026-03-24 15:29:56.834000+00:00,119.94720000000001,4427.79,4413.29,0.3400000000001455,0.02,0.01,0.01,False,False,False,SL,-52.2067714880468,-52.2067714880468,0.1,-104.51354297609359,6951.065338889995,-1.4812894126194138,18.2471992816603,58.00752387560737,2026-03,7053.424677207185
131,NAS100,SELL,2026-03-24 18:40:00.111000+00:00,2026-03-24 21:00:00.025000+00:00,139.99856666666668,24104.2,24064.3,2.600000000002183,0.04,0.02,0.02,False,False,False,EOD_EXIT,-5.859999999999854,-5.859999999999854,0.2,-11.919999999999707,5090.43933831719,-0.23361741519230286,16.569595674543784,135.04822009690247,2026-03,7041.504677207185
157,XAUUSD,BUY,2026-03-24 16:10:00.081000+00:00,2026-03-24 21:00:00.057000+00:00,289.9996,4395.03,4398.17,0.27999999999974534,0.02,0.01,0.01,False,False,False,EOD_EXIT,-9.170000000000073,-9.170000000000073,0.1,-18.440000000000147,6932.625338889994,-0.2652830767800667,17.292953732895327,57.789894298363436,2026-03,7023.064677207184
159,XAUUSD,BUY,2026-03-25 10:15:00.191000+00:00,2026-03-25 14:31:48.643000+00:00,256.8075333333333,4563.29,4558.92,0.31999999999970896,0.02,0.01,0.01,False,False,False,SL,-36.93269067619531,-36.93269067619531,0.1,-73.96538135239061,6820.2999575376025,-1.072853708359002,21.50363750038478,41.03632297355053,2026-03,6949.099295854793
160,XAUUSD,BUY,2026-03-25 12:50:00.114000+00:00,2026-03-25 14:31:48.885000+00:00,101.81285,4561.4,4557.97,0.28000000000065484,0.02,0.01,0.01,False,False,False,SL,-36.36862614427082,-36.36862614427082,0.1,-72.83725228854163,6747.4627052490605,-1.0679479310590139,21.322599848564916,40.40958460474508,2026-03,6876.262043566251
132,NAS100,BUY,2026-03-25 12:00:00.056000+00:00,2026-03-25 16:00:26.938000+00:00,240.4480333333333,24289.1,24275.7,3.100000000002183,0.05,0.02,0.03,False,False,False,SL,-20.623827407328644,-30.935741110992968,0.25,-51.80956851832161,5038.629769798868,-1.0177818666521807,15.149761442065646,103.11913703664452,2026-03,6824.4524750479295
133,NAS100,BUY,2026-03-25 13:00:00.073000+00:00,2026-03-25 16:00:31.041000+00:00,180.51613333333336,24293.3,24268.4,2.8000000000029104,0.05,0.02,0.03,False,False,False,SL,-20.020696878233867,-30.0310453173508,0.25,-50.301742195584666,4988.328027603284,-0.9983218552212183,15.869157213403087,100.10348439117001,2026-03,6774.150732852345
161,XAUUSD,BUY,2026-03-25 15:30:00+00:00,2026-03-25 16:00:43.836000+00:00,30.7306,4568.79,4569.45,0.3099999999994907,0.02,0.01,0.01,False,False,False,SL,-35.52861429991299,-35.52861429991299,0.1,-71.15722859982597,6676.305476649234,-1.0545775754265458,20.592273106753396,39.476238111014936,2026-03,6702.9935042525185
134,NAS100,BUY,2026-03-25 16:25:00.053000+00:00,2026-03-25 17:16:25.552000+00:00,51.42498333333333,24297.4,24272.4,2.600000000002183,0.05,0.02,0.03,False,False,False,SL,-21.5580433824638,-32.3370650736957,0.25,-54.1451084561595,4934.182919147124,-1.0854360049408043,16.490319916297597,107.79021691231799,2026-03,6648.848395796359
162,XAUUSD,BUY,2026-03-25 16:30:00+00:00,2026-03-25 17:18:03.967000+00:00,48.066116666666666,4565.74,4563.38,0.27999999999974534,0.02,0.01,0.01,False,False,False,SL,-35.30642756420548,-35.30642756420548,0.1,-70.71285512841095,6605.592621520823,-1.0591614685057966,19.772994529722965,39.229363960228184,2026-03,6578.135540667948
164,XAUUSD,BUY,2026-03-25 19:35:00.040000+00:00,2026-03-25 21:00:00.058000+00:00,85.0003,4561.76,4563.18,0.3400000000001455,0.02,0.01,0.01,False,False,False,EOD_EXIT,-25.050000000000182,-25.050000000000182,0.1,-50.200000000000365,6516.652621520822,-0.7644453575139699,16.320535706186494,38.63527063433727,2026-03,6527.935540667947
163,XAUUSD,BUY,2026-03-25 17:50:00.064000+00:00,2026-03-25 21:00:00.058000+00:00,189.9999,4561.89,4557.45,0.27999999999974534,0.02,0.01,0.01,False,False,False,EOD_EXIT,-19.31999999999971,-19.31999999999971,0.1,-38.73999999999942,6566.852621520823,-0.5864727393842857,18.735608208708825,39.76226653449757,2026-03,6489.195540667947
158,XAUUSD,BUY,2026-03-25 09:25:00.030000+00:00,2026-03-25 21:00:00.058000+00:00,695.0004666666666,4561.08,4557.26,0.3000000000001819,0.02,0.01,0.01,False,False,False,EOD_EXIT,-19.13000000000011,-19.13000000000011,0.1,-38.36000000000022,6894.2653388899935,-0.5533257333958591,21.549321233553194,42.129117048439035,2026-03,6450.835540667947
165,XAUUSD,SELL,2026-03-26 07:10:00.113000+00:00,2026-03-26 07:58:40.124000+00:00,48.66685,4508.82,4512.05,0.27999999999974534,0.02,0.01,0.01,True,True,False,FULL_TP2,42.47261706327572,66.74268395657509,0.1,109.11530101985082,6625.767922540673,1.6744072050043701,18.061347591768016,33.70842624069466,2026-03,6559.950841687797
166,XAUUSD,SELL,2026-03-26 13:50:00.008000+00:00,2026-03-26 15:45:20.679000+00:00,115.34451666666668,4427.33,4426.48,0.38000000000010914,0.02,0.01,0.01,False,False,False,SL,-32.48147939899354,-32.48147939899354,0.1,-65.06295879798708,6560.704963742685,-0.9819685741881292,28.960820952787135,36.090532665548196,2026-03,6494.88788288981
137,NAS100,SELL,2026-03-26 15:35:00.105000+00:00,2026-03-26 15:52:19.842000+00:00,17.328950000000003,23890.3,23942.0,2.7000000000007276,0.05,0.02,0.03,False,False,False,SL,-18.891300964573748,-28.336951446860617,0.25,-47.47825241143437,5062.092983153698,-0.9292022798500655,20.594011412666227,94.45650482287013,2026-03,6447.409630478375
167,XAUUSD,SELL,2026-03-26 14:50:00.002000+00:00,2026-03-26 16:22:54.470000+00:00,92.9078,4432.57,4434.74,0.3600000000005821,0.02,0.01,0.01,False,False,False,SL,-32.60294515620808,-32.60294515620808,0.1,-65.30589031241615,6495.399073430269,-0.9954096499282465,29.65452333200326,36.22549461800901,2026-03,6382.103740165959
135,NAS100,SELL,2026-03-26 12:35:00.090000+00:00,2026-03-26 18:32:03.251000+00:00,357.05268333333333,23980.0,24016.6,2.600000000002183,0.05,0.02,0.03,True,True,False,FULL_TP2,29.627116417927027,59.25423283585442,0.25,88.63134925378145,5022.814268400905,1.796272061780422,15.538092934799675,98.7570547264245,2026-03,6470.73508941974
168,XAUUSD,SELL,2026-03-26 17:30:00.004000+00:00,2026-03-26 18:32:08.401000+00:00,62.13995,4442.52,4454.32,0.28000000000065484,0.02,0.01,0.01,True,True,False,FULL_TP2,46.08442270825981,72.41837854155074,0.1,118.40280124981055,6613.801874680079,1.822871849924398,29.332427368168457,36.57493865734904,2026-03,6589.13789066955
136,NAS100,SELL,2026-03-26 13:10:00.061000+00:00,2026-03-26 18:32:18.777000+00:00,322.31193333333334,23985.2,24004.6,2.8000000000029104,0.05,0.02,0.03,True,True,False,FULL_TP2,29.002322388075118,58.00464477615132,0.25,86.75696716422644,5109.571235565132,1.7272581172277135,17.064083605434238,96.67440796025149,2026-03,6675.894857833777
138,NAS100,SELL,2026-03-26 16:45:00.004000+00:00,2026-03-26 19:43:47.294000+00:00,178.78816666666668,23931.5,23944.6,2.600000000002183,0.05,0.02,0.03,True,True,False,FULL_TP2,29.85074062922795,59.70148125845662,0.25,89.30222188768457,5151.395205041383,1.7641363401438162,20.62353216627826,99.50246876409385,2026-03,6765.197079721462
169,XAUUSD,SELL,2026-03-27 15:30:00.002000+00:00,2026-03-27 16:03:18.652000+00:00,33.310833333333335,4418.37,4422.14,0.3099999999994907,0.02,0.01,0.01,False,False,False,SL,-27.821902338858308,-27.821902338858308,0.1,-55.74380467771662,6558.058070002362,-0.8428405587884812,20.661098313012914,30.913224820953292,2026-03,6709.453275043745
170,XAUUSD,BUY,2026-03-27 20:30:00.097000+00:00,2026-03-27 21:00:00.074000+00:00,29.999616666666668,4513.85,4509.6,0.2899999999999636,0.02,0.01,0.01,False,False,False,EOD_EXIT,7.159999999999854,7.159999999999854,0.1,14.219999999999708,6572.278070002361,0.2168324807162707,23.247012868229383,35.53879905591087,2026-03,6723.673275043744
139,NAS100,SELL,2026-03-27 18:10:00.110000+00:00,2026-03-27 21:00:00.075000+00:00,169.99941666666666,23338.8,23329.2,2.599999999998545,0.05,0.02,0.03,True,False,False,EOD_EXIT,30.773991375068,49.170000000000435,0.25,79.69399137506844,5231.089196416451,1.5470370298337115,34.43086355388525,102.5799712502275,2026-03,6803.3672664188125
171,XAUUSD,BUY,2026-03-30 07:55:00.043000+00:00,2026-03-30 14:45:09.838000+00:00,410.16324999999995,4496.72,4492.48,0.339999999999236,0.02,0.01,0.01,True,True,False,FULL_TP2,48.55770504271004,76.30496506711552,0.1,124.76267010982556,6697.0407401121865,1.8983169729119624,18.11941651654398,38.537861145007746,2026-03,6928.129936528638
175,XAUUSD,BUY,2026-03-30 14:10:00.051000+00:00,2026-03-30 16:48:23.965000+00:00,158.39856666666668,4538.23,4535.01,0.3600000000005821,0.02,0.01,0.01,True,False,True,TP1_THEN_BE,39.14392688295811,0.3600000000005821,0.1,39.40392688295869,6864.428466116536,0.5773448381972205,21.436414610407635,31.066608637268615,2026-03,6967.533863411596
173,XAUUSD,BUY,2026-03-30 12:40:00.058000+00:00,2026-03-30 16:48:25.814000+00:00,248.42926666666665,4537.13,4534.0,0.32999999999992724,0.02,0.01,0.01,True,False,True,TP1_THEN_BE,42.36437082283919,0.32999999999992724,0.1,42.59437082283912,6783.936894898084,0.6318381045129,20.18165813836897,33.62251652606309,2026-03,7010.128234234435
174,XAUUSD,BUY,2026-03-30 13:40:00.240000+00:00,2026-03-30 16:49:09.226000+00:00,189.1497666666667,4533.35,4531.42,0.25,0.02,0.01,0.01,True,False,True,TP1_THEN_BE,40.93764433549404,0.25,0.1,41.08764433549404,6825.024539233577,0.6056607685486336,20.83227260535273,32.49019391705855,2026-03,7051.2158785699285
172,XAUUSD,BUY,2026-03-30 11:00:00.045000+00:00,2026-03-30 16:55:26.915000+00:00,355.44783333333334,4527.66,4527.59,0.3100000000004002,0.02,0.01,0.01,True,False,True,TP1_THEN_BE,44.09178396305833,0.3100000000004002,0.1,44.30178396305873,6741.342524075245,0.6615128335372289,19.392915317310226,34.993479335760235,2026-03,7095.517662532987
140,NAS100,SELL,2026-03-30 19:05:00.013000+00:00,2026-03-30 21:00:00.012000+00:00,114.99998333333333,23157.4,23160.5,2.599999999998545,0.05,0.02,0.03,False,False,False,EOD_EXIT,22.800000000000004,34.2,0.25,56.75000000000001,5287.839196416451,1.084860109800393,25.846856044789433,104.78593628577475,2026-03,7152.267662532987
176,XAUUSD,BUY,2026-03-30 18:35:00.030000+00:00,2026-03-30 21:00:00.111000+00:00,145.00135,4548.83,4541.6,0.2899999999999636,0.02,0.01,0.01,False,False,False,EOD_EXIT,-26.660000000000768,-26.660000000000768,0.1,-53.42000000000154,6811.008466116534,-0.7782148253665644,24.065435113474777,34.591338746590715,2026-03,7098.847662532985
179,XAUUSD,BUY,2026-03-31 11:00:00.033000+00:00,2026-03-31 13:39:00.225000+00:00,159.0032,4568.3,4564.41,0.32999999999992724,0.02,0.01,0.01,False,False,False,SL,-29.25536914487748,-29.25536914487748,0.1,-58.61073828975496,6627.819235458014,-0.876562508242398,23.703294561546212,32.50596571653016,2026-03,7040.23692424323
177,XAUUSD,BUY,2026-03-31 08:00:00.004000+00:00,2026-03-31 13:39:49.084000+00:00,339.81800000000004,4569.04,4564.79,0.3100000000004002,0.02,0.01,0.01,False,False,False,SL,-31.094623092190886,-31.094623092190886,0.1,-62.289246184381774,6748.719219932152,-0.9145377882623238,21.695688832168198,34.5495812135451,2026-03,6977.9476780588475
178,XAUUSD,BUY,2026-03-31 08:30:00.092000+00:00,2026-03-31 13:40:13.668000+00:00,310.2262666666667,4575.44,4561.56,0.3600000000005821,0.02,0.01,0.01,False,False,False,SL,-31.094623092190886,-31.094623092190886,0.1,-62.289246184381774,6686.4299737477695,-0.9229787779644505,21.695688832168198,34.5495812135451,2026-03,6915.658431874465
180,XAUUSD,BUY,2026-03-31 14:20:00.025000+00:00,2026-03-31 17:34:09.099000+00:00,194.15123333333335,4575.76,4567.13,0.4899999999997817,0.02,0.01,0.01,True,True,False,FULL_TP2,38.716423475150805,60.840094032379056,0.1,99.45651750752987,6727.275752965544,1.5005918836085599,23.055063560474306,30.727320218373478,2026-03,7015.114949381995
141,NAS100,BUY,2026-03-31 18:10:00.007000+00:00,2026-03-31 19:40:18.450000+00:00,90.30738333333333,23380.1,23314.9,2.600000000002183,0.04,0.02,0.02,True,True,False,FULL_TP2,36.77370486533982,49.031606487119284,0.2,85.60531135245911,5373.444507768911,1.6189091266329263,16.1928144619994,122.57901621779867,2026-03,7100.720260734454
142,NAS100,BUY,2026-03-31 19:05:00.034000+00:00,2026-03-31 19:40:20.260000+00:00,35.3371,23358.6,23318.6,2.599999999998545,0.04,0.02,0.02,True,True,False,FULL_TP2,37.384868803529386,49.846491738039916,0.2,87.0313605415693,5460.47586831048,1.619656821908919,17.202108554294732,124.61622934509893,2026-03,7187.751621276024
181,XAUUSD,BUY,2026-04-01 13:25:00.179000+00:00,2026-04-01 15:26:21.541000+00:00,121.35603333333333,4728.28,4725.27,0.32000000000061846,0.02,0.01,0.01,True,False,True,TP1_THEN_BE,37.78764913700161,0.32000000000061846,0.1,38.007649137002225,6765.283402102546,0.5649783141451804,45.148188080216606,29.990197727779368,2026-04,7225.759270413026
143,NAS100,BUY,2026-04-01 13:25:00.078000+00:00,2026-04-01 15:49:11.356000+00:00,144.18796666666668,23904.8,23914.6,2.599999999998545,0.05,0.02,0.03,True,False,True,TP1_THEN_BE,30.46399501645865,0.7799999999995634,0.25,30.993995016458214,5491.469863326938,0.5676061164619346,47.81001445772124,101.54665005486252,2026-04,7256.753265429484
182,XAUUSD,BUY,2026-04-01 15:40:00+00:00,2026-04-01 21:00:00.017000+00:00,320.00028333333336,4747.38,4736.14,0.32000000000061846,0.03,0.02,0.01,True,False,False,EOD_EXIT,75.40384391993211,37.9399999999996,0.15,113.19384391993171,6878.477246022478,1.6731574598153984,47.595869050515894,29.922160285687294,2026-04,7369.947109349416
183,XAUUSD,BUY,2026-04-01 16:35:00.087000+00:00,2026-04-01 21:00:00.017000+00:00,264.9988333333333,4746.02,4739.22,0.3600000000005821,0.03,0.02,0.01,True,False,False,EOD_EXIT,75.52585506850846,34.85999999999967,0.15,110.23585506850813,6988.713101090986,1.602620044025772,48.59669980551058,29.970577408138166,2026-04,7480.182964417924
144,NAS100,BUY,2026-04-01 16:35:00.088000+00:00,2026-04-01 21:00:00.119000+00:00,265.00051666666667,24024.7,23997.6,3.099999999998545,0.05,0.02,0.03,True,False,False,EOD_EXIT,31.936890324766868,32.22000000000043,0.25,63.9068903247673,5555.376753651705,1.1637483572758809,48.34738836853305,106.45630108255594,2026-04,7544.089854742691
145,NAS100,BUY,2026-04-01 17:00:00.021000+00:00,2026-04-01 21:00:00.119000+00:00,240.00163333333333,23985.3,23969.8,22.5,0.05,0.02,0.03,True,False,False,EOD_EXIT,33.01996958728341,40.560000000000215,0.25,73.32996958728363,5628.706723238989,1.3199819353220603,47.58880085538677,110.0665652909448,2026-04,7617.419824329975
146,NAS100,SELL,2026-04-02 12:15:00.103000+00:00,2026-04-02 16:53:18.015000+00:00,278.29853333333335,23668.5,23664.7,3.099999999998545,0.06,0.03,0.03,True,False,True,TP1_THEN_BE,42.7692170946837,0.9299999999995634,0.3,43.399217094683266,5672.105940333672,0.7710335469336653,33.03264530833912,95.0427046548538,2026-04,7660.819041424658
147,NAS100,SELL,2026-04-02 12:35:00.153000+00:00,2026-04-02 16:53:18.114000+00:00,258.29935,23665.5,23668.4,2.599999999998545,0.06,0.03,0.03,True,False,True,TP1_THEN_BE,42.7692170946837,0.7799999999995634,0.3,43.24921709468326,5715.355157428356,0.7624895858722104,33.03264530833912,95.0427046548538,2026-04,7704.068258519342
148,NAS100,SELL,2026-04-02 16:35:00.086000+00:00,2026-04-02 16:58:10.582000+00:00,23.174933333333335,23527.1,23624.7,4.0,0.06,0.03,0.03,False,False,False,SL,-27.792768020985385,-27.792768020985385,0.3,-55.88553604197077,5659.4696213863845,-0.977813880373388,33.637375977793695,92.6425600699519,2026-04,7648.182722477371
186,XAUUSD,SELL,2026-04-02 15:55:00.071000+00:00,2026-04-02 17:11:32.297000+00:00,76.5371,4601.71,4620.06,0.3999999999996362,0.02,0.01,0.01,False,False,False,SL,-34.885383459976765,-34.885383459976765,0.1,-69.87076691995352,6775.079696501042,-1.0207636606479287,40.61328812991623,38.761537177752004,2026-04,7578.311955557417
184,XAUUSD,SELL,2026-04-02 12:00:00.043000+00:00,2026-04-02 17:11:33.735000+00:00,311.56153333333333,4618.26,4620.41,0.36999999999989086,0.02,0.01,0.01,False,False,False,SL,-36.84875203194224,-36.84875203194224,0.1,-73.79750406388447,6914.915597027101,-1.055952691095077,41.75794841744524,40.94305781326884,2026-04,7504.514451493532
185,XAUUSD,SELL,2026-04-02 14:25:00.273000+00:00,2026-04-02 17:16:28.125000+00:00,171.4642,4614.77,4625.27,0.37999999999919964,0.02,0.01,0.01,False,False,False,SL,-34.932566803052396,-34.932566803052396,0.1,-69.96513360610479,6844.950463420996,-1.011800254455522,40.77326918057842,38.813963114502165,2026-04,7434.549317887427
188,XAUUSD,SELL,2026-04-02 20:25:00.013000+00:00,2026-04-02 21:00:00.027000+00:00,35.000233333333334,4651.93,4663.92,0.4399999999995998,0.02,0.01,0.01,False,False,False,EOD_EXIT,14.920000000000073,14.920000000000073,0.1,29.740000000000144,6822.939696501041,0.4377907514675045,32.67598479369248,41.09466495236186,2026-04,7464.2893178874265
187,XAUUSD,SELL,2026-04-02 19:10:00.007000+00:00,2026-04-02 21:00:00.027000+00:00,110.00033333333334,4654.83,4658.11,0.36999999999989086,0.02,0.01,0.01,False,False,False,EOD_EXIT,9.109999999999673,9.109999999999673,0.1,18.119999999999344,6793.199696501041,0.26745072842991546,34.58198519281499,42.124254564082,2026-04,7482.4093178874255
189,XAUUSD,SELL,2026-04-06 06:15:00.057000+00:00,2026-04-06 08:07:38.513000+00:00,112.64093333333334,4626.7,4633.2,0.4899999999997817,0.02,0.01,0.01,False,False,False,SL,-34.022885768204105,-34.022885768204105,0.1,-68.1457715364082,6754.793924964632,-0.9987743490002544,23.459799719505693,37.80320640911558,2026-04,7414.263546351017
154,NAS100,BUY,2026-04-06 16:40:00.089000+00:00,2026-04-06 17:04:55.804000+00:00,24.928583333333332,24177.9,24146.6,3.099999999998545,0.06,0.03,0.03,True,False,True,TP1_THEN_BE,40.43251096003077,0.9299999999995634,0.3,41.06251096003034,5818.590392952528,0.71072804491372,25.007721663341417,89.85002435562329,2026-04,7455.326057311047
151,NAS100,BUY,2026-04-06 09:55:00.009000+00:00,2026-04-06 18:33:04.427000+00:00,518.0736333333333,24103.7,24102.8,3.0,0.06,0.03,0.03,True,False,True,TP1_THEN_BE,46.495727706444455,0.8999999999999999,0.3,47.09572770644446,5787.461205519049,0.8204308225404234,23.387784272665172,103.32383934765525,2026-04,7502.421785017492
150,NAS100,BUY,2026-04-06 09:10:00.238000+00:00,2026-04-06 20:12:19.028000+00:00,662.3131666666667,24122.3,24097.6,2.7999999999992724,0.06,0.03,0.03,True,False,True,TP1_THEN_BE,46.495727706444455,0.8399999999997818,0.3,47.03572770644424,5740.365477812605,0.8261549878709764,23.387784272665172,103.32383934765525,2026-04,7549.457512723936
152,NAS100,BUY,2026-04-06 10:30:00.371000+00:00,2026-04-06 20:12:40.291000+00:00,582.6653333333333,24102.6,24087.6,3.099999999998545,0.06,0.03,0.03,True,False,True,TP1_THEN_BE,45.52746144169832,0.9299999999995634,0.3,46.15746144169789,5833.618666960747,0.7975424767889783,23.412913830139246,101.17213653710851,2026-04,7595.614974165634
149,NAS100,BUY,2026-04-06 07:10:00.409000+00:00,2026-04-06 20:12:54.305000+00:00,782.8982666666667,24074.5,24074.6,2.599999999998545,0.05,0.02,0.03,True,False,True,TP1_THEN_BE,33.330128719776255,0.7799999999995634,0.25,33.860128719775815,5693.329750106161,0.5982915535375061,23.747385595483614,111.10042906591993,2026-04,7629.47510288541
153,NAS100,BUY,2026-04-06 15:45:00.135000+00:00,2026-04-06 20:12:56.274000+00:00,267.93565,24166.9,24168.6,2.599999999998545,0.06,0.03,0.03,False,False,False,SL,-27.895392484124386,-27.895392484124386,0.3,-56.09078496824877,5777.527881992498,-0.96150928215319,24.931353487459205,92.98464161374827,2026-04,7573.384317917161
155,NAS100,BUY,2026-04-06 19:30:00.089000+00:00,2026-04-06 20:13:36.465000+00:00,43.60626666666667,24173.4,24164.5,2.599999999998545,0.06,0.03,0.03,False,False,False,SL,-29.847901258305498,-29.847901258305498,0.3,-59.99580251661099,5758.594590435918,-1.0311054476231538,27.099295332018894,99.493004194353,2026-04,7513.38851540055
190,XAUUSD,BUY,2026-04-06 17:15:00.049000+00:00,2026-04-06 20:14:04.234000+00:00,179.06975,4683.3,4673.29,0.4099999999998545,0.03,0.02,0.01,False,False,False,SL,-53.235772047359205,-26.617886023679603,0.15,-80.00365807103881,6674.790266893594,-1.1843982060704792,16.614257678414106,29.575428915199062,2026-04,7433.384857329512
157,NAS100,SELL,2026-04-07 08:35:00.308000+00:00,2026-04-07 11:02:05.777000+00:00,147.09115,24073.3,24070.3,3.0,0.07,0.04,0.03,False,False,False,SL,-33.389332390422354,-25.04199929281676,0.35000000000000003,-58.78133168323912,5640.010286170731,-1.0314701014699459,19.373201624674824,83.4733309760547,2026-04,7374.603525646273
159,NAS100,SELL,2026-04-07 10:25:00.011000+00:00,2026-04-07 11:02:06.269000+00:00,37.104299999999995,24074.1,24079.2,3.099999999998545,0.07,0.04,0.03,False,False,False,SL,-31.298557010108198,-23.473917757581148,0.35000000000000003,-55.12247476768935,5527.555146268606,-0.9873841641863806,17.05482744402577,78.24639252527172,2026-04,7319.481050878583
156,NAS100,SELL,2026-04-07 07:05:00.369000+00:00,2026-04-07 11:02:06.269000+00:00,237.09833333333333,24068.0,24071.7,2.399999999997817,0.07,0.04,0.03,False,False,False,SL,-33.973127189684604,-25.47984539226345,0.35000000000000003,-59.802972581948055,5698.79161785397,-1.038499440145882,20.667792335236367,84.93281797421274,2026-04,7259.678078296635
158,NAS100,SELL,2026-04-07 09:30:00.041000+00:00,2026-04-07 11:02:14.511000+00:00,92.24116666666667,24075.9,24094.5,3.7999999999992724,0.07,0.04,0.03,False,False,False,SL,-32.56152293396299,-24.42114220047224,0.35000000000000003,-57.33266513443523,5582.677621036296,-1.0165347619137248,18.171081679153176,81.40380733490794,2026-04,7202.3454131622
160,NAS100,SELL,2026-04-07 16:35:00.129000+00:00,2026-04-07 17:06:13.142000+00:00,31.21688333333333,24065.8,24076.0,3.099999999998545,0.06,0.03,0.03,True,True,False,FULL_TP2,41.588352207404384,55.45113627653954,0.3,96.73948848394393,5624.29463475255,1.7501315848336352,15.572066474693404,92.41856046089855,2026-04,7299.084901646144
191,XAUUSD,BUY,2026-04-08 08:00:00.156000+00:00,2026-04-08 13:16:23.163000+00:00,316.38345000000004,4805.86,4803.91,0.4099999999998545,0.02,0.01,0.01,False,False,False,SL,-30.247504574010236,-30.247504574010236,0.1,-60.59500914802047,6614.195257745573,-0.9078189235183417,26.90348876704028,33.60833841556694,2026-04,7238.4898924981235
164,NAS100,BUY,2026-04-08 16:00:00.096000+00:00,2026-04-08 16:39:42.663000+00:00,39.70945,25080.6,25067.4,3.600000000002183,0.06,0.03,0.03,False,False,False,SL,-29.29143794061674,-29.29143794061674,0.3,-58.882875881233474,5402.134845655773,-1.0782399707111894,40.26495626859953,97.63812646872225,2026-04,7179.60701661689
163,NAS100,BUY,2026-04-08 14:25:00.114000+00:00,2026-04-08 16:39:52.619000+00:00,134.87508333333332,25077.1,25066.6,2.6999999999970896,0.05,0.02,0.03,False,False,False,SL,-20.146831701620975,-30.220247552431463,0.25,-50.61707925405244,5461.017721537006,-0.9183677998184425,38.514892453948754,100.73415850810366,2026-04,7128.989937362838
162,NAS100,BUY,2026-04-08 11:25:00.057000+00:00,2026-04-08 17:08:44.656000+00:00,343.74331666666666,25023.4,25019.5,2.7000000000007276,0.05,0.02,0.03,False,False,False,SL,-22.00041246665787,-33.0006186999868,0.25,-55.25103116664467,5511.634800791058,-0.992494418503542,34.51881868564536,110.00206233328919,2026-04,7073.738906196193
161,NAS100,BUY,2026-04-08 10:20:00.112000+00:00,2026-04-08 17:08:46.009000+00:00,408.76495,25039.4,25022.1,2.5,0.05,0.02,0.03,False,False,False,SL,-22.863521117938944,-34.29528167690842,0.25,-57.40880279484736,5566.885831957703,-1.0207289362139391,33.17689299758283,114.31760558969593,2026-04,7016.330103401346
165,NAS100,BUY,2026-04-08 19:00:00.102000+00:00,2026-04-08 21:00:00.127000+00:00,120.00041666666667,24951.7,24932.1,2.599999999998545,0.05,0.02,0.03,False,False,False,EOD_EXIT,0.4,0.6,0.25,0.75,5402.884845655773,0.01388340020062858,35.14132212281253,108.54426525210742,2026-04,7017.080103401346
193,XAUUSD,SELL,2026-04-09 08:50:00.075000+00:00,2026-04-09 13:25:00.870000+00:00,275.01324999999997,4708.51,4714.63,0.4099999999998545,0.03,0.02,0.01,False,False,False,SL,-48.89633538574708,-24.44816769287354,0.15,-73.49450307862062,6462.332431569854,-1.1244866764908223,24.96926710924474,27.164630769859567,2026-04,6943.585600322725
194,XAUUSD,SELL,2026-04-09 10:20:00.098000+00:00,2026-04-09 13:25:05.278000+00:00,185.08633333333333,4713.36,4715.85,0.32999999999992724,0.03,0.02,0.01,False,False,False,SL,-47.55648306220064,-23.77824153110032,0.15,-71.48472459330097,6390.847706976553,-1.1061752912011003,25.369974613786425,26.42026836788904,2026-04,6872.100875729425
192,XAUUSD,SELL,2026-04-09 06:10:00.322000+00:00,2026-04-09 13:49:09.125000+00:00,459.1467166666667,4712.55,4717.98,0.28000000000065484,0.03,0.02,0.01,False,False,False,SL,-52.145548731399685,-26.072774365699843,0.15,-78.36832309709953,6535.826934648474,-1.1848504624251313,24.58012429579831,28.969749295221813,2026-04,6793.732552632326
195,XAUUSD,BUY,2026-04-09 16:05:00.107000+00:00,2026-04-09 18:33:29.564000+00:00,148.49095,4749.46,4743.36,0.3599999999996726,0.03,0.02,0.01,True,True,False,FULL_TP2,60.637900430434456,47.64406462391253,0.15,108.13196505434698,6498.9796720309005,1.691981565079465,20.291079240554183,24.06265890096582,2026-04,6901.864517686673
166,NAS100,BUY,2026-04-09 08:25:00.055000+00:00,2026-04-09 18:55:03.186000+00:00,630.0521833333333,24885.3,24877.7,2.600000000002183,0.07,0.04,0.03,True,True,False,FULL_TP2,47.13258213492082,47.13258213492082,0.35000000000000003,93.91516426984164,5496.800009925614,1.738241086988089,18.502109549171436,78.55430355820106,2026-04,6995.779681956515
196,XAUUSD,BUY,2026-04-10 06:15:00.030000+00:00,2026-04-10 11:47:12.691000+00:00,332.2110166666667,4761.64,4760.35,0.3400000000001455,0.03,0.02,0.01,False,False,False,SL,-39.548279021062626,-19.774139510531313,0.15,-59.47241853159394,6439.507253499307,-0.9151039321993922,15.16491558763185,21.97126612281233,2026-04,6936.307263424921
198,XAUUSD,BUY,2026-04-14 07:15:00.155000+00:00,2026-04-14 10:25:20.813000+00:00,190.3443,4773.64,4769.07,0.3999999999996362,0.04,0.02,0.02,True,False,True,TP1_THEN_BE,48.48844477730563,0.7999999999992725,0.2,49.0884447773049,6416.57562938845,0.7709233384236905,17.70016482409739,19.24144634020054,2026-04,6985.395708202226
199,XAUUSD,BUY,2026-04-14 09:40:00.273000+00:00,2026-04-14 10:25:33.015000+00:00,45.545700000000004,4769.58,4767.86,0.32999999999992724,0.04,0.02,0.02,True,False,True,TP1_THEN_BE,46.481456976349364,0.6599999999998545,0.2,46.941456976349215,6463.517086364799,0.7315655528371464,18.33805691145867,18.445022609662683,2026-04,7032.337165178576
200,XAUUSD,BUY,2026-04-14 13:15:00.153000+00:00,2026-04-14 13:38:41.936000+00:00,23.696383333333333,4787.08,4782.46,0.27999999999974534,0.04,0.02,0.02,False,False,False,SL,-34.3567901748811,-34.3567901748811,0.2,-68.9135803497622,6394.603506015037,-1.0661932107387755,21.357058564740697,19.08710565271176,2026-04,6963.423584828814
197,XAUUSD,BUY,2026-04-14 06:50:00.119000+00:00,2026-04-14 13:39:02.270000+00:00,409.03585000000004,4771.44,4771.4,0.27999999999974534,0.04,0.02,0.02,False,False,False,SL,-35.91003444408125,-35.91003444408125,0.2,-72.0200688881625,6367.487184611145,-1.118409624416929,16.98463016812394,19.9500191356006,2026-04,6891.403515940651
168,NAS100,BUY,2026-04-14 09:55:00.112000+00:00,2026-04-14 14:57:56.721000+00:00,302.94348333333335,25449.4,25444.5,2.599999999998545,0.1,0.05,0.05,True,True,False,FULL_TP2,40.64273580225199,54.19031440300387,0.5,94.33305020525586,5686.069584372183,1.6870081347512893,43.69429588800791,54.19031440300319,2026-04,6985.736566145907
167,NAS100,BUY,2026-04-14 07:20:00.068000+00:00,2026-04-14 16:32:17.539000+00:00,552.2911833333333,25454.9,25456.3,2.599999999998545,0.09,0.04,0.05,True,True,False,FULL_TP2,35.76994659049233,59.61657765082055,0.44999999999999996,94.93652424131288,5591.736534166927,1.7271234913019442,41.745508982496574,59.616577650820254,2026-04,7080.67309038722
170,NAS100,BUY,2026-04-14 14:20:00.432000+00:00,2026-04-14 16:44:01.942000+00:00,144.02516666666668,25519.2,25514.2,2.600000000002183,0.11,0.06,0.05,True,True,False,FULL_TP2,45.704916896736535,50.783240996373934,0.55,95.93815789311047,5880.618066150182,1.658486889761489,47.92330974662691,50.78324099637475,2026-04,7176.611248280331
169,NAS100,BUY,2026-04-14 13:10:00.238000+00:00,2026-04-14 16:45:37.749000+00:00,215.62518333333335,25515.1,25515.3,2.599999999998545,0.11,0.06,0.05,True,True,False,FULL_TP2,46.97067973494704,52.18964414994116,0.55,98.6103238848882,5784.6799082570715,1.7342440577215705,47.258790281669924,52.18964414994204,2026-04,7275.221572165219
201,XAUUSD,BUY,2026-04-14 16:10:00.163000+00:00,2026-04-14 17:33:07.106000+00:00,83.11571666666667,4781.92,4777.21,0.27999999999974534,0.04,0.02,0.02,True,True,False,FULL_TP2,49.977836741945794,78.53660059448703,0.2,128.31443733643283,6522.91794335147,2.0066050571506864,17.69095473721063,19.83247489759767,2026-04,7403.536009501652
171,NAS100,BUY,2026-04-15 06:50:00.106000+00:00,2026-04-15 08:44:06.649000+00:00,114.10905,25887.3,25889.2,2.600000000002183,0.11,0.06,0.05,False,False,False,SL,-33.343164790458104,-27.785970658715087,0.55,-61.67913544917319,5818.938930701009,-1.048854640028547,64.97348942306166,55.57194131743175,2026-04,7341.856874052479
172,NAS100,BUY,2026-04-15 20:30:00.124000+00:00,2026-04-15 21:00:00.181000+00:00,30.00095,26074.9,26055.5,2.599999999998545,0.09,0.04,0.05,False,False,False,EOD_EXIT,0.23999999999941793,0.2999999999992724,0.44999999999999996,0.08999999999869035,5819.028930701007,0.001546673733313232,51.045542370086594,66.66609383881078,2026-04,7341.946874052477
203,XAUUSD,BUY,2026-04-16 10:00:00.044000+00:00,2026-04-16 11:05:02.323000+00:00,65.03798333333333,4828.69,4826.4,0.2599999999993088,0.04,0.02,0.02,False,False,False,SL,-30.123215182027707,-30.123215182027707,0.2,-60.446430364055416,6397.911612393403,-0.9359411473298751,16.01219518218012,16.73511954557143,2026-04,7281.500443688422
202,XAUUSD,BUY,2026-04-16 06:10:00.096000+00:00,2026-04-16 11:05:03.332000+00:00,295.05393333333336,4826.49,4826.16,0.36999999999989086,0.04,0.02,0.02,False,False,False,SL,-32.179950297006144,-32.179950297006144,0.2,-64.55990059401229,6458.358042757458,-0.9897395790455318,16.023920092311187,17.877750165003782,2026-04,7216.94054309441
204,XAUUSD,BUY,2026-04-16 10:25:00.179000+00:00,2026-04-16 11:05:03.770000+00:00,40.05985,4827.98,4824.52,0.3100000000004002,0.04,0.02,0.02,False,False,False,SL,-30.123215182027707,-30.123215182027707,0.2,-60.446430364055416,6337.4651820293475,-0.9447837673619085,16.01219518218012,16.73511954557143,2026-04,7156.494112730355
175,NAS100,BUY,2026-04-16 12:55:00.650000+00:00,2026-04-16 13:35:41.509000+00:00,40.68098333333333,26322.0,26319.5,2.599999999998545,0.11,0.06,0.05,False,False,False,SL,-30.737157818534616,-25.614298182112183,0.55,-56.901456000646796,5644.253818716487,-0.9980688695322368,58.771184456506475,51.22859636422401,2026-04,7099.592656729707
174,NAS100,BUY,2026-04-16 12:30:00.004000+00:00,2026-04-16 13:35:41.871000+00:00,65.69778333333333,26318.5,26318.9,2.600000000002183,0.11,0.06,0.05,False,False,False,SL,-30.737157818534616,-25.614298182112183,0.55,-56.901456000646796,5701.1552747171345,-0.9882058941359828,58.771184456506475,51.22859636422401,2026-04,7042.69120072906
173,NAS100,BUY,2026-04-16 08:35:00.194000+00:00,2026-04-16 13:37:33.211000+00:00,302.5502833333333,26323.3,26319.0,2.599999999998545,0.11,0.06,0.05,False,False,False,SL,-32.95756362721367,-27.4646363560114,0.55,-60.97219998322507,5758.056730717782,-1.0478071291506685,57.89684137887087,54.929272712021096,2026-04,6981.719000745835
176,NAS100,BUY,2026-04-16 16:25:00.004000+00:00,2026-04-16 16:41:48.100000+00:00,16.8016,26306.2,26275.0,2.599999999998545,0.11,0.06,0.05,False,False,False,SL,-30.68207893729486,-25.56839911441239,0.55,-56.800478051707245,5587.45334066478,-1.0063416684656425,50.38175470506085,51.13679822882657,2026-04,6924.918522694127
177,NAS100,BUY,2026-04-16 20:45:00.132000+00:00,2026-04-16 21:00:00.154000+00:00,15.000366666666668,26372.8,26372.0,2.599999999998545,0.07,0.04,0.03,False,False,False,EOD_EXIT,-17.8,-13.35,0.35000000000000003,-31.5,5555.95334066478,-0.5637630970579562,41.304032300392144,74.50018466819864,2026-04,6893.418522694127
205,XAUUSD,SELL,2026-04-17 13:05:00.275000+00:00,2026-04-17 14:45:42.112000+00:00,100.69728333333335,4788.99,4791.01,0.3099999999994907,0.05,0.02,0.03,False,False,False,SL,-27.353670294773107,-41.030505442159665,0.25,-68.63417573693278,6268.831006292415,-1.082990971398996,25.489040411395557,15.196483497096638,2026-04,6824.784346957194
179,NAS100,BUY,2026-04-17 10:00:00.086000+00:00,2026-04-17 14:51:17.737000+00:00,291.29418333333336,26347.3,26329.7,2.7000000000007276,0.11,0.06,0.05,True,True,False,FULL_TP2,47.18628474136203,52.42920526817944,0.55,99.06549000954148,5756.652271137588,1.7510202466534528,18.95224209328055,52.42920526817906,2026-04,6923.849836966736
178,NAS100,BUY,2026-04-17 07:15:00.001000+00:00,2026-04-17 15:05:44.597000+00:00,470.74326666666667,26347.3,26344.5,2.599999999998545,0.1,0.05,0.05,True,True,False,FULL_TP2,43.77147448425785,58.36196597900926,0.5,101.6334404632671,5657.586781128047,1.8292709501247628,22.220140234740196,58.36196597900962,2026-04,7025.483277430003
206,XAUUSD,BUY,2026-04-17 18:50:00.020000+00:00,2026-04-17 21:00:00.040000+00:00,130.00033333333334,4869.09,4863.46,0.31999999999970896,0.03,0.02,0.01,False,False,False,EOD_EXIT,-1.780000000000655,-0.8900000000003275,0.15,-2.8200000000009826,6266.011006292414,-0.04498446356538202,27.602746796891736,21.28928866522784,2026-04,7022.663277430002
180,NAS100,BUY,2026-04-20 09:55:00.108000+00:00,2026-04-20 16:08:54.251000+00:00,373.9023833333333,26565.2,26534.4,2.600000000002183,0.08,0.04,0.04,True,True,False,FULL_TP2,41.995034285139994,55.993379046852354,0.4,97.58841333199234,5854.240684469581,1.6952285588149243,25.24818722540112,69.99172380856545,2026-04,7120.251690761995
181,NAS100,BUY,2026-04-20 11:45:00.422000+00:00,2026-04-20 16:30:01.523000+00:00,285.01835,26554.2,26550.1,2.599999999998545,0.08,0.04,0.04,True,True,False,FULL_TP2,41.827657113206804,55.770209484275256,0.4,97.19786659748206,5951.438551067063,1.6602984372564893,23.463054880601437,69.71276185534467,2026-04,7217.449557359477
183,NAS100,BUY,2026-04-20 14:40:00.108000+00:00,2026-04-20 17:41:01.587000+00:00,181.02464999999998,26587.4,26583.5,2.7999999999992724,0.09,0.04,0.05,True,False,True,TP1_THEN_BE,39.717296894211906,1.3999999999996362,0.44999999999999996,40.66729689421154,6032.6731448554865,0.6786925434668628,21.33873617287131,66.19549482368545,2026-04,7258.116854253688
182,NAS100,BUY,2026-04-20 14:10:00.064000+00:00,2026-04-20 17:41:02.337000+00:00,211.03788333333333,26582.0,26582.9,2.600000000002183,0.09,0.04,0.05,True,False,True,TP1_THEN_BE,39.717296894211906,1.3000000000010914,0.44999999999999996,40.567296894212994,5992.005847961275,0.681638507162936,21.33873617287131,66.19549482368545,2026-04,7298.684151147901
210,XAUUSD,SELL,2026-04-21 14:10:00.018000+00:00,2026-04-21 14:41:44.305000+00:00,31.738116666666667,4781.78,4780.26,0.3099999999994907,0.05,0.02,0.03,False,False,False,SL,-27.62938649806529,-41.44407974709793,0.25,-69.32346624516322,6221.236513160778,-1.1020237700954232,16.882062882690704,15.349659165592067,2026-04,7229.360684902737
207,XAUUSD,SELL,2026-04-21 11:10:00.020000+00:00,2026-04-21 14:42:37.549000+00:00,212.62548333333334,4775.89,4780.34,0.36999999999989086,0.04,0.02,0.02,False,False,False,SL,-29.17695518920846,-29.17695518920846,0.2,-58.55391037841692,6207.457095913997,-0.9344686806265786,15.64891227973197,16.209419549560547,2026-04,7170.806774524321
209,XAUUSD,SELL,2026-04-21 12:55:00.022000+00:00,2026-04-21 15:34:19.419000+00:00,159.32328333333334,4783.66,4787.64,0.2599999999993088,0.04,0.02,0.02,True,False,True,TP1_THEN_BE,41.21144174597248,0.5199999999986176,0.2,41.531441745971094,6290.559979405941,0.664606370345095,16.122362359994238,16.35374672459197,2026-04,7212.338216270292
211,XAUUSD,SELL,2026-04-21 15:25:00+00:00,2026-04-21 16:39:14.327000+00:00,74.23878333333333,4780.34,4782.6,0.31999999999970896,0.04,0.02,0.02,True,False,True,TP1_THEN_BE,40.06900244748613,0.6399999999994179,0.2,40.50900244748554,6261.745515608263,0.6511406914331317,16.297734472479185,15.900397796621169,2026-04,7252.847218717778
208,XAUUSD,SELL,2026-04-21 12:25:00.029000+00:00,2026-04-21 16:39:41.208000+00:00,254.68631666666667,4782.27,4785.45,0.27999999999974534,0.04,0.02,0.02,True,False,True,TP1_THEN_BE,41.21144174597248,0.5599999999994907,0.2,41.57144174597197,6249.0285376599695,0.6697016363324685,16.122362359994238,16.35374672459197,2026-04,7294.41866046375
212,XAUUSD,SELL,2026-04-21 17:15:00.088000+00:00,2026-04-21 17:45:17.115000+00:00,30.283783333333336,4777.6,4778.53,0.32999999999992724,0.04,0.02,0.02,True,True,False,FULL_TP2,45.91012149808739,72.14447663985084,0.2,117.85459813793823,6379.600113746202,1.8821365040174405,17.154771999240285,18.218302181780444,2026-04,7412.273258601688
184,NAS100,BUY,2026-04-21 17:10:00.071000+00:00,2026-04-21 17:46:09.813000+00:00,36.16236666666667,26736.2,26743.0,2.7999999999992724,0.11,0.06,0.05,False,False,False,SL,-33.62298531627457,-28.019154430228813,0.55,-62.192139746503386,5970.4810051089835,-1.0309217531458552,15.290896628218892,56.03830886045685,2026-04,7350.081118855185
213,XAUUSD,BUY,2026-04-22 13:50:00.010000+00:00,2026-04-22 16:02:06.958000+00:00,132.1158,4757.4,4757.45,0.27999999999974534,0.04,0.02,0.02,False,False,False,SL,-33.155637833049695,-33.155637833049695,0.2,-66.5112756660994,6313.0888380801025,-1.0425618295853174,22.346979304606222,18.419798796138505,2026-04,7283.569843189086
188,NAS100,BUY,2026-04-22 16:15:00.039000+00:00,2026-04-22 17:21:25.623000+00:00,66.4264,26745.9,26719.5,3.0,0.1,0.05,0.05,True,True,False,FULL_TP2,48.09748765506265,64.12998354008232,0.5,111.72747119514497,6393.519223594614,1.7785924080095172,17.90201755368519,64.12998354008323,2026-04,7395.297314384231
189,NAS100,BUY,2026-04-22 16:50:00.079000+00:00,2026-04-22 17:21:36.639000+00:00,31.609333333333332,26744.5,26722.1,2.599999999998545,0.1,0.05,0.05,True,True,False,FULL_TP2,48.09748765506265,64.12998354008232,0.5,111.72747119514497,6505.246694789759,1.7475113046164998,17.90201755368519,64.12998354008323,2026-04,7507.024785579376
187,NAS100,BUY,2026-04-22 14:55:00.151000+00:00,2026-04-22 17:21:38.672000+00:00,146.64201666666668,26715.5,26721.7,2.600000000002183,0.09,0.04,0.05,True,True,False,FULL_TP2,39.16252109061461,65.27086848435647,0.44999999999999996,103.98338957497107,6281.791752399469,1.683176030527269,19.155319764802222,65.27086848435681,2026-04,7611.008175154347
185,NAS100,BUY,2026-04-22 08:20:00.195000+00:00,2026-04-22 17:22:19.210000+00:00,542.3169166666667,26727.1,26716.6,2.6999999999970896,0.08,0.04,0.04,True,True,False,FULL_TP2,42.6455175753872,56.86069010051724,0.4,99.10620767590444,6069.587212784888,1.6599367386161776,21.784743529010324,71.07586262564591,2026-04,7710.114382830251
186,NAS100,BUY,2026-04-22 12:10:00.424000+00:00,2026-04-22 17:26:22.333000+00:00,316.36514999999997,26729.5,26726.7,2.600000000002183,0.09,0.04,0.05,True,True,False,FULL_TP2,40.75168126485369,67.91946877475675,0.44999999999999996,108.22115003961044,6177.8083628244985,1.7830067555772988,19.7546758823689,67.91946877475706,2026-04,7818.335532869862
214,XAUUSD,SELL,2026-04-22 17:05:00.021000+00:00,2026-04-22 21:00:00.383000+00:00,235.0060333333333,4745.89,4745.45,0.3000000000001819,0.04,0.02,0.02,False,False,False,EOD_EXIT,16.079999999999927,16.079999999999927,0.2,31.959999999999855,6345.0488380801025,0.5062498060730496,20.356105231320775,18.19562873324944,2026-04,7850.295532869862
215,XAUUSD,SELL,2026-04-23 08:35:00.184000+00:00,2026-04-23 11:00:22.778000+00:00,145.37656666666666,4702.89,4706.15,0.4000000000005457,0.04,0.02,0.02,False,False,False,SL,-33.62307338059327,-33.62307338059327,0.2,-67.44614676118654,6277.602691318916,-1.06297285462021,30.77656881652033,18.679485211441,2026-04,7782.849386108675
217,XAUUSD,SELL,2026-04-23 11:40:00.169000+00:00,2026-04-23 14:46:25.913000+00:00,186.42906666666667,4703.85,4707.77,0.27999999999974534,0.04,0.02,0.02,True,False,True,TP1_THEN_BE,46.56961745773697,0.5599999999994907,0.2,46.929617457736455,6371.667404500369,0.7420009973200826,32.57536174892521,18.480006927673415,2026-04,7829.779003566412
216,XAUUSD,SELL,2026-04-23 10:20:00+00:00,2026-04-23 14:52:38.033000+00:00,272.6338833333333,4705.31,4712.34,0.27999999999974534,0.04,0.02,0.02,True,False,True,TP1_THEN_BE,46.77509572371673,0.5599999999994907,0.2,47.13509572371622,6324.737787042633,0.7508454746411037,32.060546213399185,18.561545922109826,2026-04,7876.914099290128
190,NAS100,BUY,2026-04-23 13:30:00.274000+00:00,2026-04-23 16:48:15.288000+00:00,198.2502333333333,26862.6,26828.1,2.599999999998545,0.09,0.04,0.05,True,True,False,FULL_TP2,41.90813067254058,69.8468844542349,0.44999999999999996,111.30501512677547,6616.5517099165345,1.7110037535689904,26.71613179007398,69.8468844542349,2026-04,7988.219114416904
191,NAS100,BUY,2026-04-23 17:35:00.065000+00:00,2026-04-23 20:09:41.953000+00:00,154.69813333333335,26914.7,26924.2,2.600000000002183,0.08,0.04,0.04,False,False,False,SL,-31.437195615340897,-31.437195615340897,0.4,-63.27439123068179,6553.277318685853,-0.9563046433363396,22.285112422664135,78.59298903835395,2026-04,7924.944723186222
218,XAUUSD,SELL,2026-04-23 20:05:00.044000+00:00,2026-04-23 20:42:09.382000+00:00,37.155633333333334,4710.93,4725.69,0.28000000000065484,0.04,0.02,0.02,True,True,False,FULL_TP2,49.0091614865687,77.01439662175108,0.2,125.82355810831977,6497.490962608689,1.9747351850074504,23.136763714799674,19.44807995498742,2026-04,8050.768281294542
219,XAUUSD,SELL,2026-04-24 09:30:00.094000+00:00,2026-04-24 10:46:07.303000+00:00,76.12015,4672.15,4671.56,0.2899999999999636,0.04,0.02,0.02,False,False,False,SL,-36.09418206756527,-36.09418206756527,0.2,-72.38836413513054,6425.102598473559,-1.1140971884640716,30.330829363414395,20.052323370869846,2026-04,7978.379917159412
193,NAS100,BUY,2026-04-24 12:30:00.803000+00:00,2026-04-24 14:07:20.383000+00:00,97.32633333333334,26985.9,26984.1,2.5,0.09,0.04,0.05,True,True,False,FULL_TP2,46.535967172236994,77.55994528706287,0.44999999999999996,123.64591245929986,6785.1071545470395,1.856137984832717,16.42327636086543,77.55994528706196,2026-04,8102.025829618712
192,NAS100,BUY,2026-04-24 12:10:00.004000+00:00,2026-04-24 14:07:22.201000+00:00,117.36995,26986.4,26985.3,2.599999999998545,0.08,0.04,0.04,True,True,False,FULL_TP2,46.535967172236994,62.04795622964885,0.4,108.18392340188583,6661.461242087739,1.650836949832916,16.42327636086543,77.55994528706196,2026-04,8210.209753020597
220,XAUUSD,SELL,2026-04-24 12:30:00.033000+00:00,2026-04-24 14:07:41.012000+00:00,97.68298333333334,4682.72,4683.19,0.33000000000083674,0.04,0.02,0.02,False,False,False,SL,-35.810373178732334,-35.810373178732334,0.2,-71.82074635746467,6353.281852116094,-1.1178147781566548,29.395063362751557,19.89465176596244,2026-04,8138.389006663133
194,NAS100,BUY,2026-04-24 17:45:00.050000+00:00,2026-04-24 20:54:43.539000+00:00,189.72481666666667,27148.5,27142.4,2.600000000002183,0.08,0.04,0.04,True,True,False,FULL_TP2,54.071255874191415,72.09500783225522,0.4,125.76626370644664,6910.873418253486,1.8535634123650409,18.23834425441459,90.11875979031984,2026-04,8264.15527036958
221,XAUUSD,BUY,2026-04-27 10:10:00.175000+00:00,2026-04-27 12:29:54.395000+00:00,139.90366666666665,4717.09,4717.53,0.27999999999974534,0.04,0.02,0.02,False,False,False,SL,-31.851015664320588,-31.851015664320588,0.2,-63.90203132864118,6289.379820787453,-1.0058113714466683,17.12940842672839,17.695008702400372,2026-04,8200.253239040938
195,NAS100,SELL,2026-04-28 12:15:00.153000+00:00,2026-04-28 14:06:59.812000+00:00,111.99431666666666,27230.2,27237.7,2.599999999998545,0.12,0.06,0.06,True,True,False,FULL_TP2,50.87435085385295,67.83246780513727,0.6,118.10681865899022,7028.980236912476,1.7089998833872164,17.13002144246349,56.52705650428135,2026-04,8318.360057699929
222,XAUUSD,SELL,2026-04-28 16:05:00.031000+00:00,2026-04-28 18:50:07.882000+00:00,165.13085,4573.16,4584.05,0.27999999999974534,0.03,0.02,0.01,True,False,True,TP1_THEN_BE,52.5666932269105,0.27999999999974534,0.15,52.69669322691025,6342.076514014364,0.8378678777315827,35.470958091133,20.859798899567647,2026-04,8371.056750926839
196,NAS100,SELL,2026-04-28 17:35:00.072000+00:00,2026-04-28 20:57:07.769000+00:00,202.12828333333334,26967.6,27039.7,2.599999999998545,0.09,0.04,0.05,True,False,True,TP1_THEN_BE,47.99821401496884,1.2999999999992726,0.44999999999999996,48.84821401496811,7077.8284509274445,0.6949544936610178,26.829497970231543,79.99702335828106,2026-04,8419.904964941807
223,XAUUSD,SELL,2026-04-29 06:45:00.077000+00:00,2026-04-29 11:36:08.144000+00:00,291.13444999999996,4592.89,4593.88,0.32999999999992724,0.04,0.02,0.02,True,True,False,FULL_TP2,43.47347065625581,68.31545388840095,0.2,111.58892454465676,6453.665438559021,1.759501391982166,43.326770618987204,17.251377244545907,2026-04,8531.493889486463
224,XAUUSD,SELL,2026-04-29 12:25:00.022000+00:00,2026-04-29 16:20:06.175000+00:00,235.10255,4565.99,4571.9,0.28000000000065484,0.04,0.02,0.02,True,True,False,FULL_TP2,43.01014850424326,67.58737622095396,0.2,110.39752472519721,6564.062963284218,1.7106174123250935,42.93310454799194,17.06751924771578,2026-04,8641.89141421166
225,XAUUSD,SELL,2026-04-29 14:20:00.104000+00:00,2026-04-29 16:30:40.023000+00:00,130.66531666666666,4566.17,4568.27,0.26999999999952706,0.04,0.02,0.02,True,True,False,FULL_TP2,45.92610967967994,72.16960092521003,0.2,117.89571060488997,6681.9586738891085,1.7960783018739181,44.85564881892825,18.224646698285518,2026-04,8759.787124816548
227,XAUUSD,SELL,2026-04-29 20:30:00.043000+00:00,2026-04-29 21:00:00.126000+00:00,30.001383333333333,4544.26,4547.07,0.28000000000065484,0.04,0.02,0.02,False,False,False,EOD_EXIT,-1.860000000000582,-1.860000000000582,0.2,-3.9200000000011643,6667.638673889107,-0.05875688413478414,50.111568822838635,20.870732780227627,2026-04,8755.867124816546
226,XAUUSD,SELL,2026-04-29 20:00:00.044000+00:00,2026-04-29 21:00:00.126000+00:00,60.00136666666666,4544.98,4545.45,0.27999999999974534,0.04,0.02,0.02,False,False,False,EOD_EXIT,-5.100000000000364,-5.100000000000364,0.2,-10.400000000000727,6671.558673889108,-0.15564298595021991,50.111568822838635,20.870732780227627,2026-04,8745.467124816545
228,XAUUSD,BUY,2026-04-30 15:55:00.035000+00:00,2026-04-30 16:47:01.547000+00:00,52.025200000000005,4639.48,4635.12,0.31999999999970896,0.04,0.02,0.02,False,False,False,SL,-37.77894159822063,-37.77894159822063,0.2,-75.75788319644126,6591.880790692666,-1.13620258837831,33.78266593060985,20.988300887900696,2026-04,8669.709241620103
229,XAUUSD,BUY,2026-04-30 20:15:00.034000+00:00,2026-04-30 21:00:00.077000+00:00,45.00071666666667,4617.69,4616.13,0.27999999999974534,0.04,0.02,0.02,False,False,False,EOD_EXIT,2.100000000000364,2.100000000000364,0.2,4.000000000000727,6595.880790692667,0.06068070899656565,28.96093551325712,20.321553782596716,2026-04,8673.709241620103
197,NAS100,BUY,2026-04-30 18:05:00.057000+00:00,2026-04-30 21:00:00.112000+00:00,175.00091666666668,27299.1,27276.4,3.0,0.05,0.02,0.03,False,False,False,EOD_EXIT,32.53999999999942,48.80999999999912,0.25,81.09999999999854,7158.928450927443,1.1458316708618672,16.766779480833467,129.89020726809622,2026-04,8754.809241620102
230,XAUUSD,BUY,2026-05-01 06:30:00.048000+00:00,2026-05-01 07:41:30.463000+00:00,71.50691666666667,4630.21,4626.56,0.32000000000061846,0.05,0.02,0.03,False,False,False,SL,-29.19391343661846,-43.79087015492769,0.25,-73.23478359154615,6522.646007101121,-1.1103109033578424,23.218168143107587,16.218840798121324,2026-05,8681.574458028555
198,NAS100,BUY,2026-05-01 20:10:00.045000+00:00,2026-05-01 21:00:00.129000+00:00,50.0014,27754.0,27745.1,2.599999999998545,0.08,0.04,0.04,False,False,False,EOD_EXIT,14.2,14.2,0.4,28.0,7186.928450927443,0.39111998662834224,20.14503573470373,92.70546825827296,2026-05,8709.574458028555
199,NAS100,BUY,2026-05-04 10:20:00.052000+00:00,2026-05-04 11:05:42.234000+00:00,45.70303333333333,27844.3,27846.5,2.599999999998545,0.1,0.05,0.05,False,False,False,SL,-37.18561830379622,-37.18561830379622,0.5,-74.87123660759244,7112.057214319851,-1.0417696115776778,31.73778287987439,74.37123660759345,2026-05,8634.703221420963
200,NAS100,BUY,2026-05-04 12:25:00.154000+00:00,2026-05-04 13:02:45.897000+00:00,37.76238333333333,27815.3,27816.9,2.600000000002183,0.1,0.05,0.05,False,False,False,SL,-36.12739537419293,-36.12739537419293,0.5,-72.75479074838586,7039.302423571465,-1.022978141990997,30.95158539837671,72.25479074838411,2026-05,8561.948430672577
231,XAUUSD,SELL,2026-05-04 12:50:00.077000+00:00,2026-05-04 13:06:42.257000+00:00,16.703,4579.26,4582.02,0.27999999999974534,0.04,0.02,0.02,True,True,False,FULL_TP2,44.997366108742426,70.710146742309,0.2,115.50751285105143,6638.153519952172,1.7708689498908863,15.961076183336505,17.856097662199232,2026-05,8677.455943523628
232,XAUUSD,SELL,2026-05-04 16:25:00.053000+00:00,2026-05-04 17:22:08.556000+00:00,57.14171666666667,4560.78,4562.65,0.3000000000001819,0.04,0.02,0.02,False,False,False,SL,-35.595322615423356,-35.595322615423356,0.2,-71.39064523084672,6566.762874721326,-1.0754593881607166,20.988920869691352,19.775179230791128,2026-05,8606.06529829278
233,XAUUSD,SELL,2026-05-04 16:45:00.101000+00:00,2026-05-04 17:40:17.470000+00:00,55.28948333333334,4561.48,4565.28,0.3100000000004002,0.04,0.02,0.02,False,False,False,SL,-35.595322615423356,-35.595322615423356,0.2,-71.39064523084672,6495.372229490479,-1.0871512584330423,20.988920869691352,19.775179230791128,2026-05,8534.674653061933
234,XAUUSD,SELL,2026-05-04 18:05:00.058000+00:00,2026-05-04 18:21:45.868000+00:00,16.7635,4557.9,4561.13,0.38000000000010914,0.04,0.02,0.02,True,True,False,FULL_TP2,51.69876801433384,81.24092116538122,0.2,132.73968917971507,6628.111918670194,2.043604038226577,22.581704380287565,20.51538413267193,2026-05,8667.414342241647
201,NAS100,BUY,2026-05-05 08:10:00.015000+00:00,2026-05-05 15:11:38.740000+00:00,421.6454166666666,27742.0,27739.3,2.599999999998545,0.1,0.05,0.05,True,True,False,FULL_TP2,51.98326598354107,69.31102131138687,0.5,120.79428729492793,7160.096710866393,1.7159979785843846,20.505269652461756,69.31102131138691,2026-05,8788.208629536575
202,NAS100,BUY,2026-05-05 09:35:00.072000+00:00,2026-05-05 15:14:06.021000+00:00,339.09915,27768.9,27760.3,2.599999999998545,0.11,0.06,0.05,True,True,False,FULL_TP2,60.14849638165978,66.83166264628744,0.55,126.43015902794723,7286.52686989434,1.7657604936546845,19.28822366414028,66.83166264628801,2026-05,8914.638788564522
203,NAS100,BUY,2026-05-05 14:40:00.069000+00:00,2026-05-05 16:41:41.754000+00:00,121.69475000000001,27845.2,27846.2,2.600000000002183,0.12,0.06,0.06,True,True,False,FULL_TP2,55.69482036323389,74.25976048430967,0.6,129.35458084754356,7415.881450741884,1.775257034760915,18.098511962152102,61.883133736925394,2026-05,9043.993369412065
204,NAS100,BUY,2026-05-06 06:10:00.216000+00:00,2026-05-06 11:52:38.245000+00:00,342.63381666666663,28213.1,28199.3,2.599999999998545,0.1,0.05,0.05,True,True,False,FULL_TP2,55.669378050079104,74.22583740010487,0.5,129.39521545018397,7545.276666192068,1.7448393196366332,34.395647287418385,74.22583740010458,2026-05,9173.388584862249
206,NAS100,BUY,2026-05-06 10:45:00.034000+00:00,2026-05-06 11:55:20.803000+00:00,70.34615000000001,28257.6,28249.2,2.600000000002183,0.11,0.06,0.05,True,True,False,FULL_TP2,60.5413840010915,67.26820444565783,0.55,127.25958844674933,7799.795843085566,1.6586378248758118,35.30807216257866,67.26820444565783,2026-05,9300.648173308999
205,NAS100,BUY,2026-05-06 10:05:00.196000+00:00,2026-05-06 11:55:22.407000+00:00,110.37018333333334,28252.2,28252.9,2.600000000002183,0.11,0.06,0.05,True,True,False,FULL_TP2,60.5413840010915,67.26820444565783,0.55,127.25958844674933,7672.536254638817,1.6866126197460485,35.30807216257866,67.26820444565783,2026-05,9427.907761755749
235,XAUUSD,BUY,2026-05-06 16:35:00.008000+00:00,2026-05-06 20:40:00.503000+00:00,245.00825,4694.08,4698.01,0.28000000000065484,0.04,0.02,0.02,False,False,False,SL,-37.82200489658862,-37.82200489658862,0.2,-75.84400979317725,6552.267908877017,-1.1442777479290651,44.65164290692275,21.012224942549008,2026-05,9352.06375196257
207,NAS100,BUY,2026-05-06 17:35:00.260000+00:00,2026-05-06 21:00:00.046000+00:00,204.99643333333333,28408.7,28397.0,2.599999999998545,0.09,0.04,0.05,False,False,False,EOD_EXIT,44.719999999999715,55.89999999999964,0.44999999999999996,100.16999999999935,7899.965843085565,1.284264383519717,39.023545298291104,90.2854550600824,2026-05,9452.23375196257
236,XAUUSD,BUY,2026-05-07 08:35:00.148000+00:00,2026-05-07 09:38:04.936000+00:00,63.0798,4705.07,4703.53,0.32999999999992724,0.04,0.02,0.02,True,True,False,FULL_TP2,44.35710949138411,69.70402920074775,0.2,113.86113869213186,6666.129047569149,1.7377363116955689,38.10047765027732,17.602027575946266,2026-05,9566.094890654702
209,NAS100,BUY,2026-05-07 15:10:00.001000+00:00,2026-05-07 17:21:59.043000+00:00,131.98403333333334,28652.8,28650.2,2.600000000002183,0.12,0.06,0.06,True,True,False,FULL_TP2,59.741308260143704,79.65507768019233,0.6,138.79638594033605,8181.028336961651,1.7258441037964563,42.05194236547669,66.37923140016046,2026-05,9704.891276595037
208,NAS100,BUY,2026-05-07 14:05:00.191000+00:00,2026-05-07 17:22:22.667000+00:00,197.37460000000002,28653.4,28657.3,2.599999999998545,0.12,0.06,0.06,True,True,False,FULL_TP2,61.22833197246436,81.6377759632851,0.6,142.26610793574946,8042.231951021315,1.8008445955531274,42.0288870050189,68.03147996940375,2026-05,9847.157384530787
237,XAUUSD,BUY,2026-05-07 13:40:00.041000+00:00,2026-05-07 18:28:30.098000+00:00,288.50095,4739.16,4736.49,0.3099999999994907,0.04,0.02,0.02,True,False,True,TP1_THEN_BE,49.37300963806956,0.6199999999989814,0.2,49.79300963806854,6715.922057207218,0.7469553811927164,41.58807201832341,19.592464142090854,2026-05,9896.950394168854
238,XAUUSD,BUY,2026-05-07 14:40:00.077000+00:00,2026-05-07 18:47:02.391000+00:00,247.03856666666667,4736.77,4735.57,0.3400000000001455,0.04,0.02,0.02,True,False,True,TP1_THEN_BE,48.276366092492026,0.680000000000291,0.2,48.756366092492314,6764.678423299711,0.7259817144567547,41.83065909526769,19.15728813194151,2026-05,9945.706760261346
210,NAS100,BUY,2026-05-08 13:15:00.167000+00:00,2026-05-08 16:45:01.552000+00:00,210.02308333333335,28777.8,28771.6,2.5,0.11,0.06,0.05,True,True,False,FULL_TP2,64.79309568288082,71.99232853653302,0.55,136.23542421941383,8317.263761181064,1.6652603879136578,24.790937230431716,71.9923285365339,2026-05,10081.94218448076
211,NAS100,BUY,2026-05-08 16:30:00.018000+00:00,2026-05-08 16:45:14.068000+00:00,15.234166666666665,28875.4,28793.6,3.399999999997817,0.12,0.06,0.06,True,True,False,FULL_TP2,63.90768994726314,85.21025326301752,0.6,148.51794321028066,8465.781704391346,1.7856586910644143,27.26430472038903,71.0085443858474,2026-05,10230.460127691042
239,XAUUSD,BUY,2026-05-08 11:35:00.245000+00:00,2026-05-08 17:10:31.022000+00:00,335.51295,4721.27,4719.54,0.27999999999974534,0.03,0.02,0.01,True,False,True,TP1_THEN_BE,56.1115563184485,0.27999999999974534,0.15,56.24155631844825,6820.919979618159,0.8314002942805734,21.360401486993354,22.266490602558804,2026-05,10286.70168400949
240,XAUUSD,BUY,2026-05-08 13:20:00.286000+00:00,2026-05-08 17:10:32.099000+00:00,230.53021666666666,4721.28,4718.23,0.27999999999974534,0.04,0.02,0.02,True,False,True,TP1_THEN_BE,54.04161743784607,0.5599999999994907,0.2,54.40161743784556,6875.321597056005,0.7975700873255371,18.778900390666927,21.44508628485938,2026-05,10341.103301447334
241,XAUUSD,BUY,2026-05-08 15:40:00.059000+00:00,2026-05-08 18:14:26.204000+00:00,154.43575,4723.7,4725.84,0.27999999999974534,0.04,0.02,0.02,False,False,False,SL,-37.05520024415455,-37.05520024415455,0.2,-74.3104004883091,6801.011196567696,-1.080827993851642,17.295206678794962,20.586222357863427,2026-05,10266.792900959024
242,XAUUSD,SELL,2026-05-11 10:50:00.058000+00:00,2026-05-11 15:23:04.379000+00:00,273.0720166666667,4669.11,4667.32,0.28000000000065484,0.04,0.02,0.02,False,False,False,SL,-38.471745353723236,-38.471745353723236,0.2,-77.14349070744647,6723.86770586025,-1.1342944229584404,23.756134153582522,21.37319186317985,2026-05,10189.649410251577
243,XAUUSD,SELL,2026-05-11 11:35:00.035000+00:00,2026-05-11 15:23:45.429000+00:00,228.75656666666666,4670.16,4671.73,0.28000000000065484,0.04,0.02,0.02,False,False,False,SL,-37.76676354274423,-37.76676354274423,0.2,-75.73352708548846,6648.1341787747615,-1.126338744283773,25.35211915311865,20.981535301524108,2026-05,10113.915883166088
214,NAS100,BUY,2026-05-11 14:05:00.191000+00:00,2026-05-11 15:47:54.577000+00:00,102.90643333333334,29255.2,29245.5,2.599999999998545,0.12,0.06,0.06,False,False,False,SL,-40.39690771248352,-40.39690771248352,0.6,-81.39381542496703,8217.341058382268,-0.9807978765759239,41.95174479993793,67.32817952080724,2026-05,10032.522067741122
215,NAS100,BUY,2026-05-11 16:30:00.014000+00:00,2026-05-11 16:59:05.599000+00:00,29.093083333333333,29343.4,29224.5,2.599999999998545,0.12,0.06,0.06,True,False,True,TP1_THEN_BE,63.40758216895264,1.5599999999991268,0.6,64.36758216895177,8281.70864055122,0.7833139906404675,40.61332807172728,70.45286907661435,2026-05,10096.889649910074
213,NAS100,BUY,2026-05-11 09:20:00.109000+00:00,2026-05-11 17:31:43.130000+00:00,491.71701666666667,29264.2,29250.1,2.599999999998545,0.11,0.06,0.05,False,False,False,SL,-43.795672780147285,-36.49639398345607,0.55,-80.84206676360336,8298.734873807234,-0.9647511722482757,46.594801034492896,72.99278796691176,2026-05,10016.04758314647
212,NAS100,BUY,2026-05-11 07:45:00.376000+00:00,2026-05-11 17:31:43.130000+00:00,586.7125666666667,29248.4,29254.3,2.599999999998545,0.11,0.06,0.05,False,False,False,SL,-46.72078026573145,-38.933983554776205,0.55,-86.20476382050765,8379.576940570838,-1.0182729348642638,47.254106656006655,77.86796710955419,2026-05,9929.842819325962
216,NAS100,BUY,2026-05-11 20:30:00.117000+00:00,2026-05-11 21:00:00.049000+00:00,29.998866666666668,29365.7,29355.4,2.600000000002183,0.1,0.05,0.05,False,False,False,EOD_EXIT,1.5499999999992724,1.5499999999992724,0.5,2.599999999998545,8284.308640551219,0.03139448769385217,39.13491739563526,86.90782990673613,2026-05,9932.442819325961
244,XAUUSD,BUY,2026-05-11 20:55:00.039000+00:00,2026-05-11 21:00:00.169000+00:00,5.002166666666667,4723.64,4722.43,0.28000000000065484,0.03,0.02,0.01,False,False,False,EOD_EXIT,2.279999999998836,1.139999999999418,0.15,3.269999999998254,6651.40417877476,0.04918673287970413,27.309370300877873,22.316987987288773,2026-05,9935.71281932596
217,NAS100,SELL,2026-05-12 13:35:00.115000+00:00,2026-05-12 16:45:02.741000+00:00,190.04376666666667,29124.2,29130.8,2.600000000002183,0.11,0.06,0.05,False,False,False,SL,-46.73438221152318,-38.94531850960266,0.55,-86.22970072112584,8198.078939830093,-1.040879866535107,33.35955916113124,77.89063701920671,2026-05,9849.483118604834
218,NAS100,SELL,2026-05-12 17:00:00.041000+00:00,2026-05-12 17:19:06.648000+00:00,19.110116666666666,29031.4,29049.2,2.7999999999992724,0.09,0.04,0.05,False,False,False,SL,-35.18167621725879,-43.97709527157349,0.44999999999999996,-79.60877148883229,8118.47016834126,-0.9710661738331858,36.17180630154869,87.95419054314779,2026-05,9769.874347116001
246,XAUUSD,SELL,2026-05-12 13:30:00.095000+00:00,2026-05-12 18:16:21.570000+00:00,286.35791666666665,4695.27,4700.19,0.3000000000001819,0.04,0.02,0.02,True,True,False,FULL_TP2,45.93864056826533,72.18929232156188,0.2,117.9279328898272,6890.774008622865,1.7411872582245809,19.362365104782604,18.229619273121525,2026-05,9887.802280005828
245,XAUUSD,SELL,2026-05-12 12:10:00.066000+00:00,2026-05-12 18:17:29.129000+00:00,367.4843833333333,4697.72,4699.37,0.3599999999996726,0.04,0.02,0.02,True,True,False,FULL_TP2,47.3051821504414,74.33671480783596,0.2,121.44189695827735,6772.846075733038,1.8258084111894686,19.701155556479954,18.771897678746303,2026-05,10009.244176964105
247,XAUUSD,SELL,2026-05-12 15:30:00.173000+00:00,2026-05-12 18:18:14.319000+00:00,168.23576666666668,4692.83,4697.42,1.069999999999709,0.04,0.02,0.02,True,True,False,FULL_TP2,47.58294416345416,74.77319797114251,0.2,122.15614213459666,7012.930150757462,1.7727492148448765,19.638720819836507,18.88212069978331,2026-05,10131.4003190987
248,XAUUSD,SELL,2026-05-12 16:05:00.001000+00:00,2026-05-12 18:20:49.760000+00:00,135.82931666666667,4695.53,4696.39,0.36999999999989086,0.04,0.02,0.02,True,True,False,FULL_TP2,48.2521624374931,75.8248266874889,0.2,123.87698912498199,7136.807139882444,1.7664084264635393,19.52551602607045,19.147683506941608,2026-05,10255.277308223682
250,XAUUSD,SELL,2026-05-13 10:05:00.007000+00:00,2026-05-13 19:09:54.358000+00:00,544.90585,4698.69,4700.87,0.27999999999974534,0.05,0.02,0.03,True,False,True,TP1_THEN_BE,43.20597328412441,0.839999999999236,0.25,43.79597328412365,7225.23070348425,0.6098499106306461,15.68853186491447,17.14522749370015,2026-05,10299.073281507804
249,XAUUSD,SELL,2026-05-13 08:40:00.168000+00:00,2026-05-13 19:09:54.374000+00:00,629.9034333333333,4696.86,4701.1,0.27999999999974534,0.05,0.02,0.03,True,False,True,TP1_THEN_BE,44.03759031768277,0.839999999999236,0.25,44.62759031768201,7181.434730200126,0.6253159072814332,17.416864851759417,17.47523425304875,2026-05,10343.700871825487
219,NAS100,BUY,2026-05-13 17:45:00.196000+00:00,2026-05-13 20:01:46.615000+00:00,136.77365,29194.1,29192.7,2.400000000001455,0.08,0.04,0.04,True,True,False,FULL_TP2,60.64257753178826,80.85677004238389,0.4,141.09934757417213,8259.569515915433,1.7380041393069638,22.590160464756693,101.07096255298069,2026-05,10484.80021939966
220,NAS100,BUY,2026-05-14 08:50:00.148000+00:00,2026-05-14 12:37:17.867000+00:00,227.29531666666665,29529.7,29513.4,2.600000000002183,0.09,0.04,0.05,False,False,False,SL,-38.32434669928189,-47.90543337410236,0.44999999999999996,-86.67978007338425,8172.889735842049,-1.049446704290826,21.549909153332475,95.81086674820395,2026-05,10398.120439326276
221,NAS100,BUY,2026-05-14 16:40:00.080000+00:00,2026-05-14 18:20:31.366000+00:00,100.52143333333333,29552.2,29515.5,2.599999999998545,0.09,0.04,0.05,True,True,False,FULL_TP2,52.76965658443515,87.94942764072586,0.44999999999999996,140.269084225161,8313.15882006721,1.7162728087473595,16.383277246351753,87.94942764072573,2026-05,10538.389523551437
222,NAS100,BUY,2026-05-14 20:55:00.155000+00:00,2026-05-14 21:00:00.037000+00:00,4.998033333333334,29657.5,29665.0,2.599999999998545,0.08,0.04,0.04,False,False,False,EOD_EXIT,-3.8399999999994177,-3.8399999999994177,0.4,-8.079999999998835,8305.078820067212,-0.09719530415435404,17.545038547864557,104.26966896206689,2026-05,10530.30952355144
251,XAUUSD,SELL,2026-05-15 07:20:00.426000+00:00,2026-05-15 08:32:06.183000+00:00,72.09594999999999,4610.79,4614.13,0.27999999999974534,0.04,0.02,0.02,True,True,False,FULL_TP2,47.91029738976249,75.28761018391378,0.2,122.99790757367627,7348.228611057926,1.7023388265562582,28.795804373553423,19.01202277371559,2026-05,10653.307431125115
223,NAS100,SELL,2026-05-15 11:00:00.017000+00:00,2026-05-15 12:49:09.383000+00:00,109.1561,29271.2,29333.6,2.600000000002183,0.08,0.04,0.04,True,True,False,FULL_TP2,65.06631627088646,86.75508836118097,0.4,151.4214046320674,8456.500224699279,1.8232386219646013,24.660711479250374,108.4438604514767,2026-05,10804.728835757182
252,XAUUSD,SELL,2026-05-15 10:45:00.119000+00:00,2026-05-15 12:50:01.443000+00:00,125.02206666666666,4574.8,4577.56,0.27999999999974534,0.04,0.02,0.02,True,True,False,FULL_TP2,53.73049043925312,84.43362783311204,0.2,137.96411827236517,7486.1927293302915,1.8775153247784222,36.389143993590835,21.321623190179746,2026-05,10942.692954029546
224,NAS100,SELL,2026-05-15 14:55:00.120000+00:00,2026-05-15 17:13:25.747000+00:00,138.42711666666668,29182.1,29223.3,2.600000000002183,0.07,0.04,0.03,True,False,True,TP1_THEN_BE,71.97921896761545,0.7800000000006547,0.35000000000000003,72.40921896761611,8528.909443666895,0.8562551533567901,30.303999163449095,119.96536494602569,2026-05,11015.102172997162
253,XAUUSD,SELL,2026-05-15 14:45:00.092000+00:00,2026-05-15 17:17:19.730000+00:00,152.3273,4556.52,4551.23,0.28000000000065484,0.04,0.02,0.02,True,False,True,TP1_THEN_BE,57.288094237699625,0.5600000000013097,0.2,57.64809423770093,7543.840823567993,0.7700589114122111,43.435013599970425,22.73337072924622,2026-05,11072.750267234862
225,NAS100,SELL,2026-05-15 16:35:00.007000+00:00,2026-05-15 17:21:10.515000+00:00,46.17513333333333,29095.6,29181.2,2.399999999997817,0.07,0.04,0.03,False,False,False,SL,-47.290299338527255,-35.46772450389544,0.35000000000000003,-83.10802384242268,8445.801419824473,-0.9744273214687981,32.592089959281736,118.22574834631827,2026-05,10989.64224339244
226,NAS100,SELL,2026-05-15 16:55:00.116000+00:00,2026-05-15 17:21:23.770000+00:00,26.394233333333332,29071.7,29189.3,2.7999999999992724,0.07,0.04,0.03,False,False,False,SL,-47.290299338527255,-35.46772450389544,0.35000000000000003,-83.10802384242268,8362.69339598205,-0.9840158406678463,32.592089959281736,118.22574834631827,2026-05,10906.534219550018
227,NAS100,SELL,2026-05-15 19:00:00.047000+00:00,2026-05-15 20:25:15.406000+00:00,85.25598333333333,29208.1,29210.3,2.7999999999992724,0.06,0.03,0.03,False,False,False,SL,-40.62388875184297,-40.62388875184297,0.3,-81.54777750368594,8281.145618478366,-0.9751377175069754,34.522468115508126,135.412962506145,2026-05,10824.986442046333
254,XAUUSD,SELL,2026-05-15 18:30:00+00:00,2026-05-15 21:00:00.029000+00:00,150.00048333333334,4543.82,4546.79,0.27999999999974534,0.03,0.02,0.01,False,False,False,EOD_EXIT,-26.10000000000036,-13.05000000000018,0.15,-39.30000000000054,7504.540823567992,-0.5209547884046274,48.219658846755415,25.072554961422355,2026-05,10785.686442046332
228,NAS100,SELL,2026-05-18 09:00:00.083000+00:00,2026-05-18 10:32:34.057000+00:00,92.56623333333333,28958.6,28979.2,2.7000000000007276,0.06,0.03,0.03,False,False,False,SL,-39.80676312701762,-39.80676312701762,0.3,-79.91352625403523,8201.23209222433,-0.965005688050189,31.215768486155532,132.68921042339375,2026-05,10705.772915792297
255,XAUUSD,SELL,2026-05-19 10:40:00.127000+00:00,2026-05-19 11:00:00.339000+00:00,20.003533333333333,4542.41,4543.37,0.2899999999999636,0.04,0.02,0.02,False,False,False,SL,-34.86306397877706,-34.86306397877706,0.2,-69.92612795755413,7434.6146956104385,-0.9317842303949003,18.395897434696188,19.368368877098288,2026-05,10635.846787834742
256,XAUUSD,SELL,2026-05-19 11:20:00.211000+00:00,2026-05-19 16:23:41.733000+00:00,303.69203333333337,4540.58,4544.35,0.27999999999974534,0.04,0.02,0.02,True,True,False,FULL_TP2,48.53318317241065,76.26643069950114,0.2,124.59961387191179,7559.2143094823505,1.675939089963575,17.54432728790855,19.259199671591215,2026-05,10760.446401706653
257,XAUUSD,SELL,2026-05-19 15:55:00.100000+00:00,2026-05-19 16:25:08.874000+00:00,30.14623333333333,4537.14,4541.21,0.27999999999974534,0.04,0.02,0.02,True,True,False,FULL_TP2,47.83605033806816,75.1709362455349,0.2,122.80698658360306,7682.021296065954,1.624599879772595,16.74701100634357,18.982559657963307,2026-05,10883.253388290255
230,NAS100,SELL,2026-05-19 11:25:00.165000+00:00,2026-05-19 16:33:05.770000+00:00,308.09341666666666,28928.3,28941.6,2.600000000002183,0.06,0.03,0.03,True,False,True,TP1_THEN_BE,58.38458825896669,0.7800000000006547,0.3,58.864588258967345,8409.016160153473,0.7049523323276872,21.650014002027284,129.7435294643702,2026-05,10942.117976549223
231,NAS100,SELL,2026-05-19 16:05:00.033000+00:00,2026-05-19 16:36:38.476000+00:00,31.640716666666666,28794.9,28841.3,2.600000000002183,0.07,0.04,0.03,False,False,False,SL,-50.4160421888315,-37.81203164162362,0.35000000000000003,-88.57807383045511,8320.438086323018,-1.0533702414580504,21.64381999722774,126.0401054720773,2026-05,10853.539902718769
229,NAS100,SELL,2026-05-19 06:55:00.141000+00:00,2026-05-19 17:16:06.794000+00:00,621.1108833333333,28928.0,28937.8,3.0,0.06,0.03,0.03,True,True,False,FULL_TP2,63.95120557293158,85.26827409724174,0.3,148.9194796701733,8350.151571894505,1.8158183794282,21.243149718375488,142.11379016206956,2026-05,11002.459382388943
232,NAS100,SELL,2026-05-19 17:05:00.011000+00:00,2026-05-19 19:26:08.454000+00:00,141.14071666666666,28730.7,28852.0,2.599999999998545,0.06,0.03,0.03,True,False,True,TP1_THEN_BE,61.15247264368918,0.7799999999995634,0.3,61.63247264368874,8382.070558966707,0.7407359084252915,20.376106063594804,135.8943836526432,2026-05,11064.091855032631
258,XAUUSD,SELL,2026-05-19 20:45:00.219000+00:00,2026-05-19 21:00:00.141000+00:00,14.998700000000001,4500.73,4504.49,0.28000000000065484,0.04,0.02,0.02,False,False,False,EOD_EXIT,6.299999999999272,6.299999999999272,0.2,12.399999999998546,7694.421296065952,0.16141585036152814,25.362083183057717,22.626684255600637,2026-05,11076.49185503263
259,XAUUSD,SELL,2026-05-20 09:40:00.014000+00:00,2026-05-20 10:30:28.564000+00:00,50.475833333333334,4466.96,4466.75,0.2899999999999636,0.04,0.02,0.02,False,False,False,SL,-37.82034550146818,-37.82034550146818,0.2,-75.84069100293637,7618.580605063016,-0.9856581552366079,34.8382966423474,21.01130305637129,2026-05,11000.651164029692
260,XAUUSD,SELL,2026-05-20 12:25:00.020000+00:00,2026-05-20 13:36:00.800000+00:00,71.01299999999999,4474.32,4479.2,0.27999999999974534,0.04,0.02,0.02,False,False,False,SL,-35.69173872694046,-35.69173872694046,0.2,-71.58347745388092,7546.9971276091355,-0.9395907343463596,31.851201138958697,19.82874373718936,2026-05,10929.06768657581
234,NAS100,BUY,2026-05-20 20:15:00.056000+00:00,2026-05-20 21:00:00.020000+00:00,44.9994,29218.5,29225.9,2.600000000002183,0.07,0.04,0.03,False,False,False,EOD_EXIT,2.9599999999991273,2.219999999999345,0.35000000000000003,4.829999999998472,8426.240558966705,0.0573538122405839,16.9794643672098,127.97045561002663,2026-05,10933.897686575809
233,NAS100,BUY,2026-05-20 19:40:00.097000+00:00,2026-05-20 21:00:00.020000+00:00,79.99871666666667,29228.7,29176.6,2.599999999998545,0.07,0.04,0.03,False,False,False,EOD_EXIT,22.68000000000029,17.01000000000022,0.35000000000000003,39.34000000000051,8421.410558966707,0.46933510906701453,15.915756260009912,128.10664450310554,2026-05,10973.237686575809
235,NAS100,BUY,2026-05-21 11:05:00.100000+00:00,2026-05-21 13:30:28.352000+00:00,145.47086666666667,29311.3,29289.4,2.600000000002183,0.08,0.04,0.04,False,False,False,SL,-43.446492642203516,-43.446492642203516,0.4,-87.29298528440704,8338.947573682299,-1.0359659764462223,17.643881699944533,108.61623160551012,2026-05,10885.944701291402
263,XAUUSD,SELL,2026-05-21 18:25:00.059000+00:00,2026-05-21 20:00:24.590000+00:00,95.40885,4503.36,4504.4,0.28000000000065484,0.04,0.02,0.02,False,False,False,SL,-35.742805205614786,-35.742805205614786,0.2,-71.68561041122958,7331.445403266895,-0.9683147614000385,20.549668495798016,19.85711400311887,2026-05,10814.259090880172
262,XAUUSD,SELL,2026-05-21 18:05:00.105000+00:00,2026-05-21 20:00:24.735000+00:00,115.4105,4501.56,4504.8,0.27999999999974534,0.04,0.02,0.02,False,False,False,SL,-35.742805205614786,-35.742805205614786,0.2,-71.68561041122958,7403.131013678124,-0.9590283483370796,20.549668495798016,19.85711400311887,2026-05,10742.573480468942
261,XAUUSD,SELL,2026-05-21 17:40:00.071000+00:00,2026-05-21 20:10:28.735000+00:00,150.47773333333333,4504.73,4508.72,0.27999999999974534,0.04,0.02,0.02,False,False,False,SL,-35.99025175989118,-35.99025175989118,0.2,-72.18050351978236,7474.816624089353,-0.956413554945249,20.60832751706902,19.994584311051042,2026-05,10670.392976949159
238,NAS100,BUY,2026-05-22 09:40:00.139000+00:00,2026-05-22 12:28:34.733000+00:00,168.57656666666665,29534.1,29535.6,2.599999999998545,0.08,0.04,0.04,False,False,False,SL,-39.81974212392088,-39.81974212392088,0.4,-80.03948424784177,8247.739817656118,-0.9611143781096905,23.682143603282686,99.54935530980254,2026-05,10590.353492701317
266,XAUUSD,SELL,2026-05-22 11:35:00.048000+00:00,2026-05-22 12:54:20.301000+00:00,79.33755,4521.91,4520.26,0.27999999999974534,0.05,0.02,0.03,False,False,False,SL,-30.407323964875104,-45.610985947312656,0.25,-76.26830991218776,7343.638808694945,-1.027887663457772,15.357663001456958,16.892957758264046,2026-05,10514.08518278913
239,NAS100,BUY,2026-05-22 10:55:00.145000+00:00,2026-05-22 13:15:55.602000+00:00,140.92428333333334,29527.5,29516.1,2.599999999998545,0.09,0.04,0.05,False,False,False,SL,-38.661189115069284,-48.3264863938366,0.44999999999999996,-87.43767550890588,8160.302142147212,-1.0601410500574489,23.921068025338027,96.65297278767378,2026-05,10426.647507280224
236,NAS100,BUY,2026-05-22 06:00:00.143000+00:00,2026-05-22 13:32:49.753000+00:00,452.82683333333335,29495.2,29495.5,2.400000000001455,0.07,0.04,0.03,False,False,False,SL,-44.993087113354704,-33.74481533501603,0.35000000000000003,-79.08790244837073,8259.859671233928,-0.9484158732208844,21.63399951079373,112.48271778338578,2026-05,10347.559604831853
237,NAS100,BUY,2026-05-22 06:25:00.118000+00:00,2026-05-22 17:06:10.176000+00:00,641.1676333333332,29488.8,29480.6,2.599999999998545,0.07,0.04,0.03,True,False,True,TP1_THEN_BE,67.48963067003206,0.7799999999995634,0.35000000000000003,67.91963067003162,8327.77930190396,0.8222855275201693,21.63399951079373,112.48271778338578,2026-05,10415.479235501885
264,XAUUSD,SELL,2026-05-22 10:10:00.257000+00:00,2026-05-22 19:30:34.298000+00:00,560.5673499999999,4522.43,4525.34,0.27999999999974534,0.05,0.02,0.03,True,False,True,TP1_THEN_BE,43.64085767011966,0.839999999999236,0.25,44.230857670118894,7375.6762609370135,0.6033033765812347,15.09594901359349,17.317800662745903,2026-05,10459.710093172005
265,XAUUSD,SELL,2026-05-22 10:30:00.111000+00:00,2026-05-22 19:30:34.490000+00:00,540.5729833333334,4522.53,4525.81,0.27999999999974534,0.05,0.02,0.03,True,False,True,TP1_THEN_BE,43.64085767011966,0.839999999999236,0.25,44.230857670118894,7419.907118607132,0.5996854539884559,15.09594901359349,17.317800662745903,2026-05,10503.940950842123
241,NAS100,BUY,2026-05-22 20:00:00.106000+00:00,2026-05-22 21:00:00.057000+00:00,59.999183333333335,29642.8,29628.0,21.0,0.08,0.04,0.04,False,False,False,EOD_EXIT,-1.7999999999999998,-1.7999999999999998,0.4,-3.9999999999999996,8247.537026592194,-0.04847581713696753,23.62064707113105,97.43949290915171,2026-05,10499.940950842123
240,NAS100,BUY,2026-05-22 17:35:00.053000+00:00,2026-05-22 21:00:00.057000+00:00,205.00006666666667,29550.1,29541.4,2.600000000002183,0.08,0.04,0.04,True,False,False,EOD_EXIT,58.79488444498275,32.83999999999942,0.4,91.23488444498216,8251.537026592194,1.1180331666123287,22.85614060479899,97.99147407497138,2026-05,10591.175835287106
243,NAS100,BUY,2026-05-25 11:55:00.305000+00:00,2026-05-25 19:59:59.958000+00:00,484.99421666666666,29913.7,29914.3,2.599999999998545,0.1,0.05,0.05,False,False,False,EOD,0.0,0.0,0.5,-0.5,8246.537026592194,-0.006062783498943594,31.82143002548011,83.43900035475887,2026-05,10590.675835287106
245,NAS100,BUY,2026-05-25 15:20:00.290000+00:00,2026-05-25 19:59:59.958000+00:00,279.9944666666667,29927.7,29918.1,2.599999999998545,0.12,0.06,0.06,False,False,False,EOD,0.0,0.0,0.6,-0.6,8245.387026592194,-0.007276266601743138,30.884292982911667,69.53360030019485,2026-05,10590.075835287105
244,NAS100,BUY,2026-05-25 13:15:00.570000+00:00,2026-05-25 19:59:59.958000+00:00,404.9898,29918.2,29915.6,2.599999999998545,0.11,0.06,0.05,False,False,False,EOD,0.0,0.0,0.55,-0.55,8245.987026592195,-0.006669466204134447,31.37096364532502,76.60760744874632,2026-05,10589.525835287106
242,NAS100,BUY,2026-05-25 10:55:00.097000+00:00,2026-05-25 19:59:59.958000+00:00,544.9976833333334,29922.9,29921.4,2.8000000000029104,0.1,0.05,0.05,False,False,False,EOD,0.0,0.0,0.5,-0.5,8247.037026592194,-0.006062415947789875,32.08672788736872,82.41892345897104,2026-05,10589.025835287106
246,NAS100,BUY,2026-05-25 16:45:00.190000+00:00,2026-05-25 19:59:59.958000+00:00,194.99613333333335,29931.4,29927.9,2.400000000001455,0.12,0.06,0.06,False,False,False,EOD,0.0,0.0,0.6,-0.6,8244.787026592194,-0.007276796080826046,30.22045506348314,68.05977170732389,2026-05,10588.425835287106
247,NAS100,BUY,2026-05-25 19:50:00.053000+00:00,2026-05-25 19:59:59.958000+00:00,9.998416666666666,29898.7,29899.5,2.599999999998545,0.12,0.06,0.06,False,False,False,EOD,0.0,0.0,0.6,-0.6,8244.187026592193,-0.007277325636972786,27.656231586342784,68.56272537936991,2026-05,10587.825835287105
268,XAUUSD,BUY,2026-05-25 17:05:00.297000+00:00,2026-05-25 21:00:00.049000+00:00,234.99586666666667,4569.45,4567.3,0.27999999999974534,0.06,0.03,0.03,False,False,False,EOD_EXIT,-6.719999999999344,-6.719999999999344,0.3,-13.73999999999869,7387.298232525287,-0.18564962871851703,21.464887215104298,14.338658173652803,2026-05,10574.085835287107
267,XAUUSD,BUY,2026-05-25 12:30:00.119000+00:00,2026-05-25 21:00:00.049000+00:00,509.9988333333333,4564.9,4558.84,0.2600000000002183,0.05,0.02,0.03,True,False,False,EOD_EXIT,38.989423830340456,18.66000000000076,0.25,57.39942383034122,7401.038232525286,0.7816210100417753,21.61284960762468,15.471993583468134,2026-05,10631.48525911745
249,NAS100,SELL,2026-05-26 10:05:00.031000+00:00,2026-05-26 13:01:33.081000+00:00,176.55083333333332,29737.2,29752.8,2.600000000002183,0.14,0.07,0.07,False,False,False,SL,-40.886068914475985,-40.886068914475985,0.7000000000000001,-82.47213782895197,8078.537675659844,-1.0105629047601339,22.036704009001888,58.40866987782154,2026-05,10549.013121288497
270,XAUUSD,SELL,2026-05-26 09:55:00.086000+00:00,2026-05-26 13:13:21.807000+00:00,198.36201666666665,4530.96,4531.27,0.27999999999974534,0.06,0.03,0.03,True,False,True,TP1_THEN_BE,54.51714563510268,0.839999999999236,0.3,55.05714563510192,7496.751183749028,0.7398469401337544,22.083767857244816,14.422525300292067,2026-05,10604.0702669236
248,NAS100,SELL,2026-05-26 07:40:00.318000+00:00,2026-05-26 13:19:27.493000+00:00,339.4529166666667,29765.3,29765.4,2.599999999998545,0.13,0.06,0.07,False,False,False,SL,-38.089482970798414,-44.437730132598155,0.65,-83.17721310339658,8161.009813488797,-1.0089195312418646,22.578353793162556,63.48247161799817,2026-05,10520.893053820204
269,XAUUSD,SELL,2026-05-26 07:20:00.239000+00:00,2026-05-26 13:34:50.157000+00:00,374.8319666666667,4535.47,4538.06,0.3899999999994179,0.06,0.03,0.03,True,False,True,TP1_THEN_BE,53.52580558864156,1.1699999999982538,0.3,54.39580558863982,7441.694038113927,0.7363423524603672,20.47743962463654,14.160266028741033,2026-05,10575.288859408844
271,XAUUSD,SELL,2026-05-26 11:20:00.104000+00:00,2026-05-26 15:31:15.141000+00:00,251.25061666666667,4527.2,4529.68,0.27999999999974534,0.06,0.03,0.03,True,True,False,FULL_TP2,54.192602103737045,85.15980330587445,0.3,139.05240540961148,7635.80358915864,1.8548355414414752,23.56795659029597,14.336667223211078,2026-05,10714.341264818455
272,XAUUSD,SELL,2026-05-26 14:30:00.010000+00:00,2026-05-26 15:53:37.668000+00:00,83.62763333333334,4519.27,4523.53,0.28000000000065484,0.06,0.03,0.03,True,False,True,TP1_THEN_BE,57.2714603578388,0.8400000000019645,0.3,57.811460357840765,7693.61504951648,0.7571103641262045,25.33389220658468,15.15117998884649,2026-05,10772.152725176296
250,NAS100,BUY,2026-05-26 16:40:00.077000+00:00,2026-05-26 16:48:43.954000+00:00,8.731283333333332,29887.5,29817.0,2.599999999998545,0.13,0.06,0.07,True,True,False,FULL_TP2,54.64438179190256,85.00237167629203,0.65,138.99675346819458,8217.534429128038,1.7205682395587951,18.89133066372152,60.715979768779555,2026-05,10911.149478644491
274,XAUUSD,SELL,2026-05-26 17:50:00.065000+00:00,2026-05-26 21:00:00.017000+00:00,189.9992,4515.92,4519.18,0.27999999999974534,0.05,0.02,0.03,True,False,False,EOD_EXIT,43.06304611423002,83.76000000000022,0.25,126.57304611423024,7941.0011417449405,1.619735245692531,26.283422060200913,17.088510362789982,2026-05,11037.722524758721
273,XAUUSD,SELL,2026-05-26 17:05:00.118000+00:00,2026-05-26 21:00:00.017000+00:00,234.99831666666665,4515.48,4517.26,0.27999999999974534,0.05,0.02,0.03,True,False,False,EOD_EXIT,43.06304611423002,78.0,0.25,120.81304611423002,7814.42809563071,1.5703027164300707,26.283422060200913,17.088510362789982,2026-05,11158.535570872951
251,NAS100,BUY,2026-05-26 20:40:00.022000+00:00,2026-05-26 21:00:00.017000+00:00,19.999916666666664,29939.3,29937.6,2.5,0.1,0.05,0.05,False,False,False,EOD_EXIT,6.400000000001455,6.400000000001455,0.5,12.30000000000291,8229.834429128041,0.14967993266209,20.97715021337819,82.69150869887847,2026-05,11170.835570872954
252,NAS100,BUY,2026-05-27 10:10:00.135000+00:00,2026-05-27 13:15:14.844000+00:00,185.24515000000002,30071.5,30070.6,2.599999999998545,0.12,0.06,0.06,True,True,False,FULL_TP2,60.04501744055815,80.06002325407826,0.6,139.50504069463642,8369.339469822677,1.6951135760506073,28.601136233244848,66.71668604506444,2026-05,11310.34061156759
275,XAUUSD,SELL,2026-05-27 08:30:00.095000+00:00,2026-05-27 13:30:54.889000+00:00,300.9132333333334,4496.56,4507.34,0.27999999999974534,0.05,0.02,0.03,True,True,False,FULL_TP2,42.27163534123429,99.64028330433757,0.25,141.66191864557186,8082.663060390512,1.7839302137972408,20.1970790652963,16.774458468743752,2026-05,11452.002530213162
276,XAUUSD,SELL,2026-05-27 13:00:00.141000+00:00,2026-05-27 13:46:15.433000+00:00,46.254866666666665,4486.53,4490.1,0.27999999999974534,0.05,0.02,0.03,True,True,False,FULL_TP2,42.078017390731475,99.18389813529757,0.25,141.01191552602904,8223.674975916541,1.7446219701655619,18.653084153461204,16.6976259487031,2026-05,11593.01444573919
277,XAUUSD,SELL,2026-05-27 18:10:00.101000+00:00,2026-05-27 19:35:30.597000+00:00,85.50826666666667,4431.99,4429.51,0.27999999999974534,0.04,0.02,0.02,False,False,False,SL,-40.901230883093376,-40.901230883093376,0.2,-82.00246176618676,8141.672514150355,-0.9971510548062177,25.557062882073474,22.722906046163413,2026-05,11511.011983973003
278,XAUUSD,SELL,2026-05-27 18:45:00.098000+00:00,2026-05-27 20:35:44.289000+00:00,110.73651666666666,4432.78,4434.2,0.27999999999974534,0.04,0.02,0.02,False,False,False,SL,-40.901230883093376,-40.901230883093376,0.2,-82.00246176618676,8059.670052384168,-1.0071943034267858,25.557062882073474,22.722906046163413,2026-05,11429.009522206816
253,NAS100,SELL,2026-05-27 20:05:00.030000+00:00,2026-05-27 21:00:00.014000+00:00,54.99973333333333,29854.1,29932.5,2.5,0.08,0.04,0.04,False,False,False,EOD_EXIT,-0.08000000000029103,-0.08000000000029103,0.4,-0.560000000000582,8368.779469822675,-0.006691089565906291,28.23425190090325,99.6429281096268,2026-05,11428.449522206814
279,XAUUSD,SELL,2026-05-28 13:45:00.044000+00:00,2026-05-28 15:46:26.383000+00:00,121.43898333333333,4380.94,4389.12,0.3000000000001819,0.05,0.02,0.03,False,False,False,SL,-34.08040903368419,-51.120613550526286,0.25,-85.45102258421048,7974.219029799958,-1.06022978644061,29.536589101381477,18.933560574268796,2026-05,11342.998499622605
280,XAUUSD,SELL,2026-05-28 15:15:00.028000+00:00,2026-05-28 15:48:45.469000+00:00,33.75735,4388.18,4392.61,0.27000000000043656,0.05,0.02,0.03,False,False,False,SL,-34.16484248312554,-51.24726372468831,0.25,-85.66210620781385,7888.556923592144,-1.0742381904446232,30.260287949036247,18.980468046180825,2026-05,11257.336393414791
254,NAS100,SELL,2026-05-28 16:45:00.039000+00:00,2026-05-28 17:10:04.500000+00:00,25.07435,29892.0,29915.3,2.600000000002183,0.09,0.04,0.05,False,False,False,SL,-37.73199267833843,-47.164990847923036,0.44999999999999996,-85.34698352626147,8283.432486296413,-1.0198259355981079,15.089608792154726,94.32998169584715,2026-05,11171.989409888529
281,XAUUSD,BUY,2026-05-29 07:10:00.051000+00:00,2026-05-29 12:50:31.193000+00:00,340.5190333333333,4502.31,4503.6,0.3000000000001819,0.05,0.02,0.03,True,True,False,FULL_TP2,45.040427804497085,106.16672268203,0.25,150.9571504865271,8039.514074078671,1.9136218696104312,32.90334858895939,17.873185636705227,2026-05,11322.946560375056
282,XAUUSD,BUY,2026-05-29 12:05:00.013000+00:00,2026-05-29 15:30:30.088000+00:00,205.50125,4523.78,4519.0,0.27999999999974534,0.05,0.02,0.03,True,False,True,TP1_THEN_BE,42.509090478697544,0.839999999999236,0.25,43.09909047869678,8082.613164557368,0.536090739832879,37.38057194728557,16.868686697895843,2026-05,11366.045650853754
283,XAUUSD,BUY,2026-05-29 14:50:00.055000+00:00,2026-05-29 15:42:39.782000+00:00,52.66211666666666,4533.98,4529.62,0.27999999999974534,0.05,0.02,0.03,False,False,False,SL,-31.65683925255144,-47.48525887882715,0.25,-79.39209813137859,8003.221066425989,-0.9822577984990871,40.008276551850315,17.587132918083675,2026-05,11286.653552722375
256,NAS100,BUY,2026-05-29 11:55:00.110000+00:00,2026-05-29 16:41:29.374000+00:00,286.4877333333333,30275.6,30269.3,2.399999999997817,0.12,0.06,0.06,True,True,False,FULL_TP2,64.3957679594161,85.86102394588742,0.6,149.65679190530355,8582.74607010702,1.774637822134104,24.849032686125486,71.55085328824015,2026-05,11436.310344627678
255,NAS100,BUY,2026-05-29 11:35:00.251000+00:00,2026-05-29 16:45:00.726000+00:00,310.00791666666663,30282.5,30281.1,2.599999999998545,0.12,0.06,0.06,True,True,False,FULL_TP2,64.3957679594161,85.86102394588742,0.6,149.65679190530355,8433.089278201716,1.8067002073462453,24.849032686125486,71.55085328824015,2026-05,11585.967136532981
257,NAS100,BUY,2026-05-29 13:35:00.145000+00:00,2026-05-29 16:47:17.080000+00:00,192.28225,30300.6,30295.4,2.5,0.13,0.06,0.07,True,True,False,FULL_TP2,61.60129992418951,95.82424432651788,0.65,156.77554425070738,8739.521614357727,1.8266361718045392,25.21993748864709,68.4458888046561,2026-05,11742.74268078369
258,NAS100,BUY,2026-05-29 15:55:00.070000+00:00,2026-05-29 16:47:56.877000+00:00,52.94678333333333,30309.1,30307.6,2.599999999998545,0.13,0.06,0.07,True,True,False,FULL_TP2,60.657957587695265,94.35682291419181,0.65,154.36478050188705,8893.886394859614,1.7662840978422527,25.9617167457939,67.39773065299424,2026-05,11897.107461285575
284,XAUUSD,BUY,2026-05-29 16:35:00.071000+00:00,2026-05-29 17:30:38.349000+00:00,55.637966666666664,4531.4,4525.21,0.27999999999974534,0.05,0.02,0.03,True,False,True,TP1_THEN_BE,45.34721309772249,0.839999999999236,0.25,45.937213097721724,8049.158279523711,0.5739840586239857,40.93910943621355,17.994925832429303,2026-05,11943.044674383298
260,NAS100,BUY,2026-05-29 19:05:00.131000+00:00,2026-05-29 20:55:12.723000+00:00,110.20986666666666,30396.0,30368.9,2.600000000002183,0.1,0.05,0.05,False,False,False,SL,-44.60116078170722,-44.60116078170722,0.5,-89.70232156341444,8715.427726997137,-1.0187506722638222,29.43802073361095,89.20232156341558,2026-05,11853.342352819884
259,NAS100,BUY,2026-05-29 18:30:00.059000+00:00,2026-05-29 20:57:10.145000+00:00,147.16809999999998,30361.9,30360.6,2.599999999998545,0.1,0.05,0.05,False,False,False,SL,-44.128173149530994,-44.128173149530994,0.5,-88.75634629906199,8805.130048560552,-0.997947830212452,28.94438645976184,88.25634629906293,2026-05,11764.586006520822
285,XAUUSD,SELL,2026-06-01 09:10:00.091000+00:00,2026-06-01 16:11:54.611000+00:00,421.90866666666665,4514.13,4516.95,0.27999999999974534,0.05,0.02,0.03,True,True,False,FULL_TP2,42.61730657886437,100.45507979303783,0.25,142.8223863719022,8191.980665895613,1.7743766666289655,28.370743656322933,16.911629594787687,2026-06,11907.408392892725
288,XAUUSD,SELL,2026-06-01 15:55:00.249000+00:00,2026-06-01 16:12:48.564000+00:00,17.80525,4502.17,4505.68,0.27999999999974534,0.06,0.03,0.03,True,True,False,FULL_TP2,62.45341737752915,98.14108445040529,0.3,160.29450182793443,8655.193377298958,1.8869500882557178,23.96202139953296,16.52206808929359,2026-06,12067.70289472066
287,XAUUSD,SELL,2026-06-01 15:20:00.073000+00:00,2026-06-01 16:21:38.140000+00:00,61.63445,4501.76,4503.1,0.2899999999999636,0.06,0.03,0.03,True,True,False,FULL_TP2,62.45341737752915,98.14108445040529,0.3,160.29450182793443,8494.898875471023,1.923240679963662,23.96202139953296,16.52206808929359,2026-06,12227.997396548595
286,XAUUSD,SELL,2026-06-01 12:25:00.037000+00:00,2026-06-01 16:22:40.153000+00:00,237.6686,4496.32,4499.55,0.27999999999974534,0.05,0.02,0.03,True,True,False,FULL_TP2,42.55812571201386,100.31558203546047,0.25,142.62370774747433,8334.604373643087,1.7410161664716473,26.376168614739246,16.888145123815058,2026-06,12370.62110429607
289,XAUUSD,BUY,2026-06-02 13:50:00.010000+00:00,2026-06-02 15:54:16.572000+00:00,124.27603333333333,4532.27,4530.91,0.27999999999974534,0.06,0.03,0.03,False,False,False,SL,-44.90508217871866,-44.90508217871866,0.3,-90.11016435743731,8565.083212941521,-1.041110931083069,21.329314110226637,16.631511918043675,2026-06,12280.510939938633
261,NAS100,BUY,2026-06-02 14:35:00.007000+00:00,2026-06-02 16:08:33.362000+00:00,93.55591666666666,30536.8,30540.8,2.599999999998545,0.12,0.06,0.06,False,False,False,SL,-42.70893712886172,-42.70893712886172,0.6,-86.01787425772343,8629.409852739414,-0.986961018462378,17.16484297407088,71.18156188143692,2026-06,12194.49306568091
262,NAS100,BUY,2026-06-02 15:40:00.156000+00:00,2026-06-02 16:34:18.239000+00:00,54.301383333333334,30526.5,30516.7,2.600000000002183,0.12,0.06,0.06,False,False,False,SL,-42.658298762514455,-42.658298762514455,0.6,-85.9165975250289,8543.493255214385,-0.9956254134546014,16.420774148734587,71.09716460419143,2026-06,12108.576468155881
263,NAS100,BUY,2026-06-02 16:55:00.078000+00:00,2026-06-02 19:06:30.185000+00:00,131.50178333333332,30573.6,30534.0,2.599999999998545,0.12,0.06,0.06,True,True,False,FULL_TP2,61.782630419217455,82.37684055895662,0.6,143.55947097817406,8687.05272619256,1.6803369147690823,15.729853096636173,68.64736713246369,2026-06,12252.135939134056
290,XAUUSD,SELL,2026-06-03 07:25:00.658000+00:00,2026-06-03 11:23:57.066000+00:00,238.94013333333334,4477.07,4480.62,0.27999999999974534,0.06,0.03,0.03,True,True,False,FULL_TP2,56.5920978580907,88.93043949128423,0.3,145.22253734937493,8710.305750290896,1.6955181139390343,26.86336205857166,14.971454459812344,2026-06,12397.35847648343
291,XAUUSD,SELL,2026-06-03 15:20:00.004000+00:00,2026-06-03 17:11:18.030000+00:00,111.30043333333333,4457.93,4456.19,0.28000000000065484,0.06,0.03,0.03,True,False,True,TP1_THEN_BE,62.56549856008496,0.8400000000019645,0.3,63.10549856008693,8773.411248850984,0.7244923469876979,37.42681324579497,16.551719195789705,2026-06,12460.463975043518
292,XAUUSD,SELL,2026-06-03 16:20:00.056000+00:00,2026-06-03 17:13:22.326000+00:00,53.37116666666667,4450.29,4457.39,0.27999999999974534,0.06,0.03,0.03,True,False,True,TP1_THEN_BE,63.31833437722162,0.839999999999236,0.3,63.85833437722086,8837.269583228204,0.7278620888264425,38.368986101009014,16.750882110376164,2026-06,12524.322309420739
293,XAUUSD,SELL,2026-06-03 18:10:00.074000+00:00,2026-06-03 21:00:00.040000+00:00,169.99943333333334,4445.84,4449.23,0.28000000000065484,0.05,0.02,0.03,False,False,False,EOD_EXIT,20.859999999998763,31.28999999999814,0.25,51.89999999999691,8889.169583228202,0.5872854676572866,41.42808359546257,18.31259732986515,2026-06,12576.222309420737
294,XAUUSD,BUY,2026-06-04 12:05:00.046000+00:00,2026-06-04 14:48:06.166000+00:00,163.102,4468.42,4467.3,0.27999999999974534,0.06,0.03,0.03,True,True,False,FULL_TP2,65.91342233490468,103.57823509770697,0.3,169.19165743261163,9058.361240660814,1.9033460420401584,30.846360345981765,17.437413316112295,2026-06,12745.413966853348
264,NAS100,SELL,2026-06-04 16:45:00.030000+00:00,2026-06-04 17:24:59.671000+00:00,39.99401666666667,30221.6,30200.6,2.600000000002183,0.09,0.04,0.05,False,False,False,SL,-39.91757473013422,-49.896968412667775,0.44999999999999996,-90.264543142802,8596.788183049757,-1.0390698202008493,35.68208118535239,99.79393682533629,2026-06,12655.149423710545
295,XAUUSD,BUY,2026-06-04 19:15:00.136000+00:00,2026-06-04 21:00:00.054000+00:00,104.99863333333333,4483.36,4479.43,0.28000000000065484,0.05,0.02,0.03,False,False,False,EOD_EXIT,-2.600000000000364,-3.9000000000005453,0.25,-6.7500000000009095,9051.611240660812,-0.07451678974450454,26.061633463794415,20.566351515856056,2026-06,12648.399423710543
296,XAUUSD,SELL,2026-06-05 09:00:00.105000+00:00,2026-06-05 09:47:06.687000+00:00,47.1097,4437.48,4439.91,0.27999999999974534,0.06,0.03,0.03,False,False,False,SL,-41.916528236833074,-41.916528236833074,0.3,-84.13305647366614,8967.478184187146,-0.9294815501546443,23.25329745858991,15.524640087715563,2026-06,12564.266367236878
297,XAUUSD,SELL,2026-06-05 15:30:00.046000+00:00,2026-06-05 15:50:26.068000+00:00,20.433699999999998,4452.98,4464.75,1.4600000000000364,0.07,0.04,0.03,True,True,False,FULL_TP2,75.7008825842131,89.21889733139597,0.35000000000000003,164.56977991560908,9132.047964102756,1.8351846141739618,21.356057140515166,15.020016385756847,2026-06,12728.836147152488
267,NAS100,SELL,2026-06-05 14:10:00.097000+00:00,2026-06-05 16:39:03.606000+00:00,149.05848333333333,30156.6,30153.1,2.600000000002183,0.09,0.04,0.05,True,True,False,FULL_TP2,59.04546234501904,98.40910390836507,0.44999999999999996,157.00456625338413,9053.27571531142,1.7648356667951635,36.2626052454825,98.40910390836488,2026-06,12885.840713405873
266,NAS100,SELL,2026-06-05 08:50:00.053000+00:00,2026-06-05 16:39:04.536000+00:00,469.0747166666667,30138.7,30159.6,2.8000000000029104,0.08,0.04,0.04,True,True,False,FULL_TP2,63.32209932140832,84.42946576187678,0.4,147.3515650832851,8896.271149058035,1.6842258483343076,35.382976475968796,105.53683220234642,2026-06,13033.192278489158
265,NAS100,SELL,2026-06-05 06:35:00.051000+00:00,2026-06-05 16:39:04.639000+00:00,604.0764666666668,30159.9,30165.1,2.8000000000029104,0.08,0.04,0.04,True,True,False,FULL_TP2,65.37060039642529,87.16080052856705,0.4,152.13140092499233,8748.91958397475,1.769630677012015,34.197867257043725,108.9510006607094,2026-06,13185.32367941415
298,XAUUSD,SELL,2026-06-05 20:45:00.019000+00:00,2026-06-05 21:00:00.030000+00:00,15.000183333333332,4339.98,4341.22,0.27999999999974534,0.04,0.02,0.02,False,False,False,EOD_EXIT,-1.639999999999418,-1.639999999999418,0.2,-3.479999999998836,9128.567964102756,-0.03810755280390989,33.95972183684867,23.579853528137146,2026-06,13181.84367941415
299,XAUUSD,SELL,2026-06-08 07:40:00.289000+00:00,2026-06-08 09:22:36.230000+00:00,102.59901666666666,4307.63,4311.28,0.28000000000065484,0.04,0.02,0.02,True,False,True,TP1_THEN_BE,58.142432216362074,0.5600000000013097,0.2,58.50243221636338,9187.070396319119,0.6408719576435071,45.77175654965336,23.072393736651616,2026-06,13240.346111630513
268,NAS100,SELL,2026-06-08 09:45:00.104000+00:00,2026-06-08 10:48:43.929000+00:00,63.73041666666666,29040.3,29073.9,2.599999999998545,0.05,0.02,0.03,False,False,False,SL,-33.147753686028594,-49.72163052904288,0.25,-83.11938421507148,8970.156331096348,-0.9181139162093032,55.10475159607751,165.73876843014312,2026-06,13157.226727415442
300,XAUUSD,SELL,2026-06-08 10:50:00+00:00,2026-06-08 14:15:00.405000+00:00,205.00675,4296.51,4298.39,0.27999999999974534,0.04,0.02,0.02,False,False,False,SL,-42.99618741653103,-42.99618741653103,0.2,-86.19237483306206,9100.878021486056,-0.9381921669784505,48.072626992748816,23.886770786961947,2026-06,13071.03435258238
303,XAUUSD,SELL,2026-06-09 13:05:00.002000+00:00,2026-06-09 16:00:37.548000+00:00,175.62576666666666,4327.31,4330.7,0.2600000000002183,0.06,0.03,0.03,False,False,False,SL,-44.83807711540248,-44.83807711540248,0.3,-89.97615423080495,9140.896718959062,-0.9747307266264229,18.03942988930869,16.60669522792644,2026-06,12981.058198351575
301,XAUUSD,BUY,2026-06-09 08:30:00.012000+00:00,2026-06-09 16:55:03.457000+00:00,505.05741666666665,4342.71,4332.82,0.27999999999974534,0.06,0.03,0.03,True,False,True,TP1_THEN_BE,64.40831820992844,0.839999999999236,0.3,64.94831820992768,9165.826339695985,0.7136489254838123,24.524144331875515,17.03923762167414,2026-06,13046.006516561503
302,XAUUSD,BUY,2026-06-09 11:35:00.147000+00:00,2026-06-09 16:55:37.474000+00:00,320.62211666666667,4334.39,4331.42,0.27999999999974534,0.06,0.03,0.03,True,False,True,TP1_THEN_BE,64.50653349388176,0.839999999999236,0.3,65.046533493881,9230.872873189866,0.7096636035113718,20.309965543934844,17.06522050102708,2026-06,13111.053050055385
271,NAS100,BUY,2026-06-09 15:30:00.250000+00:00,2026-06-09 16:59:47.356000+00:00,89.7851,29701.5,29653.3,3.099999999998545,0.08,0.04,0.04,True,False,True,TP1_THEN_BE,68.7970629541509,1.239999999999418,0.4,69.63706295415031,9023.836634872094,0.777702824187047,15.036395378160035,114.66177159025229,2026-06,13180.690113009536
270,NAS100,BUY,2026-06-09 13:50:00.041000+00:00,2026-06-09 17:00:00.945000+00:00,190.01506666666668,29662.0,29641.8,2.599999999998545,0.07,0.04,0.03,True,False,True,TP1_THEN_BE,73.68925644386763,0.7799999999995634,0.35000000000000003,74.1192564438672,8954.199571917943,0.8346687621136707,16.643651703313246,122.8154274064466,2026-06,13254.809369453404
269,NAS100,BUY,2026-06-09 11:15:00.015000+00:00,2026-06-09 17:11:20.088000+00:00,356.33455,29631.4,29650.3,2.7999999999992724,0.07,0.04,0.03,False,False,False,SL,-51.272008927013665,-38.45400669526025,0.35000000000000003,-90.0760156222739,8880.080315474075,-1.004174423471443,18.70829033976991,128.18002231753565,2026-06,13164.73335383113
304,XAUUSD,SELL,2026-06-10 10:25:00.005000+00:00,2026-06-10 14:45:03.472000+00:00,260.05778333333336,4194.82,4199.12,0.27999999999974534,0.04,0.02,0.02,True,True,False,FULL_TP2,58.369772368989295,91.72392800841226,0.2,149.89370037740156,9290.790419336463,1.6398139590233878,38.46723652077748,23.16260808293245,2026-06,13314.627054208531
305,XAUUSD,SELL,2026-06-10 14:00:00.034000+00:00,2026-06-10 15:30:47.746000+00:00,90.79520000000001,4161.3,4174.77,0.27999999999974534,0.04,0.02,0.02,True,False,True,TP1_THEN_BE,58.28682066406509,0.5599999999994907,0.2,58.64682066406458,9349.437240000527,0.6312360737575766,39.991938859957976,23.129690739708288,2026-06,13373.273874872595
272,NAS100,SELL,2026-06-10 10:40:00.118000+00:00,2026-06-10 15:33:15.716000+00:00,293.2599666666667,28930.7,28937.9,4.5,0.05,0.02,0.03,True,False,True,TP1_THEN_BE,52.290782275960375,1.35,0.25,53.390782275960376,9077.227417148055,0.5916638835152976,29.758197899587927,174.3026075865348,2026-06,13426.664657148556
273,NAS100,SELL,2026-06-10 14:00:00.132000+00:00,2026-06-10 15:34:02.169000+00:00,94.03395,28690.6,28814.4,4.19999999999709,0.05,0.02,0.03,False,False,False,SL,-33.29099528987427,-49.9364929348114,0.25,-83.47748822468566,8993.74992892337,-0.9196364086569639,32.654378912045615,166.45497644937055,2026-06,13343.18716892387
306,XAUUSD,SELL,2026-06-10 17:40:00+00:00,2026-06-10 20:44:42.403000+00:00,184.70671666666667,4149.94,4157.78,0.28000000000065484,0.04,0.02,0.02,True,True,False,FULL_TP2,68.33618316288266,107.38543068452964,0.2,175.5216138474123,9524.958853847938,1.8773495060907264,42.003124107554314,27.11753300114395,2026-06,13518.708782771282
274,NAS100,SELL,2026-06-10 18:05:00.053000+00:00,2026-06-10 21:00:00.147000+00:00,175.00156666666666,28809.1,28884.7,2.899999999997817,0.04,0.02,0.02,False,False,False,EOD_EXIT,23.92000000000044,23.92000000000044,0.2,47.640000000000875,9041.38992892337,0.5297011855621363,29.815034101641263,211.01997298965205,2026-06,13566.348782771283
275,NAS100,BUY,2026-06-11 14:50:00.012000+00:00,2026-06-11 15:22:43.248000+00:00,32.720600000000005,28887.0,28886.9,2.600000000002183,0.06,0.03,0.03,False,False,False,SL,-45.73072039965264,-45.73072039965264,0.3,-91.76144079930528,8949.628488124064,-1.0149041410741593,17.841001880682757,152.43573466550987,2026-06,13474.587341971977
276,NAS100,BUY,2026-06-11 16:50:00.002000+00:00,2026-06-11 17:57:35.557000+00:00,67.59258333333334,28963.9,28813.6,3.2999999999992724,0.06,0.03,0.03,False,False,False,SL,-47.40572320174215,-47.40572320174215,0.3,-95.1114464034843,8854.51704172058,-1.062741839280757,16.65291004111932,158.0190773391388,2026-06,13379.475895568494
308,XAUUSD,SELL,2026-06-11 17:55:00.049000+00:00,2026-06-11 19:12:15.507000+00:00,77.25763333333333,4073.35,4077.03,0.27999999999974534,0.04,0.02,0.02,False,False,False,SL,-48.115546683086905,-48.115546683086905,0.2,-96.43109336617381,9332.09666711559,-1.0227587574207506,32.30624249355761,26.73085926838176,2026-06,13283.04480220232
307,XAUUSD,SELL,2026-06-11 17:05:00.035000+00:00,2026-06-11 19:14:19.840000+00:00,129.33008333333333,4062.77,4077.57,0.27999999999974534,0.04,0.02,0.02,False,False,False,SL,-48.115546683086905,-48.115546683086905,0.2,-96.43109336617381,9428.527760481764,-1.0124043037437072,32.30624249355761,26.73085926838176,2026-06,13186.613708836145
277,NAS100,BUY,2026-06-11 18:40:00.065000+00:00,2026-06-11 20:33:44.074000+00:00,113.73348333333334,28813.4,28859.0,2.7999999999992724,0.05,0.02,0.03,True,True,False,FULL_TP2,57.465036842317936,114.93007368463586,0.25,172.1451105269538,9026.662152247534,1.944150197191366,15.197599667545296,191.55012280772667,2026-06,13358.758819363098
278,NAS100,BUY,2026-06-12 14:00:00.087000+00:00,2026-06-12 15:57:01.571000+00:00,117.02473333333334,29605.1,29574.8,6.0,0.05,0.02,0.03,False,False,False,SL,-34.22923948582684,-51.34385922874025,0.25,-85.8230987145671,8940.839053532967,-0.9507733563862046,23.10505296420046,171.14619742913254,2026-06,13272.935720648531
279,NAS100,BUY,2026-06-12 17:15:00.094000+00:00,2026-06-12 17:47:21.736000+00:00,32.3607,29604.1,29565.9,6.5,0.05,0.02,0.03,False,False,False,SL,-36.09543700814902,-54.14315551222352,0.25,-90.48859252037255,8850.350461012595,-1.0120816623425968,21.0783765871123,180.47718504074516,2026-06,13182.447128128159
280,NAS100,BUY,2026-06-12 17:50:00.019000+00:00,2026-06-12 18:24:07.548000+00:00,34.125483333333335,29619.1,29399.1,8.399999999997817,0.05,0.02,0.03,True,True,False,FULL_TP2,54.1431555122239,108.28631102444704,0.25,162.17946653667093,9012.529927549265,1.8324637792718041,21.0783765871123,180.47718504074516,2026-06,13344.62659466483
309,XAUUSD,BUY,2026-06-12 18:00:00.051000+00:00,2026-06-12 21:00:00.045000+00:00,179.9999,4203.26,4204.23,0.27999999999974534,0.04,0.02,0.02,False,False,False,EOD_EXIT,34.36000000000058,34.36000000000058,0.2,68.52000000000116,9400.61666711559,0.7342401439266237,20.146934506310266,26.59325106972104,2026-06,13413.14659466483
281,NAS100,BUY,2026-06-12 19:25:00.072000+00:00,2026-06-12 21:00:00.045000+00:00,94.99955,29610.5,29611.4,9.100000000002183,0.04,0.02,0.02,False,False,False,EOD_EXIT,18.1,18.1,0.2,36.0,9048.529927549265,0.39944388855737545,19.176631198771627,201.4415524075814,2026-06,13449.14659466483
310,XAUUSD,BUY,2026-06-15 10:25:00.068000+00:00,2026-06-15 16:32:08.247000+00:00,367.1363166666667,4316.66,4316.71,0.27999999999974534,0.04,0.02,0.02,True,True,False,FULL_TP2,59.74499907637437,93.88499854858856,0.2,153.42999762496294,9554.046664740552,1.6321269450511502,33.913837300318505,23.708332966815522,2026-06,13602.576592289792
283,NAS100,BUY,2026-06-15 14:00:00.008000+00:00,2026-06-15 18:03:29.987000+00:00,243.49965,30319.2,30303.9,4.200000000000728,0.08,0.04,0.04,True,True,False,FULL_TP2,71.28104867947842,95.04139823930456,0.4,165.92244691878298,9380.768484353119,1.8005992313353973,35.77852653747922,118.80174779913088,2026-06,13768.499039208575
284,NAS100,BUY,2026-06-15 16:10:00.114000+00:00,2026-06-15 18:03:53.891000+00:00,113.89628333333333,30340.1,30323.0,3.2999999999992724,0.08,0.04,0.04,True,True,False,FULL_TP2,67.50090421852947,90.00120562470693,0.4,157.10210984323638,9537.870594196354,1.6747253714370913,37.68559541856715,112.50150703088333,2026-06,13925.60114905181
282,NAS100,BUY,2026-06-15 07:20:00.228000+00:00,2026-06-15 18:05:55.888000+00:00,645.9276666666667,30241.5,30238.9,2.8000000000029104,0.06,0.03,0.03,True,True,False,FULL_TP2,71.40690423645864,95.20920564861188,0.3,166.31610988507052,9214.846037434336,1.8380456407477024,26.687831680071678,158.68200941435288,2026-06,14091.91725893688
311,XAUUSD,BUY,2026-06-15 15:35:00.052000+00:00,2026-06-15 19:21:22.528000+00:00,226.37460000000002,4344.07,4342.65,0.27999999999974534,0.05,0.02,0.03,True,False,True,TP1_THEN_BE,52.66274634018737,0.839999999999236,0.25,53.252746340186604,9607.299411080738,0.5573841975957392,38.648087799571826,20.897915214359738,2026-06,14145.170005277068
312,XAUUSD,BUY,2026-06-15 18:50:00.017000+00:00,2026-06-15 19:38:09.103000+00:00,48.15143333333333,4356.6,4357.27,0.28000000000065484,0.05,0.02,0.03,False,False,False,SL,-38.166756379994695,-57.25013456999204,0.25,-95.66689094998674,9511.632520130752,-0.9957729727840869,40.724584261394696,21.20375354444177,2026-06,14049.503114327083
285,NAS100,BUY,2026-06-16 06:15:00.094000+00:00,2026-06-16 14:19:03.341000+00:00,484.05411666666663,30541.5,30527.4,2.600000000002183,0.11,0.06,0.05,True,True,False,FULL_TP2,81.32209819404596,90.35788688227512,0.55,171.12998507632108,9709.000579272675,1.7942158408025686,44.30331589907528,90.35788688227443,2026-06,14220.633099403403
287,NAS100,BUY,2026-06-16 09:10:00.265000+00:00,2026-06-16 15:42:51.122000+00:00,392.8476166666667,30567.2,30571.1,2.599999999998545,0.12,0.06,0.06,True,False,True,TP1_THEN_BE,75.09236506279922,1.5599999999991268,0.6,76.05236506279834,9863.230875941566,0.7770611824262085,43.31270887144084,83.43596118088819,2026-06,14296.685464466202
286,NAS100,BUY,2026-06-16 08:00:00.095000+00:00,2026-06-16 15:49:51.196000+00:00,469.8516833333333,30568.5,30559.2,2.600000000002183,0.11,0.06,0.05,True,False,True,TP1_THEN_BE,77.42793160609216,1.3000000000010914,0.55,78.17793160609325,9787.178510878768,0.8052109068052992,43.55517781157821,86.03103511787953,2026-06,14374.863396072295
288,NAS100,BUY,2026-06-16 13:05:00.022000+00:00,2026-06-16 16:08:16.451000+00:00,183.27381666666668,30634.8,30620.8,3.2999999999992724,0.12,0.06,0.06,False,False,False,SL,-47.49966452448061,-47.49966452448061,0.6,-95.59932904896121,9767.631546892606,-0.9692496328170467,44.4407952299629,79.16610754079922,2026-06,14279.264067023334
314,XAUUSD,BUY,2026-06-16 15:25:00.074000+00:00,2026-06-16 17:17:19.599000+00:00,112.32541666666665,4343.71,4342.27,0.28000000000065484,0.07,0.04,0.03,False,False,False,SL,-53.11676288675516,-39.837572165066376,0.35000000000000003,-93.30433505182154,9499.826665038232,-0.9726160838515148,21.51308060446655,14.754656357432395,2026-06,14185.959731971512
313,XAUUSD,BUY,2026-06-16 10:00:00.054000+00:00,2026-06-16 17:18:59.632000+00:00,438.9929666666667,4326.79,4324.09,0.27999999999974534,0.07,0.04,0.03,True,False,True,TP1_THEN_BE,81.00847995930235,0.839999999999236,0.35000000000000003,81.49847995930159,9593.131000090054,0.8568295693385479,21.043422011468753,16.07311110303643,2026-06,14267.458211930814
316,XAUUSD,BUY,2026-06-16 20:50:00.046000+00:00,2026-06-16 21:00:00.001000+00:00,9.99925,4339.32,4337.8,0.27999999999974534,0.06,0.03,0.03,False,False,False,EOD_EXIT,7.380000000000109,7.380000000000109,0.3,14.460000000000218,9527.006665038234,0.15200976677618325,17.466051959478087,16.417839949351826,2026-06,14281.918211930815
315,XAUUSD,BUY,2026-06-16 18:55:00.059000+00:00,2026-06-16 21:00:00.001000+00:00,124.99903333333333,4335.1,4338.09,0.27999999999974534,0.06,0.03,0.03,False,False,False,EOD_EXIT,6.510000000000218,6.510000000000218,0.3,12.720000000000436,9512.546665038233,0.1338971799013266,19.979122177603845,16.29009840279852,2026-06,14294.638211930816
289,NAS100,SELL,2026-06-17 16:35:00.034000+00:00,2026-06-17 16:43:58.601000+00:00,8.976116666666666,30154.8,30185.9,3.399999999997817,0.11,0.06,0.05,False,False,False,SL,-51.50075827205437,-42.91729856004531,0.55,-94.96805683209968,9672.663490060506,-0.972273128610303,27.222459021924557,85.83459712009187,2026-06,14199.670155098716
290,NAS100,SELL,2026-06-17 16:45:00.097000+00:00,2026-06-17 17:00:00.366000+00:00,15.004483333333333,30197.0,30264.7,3.7000000000007276,0.11,0.06,0.05,True,True,False,FULL_TP2,77.25113740808374,85.83459712009244,0.55,162.53573452817616,9835.199224588681,1.6803617193464409,27.222459021924557,85.83459712009187,2026-06,14362.205889626892
291,NAS100,SELL,2026-06-17 17:35:00.058000+00:00,2026-06-17 18:18:25.538000+00:00,43.42466666666667,30168.8,30204.7,4.200000000000728,0.11,0.06,0.05,True,False,True,TP1_THEN_BE,84.17891330750498,2.100000000000364,0.55,85.72891330750535,9920.928137896186,0.8716540595657394,27.372285624839066,93.53212589722806,2026-06,14447.934802934396
292,NAS100,SELL,2026-06-17 19:45:00.049000+00:00,2026-06-17 21:00:00.010000+00:00,74.99935,30151.3,30176.0,2.900000000001455,0.09,0.04,0.05,False,False,False,EOD_EXIT,-21.119999999999706,-26.399999999999636,0.44999999999999996,-47.969999999999345,9872.958137896187,-0.48352330884005146,28.596561347364876,105.49300651342625,2026-06,14399.964802934397
317,XAUUSD,SELL,2026-06-18 08:45:00.012000+00:00,2026-06-18 12:00:29.149000+00:00,195.4856166666667,4303.16,4310.49,0.28000000000065484,0.04,0.02,0.02,True,True,False,FULL_TP2,61.26929275504699,96.28031718650163,0.2,157.34960994154864,9684.356274979782,1.65161645702404,19.77711895068157,24.313211410732617,2026-06,14557.314412875945
293,NAS100,BUY,2026-06-18 15:20:00.111000+00:00,2026-06-18 16:36:06.547000+00:00,76.10726666666666,30211.4,30190.0,3.2999999999992724,0.09,0.04,0.05,True,False,True,TP1_THEN_BE,67.29564849775925,1.6499999999996362,0.44999999999999996,68.49564849775888,9941.453786393946,0.6937702716964473,24.79730937676422,112.15941416293234,2026-06,14625.810061373704
318,XAUUSD,SELL,2026-06-18 17:05:00.017000+00:00,2026-06-18 21:00:00.051000+00:00,235.00056666666666,4243.49,4247.46,0.27999999999974534,0.05,0.02,0.03,True,False,False,EOD_EXIT,58.74160489789756,50.36999999999989,0.25,108.86160489789745,9793.21787987768,1.1240974805847352,23.542116285940665,23.310160673768664,2026-06,14734.671666271603
319,XAUUSD,SELL,2026-06-19 09:35:00.157000+00:00,2026-06-19 10:08:00.481000+00:00,33.0054,4133.67,4138.71,0.27999999999974534,0.05,0.02,0.03,False,False,False,SL,-37.02661334951881,-55.53992002427821,0.25,-92.81653337379703,9700.401346503884,-0.947763385970499,43.94575462121778,20.570340749732257,2026-06,14641.855132897806
321,XAUUSD,SELL,2026-06-19 15:45:00.121000+00:00,2026-06-19 15:51:47.777000+00:00,6.794266666666667,4148.84,4152.22,0.27999999999974534,0.06,0.03,0.03,False,False,False,SL,-51.04289077500289,-51.04289077500289,0.3,-102.38578155000577,9509.308192252687,-1.0652209884029287,42.66150462981899,18.90477436111258,2026-06,14539.469351347801
320,XAUUSD,SELL,2026-06-19 13:00:00.011000+00:00,2026-06-19 15:59:49.006000+00:00,179.81658333333334,4157.87,4162.81,0.27999999999974534,0.05,0.02,0.03,False,False,False,SL,-35.382949080476465,-53.0744236207147,0.25,-88.70737270119116,9611.693973802692,-0.9144711598264141,43.323203560484856,19.657193933598016,2026-06,14450.76197864661
322,XAUUSD,SELL,2026-06-19 16:55:00.049000+00:00,2026-06-19 19:59:59.873000+00:00,184.99706666666668,4151.38,4158.1,0.27999999999974534,0.05,0.02,0.03,False,False,False,EOD,0.0,0.0,0.25,-0.25,9509.058192252687,-0.0026290030246750975,40.81366557725888,19.916576192461726,2026-06,14450.51197864661
294,NAS100,BUY,2026-06-19 15:55:00.101000+00:00,2026-06-19 19:59:59.997000+00:00,244.99826666666667,30403.6,30390.6,3.899999999997817,0.11,0.06,0.05,False,False,False,EOD,0.0,0.0,0.55,-0.55,9940.903786393947,-0.0055323900489558184,15.970655482060799,90.71328648981299,2026-06,14449.96197864661
324,XAUUSD,BUY,2026-06-22 15:00:00.055000+00:00,2026-06-22 16:01:44.890000+00:00,61.74725,4210.59,4207.74,0.27999999999974534,0.06,0.03,0.03,False,False,False,SL,-49.819928533042,-49.819928533042,0.3,-99.939857066084,9316.23318366732,-1.0613638538050902,27.025136344250235,18.45182538260819,2026-06,14350.022121580527
325,XAUUSD,BUY,2026-06-22 17:05:00.017000+00:00,2026-06-22 18:39:12.890000+00:00,94.21454999999999,4206.19,4198.71,0.27000000000043656,0.05,0.02,0.03,False,False,False,SL,-33.96846572137474,-50.952698582062105,0.25,-85.17116430343685,9231.062019363882,-0.9142231911149885,25.386930864209095,18.871369845208044,2026-06,14264.850957277089
323,XAUUSD,BUY,2026-06-22 11:55:00.095000+00:00,2026-06-22 18:46:24.137000+00:00,411.40070000000003,4197.31,4195.84,0.27999999999974534,0.05,0.02,0.03,False,False,False,SL,-37.054060607713836,-55.581090911570755,0.25,-92.88515151928459,9416.173040733403,-0.9768070574535014,26.33190020740401,20.58558922650747,2026-06,14171.965805757805
295,NAS100,SELL,2026-06-23 15:15:00.350000+00:00,2026-06-23 16:47:46.043000+00:00,92.76155,29565.1,29583.3,4.0,0.08,0.04,0.04,True,False,True,TP1_THEN_BE,79.1397389316946,1.6,0.4,80.33973893169458,10021.24352532564,0.8081733880339441,39.962832232767745,131.89956488615772,2026-06,14252.3055446895
326,XAUUSD,SELL,2026-06-23 15:00:00.056000+00:00,2026-06-23 16:53:36.686000+00:00,113.6105,4122.42,4123.12,0.27999999999974534,0.05,0.02,0.03,False,False,False,SL,-34.39769909311144,-51.59654863966716,0.25,-86.2442477327786,9144.817771631104,-0.9342830494678199,32.335578123182195,19.109832829506505,2026-06,14166.061296956721
296,NAS100,SELL,2026-06-23 18:05:00.034000+00:00,2026-06-23 21:00:00.044000+00:00,175.00016666666667,29557.7,29590.3,3.5,0.06,0.03,0.03,False,False,False,EOD_EXIT,27.81000000000022,27.81000000000022,0.3,55.32000000000044,10076.56352532564,0.5520272994084615,45.638518093447644,155.07304812495943,2026-06,14221.38129695672
297,NAS100,SELL,2026-06-23 20:50:00.042000+00:00,2026-06-23 21:00:00.044000+00:00,10.000033333333333,29518.4,29589.4,3.399999999997817,0.06,0.03,0.03,False,False,False,EOD_EXIT,27.54000000000087,27.54000000000087,0.3,54.78000000000174,10131.343525325643,0.543637717981155,47.331011730894566,155.17369965876603,2026-06,14276.161296956723
328,XAUUSD,SELL,2026-06-23 20:25:00.040000+00:00,2026-06-23 21:00:00.044000+00:00,35.00006666666666,4131.01,4133.59,0.2600000000002183,0.05,0.02,0.03,False,False,False,EOD_EXIT,10.739999999999782,16.109999999999673,0.25,26.599999999999454,9167.767771631101,0.2909912679050752,28.857081375105903,19.534249216780943,2026-06,14302.761296956724
327,XAUUSD,SELL,2026-06-23 18:20:00.024000+00:00,2026-06-23 21:00:00.044000+00:00,160.00033333333334,4124.93,4127.54,0.27999999999974534,0.05,0.02,0.03,False,False,False,EOD_EXIT,-1.360000000000582,-2.040000000000873,0.25,-3.650000000001455,9141.167771631102,-0.03991331583800852,30.950462353684102,20.24267956502397,2026-06,14299.111296956722
329,XAUUSD,SELL,2026-06-24 10:50:00.070000+00:00,2026-06-24 14:15:45.246000+00:00,205.75293333333332,4078.77,4084.34,0.27999999999974534,0.05,0.02,0.03,True,True,False,FULL_TP2,53.02571787114629,124.98919212484543,0.25,177.76490999599173,9345.532681627094,1.939020647382349,36.73513483079949,21.041951536169258,2026-06,14476.876206952715
299,NAS100,SELL,2026-06-24 15:45:00.006000+00:00,2026-06-24 16:54:16.898000+00:00,69.28153333333333,29542.0,29557.0,4.200000000000728,0.08,0.04,0.04,True,False,True,TP1_THEN_BE,78.26286718972115,1.680000000000291,0.4,79.54286718972143,10393.179238274151,0.7712397870912902,40.237914440368876,130.43811198286906,2026-06,14556.419074142435
298,NAS100,SELL,2026-06-24 14:05:00.029000+00:00,2026-06-24 17:20:16.296000+00:00,195.27111666666667,29539.3,29575.9,3.2999999999992724,0.08,0.04,0.04,True,True,False,FULL_TP2,78.2969338966228,104.39591186216421,0.4,182.29284575878702,10313.63637108443,1.7992958713037788,41.00792450206404,130.49488982770507,2026-06,14738.711919901223
300,NAS100,SELL,2026-06-24 19:30:00.028000+00:00,2026-06-24 20:25:08.071000+00:00,55.13405,29476.7,29517.6,3.2000000000007276,0.06,0.03,0.03,True,True,False,FULL_TP2,71.97456352442313,95.96608469923048,0.3,167.6406482236536,10560.819886497806,1.6129871753418477,39.2109928485052,159.9434744987175,2026-06,14906.352568124878
330,XAUUSD,SELL,2026-06-24 17:55:00.051000+00:00,2026-06-24 21:00:00.099000+00:00,185.0008,4007.93,4006.27,0.2800000000002001,0.04,0.02,0.02,True,False,False,EOD_EXIT,66.70811508375664,66.73999999999978,0.2,133.24811508375643,9478.78079671085,1.425794758020764,39.39776951861258,26.471474239585966,2026-06,15039.600683208633
331,XAUUSD,SELL,2026-06-24 19:55:00.108000+00:00,2026-06-24 21:00:00.099000+00:00,64.99985,4006.65,4007.44,0.27999999999974534,0.04,0.02,0.02,True,False,False,EOD_EXIT,67.49124616915742,69.07999999999993,0.2,136.37124616915736,9615.152042880007,1.4387002832313454,43.21669038566614,26.782240543316448,2026-06,15175.97192937779
332,XAUUSD,SELL,2026-06-25 08:40:00.183000+00:00,2026-06-25 15:30:36.868000+00:00,410.6114166666667,3983.18,3984.83,0.2800000000002001,0.04,0.02,0.02,False,False,False,SL,-48.77158634770694,-48.77158634770694,0.2,-97.74317269541389,9517.408870184592,-1.016553583963266,48.03872100439353,27.09532574872616,2026-06,15078.228756682376
333,XAUUSD,SELL,2026-06-25 12:55:00.187000+00:00,2026-06-25 15:47:50.008000+00:00,172.83035,3988.19,3990.9,0.25,0.04,0.02,0.02,False,False,False,SL,-44.514906124450135,-44.514906124450135,0.2,-89.22981224890027,9428.179057935691,-0.9375431219355572,46.319479230926135,24.7305034024721,2026-06,14988.998944433475
301,NAS100,BUY,2026-06-25 13:10:00.213000+00:00,2026-06-25 16:38:08.537000+00:00,208.13873333333333,29926.2,29921.9,3.600000000002183,0.08,0.04,0.04,False,False,False,SL,-55.359774274347004,-55.359774274347004,0.4,-111.11954854869401,10449.700337949113,-1.0521867595787928,21.433721606563573,138.39943568586662,2026-06,14877.879395884782
302,NAS100,BUY,2026-06-25 15:30:00.182000+00:00,2026-06-25 16:38:09.399000+00:00,68.15361666666666,29972.5,29912.1,24.69999999999709,0.08,0.04,0.04,False,False,False,SL,-52.00164210390067,-52.00164210390067,0.4,-104.40328420780135,10345.297053741311,-0.9991031401029806,20.831395305654127,130.0041052597524,2026-06,14773.47611167698
303,NAS100,SELL,2026-06-25 19:50:00.029000+00:00,2026-06-25 21:00:00.001000+00:00,69.99953333333333,29456.0,29466.5,3.900000000001455,0.05,0.02,0.03,False,False,False,EOD_EXIT,-19.58000000000029,-29.370000000000434,0.25,-49.20000000000073,10296.09705374131,-0.4755784173660616,25.31594472626385,213.10866957319317,2026-06,14724.27611167698
305,NAS100,SELL,2026-06-26 15:35:00.064000+00:00,2026-06-26 17:05:25.245000+00:00,90.41968333333332,29113.1,29142.6,3.5,0.06,0.03,0.03,False,False,False,SL,-53.00931381587142,-53.00931381587142,0.3,-106.31862763174284,10091.618117789918,-1.0425503735299626,25.405084306980882,176.69771271956984,2026-06,14617.957484045237
334,XAUUSD,BUY,2026-06-26 15:55:00.048000+00:00,2026-06-26 17:15:57.807000+00:00,80.96265,4058.93,4046.51,0.29000000000041837,0.05,0.02,0.03,True,True,False,FULL_TP2,49.426716997940275,116.50583292371539,0.25,165.68254992165566,9593.861607857347,1.7573122965054508,19.32647532778202,19.61377658648414,2026-06,14783.640033966893
304,NAS100,SELL,2026-06-26 11:45:00.306000+00:00,2026-06-26 17:20:44.715000+00:00,335.74014999999997,29183.3,29215.7,4.399999999997817,0.05,0.02,0.03,False,False,False,SL,-39.164123327859855,-58.746184991789775,0.25,-98.16030831964963,10197.93674542166,-0.9533739610970445,25.67031072131963,195.82061663929852,2026-06,14685.479725647243
335,XAUUSD,SELL,2026-06-29 16:35:00.074000+00:00,2026-06-29 17:15:07.243000+00:00,40.11948333333333,4036.04,4043.31,0.2800000000002001,0.06,0.03,0.03,True,True,False,FULL_TP2,70.30923027983408,110.4859332968831,0.3,180.49516357671718,9774.356771434064,1.8813609259163395,17.138866957376617,18.600325470855733,2026-06,14865.97488922396
336,XAUUSD,SELL,2026-06-29 19:10:00.085000+00:00,2026-06-29 21:00:00.166000+00:00,110.00135,4023.63,4027.43,0.2800000000002001,0.06,0.03,0.03,False,False,False,EOD_EXIT,18.719999999999345,18.719999999999345,0.3,37.13999999999869,9811.496771434064,0.37997385268912814,19.880677019991193,19.734181872984735,2026-06,14903.11488922396
337,XAUUSD,SELL,2026-06-29 20:40:00.004000+00:00,2026-06-29 21:00:00.166000+00:00,20.0027,4021.95,4023.75,0.2800000000002001,0.06,0.03,0.03,False,False,False,EOD_EXIT,7.679999999999835,7.679999999999835,0.3,15.05999999999967,9826.556771434063,0.15349340014916477,21.0780510858309,19.05102602491437,2026-06,14918.17488922396
338,XAUUSD,BUY,2026-06-30 16:50:00.070000+00:00,2026-06-30 18:21:29.329000+00:00,91.48765,4028.83,4023.96,0.2800000000002001,0.05,0.02,0.03,True,False,True,TP1_THEN_BE,50.497585179139605,0.8400000000006002,0.25,51.087585179140206,9877.644356613204,0.5198930446079804,22.36598951739347,20.03872427743642,2026-06,14969.2624744031
