trade_id,symbol,direction,entry_time,entry_price,sl_price,tp1_price,tp2_price,current_sl,sl_dist,tp1_dist,tp2_dist,total_lots,part_lots,run_lots,tp1_hit,tp2_hit,be_hit,starting_balance,exit_time,exit_price,duration_m,exit_reason,partial_pnl,runner_pnl,commission,net_pnl,ending_balance,entry_dt,exit_dt,month,date
1,XAUUSD,BUY,2026-01-02 06:35:00+00:00,4379.54,4355.660387839949,4412.97145702407,4429.687185536106,4355.660387839949,23.879612160050513,33.43145702407072,50.14718553610608,0.02,0.01,0.01,False,False,False,5000.0,2026-01-02 13:30:00+00:00,4355.660387839949,415.0,SL,0.0,0.0,0.1,-50.1,4949.9,2026-01-02 06:35:00+00:00,2026-01-02 13:30:00+00:00,2026-01,2026-01-02
1,NAS100,BUY,2026-01-02 07:00:00+00:00,25481.9,25419.626715443348,25569.082598379315,25612.673897568973,25481.9,62.27328455665272,87.1825983793138,130.7738975689707,0.8,0.4,0.4,True,False,False,5000.0,2026-01-02 13:40:00+00:00,25481.9,400.0,TP1_THEN_BE,34.87,0.0,4.0,30.87,5030.87,2026-01-02 07:00:00+00:00,2026-01-02 13:40:00+00:00,2026-01,2026-01-02
2,XAUUSD,SELL,2026-01-02 18:55:00+00:00,4318.08,4341.973805382644,4284.628672464298,4267.903008696447,4341.973805382644,23.893805382644256,33.45132753570196,50.17699130355294,0.02,0.01,0.01,False,False,False,4949.9,2026-01-04 22:00:00+00:00,4341.973805382644,3065.0,SL,0.0,0.0,0.1,-50.1,4899.8,2026-01-02 18:55:00+00:00,2026-01-04 22:00:00+00:00,2026-01,2026-01-04
2,NAS100,BUY,2026-01-05 12:50:00+00:00,25407.9,25325.65463424445,25523.043512057775,25580.61526808666,25407.9,82.24536575555234,115.14351205777326,172.71526808665993,0.61,0.3,0.31,True,False,False,5030.87,2026-01-05 17:15:00+00:00,25407.9,265.0,TP1_THEN_BE,34.54,0.0,3.05,31.49,5062.37,2026-01-05 12:50:00+00:00,2026-01-05 17:15:00+00:00,2026-01,2026-01-05
3,XAUUSD,BUY,2026-01-05 16:15:00+00:00,4445.15,4421.30044669522,4478.539374626692,4495.2340619400375,4421.30044669522,23.849553304779914,33.389374626691875,50.08406194003782,0.02,0.01,0.01,False,False,False,4899.8,2026-01-05 22:00:00+00:00,4454.49,345.0,EOD_EXIT,9.34,9.34,0.1,18.58,4918.38,2026-01-05 16:15:00+00:00,2026-01-05 22:00:00+00:00,2026-01,2026-01-05
3,NAS100,BUY,2026-01-05 19:40:00+00:00,25440.3,25343.98691545133,25575.138318368136,25642.557477552204,25343.98691545133,96.31308454866954,134.83831836813735,202.25747755220604,0.52,0.26,0.26,False,False,False,5062.37,2026-01-05 22:00:00+00:00,25433.7,140.0,EOD_EXIT,-1.72,-1.72,2.6,-6.03,5056.33,2026-01-05 19:40:00+00:00,2026-01-05 22:00:00+00:00,2026-01,2026-01-05
4,XAUUSD,BUY,2026-01-06 07:20:00+00:00,4469.1,4447.997135428496,4498.644010400107,4513.41601560016,4447.997135428496,21.102864571504423,29.54401040010619,44.31601560015929,0.02,0.01,0.01,False,False,False,4918.38,2026-01-06 08:45:00+00:00,4447.997135428496,85.0,SL,0.0,0.0,0.1,-50.1,4868.28,2026-01-06 07:20:00+00:00,2026-01-06 08:45:00+00:00,2026-01,2026-01-06
5,XAUUSD,BUY,2026-01-06 10:30:00+00:00,4460.53,4438.808382848544,4490.940264012038,4506.145396018057,4460.53,21.72161715145595,30.410264012038326,45.615396018057496,0.02,0.01,0.01,True,False,False,4868.28,2026-01-06 22:00:00+00:00,4498.49,690.0,EOD_EXIT,30.41,37.96,0.1,68.27,4936.55,2026-01-06 10:30:00+00:00,2026-01-06 22:00:00+00:00,2026-01,2026-01-06
4,NAS100,BUY,2026-01-06 16:10:00+00:00,25556.9,25471.41846985124,25676.57414220827,25736.4112133124,25556.9,85.48153014876142,119.67414220826598,179.511213312399,0.58,0.29,0.29,True,False,False,5056.33,2026-01-06 22:00:00+00:00,25681.8,350.0,EOD_EXIT,34.71,36.22,2.9,68.03,5124.36,2026-01-06 16:10:00+00:00,2026-01-06 22:00:00+00:00,2026-01,2026-01-06
6,XAUUSD,SELL,2026-01-07 08:40:00+00:00,4461.41,4483.677175228151,4430.235954680587,4414.648932020881,4461.41,22.26717522815168,31.174045319412347,46.76106797911853,0.02,0.01,0.01,True,False,False,4936.55,2026-01-07 15:30:00+00:00,4461.41,410.0,TP1_THEN_BE,31.17,0.0,0.1,31.07,4967.62,2026-01-07 08:40:00+00:00,2026-01-07 15:30:00+00:00,2026-01,2026-01-07
7,XAUUSD,SELL,2026-01-07 16:55:00+00:00,4451.9,4475.736760744263,4418.528534958031,4401.842802437046,4475.736760744263,23.836760744263433,33.371465041968804,50.05719756295321,0.02,0.01,0.01,False,False,False,4967.62,2026-01-07 22:00:00+00:00,4461.96,305.0,EOD_EXIT,-10.06,-10.06,0.1,-20.22,4947.4,2026-01-07 16:55:00+00:00,2026-01-07 22:00:00+00:00,2026-01,2026-01-07
5,NAS100,BUY,2026-01-07 17:40:00+00:00,25815.7,25744.753337238908,25915.02532786553,25964.687991798295,25744.753337238908,70.94666276109295,99.32532786553013,148.9879917982952,0.7,0.35,0.35,False,False,False,5124.36,2026-01-07 18:15:00+00:00,25744.753337238908,35.0,SL,0.0,0.0,3.5,-53.5,5070.86,2026-01-07 17:40:00+00:00,2026-01-07 18:15:00+00:00,2026-01,2026-01-07
8,XAUUSD,SELL,2026-01-08 07:00:00+00:00,4425.66,4445.951801764896,4397.251477529146,4383.0472162937185,4445.951801764896,20.29180176489593,28.408522470854297,42.612783706281455,0.02,0.01,0.01,False,False,False,4947.4,2026-01-08 14:10:00+00:00,4445.951801764896,430.0,SL,0.0,0.0,0.1,-50.1,4897.3,2026-01-08 07:00:00+00:00,2026-01-08 14:10:00+00:00,2026-01,2026-01-08
6,NAS100,SELL,2026-01-08 08:40:00+00:00,25608.8,25682.787389670226,25505.21765446168,25453.42648169252,25608.8,73.98738967022746,103.58234553831844,155.37351830747767,0.68,0.34,0.34,True,False,False,5070.86,2026-01-08 13:45:00+00:00,25453.42648169252,305.0,FULL_TP2,35.22,52.83,3.4,84.64,5155.51,2026-01-08 08:40:00+00:00,2026-01-08 13:45:00+00:00,2026-01,2026-01-08
7,NAS100,SELL,2026-01-08 17:10:00+00:00,25474.8,25573.044590151247,25337.257573788254,25268.486360682382,25573.044590151247,98.24459015124637,137.5424262117449,206.3136393176174,0.51,0.26,0.25,False,False,False,5155.51,2026-01-08 20:35:00+00:00,25573.044590151247,205.0,SL,0.0,0.0,2.55,-52.55,5102.96,2026-01-08 17:10:00+00:00,2026-01-08 20:35:00+00:00,2026-01,2026-01-08
9,XAUUSD,BUY,2026-01-08 19:00:00+00:00,4457.37,4436.9612906505035,4485.942193089295,4500.228289633942,4436.9612906505035,20.40870934949622,28.572193089294707,42.858289633942064,0.02,0.01,0.01,False,False,False,4897.3,2026-01-08 22:00:00+00:00,4477.26,180.0,EOD_EXIT,19.89,19.89,0.1,39.68,4936.98,2026-01-08 19:00:00+00:00,2026-01-08 22:00:00+00:00,2026-01,2026-01-08
8,NAS100,SELL,2026-01-09 06:20:00+00:00,25512.1,25586.66045441667,25407.71536381666,25355.52304572499,25586.66045441667,74.56045441667038,104.38463618333853,156.5769542750078,0.67,0.34,0.33,False,False,False,5102.96,2026-01-09 10:20:00+00:00,25586.66045441667,240.0,SL,0.0,0.0,3.35,-53.35,5049.61,2026-01-09 06:20:00+00:00,2026-01-09 10:20:00+00:00,2026-01,2026-01-09
10,XAUUSD,BUY,2026-01-09 07:05:00+00:00,4473.79,4456.058238940056,4498.614465483922,4511.026698225882,4473.79,17.731761059943878,24.82446548392143,37.236698225882144,0.03,0.01,0.02,True,False,False,4936.98,2026-01-09 14:30:00+00:00,4511.026698225882,445.0,FULL_TP2,24.82,74.47,0.15,99.15,5036.13,2026-01-09 07:05:00+00:00,2026-01-09 14:30:00+00:00,2026-01,2026-01-09
9,NAS100,BUY,2026-01-09 11:55:00+00:00,25598.1,25529.02711068727,25694.802045037817,25743.153067556726,25529.02711068727,69.0728893127283,96.7020450378196,145.05306755672942,0.72,0.36,0.36,False,False,False,5049.61,2026-01-09 13:30:00+00:00,25529.02711068727,95.0,SL,0.0,0.0,3.6,-53.6,4996.01,2026-01-09 11:55:00+00:00,2026-01-09 13:30:00+00:00,2026-01,2026-01-09
10,NAS100,SELL,2026-01-12 07:15:00+00:00,25548.8,25633.214356146877,25430.61990139437,25371.529852091553,25633.214356146877,84.41435614687835,118.18009860562968,177.27014790844453,0.59,0.29,0.3,False,False,False,4996.01,2026-01-12 13:30:00+00:00,25633.214356146877,375.0,SL,0.0,0.0,2.95,-52.95,4943.06,2026-01-12 07:15:00+00:00,2026-01-12 13:30:00+00:00,2026-01,2026-01-12
11,XAUUSD,BUY,2026-01-12 11:55:00+00:00,4590.5,4568.176529063386,4621.75285931126,4637.37928896689,4590.5,22.32347093661423,31.25285931125992,46.87928896688988,0.02,0.01,0.01,True,False,False,5036.13,2026-01-12 20:40:00+00:00,4590.5,525.0,TP1_THEN_BE,31.25,0.0,0.1,31.15,5067.29,2026-01-12 11:55:00+00:00,2026-01-12 20:40:00+00:00,2026-01,2026-01-12
11,NAS100,BUY,2026-01-13 07:20:00+00:00,25778.4,25714.30222016387,25868.136891770584,25913.005337655875,25778.4,64.09777983613002,89.73689177058202,134.60533765587303,0.78,0.39,0.39,True,False,False,4943.06,2026-01-13 14:00:00+00:00,25778.4,400.0,TP1_THEN_BE,35.0,0.0,3.9,31.1,4974.15,2026-01-13 07:20:00+00:00,2026-01-13 14:00:00+00:00,2026-01,2026-01-13
12,XAUUSD,BUY,2026-01-13 10:40:00+00:00,4589.72,4569.374679151897,4618.203449187345,4632.445173781017,4589.72,20.34532084810293,28.4834491873441,42.72517378101615,0.02,0.01,0.01,True,False,False,5067.29,2026-01-13 13:45:00+00:00,4632.445173781017,185.0,FULL_TP2,28.48,42.73,0.1,71.11,5138.39,2026-01-13 10:40:00+00:00,2026-01-13 13:45:00+00:00,2026-01,2026-01-13
13,XAUUSD,BUY,2026-01-13 14:55:00+00:00,4618.95,4596.655098845724,4650.162861615986,4665.769292423979,4596.655098845724,22.294901154276012,31.212861615986416,46.819292423979626,0.02,0.01,0.01,False,False,False,5138.39,2026-01-13 15:25:00+00:00,4596.655098845724,30.0,SL,0.0,0.0,0.1,-50.1,5088.29,2026-01-13 14:55:00+00:00,2026-01-13 15:25:00+00:00,2026-01,2026-01-13
12,NAS100,BUY,2026-01-13 15:30:00+00:00,25802.6,25715.819686931904,25924.09243829533,25984.838657442993,25715.819686931904,86.78031306809321,121.49243829533049,182.23865744299573,0.58,0.29,0.29,False,False,False,4974.15,2026-01-13 16:55:00+00:00,25715.819686931904,85.0,SL,0.0,0.0,2.9,-52.9,4921.25,2026-01-13 15:30:00+00:00,2026-01-13 16:55:00+00:00,2026-01,2026-01-13
14,XAUUSD,BUY,2026-01-14 07:50:00+00:00,4634.73,4613.393593165604,4664.600969568153,4679.53645435223,4613.393593165604,21.336406834395383,29.870969568153534,44.806454352230304,0.02,0.01,0.01,False,False,False,5088.29,2026-01-14 13:45:00+00:00,4613.393593165604,355.0,SL,0.0,0.0,0.1,-50.1,5038.19,2026-01-14 07:50:00+00:00,2026-01-14 13:45:00+00:00,2026-01,2026-01-14
13,NAS100,BUY,2026-01-15 11:40:00+00:00,25693.0,25595.461612006846,25829.553743190412,25897.83061478562,25595.461612006846,97.53838799315287,136.553743190414,204.83061478562104,0.51,0.26,0.25,False,False,False,4921.25,2026-01-15 19:00:00+00:00,25595.461612006846,440.0,SL,0.0,0.0,2.55,-52.55,4868.7,2026-01-15 11:40:00+00:00,2026-01-15 19:00:00+00:00,2026-01,2026-01-15
14,NAS100,BUY,2026-01-16 08:00:00+00:00,25696.9,25623.676840314696,25799.412423559428,25850.66863533914,25623.676840314696,73.22315968530482,102.51242355942675,153.76863533914013,0.68,0.34,0.34,False,False,False,4868.7,2026-01-16 13:55:00+00:00,25623.676840314696,355.0,SL,0.0,0.0,3.4,-53.4,4815.3,2026-01-16 08:00:00+00:00,2026-01-16 13:55:00+00:00,2026-01,2026-01-16
15,XAUUSD,SELL,2026-01-16 10:00:00+00:00,4601.24,4619.576484433868,4575.568921792584,4562.733382688876,4619.576484433868,18.336484433868307,25.67107820741563,38.50661731112345,0.03,0.01,0.02,False,False,False,5038.19,2026-01-16 14:05:00+00:00,4619.576484433868,245.0,SL,0.0,0.0,0.15,-50.15,4988.04,2026-01-16 10:00:00+00:00,2026-01-16 14:05:00+00:00,2026-01,2026-01-16
16,XAUUSD,SELL,2026-01-16 14:25:00+00:00,4564.57,4584.498254943662,4536.670443078873,4522.7206646183095,4564.57,19.92825494366189,27.899556921126646,41.849335381689976,0.03,0.01,0.02,True,False,False,4988.04,2026-01-16 14:45:00+00:00,4564.57,20.0,TP1_THEN_BE,27.9,0.0,0.15,27.75,5015.79,2026-01-16 14:25:00+00:00,2026-01-16 14:45:00+00:00,2026-01,2026-01-16
15,NAS100,SELL,2026-01-16 16:05:00+00:00,25571.5,25666.05315220231,25439.125586916765,25372.938380375148,25666.05315220231,94.55315220230996,132.37441308323395,198.56161962485092,0.53,0.27,0.26,False,False,False,4815.3,2026-01-19 22:00:00+00:00,25372.938380375148,4675.0,FULL_TP2,35.74,51.63,2.65,84.72,4900.02,2026-01-16 16:05:00+00:00,2026-01-19 22:00:00+00:00,2026-01,2026-01-19
17,XAUUSD,SELL,2026-01-16 16:20:00+00:00,4584.28,4611.704582068769,4545.885585103722,4526.688377655583,4611.704582068769,27.424582068769706,38.39441489627759,57.591622344416386,0.02,0.01,0.01,False,False,False,5015.79,2026-01-18 22:00:00+00:00,4611.704582068769,3220.0,SL,0.0,0.0,0.1,-50.1,4965.69,2026-01-16 16:20:00+00:00,2026-01-18 22:00:00+00:00,2026-01,2026-01-18
18,XAUUSD,BUY,2026-01-19 08:15:00+00:00,4671.34,4646.1030576866115,4706.671719238744,4724.337578858116,4646.1030576866115,25.23694231338835,35.33171923874369,52.99757885811554,0.02,0.01,0.01,False,False,False,4965.69,2026-01-19 22:00:00+00:00,4668.65,825.0,EOD_EXIT,-2.69,-2.69,0.1,-5.48,4960.21,2026-01-19 08:15:00+00:00,2026-01-19 22:00:00+00:00,2026-01,2026-01-19
19,XAUUSD,BUY,2026-01-20 10:40:00+00:00,4732.16,4713.936298648909,4757.673181891528,4770.429772837291,4732.16,18.22370135109134,25.513181891527875,38.26977283729181,0.03,0.01,0.02,True,False,False,4960.21,2026-01-20 22:00:00+00:00,4762.13,680.0,EOD_EXIT,25.51,59.94,0.15,85.3,5045.52,2026-01-20 10:40:00+00:00,2026-01-20 22:00:00+00:00,2026-01,2026-01-20
16,NAS100,SELL,2026-01-20 12:40:00+00:00,25088.9,25201.555993964233,24931.18160845008,24852.322412675116,25201.555993964233,112.65599396423089,157.71839154992324,236.5775873248849,0.44,0.22,0.22,False,False,False,4900.02,2026-01-20 13:30:00+00:00,25201.555993964233,50.0,SL,0.0,0.0,2.2,-52.2,4847.82,2026-01-20 12:40:00+00:00,2026-01-20 13:30:00+00:00,2026-01,2026-01-20
17,NAS100,SELL,2026-01-21 07:00:00+00:00,25083.9,25183.161700331995,24944.933619535208,24875.45042930281,25083.9,99.26170033199483,138.96638046479276,208.44957069718916,0.5,0.25,0.25,True,False,False,4847.82,2026-01-21 13:10:00+00:00,25083.9,370.0,TP1_THEN_BE,34.74,0.0,2.5,32.24,4880.06,2026-01-21 07:00:00+00:00,2026-01-21 13:10:00+00:00,2026-01,2026-01-21
20,XAUUSD,BUY,2026-01-21 07:10:00+00:00,4858.41,4829.0079139727,4899.572920438219,4920.154380657329,4829.0079139727,29.402086027299514,41.16292043821932,61.74438065732898,0.02,0.01,0.01,False,False,False,5045.52,2026-01-21 14:15:00+00:00,4829.0079139727,425.0,SL,0.0,0.0,0.1,-50.1,4995.42,2026-01-21 07:10:00+00:00,2026-01-21 14:15:00+00:00,2026-01,2026-01-21
18,NAS100,BUY,2026-01-21 17:50:00+00:00,25164.7,25012.928373148905,25377.180277591535,25483.4204163873,25164.7,151.77162685109485,212.48027759153277,318.7204163872992,0.33,0.17,0.16,True,False,False,4880.06,2026-01-21 18:45:00+00:00,25483.4204163873,55.0,FULL_TP2,36.12,51.0,1.65,85.47,4965.53,2026-01-21 17:50:00+00:00,2026-01-21 18:45:00+00:00,2026-01,2026-01-21
21,XAUUSD,BUY,2026-01-22 11:20:00+00:00,4830.56,4798.799874282919,4875.024176003914,4897.256264005871,4830.56,31.760125717081458,44.46417600391404,66.69626400587106,0.02,0.01,0.01,True,False,False,4995.42,2026-01-22 16:40:00+00:00,4897.256264005871,320.0,FULL_TP2,44.46,66.7,0.1,111.06,5106.48,2026-01-22 11:20:00+00:00,2026-01-22 16:40:00+00:00,2026-01,2026-01-22
19,NAS100,BUY,2026-01-22 11:55:00+00:00,25572.2,25454.31404041047,25737.240343425343,25819.760515138012,25454.31404041047,117.88595958952963,165.0403434253415,247.56051513801225,0.42,0.21,0.21,False,False,False,4965.53,2026-01-22 13:45:00+00:00,25454.31404041047,110.0,SL,0.0,0.0,2.1,-52.1,4913.43,2026-01-22 11:55:00+00:00,2026-01-22 13:45:00+00:00,2026-01,2026-01-22
20,NAS100,BUY,2026-01-23 06:20:00+00:00,25606.5,25520.42823515839,25727.000470778257,25787.250706167386,25520.42823515839,86.07176484161195,120.50047077825673,180.75070616738512,0.58,0.29,0.29,False,False,False,4913.43,2026-01-23 07:25:00+00:00,25520.42823515839,65.0,SL,0.0,0.0,2.9,-52.9,4860.53,2026-01-23 06:20:00+00:00,2026-01-23 07:25:00+00:00,2026-01,2026-01-23
21,NAS100,SELL,2026-01-23 12:25:00+00:00,25456.9,25545.222350594166,25333.248709168172,25271.423063752256,25545.222350594166,88.3223505941637,123.65129083182916,185.47693624774377,0.57,0.28,0.29,False,False,False,4860.53,2026-01-23 13:55:00+00:00,25545.222350594166,90.0,SL,0.0,0.0,2.85,-52.85,4807.68,2026-01-23 12:25:00+00:00,2026-01-23 13:55:00+00:00,2026-01,2026-01-23
22,XAUUSD,BUY,2026-01-23 18:25:00+00:00,4977.27,4946.407088208928,5020.478076507502,5042.082114761253,4977.27,30.86291179107258,43.20807650750161,64.81211476125242,0.02,0.01,0.01,True,False,False,5106.48,2026-01-25 22:05:00+00:00,5023.13,3100.0,EOD_EXIT,43.21,45.86,0.1,88.97,5195.44,2026-01-23 18:25:00+00:00,2026-01-25 22:05:00+00:00,2026-01,2026-01-25
23,XAUUSD,BUY,2026-01-26 08:15:00+00:00,5093.43,5059.5329750043675,5140.885834993886,5164.61375249083,5059.5329750043675,33.89702499563327,47.45583499388657,71.18375249082986,0.01,0.01,0.0,False,False,False,5195.44,2026-01-26 12:30:00+00:00,5059.5329750043675,255.0,SL,0.0,0.0,0.05,-50.05,5145.39,2026-01-26 08:15:00+00:00,2026-01-26 12:30:00+00:00,2026-01,2026-01-26
24,XAUUSD,BUY,2026-01-26 16:00:00+00:00,5094.97,5060.715947608413,5142.925673348222,5166.903510022332,5060.715947608413,34.25405239158644,47.95567334822101,71.93351002233153,0.01,0.01,0.0,False,False,False,5145.39,2026-01-26 17:40:00+00:00,5060.715947608413,100.0,SL,0.0,0.0,0.05,-50.05,5095.34,2026-01-26 16:00:00+00:00,2026-01-26 17:40:00+00:00,2026-01,2026-01-26
22,NAS100,BUY,2026-01-26 17:20:00+00:00,25801.6,25697.004603801415,25948.03355467801,26021.250332017018,25697.004603801415,104.59539619858157,146.4335546780142,219.6503320170213,0.48,0.24,0.24,False,False,False,4807.68,2026-01-26 22:00:00+00:00,25739.2,280.0,EOD_EXIT,-14.98,-14.98,2.4,-32.35,4775.33,2026-01-26 17:20:00+00:00,2026-01-26 22:00:00+00:00,2026-01,2026-01-26
25,XAUUSD,BUY,2026-01-27 08:25:00+00:00,5088.13,5048.98111068315,5142.93844504359,5170.342667565385,5048.98111068315,39.148889316850116,54.80844504359016,82.21266756538525,0.01,0.01,0.0,False,False,False,5095.34,2026-01-27 13:15:00+00:00,5048.98111068315,290.0,SL,0.0,0.0,0.05,-50.05,5045.29,2026-01-27 08:25:00+00:00,2026-01-27 13:15:00+00:00,2026-01,2026-01-27
23,NAS100,BUY,2026-01-27 12:10:00+00:00,25911.6,25845.17249878593,26004.598501699696,26051.097752549544,25845.17249878593,66.42750121406944,92.9985016996972,139.49775254954582,0.75,0.38,0.37,False,False,False,4775.33,2026-01-27 13:35:00+00:00,25845.17249878593,85.0,SL,0.0,0.0,3.75,-53.75,4721.58,2026-01-27 12:10:00+00:00,2026-01-27 13:35:00+00:00,2026-01,2026-01-27
26,XAUUSD,BUY,2026-01-27 14:30:00+00:00,5077.71,5041.342079673359,5128.625088457297,5154.082632685947,5077.71,36.36792032664119,50.915088457297664,76.3726326859465,0.01,0.01,0.0,True,False,False,5045.29,2026-01-27 19:45:00+00:00,5154.082632685947,315.0,FULL_TP2,50.92,0.0,0.05,50.87,5096.16,2026-01-27 14:30:00+00:00,2026-01-27 19:45:00+00:00,2026-01,2026-01-27
24,NAS100,BUY,2026-01-27 16:25:00+00:00,25978.1,25903.545952150795,26082.475666988885,26134.663500483326,25903.545952150795,74.5540478492044,104.37566698888615,156.56350048332922,0.67,0.34,0.33,False,False,False,4721.58,2026-01-27 22:00:00+00:00,26035.1,335.0,EOD_EXIT,19.38,18.81,3.35,34.84,4756.42,2026-01-27 16:25:00+00:00,2026-01-27 22:00:00+00:00,2026-01,2026-01-27
27,XAUUSD,BUY,2026-01-28 11:40:00+00:00,5269.53,5232.121822510474,5321.901448485336,5348.087172728004,5269.53,37.40817748952568,52.37144848533595,78.55717272800392,0.01,0.01,0.0,True,False,False,5096.16,2026-01-28 17:35:00+00:00,5269.53,355.0,TP1_THEN_BE,52.37,0.0,0.05,52.32,5148.48,2026-01-28 11:40:00+00:00,2026-01-28 17:35:00+00:00,2026-01,2026-01-28
28,XAUUSD,BUY,2026-01-28 18:35:00+00:00,5301.15,5258.069415700416,5361.462818019417,5391.619227029126,5301.15,43.08058429958368,60.31281801941714,90.46922702912572,0.01,0.01,0.0,True,False,False,5148.48,2026-01-28 19:45:00+00:00,5391.619227029126,70.0,FULL_TP2,60.31,0.0,0.05,60.26,5208.74,2026-01-28 18:35:00+00:00,2026-01-28 19:45:00+00:00,2026-01,2026-01-28
25,NAS100,SELL,2026-01-28 19:55:00+00:00,26045.5,26129.98171943244,25927.225592794584,25868.08838919188,26045.5,84.48171943243892,118.27440720541448,177.41161080812174,0.59,0.29,0.3,True,False,False,4756.42,2026-01-28 20:05:00+00:00,26045.5,10.0,TP1_THEN_BE,34.3,0.0,2.95,31.35,4787.77,2026-01-28 19:55:00+00:00,2026-01-28 20:05:00+00:00,2026-01,2026-01-28
29,XAUUSD,SELL,2026-01-29 18:10:00+00:00,5306.3,5409.07364015011,5162.416903789846,5090.475355684769,5409.07364015011,102.77364015011007,143.8830962101541,215.82464431523115,0.01,0.01,0.0,False,False,False,5208.74,2026-01-29 20:25:00+00:00,5409.07364015011,135.0,SL,0.0,0.0,0.05,-50.05,5158.69,2026-01-29 18:10:00+00:00,2026-01-29 20:25:00+00:00,2026-01,2026-01-29
26,NAS100,SELL,2026-01-30 08:10:00+00:00,25615.9,25760.05181700032,25414.087456199555,25313.18118429933,25760.05181700032,144.15181700031917,201.81254380044683,302.7188157006703,0.35,0.17,0.18,False,False,False,4787.77,2026-01-30 10:50:00+00:00,25760.05181700032,160.0,SL,0.0,0.0,1.75,-51.75,4736.02,2026-01-30 08:10:00+00:00,2026-01-30 10:50:00+00:00,2026-01,2026-01-30
30,XAUUSD,SELL,2026-01-30 11:45:00+00:00,5065.79,5184.305538598921,4899.86824596151,4816.907368942266,5065.79,118.51553859892121,165.9217540384897,248.88263105773456,0.01,0.01,0.0,True,False,False,5158.69,2026-01-30 16:50:00+00:00,4816.907368942266,305.0,FULL_TP2,165.92,0.0,0.05,165.87,5324.57,2026-01-30 11:45:00+00:00,2026-01-30 16:50:00+00:00,2026-01,2026-01-30
27,NAS100,SELL,2026-01-30 14:25:00+00:00,25691.2,25840.525201380737,25482.14471806697,25377.617077100458,25691.2,149.32520138073525,209.05528193302933,313.58292289954403,0.33,0.17,0.16,True,False,False,4736.02,2026-02-01 22:00:00+00:00,25377.617077100458,3335.0,FULL_TP2,35.54,50.17,1.65,84.06,4820.08,2026-01-30 14:25:00+00:00,2026-02-01 22:00:00+00:00,2026-01,2026-02-01
31,XAUUSD,SELL,2026-01-30 19:40:00+00:00,4861.38,5002.918718706445,4663.225793810977,4564.148690716465,5002.918718706445,141.53871870644525,198.15420618902334,297.23130928353504,0.01,0.01,0.0,False,False,False,5324.57,2026-02-01 22:00:00+00:00,4827.79,3020.0,EOD_EXIT,33.59,0.0,0.05,33.54,5358.11,2026-01-30 19:40:00+00:00,2026-02-01 22:00:00+00:00,2026-01,2026-02-01
32,XAUUSD,SELL,2026-02-02 19:55:00+00:00,4653.27,4791.538791633281,4459.693691713407,4362.905537570111,4791.538791633281,138.26879163328067,193.57630828659293,290.36446242988944,0.01,0.01,0.0,False,False,False,5358.11,2026-02-02 22:00:00+00:00,4700.63,125.0,EOD_EXIT,-47.36,-0.0,0.05,-47.41,5310.7,2026-02-02 19:55:00+00:00,2026-02-02 22:00:00+00:00,2026-02,2026-02-02
33,XAUUSD,BUY,2026-02-03 08:45:00+00:00,4923.09,4817.8656622482395,5070.404072852465,5144.061109278698,4817.8656622482395,105.22433775176057,147.3140728524648,220.9711092786972,0.01,0.01,0.0,False,False,False,5310.7,2026-02-03 22:00:00+00:00,4957.09,795.0,EOD_EXIT,34.0,0.0,0.05,33.95,5344.65,2026-02-03 08:45:00+00:00,2026-02-03 22:00:00+00:00,2026-02,2026-02-03
28,NAS100,BUY,2026-02-03 11:15:00+00:00,25882.4,25781.15675252202,26024.140546469174,26095.010819703763,25781.15675252202,101.24324747798188,141.74054646917463,212.61081970376196,0.49,0.24,0.25,False,False,False,4820.08,2026-02-03 13:30:00+00:00,25781.15675252202,135.0,SL,0.0,0.0,2.45,-52.45,4767.63,2026-02-03 11:15:00+00:00,2026-02-03 13:30:00+00:00,2026-02,2026-02-03
34,XAUUSD,BUY,2026-02-04 06:20:00+00:00,5081.24,5012.610070448172,5177.3219013725575,5225.362852058837,5012.610070448172,68.62992955182716,96.08190137255802,144.12285205883705,0.01,0.01,0.0,False,False,False,5344.65,2026-02-04 13:30:00+00:00,5012.610070448172,430.0,SL,0.0,0.0,0.05,-50.05,5294.6,2026-02-04 06:20:00+00:00,2026-02-04 13:30:00+00:00,2026-02,2026-02-04
29,NAS100,SELL,2026-02-04 07:20:00+00:00,25350.7,25469.053649692556,25185.00489043042,25102.157335645632,25350.7,118.35364969255664,165.6951095695793,248.54266435436895,0.42,0.21,0.21,True,False,False,4767.63,2026-02-04 13:55:00+00:00,25102.157335645632,395.0,FULL_TP2,34.8,52.19,2.1,84.89,4852.52,2026-02-04 07:20:00+00:00,2026-02-04 13:55:00+00:00,2026-02,2026-02-04
30,NAS100,SELL,2026-02-04 20:00:00+00:00,24823.2,25008.71424471551,24563.48005739829,24433.620086097435,25008.71424471551,185.51424471550803,259.71994260171124,389.5799139025669,0.27,0.14,0.13,False,False,False,4852.52,2026-02-04 20:30:00+00:00,25008.71424471551,30.0,SL,0.0,0.0,1.35,-51.35,4801.17,2026-02-04 20:00:00+00:00,2026-02-04 20:30:00+00:00,2026-02,2026-02-04
31,NAS100,SELL,2026-02-05 07:50:00+00:00,24937.8,25105.5535601285,24702.945015820096,24585.517523730145,24937.8,167.75356012850241,234.85498417990337,352.28247626985507,0.3,0.15,0.15,True,False,False,4801.17,2026-02-05 13:30:00+00:00,24585.517523730145,340.0,FULL_TP2,35.23,52.84,1.5,86.57,4887.74,2026-02-05 07:50:00+00:00,2026-02-05 13:30:00+00:00,2026-02,2026-02-05
35,XAUUSD,SELL,2026-02-05 10:45:00+00:00,4871.56,4947.756740135637,4764.884563810109,4711.546845715163,4871.56,76.19674013563682,106.67543618989154,160.01315428483733,0.01,0.01,0.0,True,False,False,5294.6,2026-02-05 22:00:00+00:00,4776.57,675.0,EOD_EXIT,106.68,0.0,0.05,106.63,5401.22,2026-02-05 10:45:00+00:00,2026-02-05 22:00:00+00:00,2026-02,2026-02-05
32,NAS100,SELL,2026-02-05 14:00:00+00:00,24618.6,24816.332410964667,24341.77462464946,24203.361936974194,24618.6,197.73241096466944,276.8253753505372,415.23806302580584,0.25,0.12,0.13,True,False,False,4887.74,2026-02-05 22:00:00+00:00,24367.8,480.0,EOD_EXIT,33.22,32.6,1.25,64.57,4952.31,2026-02-05 14:00:00+00:00,2026-02-05 22:00:00+00:00,2026-02,2026-02-05
33,NAS100,BUY,2026-02-06 12:20:00+00:00,24761.9,24568.860811661136,25032.154863674416,25167.28229551162,24761.9,193.03918833886684,270.25486367441357,405.3822955116204,0.26,0.13,0.13,True,False,False,4952.31,2026-02-08 22:00:00+00:00,25167.28229551162,3460.0,FULL_TP2,35.13,52.7,1.3,86.53,5038.85,2026-02-06 12:20:00+00:00,2026-02-08 22:00:00+00:00,2026-02,2026-02-08
36,XAUUSD,BUY,2026-02-06 20:35:00+00:00,4962.37,4906.556582651762,5040.508784287533,5079.578176431299,4906.556582651762,55.81341734823768,78.13878428753274,117.20817643129912,0.01,0.01,0.0,False,False,False,5401.22,2026-02-08 22:00:00+00:00,4987.35,2965.0,EOD_EXIT,24.98,0.0,0.05,24.93,5426.15,2026-02-06 20:35:00+00:00,2026-02-08 22:00:00+00:00,2026-02,2026-02-08
37,XAUUSD,BUY,2026-02-09 07:20:00+00:00,5025.96,4973.524935371335,5099.369090480131,5136.073635720196,4973.524935371335,52.43506462866467,73.40909048013053,110.11363572019582,0.01,0.01,0.0,False,False,False,5426.15,2026-02-09 22:00:00+00:00,5055.91,880.0,EOD_EXIT,29.95,0.0,0.05,29.9,5456.05,2026-02-09 07:20:00+00:00,2026-02-09 22:00:00+00:00,2026-02,2026-02-09
34,NAS100,BUY,2026-02-10 06:20:00+00:00,25260.5,25153.037264506103,25410.947829691453,25486.171744537183,25153.037264506103,107.46273549389613,150.4478296914546,225.6717445371819,0.47,0.23,0.24,False,False,False,5038.85,2026-02-10 19:50:00+00:00,25153.037264506103,810.0,SL,0.0,0.0,2.35,-52.35,4986.5,2026-02-10 06:20:00+00:00,2026-02-10 19:50:00+00:00,2026-02,2026-02-10
38,XAUUSD,BUY,2026-02-10 06:55:00+00:00,5033.96,4992.001040563716,5092.702543210798,5122.073814816196,4992.001040563716,41.95895943628407,58.74254321079769,88.11381481619655,0.01,0.01,0.0,False,False,False,5456.05,2026-02-10 22:00:00+00:00,5033.56,905.0,EOD_EXIT,-0.4,-0.0,0.05,-0.45,5455.6,2026-02-10 06:55:00+00:00,2026-02-10 22:00:00+00:00,2026-02,2026-02-10
39,XAUUSD,BUY,2026-02-11 08:30:00+00:00,5057.72,5027.016558879642,5100.704817568502,5122.197226352754,5057.72,30.70344112035878,42.98481756850229,64.47722635275343,0.02,0.01,0.01,True,False,False,5455.6,2026-02-11 11:40:00+00:00,5057.72,190.0,TP1_THEN_BE,42.98,0.0,0.1,42.88,5498.49,2026-02-11 08:30:00+00:00,2026-02-11 11:40:00+00:00,2026-02,2026-02-11
40,XAUUSD,BUY,2026-02-11 15:30:00+00:00,5075.04,5031.299435337902,5136.2767905269375,5166.895185790406,5031.299435337902,43.7405646620981,61.23679052693734,91.85518579040601,0.01,0.01,0.0,False,False,False,5498.49,2026-02-11 22:00:00+00:00,5095.42,390.0,EOD_EXIT,20.38,0.0,0.05,20.33,5518.82,2026-02-11 15:30:00+00:00,2026-02-11 22:00:00+00:00,2026-02,2026-02-11
35,NAS100,SELL,2026-02-12 18:10:00+00:00,24798.8,24938.625277528972,24603.044611459438,24505.166917189155,24938.625277528972,139.82527752897326,195.75538854056256,293.63308281084386,0.36,0.18,0.18,False,False,False,4986.5,2026-02-12 22:00:00+00:00,24747.3,230.0,EOD_EXIT,9.27,9.27,1.8,16.74,5003.24,2026-02-12 18:10:00+00:00,2026-02-12 22:00:00+00:00,2026-02,2026-02-12
41,XAUUSD,SELL,2026-02-12 19:15:00+00:00,4937.56,4986.891313730389,4868.496160777457,4833.964241166185,4986.891313730389,49.331313730388295,69.0638392225436,103.59575883381542,0.01,0.01,0.0,False,False,False,5518.82,2026-02-12 22:00:00+00:00,4891.39,165.0,EOD_EXIT,46.17,0.0,0.05,46.12,5564.94,2026-02-12 19:15:00+00:00,2026-02-12 22:00:00+00:00,2026-02,2026-02-12
36,NAS100,SELL,2026-02-13 07:20:00+00:00,24651.6,24781.57065784582,24469.64107901585,24378.66161852378,24781.57065784582,129.97065784581912,181.95892098414674,272.9383814762202,0.38,0.19,0.19,False,False,False,5003.24,2026-02-13 14:25:00+00:00,24781.57065784582,425.0,SL,0.0,0.0,1.9,-51.9,4951.34,2026-02-13 07:20:00+00:00,2026-02-13 14:25:00+00:00,2026-02,2026-02-13
42,XAUUSD,SELL,2026-02-13 08:25:00+00:00,4964.79,5007.76478153577,4904.625305849921,4874.542958774881,5007.76478153577,42.97478153577074,60.16469415007903,90.24704122511855,0.01,0.01,0.0,False,False,False,5564.94,2026-02-13 13:30:00+00:00,5007.76478153577,305.0,SL,0.0,0.0,0.05,-50.05,5514.89,2026-02-13 08:25:00+00:00,2026-02-13 13:30:00+00:00,2026-02,2026-02-13
43,XAUUSD,SELL,2026-02-13 14:55:00+00:00,4976.85,5019.647361407913,4916.933694028922,4886.975541043383,5019.647361407913,42.79736140791302,59.91630597107823,89.87445895661735,0.01,0.01,0.0,False,False,False,5514.89,2026-02-13 15:25:00+00:00,5019.647361407913,30.0,SL,0.0,0.0,0.05,-50.05,5464.84,2026-02-13 14:55:00+00:00,2026-02-13 15:25:00+00:00,2026-02,2026-02-13
37,NAS100,SELL,2026-02-17 06:25:00+00:00,24532.5,24638.714881159543,24383.799166376637,24309.448749564956,24638.714881159543,106.21488115954482,148.70083362336274,223.05125043504412,0.47,0.23,0.24,False,False,False,4951.34,2026-02-17 07:00:00+00:00,24638.714881159543,35.0,SL,0.0,0.0,2.35,-52.35,4898.99,2026-02-17 06:25:00+00:00,2026-02-17 07:00:00+00:00,2026-02,2026-02-17
38,NAS100,SELL,2026-02-17 11:30:00+00:00,24554.9,24663.65458575737,24402.643579939686,24326.515369909528,24663.65458575737,108.75458575736856,152.25642006031597,228.384630090474,0.46,0.23,0.23,False,False,False,4898.99,2026-02-17 13:30:00+00:00,24663.65458575737,120.0,SL,0.0,0.0,2.3,-52.3,4846.69,2026-02-17 11:30:00+00:00,2026-02-17 13:30:00+00:00,2026-02,2026-02-17
44,XAUUSD,SELL,2026-02-17 12:10:00+00:00,4922.13,4954.260861637395,4877.146793707648,4854.6551905614715,4922.13,32.13086163739467,44.98320629235254,67.47480943852882,0.02,0.01,0.01,True,False,False,5464.84,2026-02-17 13:00:00+00:00,4854.6551905614715,50.0,FULL_TP2,44.98,67.47,0.1,112.36,5577.19,2026-02-17 12:10:00+00:00,2026-02-17 13:00:00+00:00,2026-02,2026-02-17
45,XAUUSD,SELL,2026-02-17 15:55:00+00:00,4869.15,4909.177452994663,4813.111565807471,4785.092348711207,4909.177452994663,40.02745299466334,56.038434192528676,84.05765128879302,0.01,0.01,0.0,False,False,False,5577.19,2026-02-17 17:55:00+00:00,4909.177452994663,120.0,SL,0.0,0.0,0.05,-50.05,5527.14,2026-02-17 15:55:00+00:00,2026-02-17 17:55:00+00:00,2026-02,2026-02-17
46,XAUUSD,SELL,2026-02-17 19:00:00+00:00,4878.91,4918.849899130065,4822.994141217909,4795.036211826863,4918.849899130065,39.93989913006517,55.915858782091235,83.87378817313686,0.01,0.01,0.0,False,False,False,5527.14,2026-02-17 22:00:00+00:00,4870.5,180.0,EOD_EXIT,8.41,0.0,0.05,8.36,5535.5,2026-02-17 19:00:00+00:00,2026-02-17 22:00:00+00:00,2026-02,2026-02-17
39,NAS100,BUY,2026-02-18 06:35:00+00:00,24775.8,24657.032608103254,24942.074348655446,25025.211522983165,24775.8,118.76739189674647,166.27434865544507,249.4115229831676,0.42,0.21,0.21,True,False,False,4846.69,2026-02-18 14:45:00+00:00,25025.211522983165,490.0,FULL_TP2,34.92,52.38,2.1,85.19,4931.88,2026-02-18 06:35:00+00:00,2026-02-18 14:45:00+00:00,2026-02,2026-02-18
47,XAUUSD,BUY,2026-02-18 11:05:00+00:00,4923.92,4897.213470455636,4961.3091413621105,4980.003712043166,4923.92,26.70652954436471,37.38914136211059,56.08371204316589,0.02,0.01,0.01,True,False,False,5535.5,2026-02-18 13:35:00+00:00,4980.003712043166,150.0,FULL_TP2,37.39,56.08,0.1,93.37,5628.88,2026-02-18 11:05:00+00:00,2026-02-18 13:35:00+00:00,2026-02,2026-02-18
40,NAS100,SELL,2026-02-19 12:05:00+00:00,24790.1,24896.40000174962,24641.27999755053,24566.869996325797,24896.40000174962,106.30000174962,148.82000244946798,223.230003674202,0.47,0.23,0.24,False,False,False,4931.88,2026-02-19 15:20:00+00:00,24896.40000174962,195.0,SL,0.0,0.0,2.35,-52.35,4879.53,2026-02-19 12:05:00+00:00,2026-02-19 15:20:00+00:00,2026-02,2026-02-19
48,XAUUSD,BUY,2026-02-19 12:35:00+00:00,4994.61,4971.056024426423,5027.585565803006,5044.073348704509,4971.056024426423,23.55397557357606,32.97556580300648,49.46334870450973,0.02,0.01,0.01,False,False,False,5628.88,2026-02-19 13:30:00+00:00,4971.056024426423,55.0,SL,0.0,0.0,0.1,-50.1,5578.78,2026-02-19 12:35:00+00:00,2026-02-19 13:30:00+00:00,2026-02,2026-02-19
41,NAS100,SELL,2026-02-19 15:40:00+00:00,24784.1,24900.650037843992,24620.92994701841,24539.344920527616,24900.650037843992,116.5500378439924,163.17005298158935,244.75507947238404,0.43,0.21,0.22,False,False,False,4879.53,2026-02-19 22:00:00+00:00,24786.5,380.0,EOD_EXIT,-0.5,-0.53,2.15,-3.18,4876.35,2026-02-19 15:40:00+00:00,2026-02-19 22:00:00+00:00,2026-02,2026-02-19
42,NAS100,BUY,2026-02-20 07:55:00+00:00,24881.8,24789.881010020974,25010.486585970637,25074.829878955952,24789.881010020974,91.91898997902575,128.68658597063606,193.02987895595408,0.54,0.27,0.27,False,False,False,4876.35,2026-02-20 10:00:00+00:00,24789.881010020974,125.0,SL,0.0,0.0,2.7,-52.7,4823.65,2026-02-20 07:55:00+00:00,2026-02-20 10:00:00+00:00,2026-02,2026-02-20
43,NAS100,BUY,2026-02-20 17:35:00+00:00,24970.0,24815.241843956093,25186.66141846147,25294.992127692207,24815.241843956093,154.75815604390795,216.6614184614711,324.9921276922067,0.32,0.16,0.16,False,False,False,4823.65,2026-02-22 22:00:00+00:00,25000.0,3145.0,EOD_EXIT,4.8,4.8,1.6,8.0,4831.65,2026-02-20 17:35:00+00:00,2026-02-22 22:00:00+00:00,2026-02,2026-02-22
49,XAUUSD,BUY,2026-02-23 11:35:00+00:00,5157.96,5128.762439984735,5198.836584021372,5219.274876032057,5157.96,29.19756001526536,40.8765840213715,61.314876032057256,0.02,0.01,0.01,True,False,False,5578.78,2026-02-23 19:00:00+00:00,5219.274876032057,445.0,FULL_TP2,40.88,61.31,0.1,102.09,5680.87,2026-02-23 11:35:00+00:00,2026-02-23 19:00:00+00:00,2026-02,2026-02-23
44,NAS100,BUY,2026-02-23 12:40:00+00:00,24901.8,24794.4705906566,25052.061173080754,25127.19175962113,24794.4705906566,107.32940934339666,150.26117308075533,225.391759621133,0.47,0.23,0.24,False,False,False,4831.65,2026-02-23 14:05:00+00:00,24794.4705906566,85.0,SL,0.0,0.0,2.35,-52.35,4779.3,2026-02-23 12:40:00+00:00,2026-02-23 14:05:00+00:00,2026-02,2026-02-23
50,XAUUSD,BUY,2026-02-24 06:25:00+00:00,5183.22,5149.570628956504,5230.329119460895,5253.883679191342,5149.570628956504,33.64937104349583,47.10911946089416,70.66367919134126,0.01,0.01,0.0,False,False,False,5680.87,2026-02-24 11:15:00+00:00,5149.570628956504,290.0,SL,0.0,0.0,0.05,-50.05,5630.82,2026-02-24 06:25:00+00:00,2026-02-24 11:15:00+00:00,2026-02,2026-02-24
51,XAUUSD,SELL,2026-02-24 15:50:00+00:00,5138.05,5173.592957311531,5088.289859763857,5063.409789645785,5173.592957311531,35.54295731153097,49.76014023614336,74.64021035421504,0.01,0.01,0.0,False,False,False,5630.82,2026-02-24 22:00:00+00:00,5136.3,370.0,EOD_EXIT,1.75,0.0,0.05,1.7,5632.52,2026-02-24 15:50:00+00:00,2026-02-24 22:00:00+00:00,2026-02,2026-02-24
52,XAUUSD,BUY,2026-02-25 07:25:00+00:00,5193.37,5162.306244272328,5236.8592580187415,5258.603887028112,5162.306244272328,31.06375572767233,43.48925801874126,65.2338870281119,0.02,0.01,0.01,False,False,False,5632.52,2026-02-25 10:15:00+00:00,5162.306244272328,170.0,SL,0.0,0.0,0.1,-50.1,5582.42,2026-02-25 07:25:00+00:00,2026-02-25 10:15:00+00:00,2026-02,2026-02-25
45,NAS100,BUY,2026-02-26 11:00:00+00:00,25334.9,25262.709459106034,25435.966757251554,25486.500135877333,25262.709459106034,72.19054089396695,101.06675725155372,151.60013587733062,0.69,0.34,0.35,False,False,False,4779.3,2026-02-26 13:30:00+00:00,25262.709459106034,150.0,SL,0.0,0.0,3.45,-53.45,4725.85,2026-02-26 11:00:00+00:00,2026-02-26 13:30:00+00:00,2026-02,2026-02-26
53,XAUUSD,SELL,2026-02-26 12:15:00+00:00,5171.62,5199.074270584117,5133.184021182236,5113.966031773355,5171.62,27.454270584116554,38.43597881776317,57.653968226644764,0.02,0.01,0.01,True,False,False,5582.42,2026-02-26 14:40:00+00:00,5171.62,145.0,TP1_THEN_BE,38.44,0.0,0.1,38.34,5620.75,2026-02-26 12:15:00+00:00,2026-02-26 14:40:00+00:00,2026-02,2026-02-26
54,XAUUSD,SELL,2026-02-26 16:35:00+00:00,5173.86,5205.610899525014,5129.40874066498,5107.183110997469,5205.610899525014,31.750899525014407,44.45125933502017,66.67688900253026,0.02,0.01,0.01,False,False,False,5620.75,2026-02-26 22:00:00+00:00,5181.78,325.0,EOD_EXIT,-7.92,-7.92,0.1,-15.94,5604.81,2026-02-26 16:35:00+00:00,2026-02-26 22:00:00+00:00,2026-02,2026-02-26
46,NAS100,SELL,2026-02-26 20:50:00+00:00,25000.8,25126.73338566062,24824.49326007513,24736.339890112697,25126.73338566062,125.93338566062037,176.3067399248685,264.4601098873028,0.4,0.2,0.2,False,False,False,4725.85,2026-02-26 22:00:00+00:00,24940.8,70.0,EOD_EXIT,12.0,12.0,2.0,22.0,4747.85,2026-02-26 20:50:00+00:00,2026-02-26 22:00:00+00:00,2026-02,2026-02-26
47,NAS100,SELL,2026-02-27 08:40:00+00:00,24992.7,25086.41574882674,24861.497951642566,24795.896927463848,24992.7,93.7157488267392,131.20204835743488,196.80307253615234,0.53,0.27,0.26,True,False,False,4747.85,2026-02-27 12:30:00+00:00,24795.896927463848,230.0,FULL_TP2,35.42,51.17,2.65,83.94,4831.79,2026-02-27 08:40:00+00:00,2026-02-27 12:30:00+00:00,2026-02,2026-02-27
48,NAS100,SELL,2026-02-27 16:25:00+00:00,24914.2,25036.225063622136,24743.364910929013,24657.947366393517,25036.225063622136,122.02506362213501,170.835089070989,256.2526336064835,0.41,0.2,0.21,False,False,False,4831.79,2026-03-01 22:00:00+00:00,24657.947366393517,3215.0,FULL_TP2,34.17,53.81,2.05,85.93,4917.72,2026-02-27 16:25:00+00:00,2026-03-01 22:00:00+00:00,2026-02,2026-03-01
55,XAUUSD,BUY,2026-02-27 16:50:00+00:00,5234.87,5206.26225369781,5274.920844823067,5294.946267234599,5234.87,28.607746302190236,40.05084482306633,60.0762672345995,0.02,0.01,0.01,True,False,False,5604.81,2026-03-01 22:00:00+00:00,5294.946267234599,3190.0,FULL_TP2,40.05,60.08,0.1,100.03,5704.84,2026-02-27 16:50:00+00:00,2026-03-01 22:00:00+00:00,2026-02,2026-03-01
56,XAUUSD,BUY,2026-03-02 10:35:00+00:00,5395.92,5359.781346048166,5446.514115532568,5471.811173298852,5359.781346048166,36.138653951834264,50.59411553256797,75.89117329885195,0.01,0.01,0.0,False,False,False,5704.84,2026-03-02 13:20:00+00:00,5359.781346048166,165.0,SL,0.0,0.0,0.05,-50.05,5654.79,2026-03-02 10:35:00+00:00,2026-03-02 13:20:00+00:00,2026-03,2026-03-02
49,NAS100,SELL,2026-03-02 11:20:00+00:00,24612.9,24748.691664311165,24422.791669964372,24327.73750494656,24748.691664311165,135.7916643111637,190.10833003562914,285.16249505344376,0.37,0.18,0.19,False,False,False,4917.72,2026-03-02 13:30:00+00:00,24748.691664311165,130.0,SL,0.0,0.0,1.85,-51.85,4865.87,2026-03-02 11:20:00+00:00,2026-03-02 13:30:00+00:00,2026-03,2026-03-02
50,NAS100,BUY,2026-03-02 18:10:00+00:00,25017.4,24852.530202087513,25248.217717077485,25363.62657561623,24852.530202087513,164.86979791248876,230.81771707748425,346.2265756162264,0.3,0.15,0.15,False,False,False,4865.87,2026-03-02 22:00:00+00:00,24965.2,230.0,EOD_EXIT,-7.83,-7.83,1.5,-17.16,4848.71,2026-03-02 18:10:00+00:00,2026-03-02 22:00:00+00:00,2026-03,2026-03-02
57,XAUUSD,SELL,2026-03-03 07:25:00+00:00,5312.22,5354.025628463814,5253.692120150661,5224.428180225991,5312.22,41.80562846381381,58.52787984933933,87.79181977400901,0.01,0.01,0.0,True,False,False,5654.79,2026-03-03 10:05:00+00:00,5224.428180225991,160.0,FULL_TP2,58.53,0.0,0.05,58.48,5713.27,2026-03-03 07:25:00+00:00,2026-03-03 10:05:00+00:00,2026-03,2026-03-03
58,XAUUSD,SELL,2026-03-03 12:05:00+00:00,5152.35,5219.2709376565845,5058.660687280782,5011.8160309211735,5152.35,66.92093765658436,93.6893127192181,140.53396907882717,0.01,0.01,0.0,True,False,False,5713.27,2026-03-03 14:15:00+00:00,5011.8160309211735,130.0,FULL_TP2,93.69,0.0,0.05,93.64,5806.91,2026-03-03 12:05:00+00:00,2026-03-03 14:15:00+00:00,2026-03,2026-03-03
51,NAS100,SELL,2026-03-03 12:35:00+00:00,24468.9,24619.850208529406,24257.569708058832,24151.90456208825,24619.850208529406,150.9502085294058,211.33029194116813,316.9954379117522,0.33,0.17,0.16,False,False,False,4848.71,2026-03-03 13:35:00+00:00,24619.850208529406,60.0,SL,0.0,0.0,1.65,-51.65,4797.06,2026-03-03 12:35:00+00:00,2026-03-03 13:35:00+00:00,2026-03,2026-03-03
59,XAUUSD,SELL,2026-03-03 19:45:00+00:00,5104.62,5184.27728728401,4993.099797802386,4937.339696703579,5184.27728728401,79.65728728400987,111.52020219761381,167.28030329642073,0.01,0.01,0.0,False,False,False,5806.91,2026-03-03 22:00:00+00:00,5111.28,135.0,EOD_EXIT,-6.66,-0.0,0.05,-6.71,5800.2,2026-03-03 19:45:00+00:00,2026-03-03 22:00:00+00:00,2026-03,2026-03-03
60,XAUUSD,SELL,2026-03-04 07:10:00+00:00,5157.24,5216.532739559698,5074.230164616422,5032.725246924633,5216.532739559698,59.29273955969847,83.00983538357785,124.51475307536678,0.01,0.01,0.0,False,False,False,5800.2,2026-03-04 22:00:00+00:00,5152.64,890.0,EOD_EXIT,4.6,0.0,0.05,4.55,5804.75,2026-03-04 07:10:00+00:00,2026-03-04 22:00:00+00:00,2026-03,2026-03-04
52,NAS100,BUY,2026-03-04 12:05:00+00:00,24857.3,24692.490841050196,25088.032822529723,25203.399233794586,24857.3,164.8091589498034,230.73282252972473,346.0992337945871,0.3,0.15,0.15,True,False,False,4797.06,2026-03-04 22:00:00+00:00,25124.3,595.0,EOD_EXIT,34.61,40.05,1.5,73.16,4870.22,2026-03-04 12:05:00+00:00,2026-03-04 22:00:00+00:00,2026-03,2026-03-04
61,XAUUSD,BUY,2026-03-05 06:00:00+00:00,5170.56,5130.122111988191,5227.173043216533,5255.479564824799,5130.122111988191,40.43788801180906,56.613043216532674,84.91956482479902,0.01,0.01,0.0,False,False,False,5804.75,2026-03-05 12:15:00+00:00,5130.122111988191,375.0,SL,0.0,0.0,0.05,-50.05,5754.7,2026-03-05 06:00:00+00:00,2026-03-05 12:15:00+00:00,2026-03,2026-03-05
53,NAS100,BUY,2026-03-05 08:00:00+00:00,25074.8,24937.895205975667,25266.466711634068,25362.300067451102,24937.895205975667,136.90479402433417,191.6667116340678,287.50006745110176,0.37,0.18,0.19,False,False,False,4870.22,2026-03-05 13:15:00+00:00,24937.895205975667,315.0,SL,0.0,0.0,1.85,-51.85,4818.37,2026-03-05 08:00:00+00:00,2026-03-05 13:15:00+00:00,2026-03,2026-03-05
62,XAUUSD,SELL,2026-03-05 17:55:00+00:00,5069.37,5114.392937208783,5006.337887907704,4974.821831861555,5114.392937208783,45.02293720878298,63.03211209229617,94.54816813844425,0.01,0.01,0.0,False,False,False,5754.7,2026-03-05 22:00:00+00:00,5089.96,245.0,EOD_EXIT,-20.59,-0.0,0.05,-20.64,5734.06,2026-03-05 17:55:00+00:00,2026-03-05 22:00:00+00:00,2026-03,2026-03-05
63,XAUUSD,SELL,2026-03-06 10:40:00+00:00,5081.22,5115.59420691723,5033.096110315879,5009.034165473818,5115.59420691723,34.374206917229635,48.12388968412149,72.18583452618223,0.01,0.01,0.0,False,False,False,5734.06,2026-03-06 12:30:00+00:00,5115.59420691723,110.0,SL,0.0,0.0,0.05,-50.05,5684.01,2026-03-06 10:40:00+00:00,2026-03-06 12:30:00+00:00,2026-03,2026-03-06
64,XAUUSD,BUY,2026-03-06 16:15:00+00:00,5143.37,5101.9692301880295,5201.331077736759,5230.311616605138,5101.9692301880295,41.40076981197055,57.96107773675876,86.94161660513815,0.01,0.01,0.0,False,False,False,5684.01,2026-03-08 21:00:00+00:00,5166.14,3165.0,EOD_EXIT,22.77,0.0,0.05,22.72,5706.73,2026-03-06 16:15:00+00:00,2026-03-08 21:00:00+00:00,2026-03,2026-03-08
54,NAS100,SELL,2026-03-06 16:35:00+00:00,24745.2,24909.705038774086,24514.892945716285,24399.739418574423,24909.705038774086,164.50503877408377,230.30705428371726,345.4605814255759,0.3,0.15,0.15,False,False,False,4818.37,2026-03-08 21:00:00+00:00,24399.739418574423,3145.0,FULL_TP2,34.55,51.82,1.5,84.87,4903.24,2026-03-06 16:35:00+00:00,2026-03-08 21:00:00+00:00,2026-03,2026-03-08
65,XAUUSD,SELL,2026-03-09 12:10:00+00:00,5092.67,5137.483327152365,5029.931341986689,4998.562012980034,5137.483327152365,44.81332715236495,62.738658013310925,94.1079870199664,0.01,0.01,0.0,False,False,False,5706.73,2026-03-09 18:20:00+00:00,5137.483327152365,370.0,SL,0.0,0.0,0.05,-50.05,5656.68,2026-03-09 12:10:00+00:00,2026-03-09 18:20:00+00:00,2026-03,2026-03-09
55,NAS100,BUY,2026-03-09 17:20:00+00:00,24638.3,24449.12627820579,24903.14321051189,25035.564815767837,24638.3,189.1737217942089,264.84321051189244,397.2648157678387,0.26,0.13,0.13,True,False,False,4903.24,2026-03-09 21:05:00+00:00,24923.7,225.0,EOD_EXIT,34.43,37.1,1.3,70.23,4973.47,2026-03-09 17:20:00+00:00,2026-03-09 21:05:00+00:00,2026-03,2026-03-09
56,NAS100,BUY,2026-03-10 12:20:00+00:00,24983.2,24830.183884901264,25197.42256113823,25304.533841707347,24983.2,153.01611509873624,214.22256113823073,321.3338417073461,0.33,0.17,0.16,True,False,False,4973.47,2026-03-10 17:15:00+00:00,24983.2,295.0,TP1_THEN_BE,36.42,0.0,1.65,34.77,5008.24,2026-03-10 12:20:00+00:00,2026-03-10 17:15:00+00:00,2026-03,2026-03-10
57,NAS100,SELL,2026-03-11 10:45:00+00:00,24920.8,25045.07744038851,24746.811583456085,24659.817375184128,25045.07744038851,124.277440388511,173.98841654391538,260.9826248158731,0.4,0.2,0.2,False,False,False,5008.24,2026-03-11 12:30:00+00:00,25045.07744038851,105.0,SL,0.0,0.0,2.0,-52.0,4956.24,2026-03-11 10:45:00+00:00,2026-03-11 12:30:00+00:00,2026-03,2026-03-11
66,XAUUSD,SELL,2026-03-11 14:10:00+00:00,5170.78,5201.034451752975,5128.423767545834,5107.245651318752,5201.034451752975,30.25445175297517,42.35623245416524,63.53434868124786,0.02,0.01,0.01,False,False,False,5656.68,2026-03-11 21:00:00+00:00,5178.05,410.0,EOD_EXIT,-7.27,-7.27,0.1,-14.64,5642.04,2026-03-11 14:10:00+00:00,2026-03-11 21:00:00+00:00,2026-03,2026-03-11
67,XAUUSD,BUY,2026-03-12 11:50:00+00:00,5183.76,5157.488991948896,5220.539411271546,5238.9291169073185,5157.488991948896,26.27100805110392,36.779411271545484,55.169116907318234,0.02,0.01,0.01,False,False,False,5642.04,2026-03-12 12:40:00+00:00,5157.488991948896,50.0,SL,0.0,0.0,0.1,-50.1,5591.94,2026-03-12 11:50:00+00:00,2026-03-12 12:40:00+00:00,2026-03,2026-03-12
58,NAS100,SELL,2026-03-12 15:05:00+00:00,24582.4,24726.604599004488,24380.51356139372,24279.57034209058,24726.604599004488,144.2045990044862,201.88643860628068,302.82965790942103,0.35,0.17,0.18,False,False,False,4956.24,2026-03-12 21:05:00+00:00,24545.2,360.0,EOD_EXIT,6.32,6.7,1.75,11.27,4967.51,2026-03-12 15:05:00+00:00,2026-03-12 21:05:00+00:00,2026-03,2026-03-12
68,XAUUSD,SELL,2026-03-13 16:55:00+00:00,5046.02,5079.928781753566,4998.547705545008,4974.811558317512,5046.02,33.90878175356583,47.472294454992166,71.20844168248826,0.01,0.01,0.0,True,False,False,5591.94,2026-03-15 21:05:00+00:00,5024.16,3130.0,EOD_EXIT,47.47,0.0,0.05,47.42,5639.36,2026-03-13 16:55:00+00:00,2026-03-15 21:05:00+00:00,2026-03,2026-03-15
59,NAS100,SELL,2026-03-13 18:20:00+00:00,24375.2,24532.202896884402,24155.395944361837,24045.493916542753,24532.202896884402,157.00289688440333,219.80405563816464,329.706083457247,0.32,0.16,0.16,False,False,False,4967.51,2026-03-15 21:05:00+00:00,24319.9,3045.0,EOD_EXIT,8.85,8.85,1.6,16.1,4983.6,2026-03-13 18:20:00+00:00,2026-03-15 21:05:00+00:00,2026-03,2026-03-15
60,NAS100,BUY,2026-03-16 14:10:00+00:00,24704.7,24578.28424526489,24881.682056629154,24970.173084943734,24578.28424526489,126.41575473511024,176.98205662915433,265.4730849437315,0.4,0.2,0.2,False,False,False,4983.6,2026-03-16 21:05:00+00:00,24641.0,415.0,EOD_EXIT,-12.74,-12.74,2.0,-27.48,4956.12,2026-03-16 14:10:00+00:00,2026-03-16 21:05:00+00:00,2026-03,2026-03-16
69,XAUUSD,SELL,2026-03-16 16:35:00+00:00,4986.39,5022.034858605885,4936.487197951762,4911.535796927642,5022.034858605885,35.6448586058848,49.90280204823872,74.85420307235808,0.01,0.01,0.0,False,False,False,5639.36,2026-03-16 21:00:00+00:00,5011.03,265.0,EOD_EXIT,-24.64,-0.0,0.05,-24.69,5614.67,2026-03-16 16:35:00+00:00,2026-03-16 21:00:00+00:00,2026-03,2026-03-16
61,NAS100,SELL,2026-03-17 07:10:00+00:00,24556.8,24659.220958915026,24413.41065751896,24341.715986278447,24659.220958915026,102.42095891502596,143.38934248103635,215.08401372155453,0.49,0.24,0.25,False,False,False,4956.12,2026-03-17 11:05:00+00:00,24659.220958915026,235.0,SL,0.0,0.0,2.45,-52.45,4903.67,2026-03-17 07:10:00+00:00,2026-03-17 11:05:00+00:00,2026-03,2026-03-17
70,XAUUSD,SELL,2026-03-17 10:55:00+00:00,5003.21,5030.358105787485,4965.20265189752,4946.19897784628,5030.358105787485,27.148105787485694,38.007348102479966,57.011022153719956,0.02,0.01,0.01,False,False,False,5614.67,2026-03-17 12:40:00+00:00,5030.358105787485,105.0,SL,0.0,0.0,0.1,-50.1,5564.57,2026-03-17 10:55:00+00:00,2026-03-17 12:40:00+00:00,2026-03,2026-03-17
62,NAS100,BUY,2026-03-17 16:00:00+00:00,24824.0,24702.870445852597,24993.581375806363,25078.372063709547,24702.870445852597,121.12955414740266,169.58137580636372,254.37206370954559,0.41,0.2,0.21,False,False,False,4903.67,2026-03-17 21:05:00+00:00,24808.6,305.0,EOD_EXIT,-3.08,-3.23,2.05,-8.36,4895.31,2026-03-17 16:00:00+00:00,2026-03-17 21:05:00+00:00,2026-03,2026-03-17
71,XAUUSD,SELL,2026-03-17 16:45:00+00:00,4999.74,5028.391406616422,4959.628030737009,4939.572046105513,5028.391406616422,28.651406616422168,40.11196926299103,60.16795389448656,0.02,0.01,0.01,False,False,False,5564.57,2026-03-17 21:00:00+00:00,5001.09,255.0,EOD_EXIT,-1.35,-1.35,0.1,-2.8,5561.77,2026-03-17 16:45:00+00:00,2026-03-17 21:00:00+00:00,2026-03,2026-03-17
72,XAUUSD,SELL,2026-03-18 06:45:00+00:00,4995.56,5017.829752366825,4964.382346686445,4948.793520029668,4995.56,22.26975236682492,31.177653313554888,46.766479970332334,0.02,0.01,0.01,True,False,False,5561.77,2026-03-18 10:25:00+00:00,4948.793520029668,220.0,FULL_TP2,31.18,46.77,0.1,77.84,5639.62,2026-03-18 06:45:00+00:00,2026-03-18 10:25:00+00:00,2026-03,2026-03-18
63,NAS100,BUY,2026-03-18 08:20:00+00:00,24972.3,24897.70423871004,25076.73406580594,25128.95109870891,24897.70423871004,74.59576128995722,104.43406580594011,156.65109870891018,0.67,0.34,0.33,False,False,False,4895.31,2026-03-18 10:30:00+00:00,24897.70423871004,130.0,SL,0.0,0.0,3.35,-53.35,4841.96,2026-03-18 08:20:00+00:00,2026-03-18 10:30:00+00:00,2026-03,2026-03-18
64,NAS100,SELL,2026-03-18 17:20:00+00:00,24640.2,24750.655381935052,24485.562465290932,24408.243697936396,24640.2,110.45538193504963,154.63753470906948,231.95630206360423,0.45,0.23,0.22,True,False,False,4841.96,2026-03-18 19:30:00+00:00,24408.243697936396,130.0,FULL_TP2,35.57,51.03,2.25,84.35,4926.3,2026-03-18 17:20:00+00:00,2026-03-18 19:30:00+00:00,2026-03,2026-03-18
73,XAUUSD,SELL,2026-03-18 17:30:00+00:00,4876.87,4910.100875626392,4830.346774123052,4807.0851611845765,4876.87,33.2308756263919,46.52322587694866,69.78483881542299,0.02,0.01,0.01,True,False,False,5639.62,2026-03-18 19:30:00+00:00,4807.0851611845765,120.0,FULL_TP2,46.52,69.78,0.1,116.21,5755.82,2026-03-18 17:30:00+00:00,2026-03-18 19:30:00+00:00,2026-03,2026-03-18
65,NAS100,SELL,2026-03-19 10:05:00+00:00,24377.5,24493.566927902633,24215.00630093631,24133.75945140447,24377.5,116.06692790263432,162.49369906368804,243.7405485955321,0.43,0.21,0.22,True,False,False,4926.3,2026-03-19 12:30:00+00:00,24133.75945140447,145.0,FULL_TP2,34.12,53.62,2.15,85.6,5011.9,2026-03-19 10:05:00+00:00,2026-03-19 12:30:00+00:00,2026-03,2026-03-19
74,XAUUSD,SELL,2026-03-19 14:30:00+00:00,4579.59,4643.610299606825,4489.961580550446,4445.147370825669,4643.610299606825,64.02029960682444,89.6284194495542,134.44262917433133,0.01,0.01,0.0,False,False,False,5755.82,2026-03-19 18:00:00+00:00,4643.610299606825,210.0,SL,0.0,0.0,0.05,-50.05,5705.77,2026-03-19 14:30:00+00:00,2026-03-19 18:00:00+00:00,2026-03,2026-03-19
66,NAS100,SELL,2026-03-19 14:30:00+00:00,24218.4,24356.34375853361,24025.278738052948,23928.71810707942,24356.34375853361,137.9437585336096,193.12126194705345,289.6818929205802,0.36,0.18,0.18,False,False,False,5011.9,2026-03-19 18:00:00+00:00,24356.34375853361,210.0,SL,0.0,0.0,1.8,-51.8,4960.1,2026-03-19 14:30:00+00:00,2026-03-19 18:00:00+00:00,2026-03,2026-03-19
67,NAS100,SELL,2026-03-20 07:55:00+00:00,24361.5,24476.79103155503,24200.09255582296,24119.388833734443,24361.5,115.29103155502726,161.40744417703814,242.11116626555724,0.43,0.21,0.22,True,False,False,4960.1,2026-03-20 12:55:00+00:00,24119.388833734443,300.0,FULL_TP2,33.9,53.26,2.15,85.01,5045.11,2026-03-20 07:55:00+00:00,2026-03-20 12:55:00+00:00,2026-03,2026-03-20
75,XAUUSD,SELL,2026-03-20 08:00:00+00:00,4687.1,4740.777347579209,4611.951713389108,4574.377570083662,4687.1,53.67734757920874,75.14828661089223,112.72242991633837,0.01,0.01,0.0,True,False,False,5705.77,2026-03-20 13:15:00+00:00,4574.377570083662,315.0,FULL_TP2,75.15,0.0,0.05,75.1,5780.87,2026-03-20 08:00:00+00:00,2026-03-20 13:15:00+00:00,2026-03,2026-03-20
68,NAS100,SELL,2026-03-20 15:35:00+00:00,24074.6,24213.252451735076,23880.48656757089,23783.429851356334,24074.6,138.65245173507816,194.11343242910942,291.17014864366416,0.36,0.18,0.18,True,False,False,5045.11,2026-03-20 18:35:00+00:00,23783.429851356334,180.0,FULL_TP2,34.94,52.41,1.8,85.55,5130.66,2026-03-20 15:35:00+00:00,2026-03-20 18:35:00+00:00,2026-03,2026-03-20
76,XAUUSD,SELL,2026-03-20 16:20:00+00:00,4569.84,4628.542913405028,4487.65592123296,4446.563881849441,4569.84,58.702913405028404,82.18407876703976,123.27611815055965,0.01,0.01,0.0,True,False,False,5780.87,2026-03-22 21:00:00+00:00,4474.33,3160.0,EOD_EXIT,82.18,0.0,0.05,82.13,5863.01,2026-03-20 16:20:00+00:00,2026-03-22 21:00:00+00:00,2026-03,2026-03-22
69,NAS100,SELL,2026-03-23 08:40:00+00:00,23682.8,23844.450833860657,23456.488832595078,23343.333248892613,23844.450833860657,161.65083386065942,226.31116740492317,339.46675110738477,0.31,0.15,0.16,False,False,False,5130.66,2026-03-23 10:05:00+00:00,23844.450833860657,85.0,SL,0.0,0.0,1.55,-51.55,5079.11,2026-03-23 08:40:00+00:00,2026-03-23 10:05:00+00:00,2026-03,2026-03-23
70,NAS100,BUY,2026-03-23 16:55:00+00:00,24279.5,24018.429020548338,24644.99937123233,24827.749056848494,24018.429020548338,261.0709794516641,365.4993712323297,548.2490568484945,0.19,0.1,0.09,False,False,False,5079.11,2026-03-23 21:05:00+00:00,24233.4,250.0,EOD_EXIT,-4.61,-4.15,0.95,-9.71,5069.4,2026-03-23 16:55:00+00:00,2026-03-23 21:05:00+00:00,2026-03,2026-03-23
77,XAUUSD,BUY,2026-03-24 10:30:00+00:00,4427.79,4352.38021896171,4533.363693453605,4586.150540180408,4352.38021896171,75.40978103828958,105.5736934536054,158.36054018040812,0.01,0.01,0.0,False,False,False,5863.01,2026-03-24 12:35:00+00:00,4352.38021896171,125.0,SL,0.0,0.0,0.05,-50.05,5812.96,2026-03-24 10:30:00+00:00,2026-03-24 12:35:00+00:00,2026-03,2026-03-24
71,NAS100,SELL,2026-03-24 15:40:00+00:00,24104.2,24293.267508135665,23839.505488610073,23707.158232915106,24293.267508135665,189.06750813566345,264.69451138992883,397.04176708489325,0.26,0.13,0.13,False,False,False,5069.4,2026-03-24 19:35:00+00:00,24293.267508135665,235.0,SL,0.0,0.0,1.3,-51.3,5018.1,2026-03-24 15:40:00+00:00,2026-03-24 19:35:00+00:00,2026-03,2026-03-24
72,NAS100,BUY,2026-03-25 10:00:00+00:00,24293.3,24153.15512185236,24489.502829406694,24587.60424411004,24153.15512185236,140.144878147638,196.20282940669318,294.3042441100398,0.36,0.18,0.18,False,False,False,5018.1,2026-03-25 13:00:00+00:00,24153.15512185236,180.0,SL,0.0,0.0,1.8,-51.8,4966.3,2026-03-25 10:00:00+00:00,2026-03-25 13:00:00+00:00,2026-03,2026-03-25
78,XAUUSD,BUY,2026-03-25 14:50:00+00:00,4561.89,4510.199053505154,4634.257325092786,4670.440987639178,4510.199053505154,51.69094649484684,72.36732509278558,108.55098763917837,0.01,0.01,0.0,False,False,False,5812.96,2026-03-25 18:05:00+00:00,4510.199053505154,195.0,SL,0.0,0.0,0.05,-50.05,5762.91,2026-03-25 14:50:00+00:00,2026-03-25 18:05:00+00:00,2026-03,2026-03-25
73,NAS100,SELL,2026-03-26 10:10:00+00:00,23985.2,24120.544171144353,23795.718160397908,23700.97724059686,23985.2,135.34417114435206,189.48183960209286,284.2227594031393,0.37,0.18,0.19,True,False,False,4966.3,2026-03-26 16:50:00+00:00,23700.97724059686,400.0,FULL_TP2,34.11,54.0,1.85,86.26,5052.56,2026-03-26 10:10:00+00:00,2026-03-26 16:50:00+00:00,2026-03,2026-03-26
79,XAUUSD,SELL,2026-03-26 10:50:00+00:00,4427.33,4474.247692465213,4361.645230548702,4328.802845823054,4474.247692465213,46.91769246521265,65.68476945129771,98.52715417694658,0.01,0.01,0.0,False,False,False,5762.91,2026-03-26 13:30:00+00:00,4474.247692465213,160.0,SL,0.0,0.0,0.05,-50.05,5712.86,2026-03-26 10:50:00+00:00,2026-03-26 13:30:00+00:00,2026-03,2026-03-26
80,XAUUSD,SELL,2026-03-26 14:30:00+00:00,4442.52,4490.067420254554,4375.953611643625,4342.670417465438,4442.52,47.54742025455375,66.56638835637524,99.84958253456288,0.01,0.01,0.0,True,False,False,5712.86,2026-03-26 21:00:00+00:00,4386.85,390.0,EOD_EXIT,66.57,0.0,0.05,66.52,5779.37,2026-03-26 14:30:00+00:00,2026-03-26 21:00:00+00:00,2026-03,2026-03-26
74,NAS100,SELL,2026-03-26 19:55:00+00:00,23640.1,23789.703539996866,23430.655044004387,23325.93256600658,23789.703539996866,149.603539996866,209.4449559956124,314.1674339934186,0.33,0.17,0.16,False,False,False,5052.56,2026-03-26 21:05:00+00:00,23664.0,70.0,EOD_EXIT,-4.06,-3.82,1.65,-9.54,5043.02,2026-03-26 19:55:00+00:00,2026-03-26 21:05:00+00:00,2026-03,2026-03-26
81,XAUUSD,SELL,2026-03-27 12:30:00+00:00,4418.37,4458.557192267239,4362.107930825865,4333.976896238797,4458.557192267239,40.18719226723928,56.26206917413499,84.3931037612025,0.01,0.01,0.0,False,False,False,5779.37,2026-03-27 13:05:00+00:00,4458.557192267239,35.0,SL,0.0,0.0,0.05,-50.05,5729.32,2026-03-27 12:30:00+00:00,2026-03-27 13:05:00+00:00,2026-03,2026-03-27
75,NAS100,SELL,2026-03-27 15:10:00+00:00,23338.8,23482.41195975032,23137.743256349553,23037.214884524332,23338.8,143.6119597503185,201.0567436504459,301.5851154756689,0.35,0.17,0.18,True,False,False,5043.02,2026-03-29 22:00:00+00:00,23037.214884524332,3290.0,FULL_TP2,34.18,54.29,1.75,86.71,5129.74,2026-03-27 15:10:00+00:00,2026-03-29 22:00:00+00:00,2026-03,2026-03-29
82,XAUUSD,BUY,2026-03-27 17:30:00+00:00,4513.85,4467.649561227317,4578.530614281758,4610.870921422637,4467.649561227317,46.20043877268414,64.68061428175778,97.02092142263669,0.01,0.01,0.0,False,False,False,5729.32,2026-03-29 22:00:00+00:00,4467.649561227317,3150.0,SL,0.0,0.0,0.05,-50.05,5679.27,2026-03-27 17:30:00+00:00,2026-03-29 22:00:00+00:00,2026-03,2026-03-29
83,XAUUSD,BUY,2026-03-30 08:00:00+00:00,4527.66,4482.168476863511,4591.348132391084,4623.192198586626,4482.168476863511,45.491523136488304,63.68813239108362,95.53219858662544,0.01,0.01,0.0,False,False,False,5679.27,2026-03-30 22:00:00+00:00,4517.55,840.0,EOD_EXIT,-10.11,-0.0,0.05,-10.16,5669.11,2026-03-30 08:00:00+00:00,2026-03-30 22:00:00+00:00,2026-03,2026-03-30
76,NAS100,SELL,2026-03-30 16:05:00+00:00,23157.4,23304.100310800088,22952.019564879884,22849.329347319825,23157.4,146.70031080008465,205.3804351201185,308.0706526801778,0.34,0.17,0.17,True,False,False,5129.74,2026-03-30 22:00:00+00:00,22979.0,355.0,EOD_EXIT,34.91,30.33,1.7,63.54,5193.28,2026-03-30 16:05:00+00:00,2026-03-30 22:00:00+00:00,2026-03,2026-03-30
84,XAUUSD,BUY,2026-03-31 08:00:00+00:00,4568.3,4526.042244568511,4627.4608576040855,4657.041286406127,4568.3,42.257755431489215,59.160857604084896,88.74128640612736,0.01,0.01,0.0,True,False,False,5669.11,2026-03-31 17:20:00+00:00,4657.041286406127,560.0,FULL_TP2,59.16,0.0,0.05,59.11,5728.22,2026-03-31 08:00:00+00:00,2026-03-31 17:20:00+00:00,2026-03,2026-03-31
77,NAS100,BUY,2026-03-31 15:10:00+00:00,23380.1,23208.48937729508,23620.354871786883,23740.482307680326,23380.1,171.61062270491811,240.25487178688533,360.38230768032804,0.29,0.14,0.15,True,False,False,5193.28,2026-03-31 19:15:00+00:00,23740.482307680326,245.0,FULL_TP2,33.64,54.06,1.45,86.24,5279.53,2026-03-31 15:10:00+00:00,2026-03-31 19:15:00+00:00,2026-03,2026-03-31
85,XAUUSD,BUY,2026-04-01 10:25:00+00:00,4728.28,4689.292742953887,4782.862159864559,4810.153239796838,4728.28,38.98725704611318,54.58215986455845,81.87323979683768,0.01,0.01,0.0,True,False,False,5728.22,2026-04-01 22:00:00+00:00,4758.88,695.0,EOD_EXIT,54.58,0.0,0.05,54.53,5782.76,2026-04-01 10:25:00+00:00,2026-04-01 22:00:00+00:00,2026-04,2026-04-01
78,NAS100,BUY,2026-04-01 14:00:00+00:00,23985.3,23831.206808592677,24201.03046797025,24308.895701955378,23831.206808592677,154.0931914073227,215.73046797025177,323.5957019553777,0.32,0.16,0.16,False,False,False,5279.53,2026-04-01 22:00:00+00:00,24035.1,480.0,EOD_EXIT,7.97,7.97,1.6,14.34,5293.86,2026-04-01 14:00:00+00:00,2026-04-01 22:00:00+00:00,2026-04,2026-04-01
86,XAUUSD,SELL,2026-04-02 11:25:00+00:00,4614.77,4665.228152048853,4544.128587131607,4508.80788069741,4665.228152048853,50.45815204885282,70.64141286839394,105.96211930259092,0.01,0.01,0.0,False,False,False,5782.76,2026-04-02 14:20:00+00:00,4665.228152048853,175.0,SL,0.0,0.0,0.05,-50.05,5732.71,2026-04-02 11:25:00+00:00,2026-04-02 14:20:00+00:00,2026-04,2026-04-02
87,XAUUSD,SELL,2026-04-02 17:25:00+00:00,4651.93,4705.353064438071,4577.137709786702,4539.741564680053,4705.353064438071,53.42306443807042,74.79229021329859,112.18843531994789,0.01,0.01,0.0,False,False,False,5732.71,2026-04-05 22:00:00+00:00,4637.28,4595.0,EOD_EXIT,14.65,0.0,0.05,14.6,5747.31,2026-04-02 17:25:00+00:00,2026-04-05 22:00:00+00:00,2026-04,2026-04-05
79,NAS100,BUY,2026-04-06 06:10:00+00:00,24122.3,23977.646624913283,24324.814725121403,24426.072087682107,23977.646624913283,144.65337508671735,202.51472512140427,303.7720876821064,0.35,0.17,0.18,False,False,False,5293.86,2026-04-06 22:00:00+00:00,24226.2,950.0,EOD_EXIT,17.66,18.7,1.75,34.62,5328.48,2026-04-06 06:10:00+00:00,2026-04-06 22:00:00+00:00,2026-04,2026-04-06
88,XAUUSD,BUY,2026-04-06 14:15:00+00:00,4683.3,4644.8519424102415,4737.127280625662,4764.040920938493,4644.8519424102415,38.44805758975878,53.82728062566229,80.74092093849345,0.01,0.01,0.0,False,False,False,5747.31,2026-04-06 22:00:00+00:00,4661.47,465.0,EOD_EXIT,-21.83,-0.0,0.05,-21.88,5725.43,2026-04-06 14:15:00+00:00,2026-04-06 22:00:00+00:00,2026-04,2026-04-06
80,NAS100,SELL,2026-04-07 07:25:00+00:00,24074.1,24183.644949535377,23920.737070650466,23844.0556059757,24183.644949535377,109.5449495353804,153.36292934953255,230.04439402429884,0.46,0.23,0.23,False,False,False,5328.48,2026-04-07 08:00:00+00:00,24183.644949535377,35.0,SL,0.0,0.0,2.3,-52.3,5276.18,2026-04-07 07:25:00+00:00,2026-04-07 08:00:00+00:00,2026-04,2026-04-07
81,NAS100,BUY,2026-04-08 07:20:00+00:00,25039.4,24879.35535217443,25263.462506955806,25375.493760433706,24879.35535217443,160.0446478255743,224.062506955804,336.093760433706,0.31,0.15,0.16,False,False,False,5276.18,2026-04-08 14:35:00+00:00,24879.35535217443,435.0,SL,0.0,0.0,1.55,-51.55,5224.63,2026-04-08 07:20:00+00:00,2026-04-08 14:35:00+00:00,2026-04,2026-04-08
89,XAUUSD,SELL,2026-04-09 07:20:00+00:00,4713.36,4747.706348878255,4665.275111570441,4641.232667355663,4747.706348878255,34.34634887825575,48.08488842955805,72.12733264433709,0.01,0.01,0.0,False,False,False,5725.43,2026-04-09 11:30:00+00:00,4747.706348878255,250.0,SL,0.0,0.0,0.05,-50.05,5675.38,2026-04-09 07:20:00+00:00,2026-04-09 11:30:00+00:00,2026-04,2026-04-09
82,NAS100,BUY,2026-04-09 19:05:00+00:00,25070.3,24957.40892732957,25228.3475017386,25307.3712526079,24957.40892732957,112.89107267042925,158.04750173860094,237.07125260790144,0.44,0.22,0.22,False,False,False,5224.63,2026-04-09 22:00:00+00:00,25102.0,175.0,EOD_EXIT,6.97,6.97,2.2,11.75,5236.37,2026-04-09 19:05:00+00:00,2026-04-09 22:00:00+00:00,2026-04,2026-04-09
90,XAUUSD,SELL,2026-04-13 11:35:00+00:00,4712.15,4740.523304847803,4672.427373213075,4652.566059819612,4740.523304847803,28.373304847803585,39.72262678692502,59.58394018038753,0.02,0.01,0.01,False,False,False,5675.38,2026-04-13 13:45:00+00:00,4740.523304847803,130.0,SL,0.0,0.0,0.1,-50.1,5625.28,2026-04-13 11:35:00+00:00,2026-04-13 13:45:00+00:00,2026-04,2026-04-13
91,XAUUSD,SELL,2026-04-13 14:20:00+00:00,4717.36,4746.2654029703435,4676.892435841518,4656.658653762277,4746.2654029703435,28.905402970344213,40.46756415848189,60.70134623772285,0.02,0.01,0.01,False,False,False,5625.28,2026-04-13 16:45:00+00:00,4746.2654029703435,145.0,SL,0.0,0.0,0.1,-50.1,5575.18,2026-04-13 14:20:00+00:00,2026-04-13 16:45:00+00:00,2026-04,2026-04-13
92,XAUUSD,BUY,2026-04-14 06:40:00+00:00,4769.58,4745.601470607438,4803.149941149586,4819.934911724379,4769.58,23.978529392561487,33.56994114958608,50.35491172437913,0.02,0.01,0.01,True,False,False,5575.18,2026-04-14 16:30:00+00:00,4819.934911724379,590.0,FULL_TP2,33.57,50.35,0.1,83.82,5659.0,2026-04-14 06:40:00+00:00,2026-04-14 16:30:00+00:00,2026-04,2026-04-14
83,NAS100,BUY,2026-04-14 06:55:00+00:00,25449.4,25373.533559835796,25555.613016229887,25608.71952434483,25449.4,75.86644016420446,106.21301622988624,159.31952434482938,0.66,0.33,0.33,True,False,False,5236.37,2026-04-14 13:35:00+00:00,25608.71952434483,400.0,FULL_TP2,35.05,52.58,3.3,84.33,5320.7,2026-04-14 06:55:00+00:00,2026-04-14 13:35:00+00:00,2026-04,2026-04-14
84,NAS100,BUY,2026-04-14 19:05:00+00:00,25814.7,25723.08262577052,25942.964323921275,26007.096485881913,25723.08262577052,91.61737422948157,128.26432392127418,192.3964858819113,0.55,0.28,0.27,False,False,False,5320.7,2026-04-14 22:00:00+00:00,25857.5,175.0,EOD_EXIT,11.98,11.56,2.75,20.79,5341.49,2026-04-14 19:05:00+00:00,2026-04-14 22:00:00+00:00,2026-04,2026-04-14
85,NAS100,BUY,2026-04-15 17:30:00+00:00,26074.9,25981.567468625668,26205.56554392407,26270.898315886105,26074.9,93.33253137433509,130.6655439240691,195.9983158861037,0.54,0.27,0.27,True,False,False,5341.49,2026-04-15 22:00:00+00:00,26230.8,270.0,EOD_EXIT,35.28,42.09,2.7,74.67,5416.16,2026-04-15 17:30:00+00:00,2026-04-15 22:00:00+00:00,2026-04,2026-04-15
93,XAUUSD,SELL,2026-04-15 19:55:00+00:00,4795.77,4819.80224312397,4762.124859626444,4745.302289439665,4819.80224312397,24.032243123969156,33.64514037355681,50.46771056033523,0.02,0.01,0.01,False,False,False,5659.0,2026-04-15 22:00:00+00:00,4798.15,125.0,EOD_EXIT,-2.38,-2.38,0.1,-4.86,5654.14,2026-04-15 19:55:00+00:00,2026-04-15 22:00:00+00:00,2026-04,2026-04-15
94,XAUUSD,BUY,2026-04-16 07:00:00+00:00,4828.69,4806.934344590757,4859.147917572939,4874.37687635941,4806.934344590757,21.75565540924286,30.45791757294,45.68687635941001,0.02,0.01,0.01,False,False,False,5654.14,2026-04-16 08:05:00+00:00,4806.934344590757,65.0,SL,0.0,0.0,0.1,-50.1,5604.04,2026-04-16 07:00:00+00:00,2026-04-16 08:05:00+00:00,2026-04,2026-04-16
86,NAS100,BUY,2026-04-16 17:45:00+00:00,26372.8,26268.499741464522,26518.820361949667,26591.830542924505,26268.499741464522,104.3002585354781,146.0203619496693,219.030542924504,0.48,0.24,0.24,False,False,False,5416.16,2026-04-16 18:05:00+00:00,26268.499741464522,20.0,SL,0.0,0.0,2.4,-52.4,5363.76,2026-04-16 17:45:00+00:00,2026-04-16 18:05:00+00:00,2026-04,2026-04-16
87,NAS100,BUY,2026-04-16 19:30:00+00:00,26325.5,26215.670491364817,26479.261312089257,26556.141968133885,26215.670491364817,109.82950863518263,153.76131208925568,230.64196813388355,0.46,0.23,0.23,False,False,False,5363.76,2026-04-16 22:00:00+00:00,26338.6,150.0,EOD_EXIT,3.01,3.01,2.3,3.73,5367.49,2026-04-16 19:30:00+00:00,2026-04-16 22:00:00+00:00,2026-04,2026-04-16
95,XAUUSD,SELL,2026-04-16 20:20:00+00:00,4788.63,4811.003381071728,4757.307266499582,4741.645899749372,4811.003381071728,22.373381071727653,31.322733500418714,46.984100250628074,0.02,0.01,0.01,False,False,False,5604.04,2026-04-16 22:00:00+00:00,4794.49,100.0,EOD_EXIT,-5.86,-5.86,0.1,-11.82,5592.22,2026-04-16 20:20:00+00:00,2026-04-16 22:00:00+00:00,2026-04,2026-04-16
88,NAS100,BUY,2026-04-17 07:00:00+00:00,26347.3,26273.89911262455,26450.06124232563,26501.441863488446,26347.3,73.40088737545068,102.76124232563095,154.14186348844643,0.68,0.34,0.34,True,False,False,5367.49,2026-04-17 12:30:00+00:00,26501.441863488446,330.0,FULL_TP2,34.94,52.41,3.4,83.95,5451.44,2026-04-17 07:00:00+00:00,2026-04-17 12:30:00+00:00,2026-04,2026-04-17
96,XAUUSD,SELL,2026-04-17 10:05:00+00:00,4788.99,4808.745428546225,4761.332400035284,4747.503600052926,4808.745428546225,19.75542854622563,27.65759996471588,41.48639994707383,0.03,0.01,0.02,False,False,False,5592.22,2026-04-17 11:45:00+00:00,4808.745428546225,100.0,SL,0.0,0.0,0.15,-50.15,5542.07,2026-04-17 10:05:00+00:00,2026-04-17 11:45:00+00:00,2026-04,2026-04-17
97,XAUUSD,BUY,2026-04-17 15:50:00+00:00,4869.09,4841.413924735204,4907.836505370715,4927.209758056072,4841.413924735204,27.676075264796193,38.746505370714665,58.11975805607201,0.02,0.01,0.01,False,False,False,5542.07,2026-04-17 20:35:00+00:00,4841.413924735204,285.0,SL,0.0,0.0,0.1,-50.1,5491.97,2026-04-17 15:50:00+00:00,2026-04-17 20:35:00+00:00,2026-04,2026-04-17
89,NAS100,BUY,2026-04-17 19:40:00+00:00,26693.9,26585.696135722457,26845.385409988565,26921.128114982846,26585.696135722457,108.2038642775448,151.4854099885627,227.2281149828441,0.46,0.23,0.23,False,False,False,5451.44,2026-04-19 22:00:00+00:00,26585.696135722457,3020.0,SL,0.0,0.0,2.3,-52.3,5399.14,2026-04-17 19:40:00+00:00,2026-04-19 22:00:00+00:00,2026-04,2026-04-19
90,NAS100,BUY,2026-04-20 06:55:00+00:00,26565.2,26467.21158666801,26702.38377866479,26770.975667997183,26565.2,97.98841333199162,137.18377866478826,205.7756679971824,0.51,0.26,0.25,True,False,False,5399.14,2026-04-20 14:45:00+00:00,26565.2,470.0,TP1_THEN_BE,35.67,0.0,2.55,33.12,5432.25,2026-04-20 06:55:00+00:00,2026-04-20 14:45:00+00:00,2026-04,2026-04-20
98,XAUUSD,SELL,2026-04-21 08:10:00+00:00,4775.89,4796.962245414429,4746.3888564198005,4731.6382846297,4796.962245414429,21.07224541442871,29.501143580200193,44.251715370300296,0.02,0.01,0.01,False,False,False,5491.97,2026-04-21 11:45:00+00:00,4796.962245414429,215.0,SL,0.0,0.0,0.1,-50.1,5441.87,2026-04-21 08:10:00+00:00,2026-04-21 11:45:00+00:00,2026-04,2026-04-21
99,XAUUSD,SELL,2026-04-21 12:25:00+00:00,4780.34,4801.010517135608,4751.40127601015,4736.931914015225,4780.34,20.670517135607522,28.93872398985053,43.408085984775795,0.02,0.01,0.01,True,False,False,5441.87,2026-04-21 14:45:00+00:00,4736.931914015225,140.0,FULL_TP2,28.94,43.41,0.1,72.25,5514.12,2026-04-21 12:25:00+00:00,2026-04-21 14:45:00+00:00,2026-04,2026-04-21
91,NAS100,BUY,2026-04-21 14:10:00+00:00,26736.2,26657.746367595362,26846.035085366497,26900.952628049745,26657.746367595362,78.45363240463959,109.83508536649542,164.75262804974315,0.64,0.32,0.32,False,False,False,5432.25,2026-04-21 14:50:00+00:00,26657.746367595362,40.0,SL,0.0,0.0,3.2,-53.2,5379.05,2026-04-21 14:10:00+00:00,2026-04-21 14:50:00+00:00,2026-04,2026-04-21
92,NAS100,SELL,2026-04-21 18:20:00+00:00,26558.7,26666.626043708584,26407.603538807984,26332.055308211977,26666.626043708584,107.92604370858278,151.09646119201588,226.64469178802386,0.46,0.23,0.23,False,False,False,5379.05,2026-04-21 20:10:00+00:00,26666.626043708584,110.0,SL,0.0,0.0,2.3,-52.3,5326.75,2026-04-21 18:20:00+00:00,2026-04-21 20:10:00+00:00,2026-04,2026-04-21
100,XAUUSD,SELL,2026-04-21 19:35:00+00:00,4701.16,4731.192854922007,4659.114003109189,4638.091004663785,4731.192854922007,30.032854922007434,42.04599689081041,63.068995336215615,0.02,0.01,0.01,False,False,False,5514.12,2026-04-21 22:00:00+00:00,4725.44,145.0,EOD_EXIT,-24.28,-24.28,0.1,-48.66,5465.46,2026-04-21 19:35:00+00:00,2026-04-21 22:00:00+00:00,2026-04,2026-04-21
101,XAUUSD,BUY,2026-04-22 10:50:00+00:00,4757.4,4733.45426156502,4790.924033808972,4807.686050713458,4733.45426156502,23.945738434980058,33.52403380897208,50.286050713458124,0.02,0.01,0.01,False,False,False,5465.46,2026-04-22 14:30:00+00:00,4733.45426156502,220.0,SL,0.0,0.0,0.1,-50.1,5415.36,2026-04-22 10:50:00+00:00,2026-04-22 14:30:00+00:00,2026-04,2026-04-22
93,NAS100,BUY,2026-04-22 11:55:00+00:00,26715.5,26624.1207841219,26843.43090222934,26907.396353344007,26715.5,91.37921587809953,127.93090222933934,191.89635334400901,0.55,0.28,0.27,True,False,False,5326.75,2026-04-22 17:10:00+00:00,26907.396353344007,315.0,FULL_TP2,35.82,51.81,2.75,84.88,5411.64,2026-04-22 11:55:00+00:00,2026-04-22 17:10:00+00:00,2026-04,2026-04-22
102,XAUUSD,SELL,2026-04-22 18:25:00+00:00,4730.2,4753.013263742332,4698.261430760735,4682.292146141102,4753.013263742332,22.813263742332285,31.9385692392652,47.9078538588978,0.02,0.01,0.01,False,False,False,5415.36,2026-04-22 22:00:00+00:00,4741.6,215.0,EOD_EXIT,-11.4,-11.4,0.1,-22.9,5392.46,2026-04-22 18:25:00+00:00,2026-04-22 22:00:00+00:00,2026-04,2026-04-22
103,XAUUSD,SELL,2026-04-23 07:20:00+00:00,4705.31,4729.440009698743,4671.527986421761,4654.636979632641,4729.440009698743,24.130009698742775,33.782013578239884,50.67302036735983,0.02,0.01,0.01,False,False,False,5392.46,2026-04-23 12:00:00+00:00,4729.440009698743,280.0,SL,0.0,0.0,0.1,-50.1,5342.36,2026-04-23 07:20:00+00:00,2026-04-23 12:00:00+00:00,2026-04,2026-04-23
94,NAS100,BUY,2026-04-23 10:30:00+00:00,26862.6,26764.81436176407,26999.499893530297,27067.94984029545,26862.6,97.78563823592884,136.89989353030037,205.34984029545058,0.51,0.26,0.25,True,False,False,5411.64,2026-04-23 17:05:00+00:00,26862.6,395.0,TP1_THEN_BE,35.59,0.0,2.55,33.04,5444.68,2026-04-23 10:30:00+00:00,2026-04-23 17:05:00+00:00,2026-04,2026-04-23
104,XAUUSD,SELL,2026-04-23 17:05:00+00:00,4710.93,4736.212503941484,4675.5344944819235,4657.836741722885,4710.93,25.282503941483647,35.3955055180771,53.09325827711566,0.02,0.01,0.01,True,False,False,5342.36,2026-04-23 18:00:00+00:00,4710.93,55.0,TP1_THEN_BE,35.4,0.0,0.1,35.3,5377.65,2026-04-23 17:05:00+00:00,2026-04-23 18:00:00+00:00,2026-04,2026-04-23
105,XAUUSD,SELL,2026-04-23 18:45:00+00:00,4706.59,4736.639039374235,4664.521344876071,4643.487017314107,4736.639039374235,30.04903937423479,42.06865512392871,63.10298268589307,0.02,0.01,0.01,False,False,False,5377.65,2026-04-23 22:00:00+00:00,4695.01,195.0,EOD_EXIT,11.58,11.58,0.1,23.06,5400.71,2026-04-23 18:45:00+00:00,2026-04-23 22:00:00+00:00,2026-04,2026-04-23
106,XAUUSD,SELL,2026-04-24 06:30:00+00:00,4672.15,4698.218020382131,4635.654771465017,4617.407157197525,4698.218020382131,26.0680203821308,36.49522853498312,54.742842802474684,0.02,0.01,0.01,False,False,False,5400.71,2026-04-24 11:05:00+00:00,4698.218020382131,275.0,SL,0.0,0.0,0.1,-50.1,5350.61,2026-04-24 06:30:00+00:00,2026-04-24 11:05:00+00:00,2026-04,2026-04-24
95,NAS100,BUY,2026-04-24 14:45:00+00:00,27148.5,27022.333736293553,27325.132769189026,27413.449153783542,27148.5,126.16626370644777,176.63276918902687,264.94915378354034,0.4,0.2,0.2,True,False,False,5444.68,2026-04-26 22:00:00+00:00,27249.7,3315.0,EOD_EXIT,35.33,20.24,2.0,53.57,5498.25,2026-04-24 14:45:00+00:00,2026-04-26 22:00:00+00:00,2026-04,2026-04-26
107,XAUUSD,BUY,2026-04-27 07:10:00+00:00,4717.09,4694.086488686879,4749.294915838369,4765.397373757553,4694.086488686879,23.003511313120484,32.20491583836868,48.307373757553016,0.02,0.01,0.01,False,False,False,5350.61,2026-04-27 13:00:00+00:00,4694.086488686879,350.0,SL,0.0,0.0,0.1,-50.1,5300.51,2026-04-27 07:10:00+00:00,2026-04-27 13:00:00+00:00,2026-04,2026-04-27
96,NAS100,SELL,2026-04-28 14:35:00+00:00,26967.6,27079.59583270159,26810.80583421777,26732.408751326653,27079.59583270159,111.99583270159347,156.79416578223086,235.1912486733463,0.45,0.23,0.22,False,False,False,5498.25,2026-04-28 18:50:00+00:00,27079.59583270159,255.0,SL,0.0,0.0,2.25,-52.25,5446.0,2026-04-28 14:35:00+00:00,2026-04-28 18:50:00+00:00,2026-04,2026-04-28
108,XAUUSD,SELL,2026-04-28 20:20:00+00:00,4592.74,4616.985105076688,4558.796852892636,4541.825279338954,4616.985105076688,24.24510507668851,33.94314710736391,50.91472066104588,0.02,0.01,0.01,False,False,False,5300.51,2026-04-28 22:00:00+00:00,4598.35,100.0,EOD_EXIT,-5.61,-5.61,0.1,-11.32,5289.19,2026-04-28 20:20:00+00:00,2026-04-28 22:00:00+00:00,2026-04,2026-04-28
109,XAUUSD,SELL,2026-04-29 11:20:00+00:00,4566.17,4589.8620407077715,4533.001143009121,4516.416714513681,4566.17,23.692040707771174,33.16885699087964,49.75328548631947,0.02,0.01,0.01,True,False,False,5289.19,2026-04-29 13:40:00+00:00,4516.416714513681,140.0,FULL_TP2,33.17,49.75,0.1,82.82,5372.01,2026-04-29 11:20:00+00:00,2026-04-29 13:40:00+00:00,2026-04,2026-04-29
110,XAUUSD,SELL,2026-04-29 17:00:00+00:00,4544.98,4572.111952614296,4506.995266339985,4488.002899509978,4572.111952614296,27.131952614295916,37.98473366001428,56.97710049002143,0.02,0.01,0.01,False,False,False,5372.01,2026-04-29 22:00:00+00:00,4539.46,300.0,EOD_EXIT,5.52,5.52,0.1,10.94,5382.95,2026-04-29 17:00:00+00:00,2026-04-29 22:00:00+00:00,2026-04,2026-04-29
97,NAS100,SELL,2026-04-29 18:05:00+00:00,27074.2,27184.557999539298,26919.698800644986,26842.44820096748,27184.557999539298,110.3579995392959,154.50119935501425,231.7517990325214,0.45,0.23,0.22,False,False,False,5446.0,2026-04-29 18:55:00+00:00,27184.557999539298,50.0,SL,0.0,0.0,2.25,-52.25,5393.75,2026-04-29 18:05:00+00:00,2026-04-29 18:55:00+00:00,2026-04,2026-04-29
111,XAUUSD,BUY,2026-04-30 12:55:00+00:00,4639.48,4612.195208845728,4677.678707615979,4696.778061423968,4612.195208845728,27.284791154270906,38.19870761597927,57.2980614239689,0.02,0.01,0.01,False,False,False,5382.95,2026-04-30 13:50:00+00:00,4612.195208845728,55.0,SL,0.0,0.0,0.1,-50.1,5332.85,2026-04-30 12:55:00+00:00,2026-04-30 13:50:00+00:00,2026-04,2026-04-30
98,NAS100,BUY,2026-04-30 15:05:00+00:00,27299.1,27117.253709824665,27553.684806245466,27680.9772093682,27117.253709824665,181.8462901753347,254.58480624546857,381.8772093682029,0.27,0.14,0.13,False,False,False,5393.75,2026-04-30 22:00:00+00:00,27505.4,415.0,EOD_EXIT,28.88,26.82,1.35,54.35,5448.1,2026-04-30 15:05:00+00:00,2026-04-30 22:00:00+00:00,2026-04,2026-04-30
112,XAUUSD,BUY,2026-04-30 17:15:00+00:00,4617.69,4591.2719800826235,4654.675227884326,4673.167841826488,4591.2719800826235,26.41801991737573,36.98522788432602,55.47784182648903,0.02,0.01,0.01,False,False,False,5332.85,2026-04-30 22:00:00+00:00,4628.75,285.0,EOD_EXIT,11.06,11.06,0.1,22.02,5354.87,2026-04-30 17:15:00+00:00,2026-04-30 22:00:00+00:00,2026-04,2026-04-30
99,NAS100,BUY,2026-05-01 17:10:00+00:00,27754.0,27624.21234443842,27935.702717786215,28026.554076679324,27624.21234443842,129.78765556158214,181.70271778621498,272.5540766793225,0.39,0.2,0.19,False,False,False,5448.1,2026-05-03 22:00:00+00:00,27782.1,3170.0,EOD_EXIT,5.62,5.34,1.95,9.01,5457.11,2026-05-01 17:10:00+00:00,2026-05-03 22:00:00+00:00,2026-05,2026-05-03
100,NAS100,BUY,2026-05-04 07:20:00+00:00,27844.3,27740.18026874937,27990.06762375088,28062.951435626324,27740.18026874937,104.11973125063082,145.76762375088313,218.65143562632474,0.48,0.24,0.24,False,False,False,5457.11,2026-05-04 10:00:00+00:00,27740.18026874937,160.0,SL,0.0,0.0,2.4,-52.4,5404.71,2026-05-04 07:20:00+00:00,2026-05-04 10:00:00+00:00,2026-05,2026-05-04
113,XAUUSD,SELL,2026-05-04 15:05:00+00:00,4557.9,4584.569999372473,4520.562000878536,4501.893001317805,4557.9,26.66999937247351,37.33799912146291,56.00699868219437,0.02,0.01,0.01,True,False,False,5354.87,2026-05-04 16:10:00+00:00,4501.893001317805,65.0,FULL_TP2,37.34,56.01,0.1,93.24,5448.12,2026-05-04 15:05:00+00:00,2026-05-04 16:10:00+00:00,2026-05,2026-05-04
101,NAS100,SELL,2026-05-04 18:40:00+00:00,27631.6,27763.77470278208,27446.555416105086,27354.033124157628,27763.77470278208,132.1747027820813,185.0445838949138,277.5668758423708,0.38,0.19,0.19,False,False,False,5404.71,2026-05-04 22:00:00+00:00,27678.8,200.0,EOD_EXIT,-8.97,-8.97,1.9,-19.84,5384.87,2026-05-04 18:40:00+00:00,2026-05-04 22:00:00+00:00,2026-05,2026-05-04
114,XAUUSD,SELL,2026-05-04 20:00:00+00:00,4515.16,4543.811625827415,4475.047723841619,4454.991585762427,4543.811625827415,28.651625827415295,40.11227615838141,60.16841423757212,0.02,0.01,0.01,False,False,False,5448.12,2026-05-04 22:00:00+00:00,4520.28,120.0,EOD_EXIT,-5.12,-5.12,0.1,-10.34,5437.78,2026-05-04 20:00:00+00:00,2026-05-04 22:00:00+00:00,2026-05,2026-05-04
102,NAS100,BUY,2026-05-05 06:35:00+00:00,27768.9,27675.335672295198,27899.890058786725,27965.38508818009,27768.9,93.5643277048032,130.9900587867245,196.48508818008673,0.53,0.27,0.26,True,False,False,5384.87,2026-05-05 13:35:00+00:00,27965.38508818009,420.0,FULL_TP2,35.37,51.09,2.65,83.8,5468.67,2026-05-05 06:35:00+00:00,2026-05-05 13:35:00+00:00,2026-05,2026-05-05
103,NAS100,BUY,2026-05-05 20:30:00+00:00,28132.2,28039.332077372874,28262.21509167798,28327.22263751697,28039.332077372874,92.86792262712855,130.01509167797997,195.02263751696995,0.54,0.27,0.27,False,False,False,5468.67,2026-05-05 22:00:00+00:00,28169.8,90.0,EOD_EXIT,10.15,10.15,2.7,17.6,5486.28,2026-05-05 20:30:00+00:00,2026-05-05 22:00:00+00:00,2026-05,2026-05-05
104,NAS100,BUY,2026-05-06 07:05:00+00:00,28252.2,28158.02451377608,28384.04568071349,28449.968521070234,28252.2,94.17548622392096,131.84568071348934,197.76852107023402,0.53,0.27,0.26,True,False,False,5486.28,2026-05-06 10:15:00+00:00,28449.968521070234,190.0,FULL_TP2,35.6,51.42,2.65,84.37,5570.65,2026-05-06 07:05:00+00:00,2026-05-06 10:15:00+00:00,2026-05,2026-05-06
105,NAS100,BUY,2026-05-06 14:35:00+00:00,28408.7,28282.300362915885,28585.659491917762,28674.139237876643,28408.7,126.39963708411535,176.95949191776148,265.43923787664227,0.4,0.2,0.2,True,False,False,5570.65,2026-05-06 20:10:00+00:00,28674.139237876643,335.0,FULL_TP2,35.39,53.09,2.0,86.48,5657.13,2026-05-06 14:35:00+00:00,2026-05-06 20:10:00+00:00,2026-05,2026-05-06
115,XAUUSD,BUY,2026-05-06 18:20:00+00:00,4687.82,4661.356055259207,4724.869522637109,4743.394283955664,4661.356055259207,26.46394474079245,37.049522637109426,55.57428395566414,0.02,0.01,0.01,False,False,False,5437.78,2026-05-06 22:00:00+00:00,4690.5,220.0,EOD_EXIT,2.68,2.68,0.1,5.26,5443.04,2026-05-06 18:20:00+00:00,2026-05-06 22:00:00+00:00,2026-05,2026-05-06
116,XAUUSD,BUY,2026-05-07 10:40:00+00:00,4739.16,4713.689796615282,4774.818284738605,4792.647427107908,4713.689796615282,25.47020338471811,35.65828473860535,53.48742710790803,0.02,0.01,0.01,False,False,False,5443.04,2026-05-07 16:10:00+00:00,4713.689796615282,330.0,SL,0.0,0.0,0.1,-50.1,5392.94,2026-05-07 10:40:00+00:00,2026-05-07 16:10:00+00:00,2026-05,2026-05-07
106,NAS100,BUY,2026-05-07 11:05:00+00:00,28653.4,28558.155928042837,28786.741700740033,28853.41255111005,28653.4,95.24407195716525,133.34170074003134,200.012551110047,0.52,0.26,0.26,True,False,False,5657.13,2026-05-07 14:55:00+00:00,28853.41255111005,230.0,FULL_TP2,34.67,52.0,2.6,84.07,5741.2,2026-05-07 11:05:00+00:00,2026-05-07 14:55:00+00:00,2026-05,2026-05-07
117,XAUUSD,BUY,2026-05-08 08:35:00+00:00,4721.27,4692.323562216674,4761.795012896658,4782.057519344986,4692.323562216674,28.946437783326445,40.52501289665702,60.78751934498554,0.02,0.01,0.01,False,False,False,5392.94,2026-05-10 22:00:00+00:00,4692.323562216674,3685.0,SL,0.0,0.0,0.1,-50.1,5342.84,2026-05-08 08:35:00+00:00,2026-05-10 22:00:00+00:00,2026-05,2026-05-10
107,NAS100,BUY,2026-05-08 10:15:00+00:00,28777.8,28677.010740048852,28918.904963931607,28989.45744589741,28777.8,100.78925995114746,141.10496393160642,211.65744589740967,0.5,0.25,0.25,True,False,False,5741.2,2026-05-08 13:50:00+00:00,28989.45744589741,215.0,FULL_TP2,35.28,52.91,2.5,85.69,5826.89,2026-05-08 10:15:00+00:00,2026-05-08 13:50:00+00:00,2026-05,2026-05-08
108,NAS100,BUY,2026-05-08 19:05:00+00:00,29204.6,29091.696138640425,29362.6654059034,29441.6981088551,29091.696138640425,112.90386135957228,158.06540590340117,237.0981088551018,0.44,0.22,0.22,False,False,False,5826.89,2026-05-10 22:00:00+00:00,29179.2,3055.0,EOD_EXIT,-5.59,-5.59,2.2,-13.38,5813.51,2026-05-08 19:05:00+00:00,2026-05-10 22:00:00+00:00,2026-05,2026-05-10
109,NAS100,BUY,2026-05-11 06:20:00+00:00,29264.2,29162.010096846323,29407.26586441515,29478.798796622723,29162.010096846323,102.18990315367647,143.06586441514705,214.59879662272058,0.49,0.24,0.25,False,False,False,5813.51,2026-05-11 22:00:00+00:00,29341.9,940.0,EOD_EXIT,18.65,19.43,2.45,35.62,5849.14,2026-05-11 06:20:00+00:00,2026-05-11 22:00:00+00:00,2026-05,2026-05-11
118,XAUUSD,SELL,2026-05-11 07:50:00+00:00,4669.11,4696.895149422134,4630.210790809012,4610.761186213519,4696.895149422134,27.78514942213381,38.89920919098733,58.348813786481,0.02,0.01,0.01,False,False,False,5342.84,2026-05-11 12:35:00+00:00,4696.895149422134,285.0,SL,0.0,0.0,0.1,-50.1,5292.74,2026-05-11 07:50:00+00:00,2026-05-11 12:35:00+00:00,2026-05,2026-05-11
119,XAUUSD,SELL,2026-05-12 10:30:00+00:00,4695.27,4718.968505055059,4662.09209292292,4645.503139384378,4695.27,23.698505055057982,33.17790707708117,49.766860615621766,0.02,0.01,0.01,True,False,False,5292.74,2026-05-12 15:20:00+00:00,4645.503139384378,290.0,FULL_TP2,33.18,49.77,0.1,82.84,5375.58,2026-05-12 10:30:00+00:00,2026-05-12 15:20:00+00:00,2026-05,2026-05-12
110,NAS100,SELL,2026-05-12 10:35:00+00:00,29124.2,29233.24689182689,28971.534351442355,28895.201527163532,29124.2,109.04689182688938,152.6656485576451,228.9984728364677,0.46,0.23,0.23,True,False,False,5849.14,2026-05-12 15:05:00+00:00,28895.201527163532,270.0,FULL_TP2,35.11,52.67,2.3,85.48,5934.62,2026-05-12 10:35:00+00:00,2026-05-12 15:05:00+00:00,2026-05,2026-05-12
120,XAUUSD,SELL,2026-05-13 07:05:00+00:00,4698.69,4720.97879574181,4667.485685961466,4651.883528942199,4720.97879574181,22.288795741810198,31.204314038534275,46.80647105780142,0.02,0.01,0.01,False,False,False,5375.58,2026-05-13 22:00:00+00:00,4693.58,895.0,EOD_EXIT,5.11,5.11,0.1,10.12,5385.7,2026-05-13 07:05:00+00:00,2026-05-13 22:00:00+00:00,2026-05,2026-05-13
111,NAS100,BUY,2026-05-13 20:30:00+00:00,29466.6,29316.106190038117,29677.291333946632,29782.63700091995,29316.106190038117,150.49380996188174,210.69133394663442,316.03700091995165,0.33,0.17,0.16,False,False,False,5934.62,2026-05-13 22:00:00+00:00,29476.6,90.0,EOD_EXIT,1.7,1.6,1.65,1.65,5936.27,2026-05-13 20:30:00+00:00,2026-05-13 22:00:00+00:00,2026-05,2026-05-13
112,NAS100,BUY,2026-05-14 17:55:00+00:00,29657.5,29511.522463453108,29861.86855116565,29964.052826748477,29511.522463453108,145.97753654689365,204.3685511656511,306.55282674847666,0.34,0.17,0.17,False,False,False,5936.27,2026-05-14 22:00:00+00:00,29634.5,245.0,EOD_EXIT,-3.91,-3.91,1.7,-9.52,5926.75,2026-05-14 17:55:00+00:00,2026-05-14 22:00:00+00:00,2026-05,2026-05-14
121,XAUUSD,SELL,2026-05-15 07:45:00+00:00,4574.8,4602.5181101472335,4535.994645793873,4516.591968690809,4574.8,27.71811014723367,38.805354206127134,58.20803130919071,0.02,0.01,0.01,True,False,False,5385.7,2026-05-15 13:45:00+00:00,4516.591968690809,360.0,FULL_TP2,38.81,58.21,0.1,96.91,5482.62,2026-05-15 07:45:00+00:00,2026-05-15 13:45:00+00:00,2026-05,2026-05-15
113,NAS100,SELL,2026-05-15 08:00:00+00:00,29271.2,29423.02140463207,29058.650033515107,28952.375050272658,29271.2,151.82140463206736,212.5499664848943,318.82494972734145,0.33,0.17,0.16,True,False,False,5926.75,2026-05-15 14:15:00+00:00,29271.2,375.0,TP1_THEN_BE,36.13,0.0,1.65,34.48,5961.23,2026-05-15 08:00:00+00:00,2026-05-15 14:15:00+00:00,2026-05,2026-05-15
122,XAUUSD,SELL,2026-05-15 15:30:00+00:00,4543.82,4576.414321449849,4498.187949970211,4475.371924955317,4576.414321449849,32.59432144984906,45.63205002978869,68.44807504468304,0.02,0.01,0.01,False,False,False,5482.62,2026-05-17 22:00:00+00:00,4544.98,3270.0,EOD_EXIT,-1.16,-1.16,0.1,-2.42,5480.2,2026-05-15 15:30:00+00:00,2026-05-17 22:00:00+00:00,2026-05,2026-05-17
114,NAS100,SELL,2026-05-15 16:00:00+00:00,29208.1,29397.678147508603,28942.690593487954,28809.985890231932,29397.678147508603,189.57814750860297,265.40940651204414,398.11410976806627,0.26,0.13,0.13,False,False,False,5961.23,2026-05-15 18:05:00+00:00,29397.678147508603,125.0,SL,0.0,0.0,1.3,-51.3,5909.93,2026-05-15 16:00:00+00:00,2026-05-15 18:05:00+00:00,2026-05,2026-05-15
115,NAS100,SELL,2026-05-18 06:00:00+00:00,28958.6,29144.36489459275,28698.529147570145,28568.493721355222,29144.36489459275,185.76489459275123,260.0708524298517,390.1062786447776,0.27,0.14,0.13,False,False,False,5909.93,2026-05-18 08:20:00+00:00,29144.36489459275,140.0,SL,0.0,0.0,1.35,-51.35,5858.58,2026-05-18 06:00:00+00:00,2026-05-18 08:20:00+00:00,2026-05,2026-05-18
116,NAS100,SELL,2026-05-18 18:00:00+00:00,28888.1,29115.78309853046,28569.343662057352,28409.965493086027,29115.78309853046,227.68309853046304,318.75633794264826,478.1345069139724,0.22,0.11,0.11,False,False,False,5858.58,2026-05-18 22:00:00+00:00,29064.5,240.0,EOD_EXIT,-19.4,-19.4,1.1,-39.91,5818.67,2026-05-18 18:00:00+00:00,2026-05-18 22:00:00+00:00,2026-05,2026-05-18
123,XAUUSD,SELL,2026-05-19 07:40:00+00:00,4542.41,4567.588879540228,4507.159568643681,4489.534352965522,4542.41,25.178879540227776,35.250431356318884,52.875647034478334,0.02,0.01,0.01,True,False,False,5480.2,2026-05-19 13:30:00+00:00,4489.534352965522,350.0,FULL_TP2,35.25,52.88,0.1,88.03,5568.22,2026-05-19 07:40:00+00:00,2026-05-19 13:30:00+00:00,2026-05,2026-05-19
117,NAS100,SELL,2026-05-19 08:25:00+00:00,28928.3,29109.94094125012,28674.002682249833,28546.85402337475,28928.3,181.64094125011826,254.29731775016555,381.44597662524836,0.28,0.14,0.14,True,False,False,5818.67,2026-05-19 16:45:00+00:00,28928.3,500.0,TP1_THEN_BE,35.6,0.0,1.4,34.2,5852.88,2026-05-19 08:25:00+00:00,2026-05-19 16:45:00+00:00,2026-05,2026-05-19
124,XAUUSD,SELL,2026-05-19 17:45:00+00:00,4500.73,4530.144689532281,4459.549434654807,4438.95915198221,4530.144689532281,29.41468953228083,41.18056534519316,61.770848017789746,0.02,0.01,0.01,False,False,False,5568.22,2026-05-19 22:00:00+00:00,4484.37,255.0,EOD_EXIT,16.36,16.36,0.1,32.62,5600.84,2026-05-19 17:45:00+00:00,2026-05-19 22:00:00+00:00,2026-05,2026-05-19
125,XAUUSD,SELL,2026-05-20 06:40:00+00:00,4466.96,4494.274693973282,4428.7194284374045,4409.599142656107,4494.274693973282,27.314693973282676,38.24057156259575,57.36085734389362,0.02,0.01,0.01,False,False,False,5600.84,2026-05-20 10:35:00+00:00,4494.274693973282,235.0,SL,0.0,0.0,0.1,-50.1,5550.74,2026-05-20 06:40:00+00:00,2026-05-20 10:35:00+00:00,2026-05,2026-05-20
118,NAS100,BUY,2026-05-20 16:40:00+00:00,29228.7,29049.350697695652,29479.789023226087,29605.33353483913,29049.350697695652,179.34930230434776,251.08902322608685,376.63353483913033,0.28,0.14,0.14,False,False,False,5852.88,2026-05-20 22:00:00+00:00,29160.2,320.0,EOD_EXIT,-9.59,-9.59,1.4,-20.58,5832.3,2026-05-20 16:40:00+00:00,2026-05-20 22:00:00+00:00,2026-05,2026-05-20
119,NAS100,BUY,2026-05-21 08:05:00+00:00,29311.3,29159.237275752286,29524.1878139468,29630.6317209202,29159.237275752286,152.06272424771416,212.8878139467998,319.33172092019976,0.33,0.17,0.16,False,False,False,5832.3,2026-05-21 10:40:00+00:00,29159.237275752286,155.0,SL,0.0,0.0,1.65,-51.65,5780.65,2026-05-21 08:05:00+00:00,2026-05-21 10:40:00+00:00,2026-05,2026-05-21
126,XAUUSD,SELL,2026-05-21 14:40:00+00:00,4504.73,4530.722959604366,4468.339856553886,4450.14478483083,4530.722959604366,25.992959604366355,36.390143446112894,54.585215169169345,0.02,0.01,0.01,False,False,False,5550.74,2026-05-21 17:10:00+00:00,4530.722959604366,150.0,SL,0.0,0.0,0.1,-50.1,5500.64,2026-05-21 14:40:00+00:00,2026-05-21 17:10:00+00:00,2026-05,2026-05-21
120,NAS100,BUY,2026-05-22 06:40:00+00:00,29534.1,29394.730902566276,29729.216736407212,29826.775104610817,29394.730902566276,139.36909743372354,195.11673640721295,292.67510461081946,0.36,0.18,0.18,False,False,False,5780.65,2026-05-22 10:25:00+00:00,29394.730902566276,225.0,SL,0.0,0.0,1.8,-51.8,5728.85,2026-05-22 06:40:00+00:00,2026-05-22 10:25:00+00:00,2026-05,2026-05-22
127,XAUUSD,SELL,2026-05-22 07:10:00+00:00,4522.43,4544.94314086157,4490.911602793803,4475.152404190704,4544.94314086157,22.513140861569674,31.51839720619754,47.277595809296315,0.02,0.01,0.01,False,False,False,5500.64,2026-05-24 22:00:00+00:00,4544.94314086157,3770.0,SL,0.0,0.0,0.1,-50.1,5450.54,2026-05-22 07:10:00+00:00,2026-05-24 22:00:00+00:00,2026-05,2026-05-24
121,NAS100,BUY,2026-05-22 14:35:00+00:00,29550.1,29412.911936295037,29742.16328918694,29838.194933780414,29412.911936295037,137.18806370495992,192.06328918694388,288.09493378041583,0.36,0.18,0.18,False,False,False,5728.85,2026-05-24 22:00:00+00:00,29696.7,3325.0,EOD_EXIT,26.39,26.39,1.8,50.98,5779.82,2026-05-22 14:35:00+00:00,2026-05-24 22:00:00+00:00,2026-05,2026-05-24
122,NAS100,BUY,2026-05-25 07:55:00+00:00,29922.9,29807.51350715744,30084.441089979584,30165.211634969375,29807.51350715744,115.38649284255945,161.5410899795832,242.31163496937486,0.43,0.21,0.22,False,False,False,5779.82,2026-05-25 22:00:00+00:00,29885.3,845.0,EOD_EXIT,-7.9,-8.27,2.15,-18.32,5761.5,2026-05-25 07:55:00+00:00,2026-05-25 22:00:00+00:00,2026-05,2026-05-25
128,XAUUSD,BUY,2026-05-25 14:05:00+00:00,4569.45,4550.809744374251,4595.546357876048,4608.594536814072,4550.809744374251,18.640255625748644,26.0963578760481,39.144536814072154,0.03,0.01,0.02,False,False,False,5450.54,2026-05-25 22:00:00+00:00,4570.98,475.0,EOD_EXIT,1.53,3.06,0.15,4.44,5454.98,2026-05-25 14:05:00+00:00,2026-05-25 22:00:00+00:00,2026-05,2026-05-25
129,XAUUSD,SELL,2026-05-26 06:55:00+00:00,4530.96,4549.70928289038,4504.711003953468,4491.586505930202,4530.96,18.74928289037969,26.248996046531563,39.373494069797346,0.03,0.01,0.02,True,False,False,5454.98,2026-05-26 13:40:00+00:00,4530.96,405.0,TP1_THEN_BE,26.25,0.0,0.15,26.1,5481.08,2026-05-26 06:55:00+00:00,2026-05-26 13:40:00+00:00,2026-05,2026-05-26
123,NAS100,SELL,2026-05-26 07:05:00+00:00,29737.2,29818.97213782895,29622.71900703947,29565.478510559205,29818.97213782895,81.77213782895015,114.4809929605302,171.72148944079532,0.61,0.3,0.31,False,False,False,5761.5,2026-05-26 10:10:00+00:00,29818.97213782895,185.0,SL,0.0,0.0,3.05,-53.05,5708.45,2026-05-26 07:05:00+00:00,2026-05-26 10:10:00+00:00,2026-05,2026-05-26
130,XAUUSD,SELL,2026-05-26 14:05:00+00:00,4515.48,4537.695063471627,4484.378911139722,4468.828366709583,4515.48,22.215063471626976,31.101088860277766,46.651633290416655,0.02,0.01,0.01,True,False,False,5481.08,2026-05-26 22:00:00+00:00,4515.48,475.0,TP1_THEN_BE,31.1,0.0,0.1,31.0,5512.08,2026-05-26 14:05:00+00:00,2026-05-26 22:00:00+00:00,2026-05,2026-05-26
124,NAS100,BUY,2026-05-26 17:40:00+00:00,29939.3,29823.53188782157,30101.3753570498,30182.4130355747,29823.53188782157,115.76811217842985,162.07535704980177,243.11303557470268,0.43,0.21,0.22,False,False,False,5708.45,2026-05-26 22:00:00+00:00,30015.9,260.0,EOD_EXIT,16.09,16.85,2.15,30.79,5739.24,2026-05-26 17:40:00+00:00,2026-05-26 22:00:00+00:00,2026-05,2026-05-26
125,NAS100,BUY,2026-05-27 07:10:00+00:00,30071.5,29978.09663953691,30202.264704648325,30267.647056972488,30071.5,93.40336046309021,130.76470464832627,196.14705697248945,0.54,0.27,0.27,True,False,False,5739.24,2026-05-27 12:15:00+00:00,30267.647056972488,305.0,FULL_TP2,35.31,52.96,2.7,85.57,5824.81,2026-05-27 07:10:00+00:00,2026-05-27 12:15:00+00:00,2026-05,2026-05-27
131,XAUUSD,SELL,2026-05-27 10:00:00+00:00,4486.53,4508.2369137333135,4456.14032077336,4440.94548116004,4486.53,21.70691373331403,30.389679226639636,45.584518839959465,0.02,0.01,0.01,True,False,False,5512.08,2026-05-27 11:20:00+00:00,4440.94548116004,80.0,FULL_TP2,30.39,45.58,0.1,75.87,5587.96,2026-05-27 10:00:00+00:00,2026-05-27 11:20:00+00:00,2026-05,2026-05-27
132,XAUUSD,SELL,2026-05-27 15:10:00+00:00,4431.99,4461.5297778600125,4390.634310995983,4369.9564664939735,4461.5297778600125,29.53977786001244,41.355689004017414,62.033533506026124,0.02,0.01,0.01,False,False,False,5587.96,2026-05-27 22:00:00+00:00,4461.5297778600125,410.0,SL,0.0,0.0,0.1,-50.1,5537.86,2026-05-27 15:10:00+00:00,2026-05-27 22:00:00+00:00,2026-05,2026-05-27
126,NAS100,SELL,2026-05-27 17:05:00+00:00,29854.1,29993.600099353476,29658.79986090513,29561.149791357697,29993.600099353476,139.5000993534775,195.3001390948685,292.95020864230275,0.36,0.18,0.18,False,False,False,5824.81,2026-05-27 18:25:00+00:00,29993.600099353476,80.0,SL,0.0,0.0,1.8,-51.8,5773.01,2026-05-27 17:05:00+00:00,2026-05-27 18:25:00+00:00,2026-05,2026-05-27
133,XAUUSD,SELL,2026-05-28 10:45:00+00:00,4380.94,4405.553628746549,4346.48091975483,4329.2513796322455,4405.553628746549,24.613628746549434,34.459080245169204,51.68862036775381,0.02,0.01,0.01,False,False,False,5537.86,2026-05-28 12:45:00+00:00,4405.553628746549,120.0,SL,0.0,0.0,0.1,-50.1,5487.76,2026-05-28 10:45:00+00:00,2026-05-28 12:45:00+00:00,2026-05,2026-05-28
127,NAS100,BUY,2026-05-28 18:50:00+00:00,30272.1,30124.769505951175,30478.362691668353,30581.49403750253,30124.769505951175,147.33049404882402,206.26269166835363,309.39403750253047,0.34,0.17,0.17,False,False,False,5773.01,2026-05-28 22:00:00+00:00,30311.4,190.0,EOD_EXIT,6.68,6.68,1.7,11.66,5784.67,2026-05-28 18:50:00+00:00,2026-05-28 22:00:00+00:00,2026-05,2026-05-28
128,NAS100,BUY,2026-05-29 08:35:00+00:00,30282.5,30182.328805396464,30422.73967244495,30492.859508667425,30282.5,100.17119460353621,140.23967244495068,210.35950866742604,0.5,0.25,0.25,True,False,False,5784.67,2026-05-29 14:00:00+00:00,30492.859508667425,325.0,FULL_TP2,35.06,52.59,2.5,85.15,5869.82,2026-05-29 08:35:00+00:00,2026-05-29 14:00:00+00:00,2026-05,2026-05-29
129,NAS100,BUY,2026-05-29 15:30:00+00:00,30361.9,30238.341115181312,30534.882438746165,30621.373658119246,30238.341115181312,123.55888481868809,172.9824387461633,259.473658119245,0.4,0.2,0.2,False,False,False,5869.82,2026-05-31 22:00:00+00:00,30340.6,3270.0,EOD_EXIT,-4.26,-4.26,2.0,-10.52,5859.3,2026-05-29 15:30:00+00:00,2026-05-31 22:00:00+00:00,2026-05,2026-05-31
134,XAUUSD,SELL,2026-06-01 06:10:00+00:00,4514.13,4536.115118473224,4483.350834137486,4467.9612512062295,4514.13,21.985118473223995,30.77916586251359,46.16874879377039,0.02,0.01,0.01,True,False,False,5487.76,2026-06-01 13:20:00+00:00,4467.9612512062295,430.0,FULL_TP2,30.78,46.17,0.1,76.85,5564.61,2026-06-01 06:10:00+00:00,2026-06-01 13:20:00+00:00,2026-06,2026-06-01
135,XAUUSD,SELL,2026-06-01 19:40:00+00:00,4483.6,4508.0184632210985,4449.414151490463,4432.321227235695,4508.0184632210985,24.418463221097937,34.18584850953711,51.27877276430567,0.02,0.01,0.01,False,False,False,5564.61,2026-06-01 22:00:00+00:00,4483.13,140.0,EOD_EXIT,0.47,0.47,0.1,0.84,5565.45,2026-06-01 19:40:00+00:00,2026-06-01 22:00:00+00:00,2026-06,2026-06-01
136,XAUUSD,BUY,2026-06-02 10:50:00+00:00,4532.27,4510.649034506544,4562.53935169084,4577.67402753626,4510.649034506544,21.62096549345678,30.26935169083949,45.404027536259235,0.02,0.01,0.01,False,False,False,5565.45,2026-06-02 13:20:00+00:00,4510.649034506544,150.0,SL,0.0,0.0,0.1,-50.1,5515.35,2026-06-02 10:50:00+00:00,2026-06-02 13:20:00+00:00,2026-06,2026-06-02
130,NAS100,BUY,2026-06-02 11:35:00+00:00,30536.8,30437.145813365987,30676.315861287614,30746.073791931423,30437.145813365987,99.65418663401168,139.51586128761633,209.27379193142454,0.5,0.25,0.25,False,False,False,5859.3,2026-06-02 13:35:00+00:00,30437.145813365987,120.0,SL,0.0,0.0,2.5,-52.5,5806.8,2026-06-02 11:35:00+00:00,2026-06-02 13:35:00+00:00,2026-06,2026-06-02
137,XAUUSD,SELL,2026-06-03 12:20:00+00:00,4457.93,4479.447234954527,4427.805871063663,4412.743806595495,4457.93,21.517234954526618,30.124128936337264,45.1861934045059,0.02,0.01,0.01,True,False,False,5515.35,2026-06-03 14:15:00+00:00,4457.93,115.0,TP1_THEN_BE,30.12,0.0,0.1,30.02,5545.37,2026-06-03 12:20:00+00:00,2026-06-03 14:15:00+00:00,2026-06,2026-06-03
138,XAUUSD,SELL,2026-06-03 15:10:00+00:00,4445.84,4469.6463765288245,4412.5110728596455,4395.846609289469,4469.6463765288245,23.806376528824693,33.328927140354565,49.993390710531855,0.02,0.01,0.01,False,False,False,5545.37,2026-06-03 22:00:00+00:00,4431.88,410.0,EOD_EXIT,13.96,13.96,0.1,27.82,5573.19,2026-06-03 15:10:00+00:00,2026-06-03 22:00:00+00:00,2026-06,2026-06-03
131,NAS100,SELL,2026-06-03 20:05:00+00:00,30584.1,30717.810089007286,30396.905875389795,30303.30881308469,30717.810089007286,133.71008900728842,187.19412461020377,280.7911869153057,0.37,0.18,0.19,False,False,False,5806.8,2026-06-03 22:00:00+00:00,30447.2,115.0,EOD_EXIT,24.64,26.01,1.85,48.8,5855.6,2026-06-03 20:05:00+00:00,2026-06-03 22:00:00+00:00,2026-06,2026-06-03
132,NAS100,SELL,2026-06-04 08:00:00+00:00,30446.3,30569.81575734207,30273.3779397211,30186.91690958165,30446.3,123.51575734207042,172.92206027889858,259.3830904183479,0.4,0.2,0.2,True,False,False,5855.6,2026-06-04 10:55:00+00:00,30186.91690958165,175.0,FULL_TP2,34.58,51.88,2.0,84.46,5940.06,2026-06-04 08:00:00+00:00,2026-06-04 10:55:00+00:00,2026-06,2026-06-04
139,XAUUSD,BUY,2026-06-04 19:00:00+00:00,4481.42,4457.705738132494,4514.6199666145085,4531.219949921763,4457.705738132494,23.71426186750606,33.19996661450848,49.79994992176273,0.02,0.01,0.01,False,False,False,5573.19,2026-06-04 22:00:00+00:00,4473.78,180.0,EOD_EXIT,-7.64,-7.64,0.1,-15.38,5557.81,2026-06-04 19:00:00+00:00,2026-06-04 22:00:00+00:00,2026-06,2026-06-04
140,XAUUSD,SELL,2026-06-05 06:00:00+00:00,4437.48,4457.66203211403,4409.225155040357,4395.097732560536,4457.66203211403,20.182032114030232,28.254844959642323,42.38226743946349,0.02,0.01,0.01,False,False,False,5557.81,2026-06-05 07:05:00+00:00,4457.66203211403,65.0,SL,0.0,0.0,0.1,-50.1,5507.71,2026-06-05 06:00:00+00:00,2026-06-05 07:05:00+00:00,2026-06,2026-06-05
141,XAUUSD,SELL,2026-06-05 12:30:00+00:00,4452.98,4472.506021301483,4425.643570177922,4411.9753552668835,4452.98,19.5260213014839,27.33642982207746,41.004644733116194,0.03,0.01,0.02,True,False,False,5507.71,2026-06-05 12:55:00+00:00,4411.9753552668835,25.0,FULL_TP2,27.34,82.01,0.15,109.2,5616.91,2026-06-05 12:30:00+00:00,2026-06-05 12:55:00+00:00,2026-06,2026-06-05
142,XAUUSD,SELL,2026-06-05 17:45:00+00:00,4339.98,4370.633809586578,4297.06466657879,4275.606999868185,4370.633809586578,30.65380958657829,42.9153334212096,64.37300013181441,0.02,0.01,0.01,False,False,False,5616.91,2026-06-07 22:00:00+00:00,4320.77,3135.0,EOD_EXIT,19.21,19.21,0.1,38.32,5655.23,2026-06-05 17:45:00+00:00,2026-06-07 22:00:00+00:00,2026-06,2026-06-07
133,NAS100,SELL,2026-06-08 06:45:00+00:00,29040.3,29272.3342758022,28715.45201387692,28553.028020815378,29272.3342758022,232.03427580220037,324.8479861230805,487.2719791846208,0.22,0.11,0.11,False,False,False,5940.06,2026-06-08 11:10:00+00:00,29272.3342758022,265.0,SL,0.0,0.0,1.1,-51.1,5888.96,2026-06-08 06:45:00+00:00,2026-06-08 11:10:00+00:00,2026-06,2026-06-08
143,XAUUSD,SELL,2026-06-08 07:50:00+00:00,4296.51,4327.562802023051,4253.03607716773,4231.299115751594,4327.562802023051,31.052802023050532,43.473922832270745,65.21088424840612,0.02,0.01,0.01,False,False,False,5655.23,2026-06-08 11:15:00+00:00,4327.562802023051,205.0,SL,0.0,0.0,0.1,-50.1,5605.13,2026-06-08 07:50:00+00:00,2026-06-08 11:15:00+00:00,2026-06,2026-06-08
134,NAS100,BUY,2026-06-08 18:20:00+00:00,29560.6,29318.637191168,29899.3479323648,30068.721898547195,29318.637191168,241.96280883199904,338.74793236479866,508.121898547198,0.21,0.1,0.11,False,False,False,5888.96,2026-06-08 22:00:00+00:00,29386.2,220.0,EOD_EXIT,-17.44,-19.18,1.05,-37.67,5851.29,2026-06-08 18:20:00+00:00,2026-06-08 22:00:00+00:00,2026-06,2026-06-08
135,NAS100,BUY,2026-06-09 08:15:00+00:00,29631.4,29451.947968755452,29882.632843742373,30008.249265613555,29451.947968755452,179.4520312445499,251.23284374236982,376.8492656135548,0.28,0.14,0.14,False,False,False,5851.29,2026-06-09 14:15:00+00:00,29451.947968755452,360.0,SL,0.0,0.0,1.4,-51.4,5799.89,2026-06-09 08:15:00+00:00,2026-06-09 14:15:00+00:00,2026-06,2026-06-09
144,XAUUSD,BUY,2026-06-09 08:35:00+00:00,4334.39,4312.205213348665,4365.44870131187,4380.978051967804,4312.205213348665,22.184786651335205,31.058701311869285,46.588051967803935,0.02,0.01,0.01,False,False,False,5605.13,2026-06-09 14:15:00+00:00,4312.205213348665,340.0,SL,0.0,0.0,0.1,-50.1,5555.03,2026-06-09 08:35:00+00:00,2026-06-09 14:15:00+00:00,2026-06,2026-06-09
145,XAUUSD,SELL,2026-06-09 19:10:00+00:00,4258.72,4287.381887047606,4218.593358133352,4198.530037200027,4287.381887047606,28.661887047606104,40.12664186664854,60.18996279997282,0.02,0.01,0.01,False,False,False,5555.03,2026-06-09 22:00:00+00:00,4255.05,170.0,EOD_EXIT,3.67,3.67,0.1,7.24,5562.27,2026-06-09 19:10:00+00:00,2026-06-09 22:00:00+00:00,2026-06,2026-06-09
136,NAS100,SELL,2026-06-10 07:40:00+00:00,28930.7,29174.72365062115,28589.066889130394,28418.25033369559,29174.72365062115,244.0236506211487,341.6331108696082,512.4496663044123,0.2,0.1,0.1,False,False,False,5799.89,2026-06-10 14:20:00+00:00,29174.72365062115,400.0,SL,0.0,0.0,1.0,-51.0,5748.89,2026-06-10 07:40:00+00:00,2026-06-10 14:20:00+00:00,2026-06,2026-06-10
146,XAUUSD,SELL,2026-06-10 11:00:00+00:00,4161.3,4191.368597961621,4119.203962853731,4098.1559442805965,4161.3,30.068597961620775,42.09603714626908,63.14405571940363,0.02,0.01,0.01,True,False,False,5562.27,2026-06-10 18:50:00+00:00,4098.1559442805965,470.0,FULL_TP2,42.1,63.14,0.1,105.14,5667.41,2026-06-10 11:00:00+00:00,2026-06-10 18:50:00+00:00,2026-06,2026-06-10
137,NAS100,SELL,2026-06-10 15:05:00+00:00,28809.1,29104.52796218551,28395.50085294028,28188.701279410423,28809.1,295.42796218551285,413.59914705971795,620.398720589577,0.17,0.09,0.08,True,False,False,5748.89,2026-06-10 22:00:00+00:00,28373.1,415.0,EOD_EXIT,37.22,34.88,0.85,71.25,5820.14,2026-06-10 15:05:00+00:00,2026-06-10 22:00:00+00:00,2026-06,2026-06-10
138,NAS100,BUY,2026-06-11 11:50:00+00:00,28887.0,28673.589971468286,29185.7740399444,29335.161059916598,28673.589971468286,213.4100285317138,298.7740399443993,448.161059916599,0.23,0.12,0.11,False,False,False,5820.14,2026-06-11 12:30:00+00:00,28673.589971468286,40.0,SL,0.0,0.0,1.15,-51.15,5768.99,2026-06-11 11:50:00+00:00,2026-06-11 12:30:00+00:00,2026-06,2026-06-11
147,XAUUSD,SELL,2026-06-11 14:05:00+00:00,4062.77,4097.520117048896,4014.119836131545,3989.7947541973176,4097.520117048896,34.75011704889629,48.650163868454804,72.97524580268222,0.01,0.01,0.0,False,False,False,5667.41,2026-06-11 16:10:00+00:00,4097.520117048896,125.0,SL,0.0,0.0,0.05,-50.05,5617.36,2026-06-11 14:05:00+00:00,2026-06-11 16:10:00+00:00,2026-06,2026-06-11
139,NAS100,BUY,2026-06-11 15:40:00+00:00,28813.4,28545.229828069183,29188.838240703146,29376.557361054718,28813.4,268.17017193081733,375.43824070314423,563.1573610547164,0.19,0.1,0.09,True,False,False,5768.99,2026-06-11 19:15:00+00:00,29376.557361054718,215.0,FULL_TP2,37.54,50.68,0.95,87.28,5856.27,2026-06-11 15:40:00+00:00,2026-06-11 19:15:00+00:00,2026-06,2026-06-11
148,XAUUSD,SELL,2026-06-11 16:50:00+00:00,4079.63,4114.725458067671,4030.496358705261,4005.9295380578915,4114.725458067671,35.0954580676708,49.133641294739114,73.70046194210867,0.01,0.01,0.0,False,False,False,5617.36,2026-06-11 17:30:00+00:00,4114.725458067671,40.0,SL,0.0,0.0,0.05,-50.05,5567.31,2026-06-11 16:50:00+00:00,2026-06-11 17:30:00+00:00,2026-06,2026-06-11
149,XAUUSD,BUY,2026-06-12 07:55:00+00:00,4194.33,4157.731628699664,4245.56771982047,4271.186579730706,4157.731628699664,36.598371300336225,51.237719820470716,76.85657973070607,0.01,0.01,0.0,False,False,False,5567.31,2026-06-14 22:00:00+00:00,4271.186579730706,3725.0,FULL_TP2,51.24,0.0,0.05,51.19,5618.49,2026-06-12 07:55:00+00:00,2026-06-14 22:00:00+00:00,2026-06,2026-06-14
140,NAS100,BUY,2026-06-12 14:15:00+00:00,29604.1,29351.431940942955,29957.83528267986,30134.702924019788,29604.1,252.6680590570432,353.73528267986046,530.6029240197907,0.2,0.1,0.1,True,False,False,5856.27,2026-06-14 22:05:00+00:00,30107.9,3350.0,EOD_EXIT,35.37,50.38,1.0,84.75,5941.03,2026-06-12 14:15:00+00:00,2026-06-14 22:05:00+00:00,2026-06,2026-06-14
150,XAUUSD,BUY,2026-06-15 07:25:00+00:00,4316.66,4285.83916714314,4359.809165999604,4381.383748999407,4316.66,30.82083285686018,43.14916599960425,64.72374899940638,0.02,0.01,0.01,True,False,False,5618.49,2026-06-15 19:50:00+00:00,4316.66,745.0,TP1_THEN_BE,43.15,0.0,0.1,43.05,5661.54,2026-06-15 07:25:00+00:00,2026-06-15 19:50:00+00:00,2026-06,2026-06-15
141,NAS100,BUY,2026-06-15 11:00:00+00:00,30319.2,30152.877553081216,30552.0514256863,30668.477138529444,30319.2,166.3224469187832,232.8514256862965,349.27713852944476,0.3,0.15,0.15,True,False,False,5941.03,2026-06-15 22:00:00+00:00,30588.2,660.0,EOD_EXIT,34.93,40.35,1.5,73.78,6014.8,2026-06-15 11:00:00+00:00,2026-06-15 22:00:00+00:00,2026-06,2026-06-15
142,NAS100,BUY,2026-06-16 06:10:00+00:00,30567.2,30450.389654346756,30730.73448391454,30812.50172587181,30450.389654346756,116.81034565324344,163.5344839145408,245.30172587181124,0.43,0.21,0.22,False,False,False,6014.8,2026-06-16 14:20:00+00:00,30450.389654346756,490.0,SL,0.0,0.0,2.15,-52.15,5962.65,2026-06-16 06:10:00+00:00,2026-06-16 14:20:00+00:00,2026-06,2026-06-16
151,XAUUSD,BUY,2026-06-16 07:00:00+00:00,4326.79,4305.894955566053,4356.043062207526,4370.66959331129,4305.894955566053,20.895044433947362,29.253062207526305,43.87959331128946,0.02,0.01,0.01,False,False,False,5661.54,2026-06-16 22:00:00+00:00,4331.71,900.0,EOD_EXIT,4.92,4.92,0.1,9.74,5671.28,2026-06-16 07:00:00+00:00,2026-06-16 22:00:00+00:00,2026-06,2026-06-16
143,NAS100,SELL,2026-06-17 14:35:00+00:00,30168.8,30299.74497625612,29985.477033241434,29893.81554986215,30168.8,130.94497625611928,183.32296675856696,274.9844501378505,0.38,0.19,0.19,True,False,False,5962.65,2026-06-17 18:05:00+00:00,29893.81554986215,210.0,FULL_TP2,34.83,52.25,1.9,85.18,6047.83,2026-06-17 14:35:00+00:00,2026-06-17 18:05:00+00:00,2026-06,2026-06-17
144,NAS100,SELL,2026-06-17 18:55:00+00:00,30019.9,30166.527986434066,29814.620818992313,29711.981228488465,30019.9,146.6279864340646,205.27918100769045,307.9187715115357,0.34,0.17,0.17,True,False,False,6047.83,2026-06-17 19:35:00+00:00,29711.981228488465,40.0,FULL_TP2,34.9,52.35,1.7,85.54,6133.38,2026-06-17 18:55:00+00:00,2026-06-17 19:35:00+00:00,2026-06,2026-06-17
145,NAS100,BUY,2026-06-18 12:20:00+00:00,30211.4,30054.376820171896,30431.232451759348,30541.148677639023,30211.4,157.02317982810527,219.83245175934738,329.7486776390211,0.32,0.16,0.16,True,False,False,6133.38,2026-06-18 22:00:00+00:00,30487.0,580.0,EOD_EXIT,35.17,44.1,1.6,77.67,6211.04,2026-06-18 12:20:00+00:00,2026-06-18 22:00:00+00:00,2026-06,2026-06-18
152,XAUUSD,SELL,2026-06-18 14:05:00+00:00,4243.49,4273.793208875899,4201.06550757374,4179.853261360611,4273.793208875899,30.303208875899262,42.424492426258965,63.636738639388454,0.02,0.01,0.01,False,False,False,5671.28,2026-06-18 22:00:00+00:00,4205.06,475.0,EOD_EXIT,38.43,38.43,0.1,76.76,5748.04,2026-06-18 14:05:00+00:00,2026-06-18 22:00:00+00:00,2026-06,2026-06-18
153,XAUUSD,SELL,2026-06-19 06:35:00+00:00,4133.67,4160.411442974652,4096.231979835487,4077.512969753231,4160.411442974652,26.741442974651935,37.43802016451271,56.15703024676907,0.02,0.01,0.01,False,False,False,5748.04,2026-06-19 07:55:00+00:00,4160.411442974652,80.0,SL,0.0,0.0,0.1,-50.1,5697.94,2026-06-19 06:35:00+00:00,2026-06-19 07:55:00+00:00,2026-06,2026-06-19
154,XAUUSD,SELL,2026-06-19 10:00:00+00:00,4157.87,4183.424352113678,4122.093907040851,4104.205860561277,4183.424352113678,25.55435211367742,35.776092959148386,53.664139438722586,0.02,0.01,0.01,False,False,False,5697.94,2026-06-21 22:00:00+00:00,4156.35,3600.0,EOD_EXIT,1.52,1.52,0.1,2.94,5700.88,2026-06-19 10:00:00+00:00,2026-06-21 22:00:00+00:00,2026-06,2026-06-21
146,NAS100,BUY,2026-06-19 12:55:00+00:00,30403.6,30276.60139891426,30581.39804152003,30670.29706228005,30276.60139891426,126.99860108573817,177.79804152003342,266.69706228005015,0.39,0.2,0.19,False,False,False,6211.04,2026-06-21 22:00:00+00:00,30358.9,3425.0,EOD_EXIT,-8.94,-8.49,1.95,-19.38,6191.66,2026-06-19 12:55:00+00:00,2026-06-21 22:00:00+00:00,2026-06,2026-06-21
155,XAUUSD,BUY,2026-06-22 08:55:00+00:00,4197.31,4170.548734005541,4234.775772392244,4253.5086585883655,4170.548734005541,26.761265994459713,37.46577239224359,56.1986585883654,0.02,0.01,0.01,False,False,False,5700.88,2026-06-22 15:45:00+00:00,4170.548734005541,410.0,SL,0.0,0.0,0.1,-50.1,5650.78,2026-06-22 08:55:00+00:00,2026-06-22 15:45:00+00:00,2026-06,2026-06-22
156,XAUUSD,SELL,2026-06-23 12:00:00+00:00,4122.42,4147.262782678358,4087.6401042502985,4070.250156375447,4147.262782678358,24.842782678358457,34.779895749701836,52.16984362455276,0.02,0.01,0.01,False,False,False,5650.78,2026-06-23 22:00:00+00:00,4111.36,600.0,EOD_EXIT,11.06,11.06,0.1,22.02,5672.8,2026-06-23 12:00:00+00:00,2026-06-23 22:00:00+00:00,2026-06,2026-06-23
147,NAS100,SELL,2026-06-23 12:15:00+00:00,29565.1,29749.75939084062,29306.57685282313,29177.315279234695,29749.75939084062,184.6593908406208,258.5231471768691,387.7847207653037,0.27,0.14,0.13,False,False,False,6191.66,2026-06-23 14:00:00+00:00,29749.75939084062,105.0,SL,0.0,0.0,1.35,-51.35,6140.31,2026-06-23 12:15:00+00:00,2026-06-23 14:00:00+00:00,2026-06,2026-06-23
148,NAS100,SELL,2026-06-23 17:50:00+00:00,29518.4,29735.643179522274,29214.25954866882,29062.18932300323,29735.643179522274,217.2431795222724,304.14045133118134,456.21067699677207,0.23,0.12,0.11,False,False,False,6140.31,2026-06-23 22:00:00+00:00,29519.4,250.0,EOD_EXIT,-0.12,-0.11,1.15,-1.38,6138.93,2026-06-23 17:50:00+00:00,2026-06-23 22:00:00+00:00,2026-06,2026-06-23
157,XAUUSD,SELL,2026-06-24 07:50:00+00:00,4078.77,4106.12453699702,4040.473648204172,4021.325472306258,4078.77,27.354536997020034,38.296351795828045,57.444527693742074,0.02,0.01,0.01,True,False,False,5672.8,2026-06-24 12:25:00+00:00,4021.325472306258,275.0,FULL_TP2,38.3,57.44,0.1,95.64,5768.44,2026-06-24 07:50:00+00:00,2026-06-24 12:25:00+00:00,2026-06,2026-06-24
149,NAS100,SELL,2026-06-24 11:05:00+00:00,29539.3,29721.992845758785,29283.530015937697,29155.645023906545,29539.3,182.6928457587871,255.76998406230192,383.6549760934529,0.27,0.14,0.13,True,False,False,6138.93,2026-06-24 17:30:00+00:00,29155.645023906545,385.0,FULL_TP2,35.81,49.88,1.35,84.33,6223.26,2026-06-24 11:05:00+00:00,2026-06-24 17:30:00+00:00,2026-06,2026-06-24
158,XAUUSD,SELL,2026-06-24 14:55:00+00:00,4007.93,4042.3429165114617,3959.7519168839535,3935.66287532593,4007.93,34.41291651146176,48.17808311604646,72.26712467406969,0.01,0.01,0.0,True,False,False,5768.44,2026-06-24 22:00:00+00:00,4007.93,425.0,TP1_THEN_BE,48.18,0.0,0.05,48.13,5816.57,2026-06-24 14:55:00+00:00,2026-06-24 22:00:00+00:00,2026-06,2026-06-24
150,NAS100,BUY,2026-06-25 10:10:00+00:00,29926.2,29732.44079003979,30197.4628939443,30333.09434091645,29732.44079003979,193.75920996021327,271.2628939442986,406.8943409164479,0.26,0.13,0.13,False,False,False,6223.26,2026-06-25 13:40:00+00:00,29732.44079003979,210.0,SL,0.0,0.0,1.3,-51.3,6171.96,2026-06-25 10:10:00+00:00,2026-06-25 13:40:00+00:00,2026-06,2026-06-25
151,NAS100,SELL,2026-06-25 16:50:00+00:00,29456.0,29754.35213740247,29038.30700763654,28829.46051145481,29754.35213740247,298.3521374024704,417.6929923634586,626.5394885451879,0.17,0.09,0.08,False,False,False,6171.96,2026-06-25 22:00:00+00:00,29470.2,310.0,EOD_EXIT,-1.28,-1.14,0.85,-3.26,6168.7,2026-06-25 16:50:00+00:00,2026-06-25 22:00:00+00:00,2026-06,2026-06-25
152,NAS100,SELL,2026-06-26 12:35:00+00:00,29113.1,29360.476797807398,28766.772483069642,28593.608724604463,29360.476797807398,247.37679780739776,346.32751693035686,519.4912753955354,0.2,0.1,0.1,False,False,False,6168.7,2026-06-26 14:10:00+00:00,29360.476797807398,95.0,SL,0.0,0.0,1.0,-51.0,6117.7,2026-06-26 12:35:00+00:00,2026-06-26 14:10:00+00:00,2026-06,2026-06-26
159,XAUUSD,BUY,2026-06-26 12:55:00+00:00,4058.93,4033.4320904375704,4094.6270733874007,4112.475610081102,4058.93,25.49790956242938,35.69707338740113,53.5456100811017,0.02,0.01,0.01,True,False,False,5816.57,2026-06-28 22:00:00+00:00,4075.69,3425.0,EOD_EXIT,35.7,16.76,0.1,52.36,5868.93,2026-06-26 12:55:00+00:00,2026-06-28 22:00:00+00:00,2026-06,2026-06-28
160,XAUUSD,SELL,2026-06-29 16:10:00+00:00,4023.63,4049.2844364348803,3987.713788991168,3969.755683486752,4049.2844364348803,25.654436434880157,35.91621100883222,53.87431651324833,0.02,0.01,0.01,False,False,False,5868.93,2026-06-29 22:00:00+00:00,4018.43,350.0,EOD_EXIT,5.2,5.2,0.1,10.3,5879.23,2026-06-29 16:10:00+00:00,2026-06-29 22:00:00+00:00,2026-06,2026-06-29
161,XAUUSD,BUY,2026-06-30 17:55:00+00:00,4030.73,4004.2547455665813,4067.7953562067864,4086.3280343101796,4004.2547455665813,26.47525443341887,37.06535620678641,55.59803431017963,0.02,0.01,0.01,False,False,False,5879.23,2026-06-30 22:00:00+00:00,4014.03,245.0,EOD_EXIT,-16.7,-16.7,0.1,-33.5,5845.73,2026-06-30 17:55:00+00:00,2026-06-30 22:00:00+00:00,2026-06,2026-06-30
153,NAS100,SELL,2026-07-01 14:30:00+00:00,30019.9,30155.354284611516,29830.264001543877,29735.446002315817,30019.9,135.45428461151596,189.63599845612234,284.45399768418355,0.37,0.18,0.19,True,False,False,6117.7,2026-07-01 22:00:00+00:00,29857.1,450.0,EOD_EXIT,34.13,30.93,1.85,63.22,6180.92,2026-07-01 14:30:00+00:00,2026-07-01 22:00:00+00:00,2026-07,2026-07-01
162,XAUUSD,BUY,2026-07-02 07:40:00+00:00,4074.41,4049.6342986485415,4109.095981892041,4126.438972838062,4049.6342986485415,24.775701351458114,34.685981892041355,52.02897283806204,0.02,0.01,0.01,False,False,False,5845.73,2026-07-02 12:30:00+00:00,4126.438972838062,290.0,FULL_TP2,34.69,52.03,0.1,86.61,5932.34,2026-07-02 07:40:00+00:00,2026-07-02 12:30:00+00:00,2026-07,2026-07-02
154,NAS100,SELL,2026-07-02 10:05:00+00:00,29725.7,29889.790776361308,29495.97291309417,29381.109369641257,29889.790776361308,164.0907763613066,229.72708690582922,344.5906303587439,0.3,0.15,0.15,False,False,False,6180.92,2026-07-02 12:05:00+00:00,29889.790776361308,120.0,SL,0.0,0.0,1.5,-51.5,6129.42,2026-07-02 10:05:00+00:00,2026-07-02 12:05:00+00:00,2026-07,2026-07-02
155,NAS100,SELL,2026-07-02 14:25:00+00:00,29720.0,29911.31930559286,29452.152972169995,29318.229458254995,29720.0,191.31930559285942,267.8470278300032,401.7705417450048,0.26,0.13,0.13,True,False,False,6129.42,2026-07-02 16:30:00+00:00,29318.229458254995,125.0,FULL_TP2,34.82,52.23,1.3,85.75,6215.17,2026-07-02 14:25:00+00:00,2026-07-02 16:30:00+00:00,2026-07,2026-07-02
163,XAUUSD,BUY,2026-07-02 18:20:00+00:00,4117.94,4088.8615520442468,4158.649827138054,4179.004740707081,4088.8615520442468,29.078447955753038,40.70982713805425,61.064740707081384,0.02,0.01,0.01,False,False,False,5932.34,2026-07-02 22:00:00+00:00,4125.52,220.0,EOD_EXIT,7.58,7.58,0.1,15.06,5947.4,2026-07-02 18:20:00+00:00,2026-07-02 22:00:00+00:00,2026-07,2026-07-02
156,NAS100,SELL,2026-07-02 19:00:00+00:00,29188.6,29437.04686922021,28840.774383091706,28666.86157463756,29437.04686922021,248.44686922020873,347.8256169082922,521.7384253624383,0.2,0.1,0.1,False,False,False,6215.17,2026-07-02 22:00:00+00:00,29366.6,180.0,EOD_EXIT,-17.8,-17.8,1.0,-36.6,6178.57,2026-07-02 19:00:00+00:00,2026-07-02 22:00:00+00:00,2026-07,2026-07-02
164,XAUUSD,BUY,2026-07-03 07:05:00+00:00,4180.27,4155.816204054607,4214.505314323552,4231.622971485327,4155.816204054607,24.453795945393548,34.235314323550966,51.35297148532645,0.02,0.01,0.01,False,False,False,5947.4,2026-07-03 14:05:00+00:00,4155.816204054607,420.0,SL,0.0,0.0,0.1,-50.1,5897.3,2026-07-03 07:05:00+00:00,2026-07-03 14:05:00+00:00,2026-07,2026-07-03
165,XAUUSD,BUY,2026-07-03 15:00:00+00:00,4171.64,4150.726455956815,4200.91896166046,4215.558442490689,4150.726455956815,20.91354404318514,29.278961660459196,43.9184424906888,0.02,0.01,0.01,False,False,False,5897.3,2026-07-05 22:00:00+00:00,4180.18,3300.0,EOD_EXIT,8.54,8.54,0.1,16.98,5914.28,2026-07-03 15:00:00+00:00,2026-07-05 22:00:00+00:00,2026-07,2026-07-05
157,NAS100,BUY,2026-07-03 16:40:00+00:00,29711.4,29586.782077796433,29885.865091084997,29973.097636627495,29586.782077796433,124.61792220356871,174.46509108499617,261.6976366274943,0.4,0.2,0.2,False,False,False,6178.57,2026-07-05 22:00:00+00:00,29685.2,3200.0,EOD_EXIT,-5.24,-5.24,2.0,-12.48,6166.09,2026-07-03 16:40:00+00:00,2026-07-05 22:00:00+00:00,2026-07,2026-07-05
166,XAUUSD,SELL,2026-07-06 08:30:00+00:00,4154.28,4176.225019316547,4123.556972956833,4108.195459435251,4176.225019316547,21.945019316547207,30.723027043166088,46.08454056474913,0.02,0.01,0.01,False,False,False,5914.28,2026-07-06 22:00:00+00:00,4164.46,810.0,EOD_EXIT,-10.18,-10.18,0.1,-20.46,5893.82,2026-07-06 08:30:00+00:00,2026-07-06 22:00:00+00:00,2026-07,2026-07-06
167,XAUUSD,SELL,2026-07-07 07:55:00+00:00,4124.68,4143.270084504771,4098.653881693322,4085.640822539982,4143.270084504771,18.590084504770633,26.026118306678885,39.03917746001833,0.03,0.01,0.02,False,False,False,5893.82,2026-07-07 11:20:00+00:00,4143.270084504771,205.0,SL,0.0,0.0,0.15,-50.15,5843.67,2026-07-07 07:55:00+00:00,2026-07-07 11:20:00+00:00,2026-07,2026-07-07
158,NAS100,SELL,2026-07-07 07:55:00+00:00,29446.2,29592.59921994456,29241.241092077616,29138.761638116423,29446.2,146.3992199445609,204.95890792238527,307.43836188357795,0.34,0.17,0.17,True,False,False,6166.09,2026-07-07 14:10:00+00:00,29138.761638116423,375.0,FULL_TP2,34.84,52.26,1.7,85.41,6251.49,2026-07-07 07:55:00+00:00,2026-07-07 14:10:00+00:00,2026-07,2026-07-07
168,XAUUSD,BUY,2026-07-07 17:35:00+00:00,4146.03,4125.2717626037565,4175.09153235474,4189.62229853211,4125.2717626037565,20.758237396243008,29.06153235474021,43.59229853211032,0.02,0.01,0.01,False,False,False,5843.67,2026-07-07 18:50:00+00:00,4125.2717626037565,75.0,SL,0.0,0.0,0.1,-50.1,5793.57,2026-07-07 17:35:00+00:00,2026-07-07 18:50:00+00:00,2026-07,2026-07-07
159,NAS100,SELL,2026-07-07 18:40:00+00:00,29272.1,29442.31424451254,29033.80005768244,28914.65008652366,29442.31424451254,170.2142445125419,238.29994231755865,357.44991347633805,0.29,0.14,0.15,False,False,False,6251.49,2026-07-07 22:00:00+00:00,29158.0,200.0,EOD_EXIT,15.97,17.11,1.45,31.64,6283.13,2026-07-07 18:40:00+00:00,2026-07-07 22:00:00+00:00,2026-07,2026-07-07
160,NAS100,SELL,2026-07-08 08:15:00+00:00,29064.9,29232.922174051757,28829.668956327543,28712.053434491314,29064.9,168.02217405175563,235.23104367245787,352.8465655086868,0.3,0.15,0.15,True,False,False,6283.13,2026-07-08 09:15:00+00:00,28712.053434491314,60.0,FULL_TP2,35.28,52.93,1.5,86.71,6369.85,2026-07-08 08:15:00+00:00,2026-07-08 09:15:00+00:00,2026-07,2026-07-08
161,NAS100,SELL,2026-07-08 11:00:00+00:00,28796.1,28994.961070113593,28517.694501840964,28378.49175276145,28994.961070113593,198.86107011359545,278.4054981590336,417.60824723855046,0.25,0.12,0.13,False,False,False,6369.85,2026-07-08 12:45:00+00:00,28994.961070113593,105.0,SL,0.0,0.0,1.25,-51.25,6318.6,2026-07-08 11:00:00+00:00,2026-07-08 12:45:00+00:00,2026-07,2026-07-08
169,XAUUSD,SELL,2026-07-08 14:05:00+00:00,4063.63,4090.6571945407245,4025.791927642986,4006.872891464479,4063.63,27.027194540724345,37.83807235701408,56.75710853552113,0.02,0.01,0.01,True,False,False,5793.57,2026-07-08 16:55:00+00:00,4063.63,170.0,TP1_THEN_BE,37.84,0.0,0.1,37.74,5831.31,2026-07-08 14:05:00+00:00,2026-07-08 16:55:00+00:00,2026-07,2026-07-08
162,NAS100,SELL,2026-07-08 14:55:00+00:00,29012.9,29226.700681865732,28713.579045387978,28563.918568081965,29226.700681865732,213.80068186573217,299.32095461202505,448.9814319180376,0.23,0.12,0.11,False,False,False,6318.6,2026-07-08 17:25:00+00:00,29226.700681865732,150.0,SL,0.0,0.0,1.15,-51.15,6267.45,2026-07-08 14:55:00+00:00,2026-07-08 17:25:00+00:00,2026-07,2026-07-08
163,NAS100,BUY,2026-07-09 11:35:00+00:00,29471.2,29302.510714346106,29707.364999915455,29825.447499873182,29471.2,168.68928565389538,236.1649999154535,354.24749987318035,0.3,0.15,0.15,True,False,False,6267.45,2026-07-09 14:20:00+00:00,29471.2,165.0,TP1_THEN_BE,35.42,0.0,1.5,33.92,6301.37,2026-07-09 11:35:00+00:00,2026-07-09 14:20:00+00:00,2026-07,2026-07-09
170,XAUUSD,BUY,2026-07-09 11:45:00+00:00,4106.16,4084.0012424031943,4137.182260635528,4152.693390953292,4106.16,22.158757596805792,31.022260635528106,46.53339095329216,0.02,0.01,0.01,True,False,False,5831.31,2026-07-09 22:00:00+00:00,4124.98,615.0,EOD_EXIT,31.02,18.82,0.1,49.74,5881.05,2026-07-09 11:45:00+00:00,2026-07-09 22:00:00+00:00,2026-07,2026-07-09
164,NAS100,BUY,2026-07-09 15:00:00+00:00,29626.1,29425.66415744583,29906.71017957583,30047.01526936375,29425.66415744583,200.43584255416715,280.61017957583397,420.91526936375107,0.25,0.12,0.13,False,False,False,6301.37,2026-07-09 22:00:00+00:00,29749.5,420.0,EOD_EXIT,14.81,16.04,1.25,29.6,6330.97,2026-07-09 15:00:00+00:00,2026-07-09 22:00:00+00:00,2026-07,2026-07-09
171,XAUUSD,SELL,2026-07-10 11:25:00+00:00,4100.15,4116.7289430679,4076.9394797049385,4065.334219557408,4116.7289430679,16.57894306790092,23.210520295061286,34.81578044259193,0.03,0.01,0.02,False,False,False,5881.05,2026-07-10 12:10:00+00:00,4116.7289430679,45.0,SL,0.0,0.0,0.15,-50.15,5830.9,2026-07-10 11:25:00+00:00,2026-07-10 12:10:00+00:00,2026-07,2026-07-10
172,XAUUSD,SELL,2026-07-10 12:35:00+00:00,4101.14,4117.6629471344795,4078.007874011729,4066.4418110175934,4101.14,16.522947134479395,23.132125988271152,34.698188982406734,0.03,0.01,0.02,True,False,False,5830.9,2026-07-10 14:40:00+00:00,4101.14,125.0,TP1_THEN_BE,23.13,0.0,0.15,22.98,5853.89,2026-07-10 12:35:00+00:00,2026-07-10 14:40:00+00:00,2026-07,2026-07-10
173,XAUUSD,SELL,2026-07-10 14:55:00+00:00,4092.73,4110.650388090444,4067.641456673379,4055.0971850100677,4110.650388090444,17.920388090443886,25.08854332662144,37.632814989932164,0.03,0.01,0.02,False,False,False,5853.89,2026-07-10 15:45:00+00:00,4110.650388090444,50.0,SL,0.0,0.0,0.15,-50.15,5803.74,2026-07-10 14:55:00+00:00,2026-07-10 15:45:00+00:00,2026-07,2026-07-10
165,NAS100,BUY,2026-07-10 15:15:00+00:00,29737.4,29581.532335757525,29955.61472993947,30064.7220949092,29581.532335757525,155.8676642424764,218.21472993946693,327.3220949092004,0.32,0.16,0.16,False,False,False,6330.97,2026-07-12 22:00:00+00:00,29733.6,3285.0,EOD_EXIT,-0.61,-0.61,1.6,-2.82,6328.15,2026-07-10 15:15:00+00:00,2026-07-12 22:00:00+00:00,2026-07,2026-07-12
174,XAUUSD,SELL,2026-07-13 06:45:00+00:00,4056.4,4079.1765853002576,4024.51278057964,4008.56917086946,4079.1765853002576,22.7765853002573,31.887219420360218,47.83082913054033,0.02,0.01,0.01,False,False,False,5803.74,2026-07-13 08:20:00+00:00,4079.1765853002576,95.0,SL,0.0,0.0,0.1,-50.1,5753.64,2026-07-13 06:45:00+00:00,2026-07-13 08:20:00+00:00,2026-07,2026-07-13
166,NAS100,SELL,2026-07-13 12:00:00+00:00,29547.9,29680.74542619803,29361.91640332276,29268.924604984142,29547.9,132.84542619802883,185.98359667724034,278.97539501586056,0.38,0.19,0.19,True,False,False,6328.15,2026-07-13 15:00:00+00:00,29547.9,180.0,TP1_THEN_BE,35.34,0.0,1.9,33.44,6361.59,2026-07-13 12:00:00+00:00,2026-07-13 15:00:00+00:00,2026-07,2026-07-13
167,NAS100,SELL,2026-07-13 15:45:00+00:00,29455.3,29614.811290582024,29231.984193185166,29120.326289777753,29455.3,159.51129058202275,223.31580681483183,334.9737102222478,0.31,0.15,0.16,True,False,False,6361.59,2026-07-13 22:00:00+00:00,29267.8,375.0,EOD_EXIT,33.5,30.0,1.55,61.95,6423.54,2026-07-13 15:45:00+00:00,2026-07-13 22:00:00+00:00,2026-07,2026-07-13
175,XAUUSD,SELL,2026-07-13 19:35:00+00:00,3995.26,4020.1517444102965,3960.411557825585,3942.987336738378,4020.1517444102965,24.891744410296404,34.84844217441496,52.27266326162245,0.02,0.01,0.01,False,False,False,5753.64,2026-07-13 22:00:00+00:00,4001.43,145.0,EOD_EXIT,-6.17,-6.17,0.1,-12.44,5741.2,2026-07-13 19:35:00+00:00,2026-07-13 22:00:00+00:00,2026-07,2026-07-13
168,NAS100,BUY,2026-07-14 12:20:00+00:00,29472.5,29322.528886118518,29682.459559434075,29787.439339151115,29472.5,149.97111388148264,209.9595594340757,314.93933915111353,0.33,0.17,0.16,True,False,False,6423.54,2026-07-14 14:05:00+00:00,29472.5,105.0,TP1_THEN_BE,35.69,0.0,1.65,34.04,6457.58,2026-07-14 12:20:00+00:00,2026-07-14 14:05:00+00:00,2026-07,2026-07-14
169,NAS100,BUY,2026-07-14 14:40:00+00:00,29548.9,29373.546029357294,29794.395558899792,29917.143338349688,29373.546029357294,175.3539706427072,245.49555889979007,368.24333834968513,0.29,0.14,0.15,False,False,False,6457.58,2026-07-14 22:00:00+00:00,29610.4,440.0,EOD_EXIT,8.61,9.22,1.45,16.39,6473.97,2026-07-14 14:40:00+00:00,2026-07-14 22:00:00+00:00,2026-07,2026-07-14
176,XAUUSD,SELL,2026-07-15 07:20:00+00:00,4025.89,4045.6007855590624,3998.2949002173127,3984.497350325969,4045.6007855590624,19.710785559062398,27.595099782687356,41.392649674031034,0.03,0.01,0.02,False,False,False,5741.2,2026-07-15 12:30:00+00:00,4045.6007855590624,310.0,SL,0.0,0.0,0.15,-50.15,5691.05,2026-07-15 07:20:00+00:00,2026-07-15 12:30:00+00:00,2026-07,2026-07-15
170,NAS100,BUY,2026-07-15 12:40:00+00:00,29774.5,29650.082260260595,29948.68483563517,30035.77725345275,29650.082260260595,124.41773973940566,174.18483563516793,261.2772534527519,0.4,0.2,0.2,False,False,False,6473.97,2026-07-15 13:45:00+00:00,29650.082260260595,65.0,SL,0.0,0.0,2.0,-52.0,6421.97,2026-07-15 12:40:00+00:00,2026-07-15 13:45:00+00:00,2026-07,2026-07-15
177,XAUUSD,BUY,2026-07-15 17:30:00+00:00,4054.81,4033.0887054470604,4085.219812374115,4100.424718561173,4033.0887054470604,21.72129455293939,30.409812374115145,45.61471856117272,0.02,0.01,0.01,False,False,False,5691.05,2026-07-15 22:00:00+00:00,4061.03,270.0,EOD_EXIT,6.22,6.22,0.1,12.34,5703.39,2026-07-15 17:30:00+00:00,2026-07-15 22:00:00+00:00,2026-07,2026-07-15
171,NAS100,SELL,2026-07-15 19:15:00+00:00,29441.4,29628.594710933237,29179.327404693468,29048.291107040204,29628.594710933237,187.19471093323745,262.07259530653243,393.10889295979865,0.27,0.14,0.13,False,False,False,6421.97,2026-07-15 22:00:00+00:00,29560.9,165.0,EOD_EXIT,-16.73,-15.54,1.35,-33.62,6388.35,2026-07-15 19:15:00+00:00,2026-07-15 22:00:00+00:00,2026-07,2026-07-15
178,XAUUSD,SELL,2026-07-16 08:10:00+00:00,4025.77,4044.045330838082,4000.1845368266854,3987.391805240028,4025.77,18.27533083808184,25.585463173314572,38.37819475997186,0.03,0.01,0.02,True,False,False,5703.39,2026-07-16 13:00:00+00:00,3987.391805240028,290.0,FULL_TP2,25.59,76.76,0.15,102.19,5805.58,2026-07-16 08:10:00+00:00,2026-07-16 13:00:00+00:00,2026-07,2026-07-16
172,NAS100,SELL,2026-07-16 15:05:00+00:00,29218.8,29397.933650655887,28968.012889081758,28842.619333622635,29218.8,179.13365065588707,250.78711091824186,376.18066637736285,0.28,0.14,0.14,True,False,False,6388.35,2026-07-16 22:00:00+00:00,29045.1,415.0,EOD_EXIT,35.11,24.32,1.4,58.03,6446.38,2026-07-16 15:05:00+00:00,2026-07-16 22:00:00+00:00,2026-07,2026-07-16
179,XAUUSD,SELL,2026-07-16 16:10:00+00:00,3989.74,4013.7227285718445,3956.1641799994172,3939.3762699991257,4013.7227285718445,23.98272857184481,33.57582000058273,50.3637300008741,0.02,0.01,0.01,False,False,False,5805.58,2026-07-16 22:00:00+00:00,3978.86,350.0,EOD_EXIT,10.88,10.88,0.1,21.66,5827.24,2026-07-16 16:10:00+00:00,2026-07-16 22:00:00+00:00,2026-07,2026-07-16
173,NAS100,SELL,2026-07-17 12:00:00+00:00,28535.2,28700.456716670687,28303.84059666104,28188.160894991557,28535.2,165.25671667068684,231.35940333896156,347.0391050084424,0.3,0.15,0.15,True,False,False,6446.38,2026-07-17 14:00:00+00:00,28535.2,120.0,TP1_THEN_BE,34.7,0.0,1.5,33.2,6479.58,2026-07-17 12:00:00+00:00,2026-07-17 14:00:00+00:00,2026-07,2026-07-17
174,NAS100,BUY,2026-07-20 15:40:00+00:00,28873.1,28690.582171216876,29128.624960296373,29256.387440444556,28690.582171216876,182.5178287831234,255.52496029637274,383.2874404445592,0.27,0.14,0.13,False,False,False,6479.58,2026-07-20 19:00:00+00:00,28690.582171216876,200.0,SL,0.0,0.0,1.35,-51.35,6428.23,2026-07-20 15:40:00+00:00,2026-07-20 19:00:00+00:00,2026-07,2026-07-20
175,NAS100,BUY,2026-07-21 08:00:00+00:00,28982.3,28827.67594302603,29198.77367976355,29307.010519645326,28982.3,154.6240569739658,216.4736797635521,324.7105196453282,0.32,0.16,0.16,True,False,False,6428.23,2026-07-21 22:00:00+00:00,29145.2,840.0,EOD_EXIT,34.64,26.06,1.6,59.1,6487.33,2026-07-21 08:00:00+00:00,2026-07-21 22:00:00+00:00,2026-07,2026-07-21
180,XAUUSD,BUY,2026-07-21 10:15:00+00:00,4067.37,4048.1793964204917,4094.2368450113113,4107.670267516967,4048.1793964204917,19.19060357950814,26.866845011311394,40.30026751696709,0.03,0.01,0.02,False,False,False,5827.24,2026-07-21 13:30:00+00:00,4048.1793964204917,195.0,SL,0.0,0.0,0.15,-50.15,5777.09,2026-07-21 10:15:00+00:00,2026-07-21 13:30:00+00:00,2026-07,2026-07-21
181,XAUUSD,BUY,2026-07-21 14:10:00+00:00,4065.83,4047.2265488901935,4091.874831553729,4104.897247330594,4047.2265488901935,18.60345110980663,26.04483155372928,39.06724733059393,0.03,0.01,0.02,False,False,False,5777.09,2026-07-21 22:00:00+00:00,4078.59,470.0,EOD_EXIT,12.76,25.52,0.15,38.13,5815.22,2026-07-21 14:10:00+00:00,2026-07-21 22:00:00+00:00,2026-07,2026-07-21
182,XAUUSD,BUY,2026-07-22 10:20:00+00:00,4121.41,4103.92117100795,4145.89436058887,4158.136540883305,4121.41,17.48882899205004,24.484360588870054,36.726540883305084,0.03,0.01,0.02,True,False,False,5815.22,2026-07-22 14:00:00+00:00,4158.136540883305,220.0,FULL_TP2,24.48,73.45,0.15,97.79,5913.01,2026-07-22 10:20:00+00:00,2026-07-22 14:00:00+00:00,2026-07,2026-07-22
176,NAS100,SELL,2026-07-22 11:20:00+00:00,28973.5,29085.176491626502,28817.152911722897,28738.979367584343,28973.5,111.67649162650352,156.34708827710492,234.5206324156574,0.45,0.23,0.22,True,False,False,6487.33,2026-07-22 13:30:00+00:00,28973.5,130.0,TP1_THEN_BE,35.96,0.0,2.25,33.71,6521.04,2026-07-22 11:20:00+00:00,2026-07-22 13:30:00+00:00,2026-07,2026-07-22
177,NAS100,SELL,2026-07-23 10:05:00+00:00,28904.7,29054.525673193017,28694.944057529778,28590.066086294668,28904.7,149.82567319301637,209.75594247022292,314.6339137053344,0.33,0.17,0.16,True,False,False,6521.04,2026-07-23 13:05:00+00:00,28590.066086294668,180.0,FULL_TP2,35.66,50.34,1.65,84.35,6605.39,2026-07-23 10:05:00+00:00,2026-07-23 13:05:00+00:00,2026-07,2026-07-23
178,NAS100,SELL,2026-07-23 17:35:00+00:00,28446.1,28639.37644901215,28175.512971382985,28040.219457074476,28639.37644901215,193.27644901215342,270.58702861701477,405.8805429255222,0.26,0.13,0.13,False,False,False,6605.39,2026-07-23 22:00:00+00:00,28517.3,265.0,EOD_EXIT,-9.26,-9.26,1.3,-19.81,6585.58,2026-07-23 17:35:00+00:00,2026-07-23 22:00:00+00:00,2026-07,2026-07-23
179,NAS100,SELL,2026-07-24 06:05:00+00:00,28375.0,28537.469086704274,28147.543278614015,28033.814917921027,28537.469086704274,162.4690867042735,227.4567213859829,341.1850820789744,0.31,0.15,0.16,False,False,False,6585.58,2026-07-24 09:05:00+00:00,28537.469086704274,180.0,SL,0.0,0.0,1.55,-51.55,6534.03,2026-07-24 06:05:00+00:00,2026-07-24 09:05:00+00:00,2026-07,2026-07-24
180,NAS100,SELL,2026-07-24 17:00:00+00:00,28336.3,28528.85341612008,28066.725217431886,27931.93782614783,28528.85341612008,192.55341612008036,269.5747825681125,404.3621738521688,0.26,0.13,0.13,False,False,False,6534.03,2026-07-26 22:00:00+00:00,28528.85341612008,3180.0,SL,0.0,0.0,1.3,-51.3,6482.73,2026-07-24 17:00:00+00:00,2026-07-26 22:00:00+00:00,2026-07,2026-07-26
181,NAS100,BUY,2026-07-27 08:25:00+00:00,28587.1,28423.51134725032,28816.124113849546,28930.63617077432,28423.51134725032,163.58865274967758,229.0241138495486,343.53617077432295,0.31,0.15,0.16,False,False,False,6482.73,2026-07-27 13:30:00+00:00,28423.51134725032,305.0,SL,0.0,0.0,1.55,-51.55,6431.18,2026-07-27 08:25:00+00:00,2026-07-27 13:30:00+00:00,2026-07,2026-07-27
183,XAUUSD,BUY,2026-07-27 10:35:00+00:00,4097.98,4080.394634821275,4122.599511250214,4134.909266875322,4080.394634821275,17.585365178724878,24.619511250214828,36.92926687532225,0.03,0.01,0.02,False,False,False,5913.01,2026-07-27 13:25:00+00:00,4080.394634821275,170.0,SL,0.0,0.0,0.15,-50.15,5862.86,2026-07-27 10:35:00+00:00,2026-07-27 13:25:00+00:00,2026-07,2026-07-27
182,NAS100,SELL,2026-07-27 18:30:00+00:00,27907.9,28113.724807582807,27619.745269384075,27475.667904076116,28113.724807582807,205.8248075828035,288.15473061592485,432.23209592388736,0.24,0.12,0.12,False,False,False,6431.18,2026-07-27 19:30:00+00:00,28113.724807582807,60.0,SL,0.0,0.0,1.2,-51.2,6379.98,2026-07-27 18:30:00+00:00,2026-07-27 19:30:00+00:00,2026-07,2026-07-27
184,XAUUSD,SELL,2026-07-27 20:25:00+00:00,4078.67,4096.004154263074,4054.402184031696,4042.268276047544,4096.004154263074,17.33415426307425,24.26781596830395,36.401723952455924,0.03,0.01,0.02,False,False,False,5862.86,2026-07-27 22:00:00+00:00,4080.5,95.0,EOD_EXIT,-1.83,-3.66,0.15,-5.64,5857.22,2026-07-27 20:25:00+00:00,2026-07-27 22:00:00+00:00,2026-07,2026-07-27
183,NAS100,SELL,2026-07-28 08:05:00+00:00,27767.0,27937.316450573464,27528.556969197147,27409.33545379572,27767.0,170.31645057346572,238.44303080285198,357.664546204278,0.29,0.14,0.15,True,False,False,6379.98,2026-07-28 15:15:00+00:00,27767.0,430.0,TP1_THEN_BE,33.38,0.0,1.45,31.93,6411.91,2026-07-28 08:05:00+00:00,2026-07-28 15:15:00+00:00,2026-07,2026-07-28
185,XAUUSD,SELL,2026-07-28 08:10:00+00:00,4044.36,4059.408368140198,4023.2922846037227,4012.758426905584,4044.36,15.048368140198125,21.067715396277375,31.601573094416064,0.03,0.01,0.02,True,False,False,5857.22,2026-07-28 14:20:00+00:00,4012.758426905584,370.0,FULL_TP2,21.07,63.2,0.15,84.12,5941.34,2026-07-28 08:10:00+00:00,2026-07-28 14:20:00+00:00,2026-07,2026-07-28
186,XAUUSD,SELL,2026-07-28 17:15:00+00:00,4035.4,4053.683225341492,4009.8034845219117,3997.005226782868,4053.683225341492,18.283225341491594,25.59651547808823,38.39477321713235,0.03,0.01,0.02,False,False,False,5941.34,2026-07-28 22:00:00+00:00,4026.36,285.0,EOD_EXIT,9.04,18.08,0.15,26.97,5968.31,2026-07-28 17:15:00+00:00,2026-07-28 22:00:00+00:00,2026-07,2026-07-28
184,NAS100,SELL,2026-07-28 19:55:00+00:00,27791.1,27998.886300705166,27500.199179012765,27354.74876851915,27998.886300705166,207.78630070516562,290.90082098723184,436.3512314808478,0.24,0.12,0.12,False,False,False,6411.91,2026-07-28 22:00:00+00:00,27867.6,125.0,EOD_EXIT,-9.18,-9.18,1.2,-19.56,6392.35,2026-07-28 19:55:00+00:00,2026-07-28 22:00:00+00:00,2026-07,2026-07-28
185,NAS100,SELL,2026-07-29 08:20:00+00:00,27704.5,27928.482202813015,27390.924916061776,27234.137374092665,27928.482202813015,223.9822028130163,313.5750839382228,470.36262590733423,0.22,0.11,0.11,False,False,False,6392.35,2026-07-29 09:50:00+00:00,27928.482202813015,90.0,SL,0.0,0.0,1.1,-51.1,6341.25,2026-07-29 08:20:00+00:00,2026-07-29 09:50:00+00:00,2026-07,2026-07-29
186,NAS100,SELL,2026-07-29 19:30:00+00:00,27481.6,27747.94630279569,27108.71517608603,26922.272764129044,27481.6,266.34630279569313,372.88482391397037,559.3272358709556,0.19,0.1,0.09,True,False,False,6341.25,2026-07-29 22:00:00+00:00,27230.6,150.0,EOD_EXIT,37.29,22.59,0.95,58.93,6400.18,2026-07-29 19:30:00+00:00,2026-07-29 22:00:00+00:00,2026-07,2026-07-29
187,XAUUSD,BUY,2026-07-30 12:35:00+00:00,4077.93,4051.550111133091,4114.861844413673,4133.327766620509,4077.93,26.379888866909102,36.93184441367274,55.39776662050912,0.02,0.01,0.01,True,False,False,5968.31,2026-07-30 22:00:00+00:00,4103.28,565.0,EOD_EXIT,36.93,25.35,0.1,62.18,6030.49,2026-07-30 12:35:00+00:00,2026-07-30 22:00:00+00:00,2026-07,2026-07-30
187,NAS100,BUY,2026-07-31 07:35:00+00:00,28438.3,28247.924034956643,28704.8263510607,28838.08952659105,28247.924034956643,190.37596504335835,266.5263510607017,399.78952659105255,0.26,0.13,0.13,False,False,False,6400.18,2026-07-31 13:45:00+00:00,28247.924034956643,370.0,SL,0.0,0.0,1.3,-51.3,6348.88,2026-07-31 07:35:00+00:00,2026-07-31 13:45:00+00:00,2026-07,2026-07-31
188,XAUUSD,SELL,2026-07-31 11:35:00+00:00,4053.15,4072.827305738437,4025.601771966188,4011.827657949282,4053.15,19.67730573843717,27.548228033812038,41.322342050718056,0.03,0.01,0.02,True,False,False,6030.49,2026-07-31 17:25:00+00:00,4053.15,350.0,TP1_THEN_BE,27.55,0.0,0.15,27.4,6057.89,2026-07-31 11:35:00+00:00,2026-07-31 17:25:00+00:00,2026-07,2026-07-31
189,XAUUSD,SELL,2026-07-31 20:05:00+00:00,4047.04,4066.4768233897407,4019.8284472543633,4006.2226708815447,4066.4768233897407,19.43682338974063,27.211552745636883,40.817329118455326,0.03,0.01,0.02,False,False,False,6057.89,2026-08-02 22:00:00+00:00,4066.4768233897407,2995.0,SL,0.0,0.0,0.15,-50.15,6007.74,2026-07-31 20:05:00+00:00,2026-08-02 22:00:00+00:00,2026-07,2026-08-02
190,XAUUSD,SELL,2026-08-03 17:05:00+00:00,4034.8,4054.513036821655,4007.2017484496832,3993.402622674525,4054.513036821655,19.71303682165494,27.598251550316913,41.397377325475375,0.03,0.01,0.02,False,False,False,6007.74,2026-08-03 19:30:00+00:00,4054.513036821655,145.0,SL,0.0,0.0,0.15,-50.15,5957.59,2026-08-03 17:05:00+00:00,2026-08-03 19:30:00+00:00,2026-08,2026-08-03
188,NAS100,BUY,2026-08-03 20:10:00+00:00,28801.4,28631.153482712656,29039.745124202283,29158.917686303423,28631.153482712656,170.24651728734406,238.34512420228168,357.5176863034225,0.29,0.14,0.15,False,False,False,6348.88,2026-08-03 22:00:00+00:00,28821.2,110.0,EOD_EXIT,2.77,2.97,1.45,4.29,6353.17,2026-08-03 20:10:00+00:00,2026-08-03 22:00:00+00:00,2026-08,2026-08-03
191,XAUUSD,BUY,2026-08-04 15:40:00+00:00,4084.01,4062.8810373592196,4113.590547697093,4128.380821545639,4062.8810373592196,21.12896264078066,29.58054769709292,44.37082154563939,0.02,0.01,0.01,False,False,False,5957.59,2026-08-04 22:00:00+00:00,4078.32,380.0,EOD_EXIT,-5.69,-5.69,0.1,-11.48,5946.11,2026-08-04 15:40:00+00:00,2026-08-04 22:00:00+00:00,2026-08,2026-08-04
192,XAUUSD,BUY,2026-08-05 11:00:00+00:00,4163.97,4142.233331247209,4194.401336253908,4209.6170043808615,4163.97,21.736668752791065,30.43133625390749,45.64700438086124,0.02,0.01,0.01,True,False,False,5946.11,2026-08-05 12:20:00+00:00,4209.6170043808615,80.0,FULL_TP2,30.43,45.65,0.1,75.98,6022.08,2026-08-05 11:00:00+00:00,2026-08-05 12:20:00+00:00,2026-08,2026-08-05
189,NAS100,BUY,2026-08-05 11:00:00+00:00,29790.6,29664.998003360237,29966.442795295665,30054.3641929435,29664.998003360237,125.6019966397626,175.84279529566763,263.7641929435015,0.4,0.2,0.2,False,False,False,6353.17,2026-08-05 15:15:00+00:00,29664.998003360237,255.0,SL,0.0,0.0,2.0,-52.0,6301.17,2026-08-05 11:00:00+00:00,2026-08-05 15:15:00+00:00,2026-08,2026-08-05
193,XAUUSD,BUY,2026-08-05 16:35:00+00:00,4243.57,4215.388817034513,4283.023656151681,4302.750484227522,4215.388817034513,28.18118296548686,39.453656151681606,59.18048422752241,0.02,0.01,0.01,False,False,False,6022.08,2026-08-05 22:00:00+00:00,4249.1,325.0,EOD_EXIT,5.53,5.53,0.1,10.96,6033.04,2026-08-05 16:35:00+00:00,2026-08-05 22:00:00+00:00,2026-08,2026-08-05
190,NAS100,SELL,2026-08-06 06:00:00+00:00,29446.5,29583.854681008117,29254.20344658864,29158.05516988296,29446.5,137.3546810081157,192.29655341136197,288.444830117043,0.36,0.18,0.18,True,False,False,6301.17,2026-08-06 13:30:00+00:00,29158.05516988296,450.0,FULL_TP2,34.61,51.92,1.8,84.73,6385.91,2026-08-06 06:00:00+00:00,2026-08-06 13:30:00+00:00,2026-08,2026-08-06
191,NAS100,SELL,2026-08-06 15:55:00+00:00,29411.6,29573.841713653077,29184.46160088569,29070.892401328536,29573.841713653077,162.24171365307777,227.13839911430887,340.7075986714633,0.31,0.15,0.16,False,False,False,6385.91,2026-08-06 22:00:00+00:00,29417.7,365.0,EOD_EXIT,-0.92,-0.98,1.55,-3.44,6382.47,2026-08-06 15:55:00+00:00,2026-08-06 22:00:00+00:00,2026-08,2026-08-06
192,NAS100,BUY,2026-08-07 11:05:00+00:00,29537.0,29424.8535368902,29694.005048353716,29772.507572530576,29537.0,112.14646310979737,157.0050483537163,235.5075725305745,0.45,0.23,0.22,True,False,False,6382.47,2026-08-07 14:00:00+00:00,29537.0,175.0,TP1_THEN_BE,36.11,0.0,2.25,33.86,6416.33,2026-08-07 11:05:00+00:00,2026-08-07 14:00:00+00:00,2026-08,2026-08-07
194,XAUUSD,BUY,2026-08-07 12:30:00+00:00,4359.81,4336.378015442288,4392.614778380797,4409.017167571196,4336.378015442288,23.431984557712127,32.804778380796975,49.20716757119547,0.02,0.01,0.01,False,False,False,6033.04,2026-08-07 14:00:00+00:00,4336.378015442288,90.0,SL,0.0,0.0,0.1,-50.1,5982.94,2026-08-07 12:30:00+00:00,2026-08-07 14:00:00+00:00,2026-08,2026-08-07
195,XAUUSD,BUY,2026-08-07 14:20:00+00:00,4351.25,4322.236401070136,4391.86903850181,4412.178557752714,4322.236401070136,29.01359892986403,40.61903850180964,60.92855775271447,0.02,0.01,0.01,False,False,False,5982.94,2026-08-09 22:00:00+00:00,4340.11,3340.0,EOD_EXIT,-11.14,-11.14,0.1,-22.38,5960.56,2026-08-07 14:20:00+00:00,2026-08-09 22:00:00+00:00,2026-08,2026-08-09
193,NAS100,BUY,2026-08-07 15:05:00+00:00,29654.5,29502.961907723893,29866.65332918655,29972.729993779823,29502.961907723893,151.53809227610702,212.15332918654983,318.2299937798248,0.33,0.17,0.16,False,False,False,6416.33,2026-08-09 22:00:00+00:00,29770.8,3295.0,EOD_EXIT,19.77,18.61,1.65,36.73,6453.06,2026-08-07 15:05:00+00:00,2026-08-09 22:00:00+00:00,2026-08,2026-08-09
194,NAS100,BUY,2026-08-10 07:15:00+00:00,29835.7,29718.70649745082,29999.49090356885,30081.386355353276,29718.70649745082,116.9935025491778,163.7909035688489,245.6863553532734,0.43,0.21,0.22,False,False,False,6453.06,2026-08-10 12:20:00+00:00,29718.70649745082,305.0,SL,0.0,0.0,2.15,-52.15,6400.91,2026-08-10 07:15:00+00:00,2026-08-10 12:20:00+00:00,2026-08,2026-08-10
195,NAS100,BUY,2026-08-10 14:05:00+00:00,29779.6,29664.413037077138,29940.861748092,30021.492622138005,29664.413037077138,115.18696292285942,161.2617480920032,241.8926221380048,0.43,0.21,0.22,False,False,False,6400.91,2026-08-10 15:25:00+00:00,29664.413037077138,80.0,SL,0.0,0.0,2.15,-52.15,6348.76,2026-08-10 14:05:00+00:00,2026-08-10 15:25:00+00:00,2026-08,2026-08-10
196,XAUUSD,BUY,2026-08-10 14:25:00+00:00,4345.39,4323.727815882834,4375.717057764033,4390.880586646049,4345.39,21.662184117166163,30.327057764032627,45.490586646048946,0.02,0.01,0.01,True,False,False,5960.56,2026-08-10 19:25:00+00:00,4390.880586646049,300.0,FULL_TP2,30.33,45.49,0.1,75.72,6036.28,2026-08-10 14:25:00+00:00,2026-08-10 19:25:00+00:00,2026-08,2026-08-10
197,XAUUSD,BUY,2026-08-11 14:50:00+00:00,4395.16,4371.93657003988,4427.672801944168,4443.929202916252,4371.93657003988,23.22342996011989,32.51280194416785,48.76920291625177,0.02,0.01,0.01,False,False,False,6036.28,2026-08-11 15:35:00+00:00,4371.93657003988,45.0,SL,0.0,0.0,0.1,-50.1,5986.18,2026-08-11 14:50:00+00:00,2026-08-11 15:35:00+00:00,2026-08,2026-08-11
198,XAUUSD,SELL,2026-08-11 20:15:00+00:00,4368.17,4390.461788919845,4336.961495512217,4321.357243268325,4390.461788919845,22.291788919845327,31.208504487783458,46.81275673167519,0.02,0.01,0.01,False,False,False,5986.18,2026-08-11 22:00:00+00:00,4372.45,105.0,EOD_EXIT,-4.28,-4.28,0.1,-8.66,5977.52,2026-08-11 20:15:00+00:00,2026-08-11 22:00:00+00:00,2026-08,2026-08-11
199,XAUUSD,BUY,2026-08-12 06:50:00+00:00,4401.2,4380.44057338255,4430.263197264429,4444.794795896645,4401.2,20.759426617449993,29.063197264429988,43.59479589664499,0.02,0.01,0.01,True,False,False,5977.52,2026-08-12 16:55:00+00:00,4401.2,605.0,TP1_THEN_BE,29.06,0.0,0.1,28.96,6006.49,2026-08-12 06:50:00+00:00,2026-08-12 16:55:00+00:00,2026-08,2026-08-12
196,NAS100,BUY,2026-08-12 14:20:00+00:00,29832.8,29735.956180869394,29968.381346782848,30036.17202017427,29735.956180869394,96.84381913060511,135.58134678284713,203.37202017427074,0.52,0.26,0.26,False,False,False,6348.76,2026-08-12 15:30:00+00:00,29735.956180869394,70.0,SL,0.0,0.0,2.6,-52.6,6296.16,2026-08-12 14:20:00+00:00,2026-08-12 15:30:00+00:00,2026-08,2026-08-12
197,NAS100,BUY,2026-08-12 16:35:00+00:00,29796.3,29695.323339627183,29937.667324521943,30008.350986782916,29695.323339627183,100.97666037281753,141.36732452194454,212.05098678291682,0.5,0.25,0.25,False,False,False,6296.16,2026-08-12 22:00:00+00:00,29723.2,325.0,EOD_EXIT,-18.27,-18.27,2.5,-39.05,6257.11,2026-08-12 16:35:00+00:00,2026-08-12 22:00:00+00:00,2026-08,2026-08-12
198,NAS100,BUY,2026-08-13 11:30:00+00:00,29785.0,29709.410012984226,29890.825981822083,29943.73897273312,29709.410012984226,75.58998701577275,105.82598182208184,158.73897273312278,0.66,0.33,0.33,False,False,False,6257.11,2026-08-13 13:35:00+00:00,29943.73897273312,125.0,FULL_TP2,34.92,52.38,3.3,84.01,6341.11,2026-08-13 11:30:00+00:00,2026-08-13 13:35:00+00:00,2026-08,2026-08-13
199,NAS100,BUY,2026-08-13 16:25:00+00:00,30099.6,29988.247046898152,30255.49413434258,30333.441201513873,29988.247046898152,111.35295310184566,155.8941343425839,233.8412015138759,0.45,0.23,0.22,False,False,False,6341.11,2026-08-13 22:00:00+00:00,30115.0,335.0,EOD_EXIT,3.54,3.39,2.25,4.68,6345.79,2026-08-13 16:25:00+00:00,2026-08-13 22:00:00+00:00,2026-08,2026-08-13
200,XAUUSD,SELL,2026-08-13 17:30:00+00:00,4361.07,4386.806466454073,4325.038946964296,4307.023420446445,4386.806466454073,25.73646645407387,36.031053035703415,54.04657955355513,0.02,0.01,0.01,False,False,False,6006.49,2026-08-13 22:00:00+00:00,4352.93,270.0,EOD_EXIT,8.14,8.14,0.1,16.18,6022.67,2026-08-13 17:30:00+00:00,2026-08-13 22:00:00+00:00,2026-08,2026-08-13
200,NAS100,BUY,2026-08-14 12:30:00+00:00,30187.0,30115.284036914723,30287.40234831939,30337.60352247908,30115.284036914723,71.71596308527636,100.40234831938689,150.60352247908037,0.7,0.35,0.35,False,False,False,6345.79,2026-08-14 13:35:00+00:00,30115.284036914723,65.0,SL,0.0,0.0,3.5,-53.5,6292.29,2026-08-14 12:30:00+00:00,2026-08-14 13:35:00+00:00,2026-08,2026-08-14
201,NAS100,BUY,2026-08-17 10:25:00+00:00,30260.5,30189.235241993774,30360.270661208717,30410.155991813073,30189.235241993774,71.26475800622542,99.77066120871558,149.6559918130734,0.7,0.35,0.35,False,False,False,6292.29,2026-08-17 12:00:00+00:00,30189.235241993774,95.0,SL,0.0,0.0,3.5,-53.5,6238.79,2026-08-17 10:25:00+00:00,2026-08-17 12:00:00+00:00,2026-08,2026-08-17
201,XAUUSD,BUY,2026-08-17 10:25:00+00:00,4405.1,4386.051344378729,4431.768117869781,4445.102176804671,4386.051344378729,19.048655621271866,26.668117869780612,40.00217680467092,0.03,0.01,0.02,False,False,False,6022.67,2026-08-17 12:25:00+00:00,4386.051344378729,120.0,SL,0.0,0.0,0.15,-50.15,5972.52,2026-08-17 10:25:00+00:00,2026-08-17 12:25:00+00:00,2026-08,2026-08-17
202,NAS100,BUY,2026-08-17 15:00:00+00:00,30193.4,30109.223597804477,30311.246963073736,30370.1704446106,30109.223597804477,84.17640219552389,117.84696307373343,176.77044461060018,0.59,0.29,0.3,False,False,False,6238.79,2026-08-17 16:40:00+00:00,30109.223597804477,100.0,SL,0.0,0.0,2.95,-52.95,6185.84,2026-08-17 15:00:00+00:00,2026-08-17 16:40:00+00:00,2026-08,2026-08-17
202,XAUUSD,BUY,2026-08-17 19:30:00+00:00,4416.31,4395.498243872086,4445.44645857908,4460.014687868619,4395.498243872086,20.811756127913892,29.136458579079445,43.704687868619175,0.02,0.01,0.01,False,False,False,5972.52,2026-08-17 22:00:00+00:00,4416.13,150.0,EOD_EXIT,-0.18,-0.18,0.1,-0.46,5972.06,2026-08-17 19:30:00+00:00,2026-08-17 22:00:00+00:00,2026-08,2026-08-17
203,NAS100,SELL,2026-08-18 07:20:00+00:00,29786.6,29885.135233333487,29648.650673333115,29579.676009999675,29786.6,98.53523333348731,137.94932666688223,206.92399000032336,0.51,0.26,0.25,True,False,False,6185.84,2026-08-18 13:30:00+00:00,29579.676009999675,370.0,FULL_TP2,35.87,51.73,2.55,85.05,6270.89,2026-08-18 07:20:00+00:00,2026-08-18 13:30:00+00:00,2026-08,2026-08-18
203,XAUUSD,SELL,2026-08-18 08:05:00+00:00,4390.81,4409.71005569829,4364.349922022396,4351.119883033593,4390.81,18.900055698288867,26.460077977604413,39.69011696640662,0.03,0.01,0.02,True,False,False,5972.06,2026-08-18 19:40:00+00:00,4351.119883033593,695.0,FULL_TP2,26.46,79.38,0.15,105.69,6077.75,2026-08-18 08:05:00+00:00,2026-08-18 19:40:00+00:00,2026-08,2026-08-18
204,NAS100,SELL,2026-08-18 17:20:00+00:00,29527.7,29648.738099249866,29358.246661050187,29273.519991575282,29648.738099249866,121.03809924986574,169.45333894981204,254.18000842471807,0.41,0.2,0.21,False,False,False,6270.89,2026-08-18 22:00:00+00:00,29498.8,280.0,EOD_EXIT,5.78,6.07,2.05,9.8,6280.69,2026-08-18 17:20:00+00:00,2026-08-18 22:00:00+00:00,2026-08,2026-08-18
204,XAUUSD,BUY,2026-08-19 18:50:00+00:00,4494.28,4467.6263562341155,4531.595101272238,4550.252651908358,4467.6263562341155,26.653643765884553,37.31510127223837,55.97265190835756,0.02,0.01,0.01,False,False,False,6077.75,2026-08-19 22:00:00+00:00,4521.26,190.0,EOD_EXIT,26.98,26.98,0.1,53.86,6131.61,2026-08-19 18:50:00+00:00,2026-08-19 22:00:00+00:00,2026-08,2026-08-19
205,NAS100,SELL,2026-08-19 19:45:00+00:00,29441.3,29595.204769752447,29225.833322346574,29118.09998351986,29595.204769752447,153.90476975244727,215.46667765342616,323.20001648013925,0.32,0.16,0.16,False,False,False,6280.69,2026-08-19 22:00:00+00:00,29534.5,135.0,EOD_EXIT,-14.91,-14.91,1.6,-31.42,6249.27,2026-08-19 19:45:00+00:00,2026-08-19 22:00:00+00:00,2026-08,2026-08-19
206,NAS100,BUY,2026-08-20 06:05:00+00:00,29585.9,29463.467587602434,29757.305377356595,29843.00806603489,29463.467587602434,122.43241239756594,171.4053773565923,257.1080660348885,0.41,0.2,0.21,False,False,False,6249.27,2026-08-20 08:10:00+00:00,29463.467587602434,125.0,SL,0.0,0.0,2.05,-52.05,6197.22,2026-08-20 06:05:00+00:00,2026-08-20 08:10:00+00:00,2026-08,2026-08-20
207,NAS100,SELL,2026-08-20 10:35:00+00:00,29455.9,29582.058592005596,29279.27797119217,29190.966956788252,29455.9,126.15859200559414,176.62202880783178,264.9330432117477,0.4,0.2,0.2,True,False,False,6197.22,2026-08-20 12:30:00+00:00,29190.966956788252,115.0,FULL_TP2,35.32,52.99,2.0,86.31,6283.53,2026-08-20 10:35:00+00:00,2026-08-20 12:30:00+00:00,2026-08,2026-08-20
208,NAS100,SELL,2026-08-20 14:15:00+00:00,29246.0,29392.43169789337,29040.99562294928,28938.49343442392,29392.43169789337,146.4316978933718,205.0043770507205,307.5065655760808,0.34,0.17,0.17,False,False,False,6283.53,2026-08-20 22:00:00+00:00,29210.1,465.0,EOD_EXIT,6.1,6.1,1.7,10.51,6294.03,2026-08-20 14:15:00+00:00,2026-08-20 22:00:00+00:00,2026-08,2026-08-20
205,XAUUSD,BUY,2026-08-20 17:30:00+00:00,4518.15,4491.740446379617,4555.123375068535,4573.610062602803,4491.740446379617,26.409553620382454,36.97337506853543,55.460062602803156,0.02,0.01,0.01,False,False,False,6131.61,2026-08-20 22:00:00+00:00,4519.63,270.0,EOD_EXIT,1.48,1.48,0.1,2.86,6134.47,2026-08-20 17:30:00+00:00,2026-08-20 22:00:00+00:00,2026-08,2026-08-20
206,XAUUSD,BUY,2026-08-21 14:00:00+00:00,4588.48,4562.182207789765,4625.296909094329,4643.705363641493,4588.48,26.29779221023497,36.816909094328956,55.22536364149344,0.02,0.01,0.01,True,False,False,6134.47,2026-08-23 22:00:00+00:00,4609.46,3360.0,EOD_EXIT,36.82,20.98,0.1,57.7,6192.16,2026-08-21 14:00:00+00:00,2026-08-23 22:00:00+00:00,2026-08,2026-08-23
209,NAS100,SELL,2026-08-21 20:10:00+00:00,29312.0,29430.77938016353,29145.708867771056,29062.563301656584,29430.77938016353,118.7793801635306,166.29113222894284,249.4366983434143,0.42,0.21,0.21,False,False,False,6294.03,2026-08-23 22:00:00+00:00,29261.6,2990.0,EOD_EXIT,10.58,10.58,2.1,19.07,6313.1,2026-08-21 20:10:00+00:00,2026-08-23 22:00:00+00:00,2026-08,2026-08-23
207,XAUUSD,BUY,2026-08-24 06:00:00+00:00,4644.88,4617.9637406890515,4682.562763035327,4701.404144552992,4617.9637406890515,26.916259310948384,37.68276303532773,56.52414455299161,0.02,0.01,0.01,False,False,False,6192.16,2026-08-24 22:00:00+00:00,4655.61,960.0,EOD_EXIT,10.73,10.73,0.1,21.36,6213.52,2026-08-24 06:00:00+00:00,2026-08-24 22:00:00+00:00,2026-08,2026-08-24
210,NAS100,SELL,2026-08-24 10:45:00+00:00,29137.4,29259.118742240928,28966.993760862704,28881.790641294054,29137.4,121.71874224092743,170.4062391372984,255.6093587059476,0.41,0.2,0.21,True,False,False,6313.1,2026-08-24 15:45:00+00:00,29137.4,300.0,TP1_THEN_BE,34.08,0.0,2.05,32.03,6345.13,2026-08-24 10:45:00+00:00,2026-08-24 15:45:00+00:00,2026-08,2026-08-24
211,NAS100,SELL,2026-08-24 17:30:00+00:00,29068.1,29218.617901638707,28857.37493770581,28752.01240655871,29218.617901638707,150.51790163870746,210.72506229419042,316.08759344128566,0.33,0.17,0.16,False,False,False,6345.13,2026-08-24 22:00:00+00:00,29068.4,270.0,EOD_EXIT,-0.05,-0.05,1.65,-1.75,6343.38,2026-08-24 17:30:00+00:00,2026-08-24 22:00:00+00:00,2026-08,2026-08-24
208,XAUUSD,SELL,2026-08-25 07:05:00+00:00,4641.08,4669.347466751842,4601.505546547421,4581.7183198211305,4669.347466751842,28.26746675184242,39.574453452579384,59.361680178869086,0.02,0.01,0.01,False,False,False,6213.52,2026-08-25 22:00:00+00:00,4661.34,895.0,EOD_EXIT,-20.26,-20.26,0.1,-40.62,6172.9,2026-08-25 07:05:00+00:00,2026-08-25 22:00:00+00:00,2026-08,2026-08-25
212,NAS100,BUY,2026-08-25 08:20:00+00:00,29258.1,29142.01914983165,29420.613190235686,29501.86978535353,29142.01914983165,116.08085016834828,162.51319023568757,243.7697853535314,0.43,0.21,0.22,False,False,False,6343.38,2026-08-25 14:30:00+00:00,29142.01914983165,370.0,SL,0.0,0.0,2.15,-52.15,6291.23,2026-08-25 08:20:00+00:00,2026-08-25 14:30:00+00:00,2026-08,2026-08-25
213,NAS100,BUY,2026-08-25 18:45:00+00:00,29211.8,29086.574701421607,29387.115418009747,29474.77312701462,29086.574701421607,125.22529857839184,175.31541800974858,262.9731270146229,0.4,0.2,0.2,False,False,False,6291.23,2026-08-25 22:00:00+00:00,29247.5,195.0,EOD_EXIT,7.14,7.14,2.0,12.28,6303.51,2026-08-25 18:45:00+00:00,2026-08-25 22:00:00+00:00,2026-08,2026-08-25
214,NAS100,SELL,2026-08-26 10:10:00+00:00,29143.4,29246.75087379843,28998.7087766822,28926.3631650233,29246.75087379843,103.35087379842868,144.69122331780014,217.03683497670025,0.48,0.24,0.24,False,False,False,6303.51,2026-08-26 13:40:00+00:00,29246.75087379843,210.0,SL,0.0,0.0,2.4,-52.4,6251.11,2026-08-26 10:10:00+00:00,2026-08-26 13:40:00+00:00,2026-08,2026-08-26
209,XAUUSD,SELL,2026-08-26 12:50:00+00:00,4616.25,4637.189271120706,4586.935020431012,4572.277530646518,4616.25,20.939271120705584,29.314979568987816,43.97246935348173,0.02,0.01,0.01,True,False,False,6172.9,2026-08-26 22:00:00+00:00,4603.32,550.0,EOD_EXIT,29.31,12.93,0.1,42.14,6215.05,2026-08-26 12:50:00+00:00,2026-08-26 22:00:00+00:00,2026-08,2026-08-26
215,NAS100,BUY,2026-08-27 11:05:00+00:00,29556.5,29433.226936927487,29729.082288301517,29815.373432452274,29433.226936927487,123.27306307251209,172.5822883015169,258.8734324522754,0.41,0.2,0.21,False,False,False,6251.11,2026-08-27 13:30:00+00:00,29433.226936927487,145.0,SL,0.0,0.0,2.05,-52.05,6199.06,2026-08-27 11:05:00+00:00,2026-08-27 13:30:00+00:00,2026-08,2026-08-27
210,XAUUSD,SELL,2026-08-27 12:40:00+00:00,4587.64,4610.871813096082,4555.115461665486,4538.853192498229,4610.871813096082,23.231813096081634,32.52453833451428,48.786807501771435,0.02,0.01,0.01,False,False,False,6215.05,2026-08-27 15:55:00+00:00,4610.871813096082,195.0,SL,0.0,0.0,0.1,-50.1,6164.95,2026-08-27 12:40:00+00:00,2026-08-27 15:55:00+00:00,2026-08,2026-08-27
216,NAS100,BUY,2026-08-27 14:15:00+00:00,29525.7,29392.396093451054,29712.325469168525,29805.638203752787,29392.396093451054,133.30390654894646,186.62546916852503,279.93820375278756,0.38,0.19,0.19,False,False,False,6199.06,2026-08-27 22:00:00+00:00,29566.4,465.0,EOD_EXIT,7.73,7.73,1.9,13.57,6212.63,2026-08-27 14:15:00+00:00,2026-08-27 22:00:00+00:00,2026-08,2026-08-27
211,XAUUSD,SELL,2026-08-31 08:30:00+00:00,4435.93,4467.378274206562,4391.902416110814,4369.88862416622,4467.378274206562,31.4482742065621,44.027583889186936,66.0413758337804,0.02,0.01,0.01,False,False,False,6164.95,2026-08-31 22:00:00+00:00,4454.39,810.0,EOD_EXIT,-18.46,-18.46,0.1,-37.02,6127.93,2026-08-31 08:30:00+00:00,2026-08-31 22:00:00+00:00,2026-08,2026-08-31
212,XAUUSD,SELL,2026-09-01 06:25:00+00:00,4428.98,4452.1997831782055,4396.472303550511,4380.2184553257675,4428.98,23.21978317820577,32.50769644948807,48.76154467423212,0.02,0.01,0.01,True,False,False,6127.93,2026-09-01 08:30:00+00:00,4380.2184553257675,125.0,FULL_TP2,32.51,48.76,0.1,81.17,6209.1,2026-09-01 06:25:00+00:00,2026-09-01 08:30:00+00:00,2026-09,2026-09-01
213,XAUUSD,SELL,2026-09-01 10:50:00+00:00,4375.74,4401.510612280111,4339.661142807845,4321.6217142117675,4375.74,25.770612280110758,36.078857192155056,54.11828578823259,0.02,0.01,0.01,True,False,False,6209.1,2026-09-01 22:00:00+00:00,4331.23,670.0,EOD_EXIT,36.08,44.51,0.1,80.49,6289.59,2026-09-01 10:50:00+00:00,2026-09-01 22:00:00+00:00,2026-09,2026-09-01
217,NAS100,SELL,2026-09-01 16:30:00+00:00,29096.6,29223.223139635167,28919.32760451076,28830.691406766142,29223.223139635167,126.6231396351701,177.27239548923814,265.90859323385723,0.39,0.2,0.19,False,False,False,6212.63,2026-09-01 22:00:00+00:00,29086.5,330.0,EOD_EXIT,2.02,1.92,1.95,1.99,6214.62,2026-09-01 16:30:00+00:00,2026-09-01 22:00:00+00:00,2026-09,2026-09-01
218,NAS100,SELL,2026-09-02 06:05:00+00:00,29015.8,29120.562935212252,28869.131890702844,28795.797836054266,29120.562935212252,104.76293521225422,146.6681092971559,220.00216394573388,0.48,0.24,0.24,False,False,False,6214.62,2026-09-02 14:15:00+00:00,29120.562935212252,490.0,SL,0.0,0.0,2.4,-52.4,6162.22,2026-09-02 06:05:00+00:00,2026-09-02 14:15:00+00:00,2026-09,2026-09-02
214,XAUUSD,BUY,2026-09-02 17:40:00+00:00,4376.44,4350.0789123431,4413.34552271966,4431.798284079489,4350.0789123431,26.361087656900065,36.90552271966009,55.35828407949014,0.02,0.01,0.01,False,False,False,6289.59,2026-09-02 22:00:00+00:00,4391.2,260.0,EOD_EXIT,14.76,14.76,0.1,29.42,6319.01,2026-09-02 17:40:00+00:00,2026-09-02 22:00:00+00:00,2026-09,2026-09-02
219,NAS100,BUY,2026-09-02 18:00:00+00:00,29123.9,28999.222354408845,29298.44870382762,29385.723055741426,28999.222354408845,124.6776455911553,174.5487038276174,261.8230557414261,0.4,0.2,0.2,False,False,False,6162.22,2026-09-02 22:00:00+00:00,29129.8,240.0,EOD_EXIT,1.18,1.18,2.0,0.36,6162.58,2026-09-02 18:00:00+00:00,2026-09-02 22:00:00+00:00,2026-09,2026-09-02
220,NAS100,BUY,2026-09-03 07:00:00+00:00,29172.6,29066.7892104676,29320.73510534536,29394.802658018038,29172.6,105.81078953240014,148.1351053453602,222.2026580180403,0.47,0.23,0.24,True,False,False,6162.58,2026-09-03 15:00:00+00:00,29394.802658018038,480.0,FULL_TP2,34.07,53.33,2.35,85.05,6247.63,2026-09-03 07:00:00+00:00,2026-09-03 15:00:00+00:00,2026-09,2026-09-03
215,XAUUSD,BUY,2026-09-03 07:50:00+00:00,4430.39,4408.3091312021,4461.303216317061,4476.759824475592,4430.39,22.08086879790069,30.91321631706096,46.36982447559145,0.02,0.01,0.01,True,False,False,6319.01,2026-09-03 12:35:00+00:00,4476.759824475592,285.0,FULL_TP2,30.91,46.37,0.1,77.18,6396.19,2026-09-03 07:50:00+00:00,2026-09-03 12:35:00+00:00,2026-09,2026-09-03
216,XAUUSD,BUY,2026-09-03 17:30:00+00:00,4491.71,4464.590811065771,4529.67686450792,4548.66029676188,4464.590811065771,27.119188934228784,37.9668645079203,56.95029676188045,0.02,0.01,0.01,False,False,False,6396.19,2026-09-03 22:00:00+00:00,4475.88,270.0,EOD_EXIT,-15.83,-15.83,0.1,-31.76,6364.43,2026-09-03 17:30:00+00:00,2026-09-03 22:00:00+00:00,2026-09,2026-09-03
221,NAS100,BUY,2026-09-04 07:20:00+00:00,29583.8,29496.10486154394,29706.573193838485,29767.959790757726,29496.10486154394,87.69513845606104,122.77319383848545,184.1597907577282,0.57,0.28,0.29,False,False,False,6247.63,2026-09-04 12:30:00+00:00,29496.10486154394,310.0,SL,0.0,0.0,2.85,-52.85,6194.78,2026-09-04 07:20:00+00:00,2026-09-04 12:30:00+00:00,2026-09,2026-09-04
217,XAUUSD,SELL,2026-09-04 17:00:00+00:00,4431.32,4462.468566898203,4387.712006342515,4365.908009513773,4462.468566898203,31.14856689820323,43.60799365748452,65.41199048622678,0.02,0.01,0.01,False,False,False,6364.43,2026-09-06 22:00:00+00:00,4422.24,3180.0,EOD_EXIT,9.08,9.08,0.1,18.06,6382.49,2026-09-04 17:00:00+00:00,2026-09-06 22:00:00+00:00,2026-09,2026-09-06
218,XAUUSD,SELL,2026-09-07 07:25:00+00:00,4395.11,4420.121885343207,4360.09336051951,4342.585040779264,4420.121885343207,25.011885343207272,35.01663948049018,52.524959220735276,0.02,0.01,0.01,False,False,False,6382.49,2026-09-07 08:15:00+00:00,4420.121885343207,50.0,SL,0.0,0.0,0.1,-50.1,6332.39,2026-09-07 07:25:00+00:00,2026-09-07 08:15:00+00:00,2026-09,2026-09-07
222,NAS100,BUY,2026-09-07 16:15:00+00:00,29584.0,29500.675279952644,29700.654608066296,29758.981912099447,29500.675279952644,83.32472004735492,116.65460806629687,174.98191209944534,0.6,0.3,0.3,False,False,False,6194.78,2026-09-07 22:00:00+00:00,29570.2,345.0,EOD_EXIT,-4.14,-4.14,3.0,-11.28,6183.5,2026-09-07 16:15:00+00:00,2026-09-07 22:00:00+00:00,2026-09,2026-09-07
