trade_id,symbol,direction,direction_str,entry_time,entry_price,curr_sl,sl_price,tp1,tp2,sl_dist,tp1_dist,tp2_dist,total_lots,part_lots,run_lots,risk_dollars,tp1_hit,exit_time,exit_price,exit_reason,net_pnl,commission,ending_balance
3,XAUUSD,1,BUY,2026-01-02 06:35:00+00:00,4379.54,4353.823494596869,4353.823494596869,4415.543107564384,4436.116311886889,25.716505403131322,36.003107564383846,56.57631188688891,0.02,0.01,0.01,50.0,False,2026-01-02 13:35:00+00:00,4353.823494596869,SL,-51.53,0.1,4948.47
3,NAS100,1,BUY,2026-01-02 07:00:00+00:00,25481.9,25481.9,25419.626715443348,25575.30992683498,25606.44656911331,62.27328455665272,93.40992683497907,124.54656911330544,0.08,0.04,0.04,50.0,True,2026-01-02 13:45:00+00:00,25606.44656911331,FULL_TP2,86.78,0.4,5035.25
5,XAUUSD,-1,SELL,2026-01-02 18:55:00+00:00,4318.08,4343.811790412078,4343.811790412078,4282.05549342309,4261.470061093428,25.73179041207843,36.0245065769098,56.609938906572545,0.02,0.01,0.01,50.35249587573051,False,2026-01-04 22:00:00+00:00,4356.58,EOD,-77.1,0.1,4958.15
6,NAS100,1,BUY,2026-01-05 12:50:00+00:00,25407.9,25407.9,25325.65463424445,25531.26804863333,25572.390731511106,82.24536575555234,123.36804863332851,164.49073151110468,0.06,0.03,0.03,49.58149587573051,True,2026-01-05 17:15:00+00:00,25407.9,TP1_THEN_BE,36.71,0.3,4994.86
6,XAUUSD,1,BUY,2026-01-05 16:15:00+00:00,4445.15,4419.465865671775,4419.465865671775,4481.107788059514,4501.655095522094,25.68413432822452,35.95778805951433,56.505095522093946,0.02,0.01,0.01,49.58149587573051,False,2026-01-05 22:00:00+00:00,4454.49,EOD,18.58,0.1,5013.44
7,NAS100,1,BUY,2026-01-05 19:40:00+00:00,25440.3,25343.98691545133,25343.98691545133,25584.769626823003,25632.92616909734,96.31308454866954,144.46962682300432,192.62616909733907,0.05,0.03,0.02,49.94860002163049,False,2026-01-05 22:00:00+00:00,25433.7,EOD,-3.55,0.25,5009.89
9,XAUUSD,1,BUY,2026-01-06 07:20:00+00:00,4469.1,4446.373838153765,4446.373838153765,4500.91662658473,4519.097556061719,22.72616184623553,31.81662658472974,49.99755606171817,0.02,0.01,0.01,50.0989000216305,False,2026-01-06 08:45:00+00:00,4446.373838153765,SL,-45.55,0.1,4964.34
10,XAUUSD,1,BUY,2026-01-06 10:30:00+00:00,4460.53,4460.53,4437.137489221509,4493.279515089887,4511.99352371268,23.39251077849102,32.749515089887424,51.46352371268024,0.02,0.01,0.01,49.64337678470579,True,2026-01-06 22:00:00+00:00,4498.49,EOD,70.61,0.1,5034.95
10,NAS100,1,BUY,2026-01-06 16:10:00+00:00,25556.9,25471.41846985124,25471.41846985124,25685.122295223144,25727.863060297524,85.48153014876142,128.22229522314214,170.96306029752284,0.06,0.03,0.03,49.64337678470579,False,2026-01-06 22:00:00+00:00,25681.8,EOD,74.64,0.3,5109.59
12,XAUUSD,-1,SELL,2026-01-07 08:40:00+00:00,4461.41,4461.41,4485.390034861086,4427.837951194479,4408.65392330561,23.980034861086423,33.57204880552099,52.75607669439014,0.02,0.01,0.01,51.09587193560465,True,2026-01-07 15:30:00+00:00,4461.41,TP1_THEN_BE,33.47,0.1,5143.06
13,NAS100,1,BUY,2026-01-07 17:40:00+00:00,25815.7,25744.753337238908,25744.753337238908,25922.11999414164,25957.593325522186,70.94666276109295,106.41999414163942,141.8933255221859,0.07,0.04,0.03,51.43059242365985,False,2026-01-07 18:15:00+00:00,25744.753337238908,SL,-50.01,0.35,5093.05
13,XAUUSD,-1,SELL,2026-01-07 16:55:00+00:00,4451.9,4477.570357724591,4477.570357724591,4415.9614991855715,4395.4252130058985,25.670357724591387,35.93850081442794,56.47478699410106,0.02,0.01,0.01,51.43059242365985,False,2026-01-07 22:00:00+00:00,4461.96,EOD,-20.22,0.1,5072.83
15,NAS100,-1,SELL,2026-01-08 08:40:00+00:00,25608.8,25608.8,25682.787389670226,25497.81891549466,25460.825220659543,73.98738967022746,110.98108450534119,147.97477934045492,0.07,0.04,0.03,50.72826578433219,True,2026-01-08 13:45:00+00:00,25460.825220659543,FULL_TP2,88.43,0.35,5161.26
15,XAUUSD,-1,SELL,2026-01-08 07:00:00+00:00,4425.66,4447.512709592965,4447.512709592965,4395.066206569849,4377.5840388954775,21.852709592964846,30.593793430150782,48.07596110452266,0.02,0.01,0.01,50.72826578433219,False,2026-01-08 14:10:00+00:00,4447.512709592965,SL,-43.81,0.1,5117.46
17,NAS100,-1,SELL,2026-01-08 17:10:00+00:00,25474.8,25573.044590151247,25573.044590151247,25327.43311477313,25278.310819697508,98.24459015124637,147.36688522686956,196.48918030249274,0.05,0.03,0.02,51.17456026851562,False,2026-01-08 20:35:00+00:00,25573.044590151247,SL,-49.37,0.25,5068.08
17,XAUUSD,1,BUY,2026-01-08 19:00:00+00:00,4457.37,4435.391389931312,4435.391389931312,4488.140054096163,4505.722942151114,21.978610068688234,30.770054096163523,48.35294215111412,0.02,0.01,0.01,51.17456026851562,False,2026-01-08 22:00:00+00:00,4477.26,EOD,39.68,0.1,5107.76
19,NAS100,-1,SELL,2026-01-09 06:20:00+00:00,25512.1,25586.66045441667,25586.66045441667,25400.259318374992,25362.979091166657,74.56045441667038,111.84068162500557,149.12090883334076,0.07,0.04,0.03,51.07763731775939,False,2026-01-09 10:20:00+00:00,25586.66045441667,SL,-52.54,0.35,5055.22
20,NAS100,1,BUY,2026-01-09 11:55:00+00:00,25598.1,25529.02711068727,25529.02711068727,25701.70933396909,25736.245778625456,69.0728893127283,103.60933396909243,138.1457786254566,0.07,0.04,0.03,50.55221413684269,False,2026-01-09 13:30:00+00:00,25529.02711068727,SL,-48.7,0.35,5006.52
19,XAUUSD,1,BUY,2026-01-09 07:05:00+00:00,4473.79,4473.79,4454.69425732006,4500.524039751916,4515.800633895867,19.09574267993956,26.73403975191538,42.01063389586703,0.03,0.01,0.02,51.07763731775939,True,2026-01-09 14:35:00+00:00,4515.800633895867,FULL_TP2,110.61,0.15,5117.13
22,NAS100,-1,SELL,2026-01-12 07:15:00+00:00,25548.8,25633.214356146877,25633.214356146877,25422.17846577968,25379.97128770624,84.41435614687835,126.62153422031753,168.8287122937567,0.06,0.03,0.03,51.17125698709009,False,2026-01-12 13:30:00+00:00,25633.214356146877,SL,-50.95,0.3,5066.18
22,XAUUSD,1,BUY,2026-01-12 11:55:00+00:00,4590.5,4590.5,4566.459338991339,4624.156925412126,4643.389454219056,24.040661008661473,33.65692541212606,52.889454219055246,0.02,0.01,0.01,51.17125698709009,True,2026-01-12 20:40:00+00:00,4590.5,TP1_THEN_BE,33.56,0.1,5099.73
24,NAS100,1,BUY,2026-01-13 07:20:00+00:00,25778.4,25778.4,25714.30222016387,25874.546669754196,25906.59555967226,64.09777983613002,96.14666975419502,128.19555967226003,0.08,0.04,0.04,50.997340104330085,True,2026-01-13 14:00:00+00:00,25778.4,TP1_THEN_BE,38.06,0.4,5137.79
24,XAUUSD,1,BUY,2026-01-13 10:40:00+00:00,4589.72,4589.72,4567.809654471274,4620.394483740217,4637.922760163198,21.91034552872623,30.67448374021672,48.20276016319771,0.02,0.01,0.01,50.997340104330085,True,2026-01-13 16:55:00+00:00,4589.72,TP1_THEN_BE,30.57,0.1,5168.37
25,NAS100,1,BUY,2026-01-13 15:30:00+00:00,25802.6,25715.819686931904,25715.819686931904,25932.77046960214,25976.160626136185,86.78031306809321,130.1704696021398,173.56062613618641,0.06,0.03,0.03,51.377926783346865,False,2026-01-13 16:55:00+00:00,25715.819686931904,SL,-52.37,0.3,5116.0
27,XAUUSD,1,BUY,2026-01-14 07:50:00+00:00,4634.73,4611.75233110142,4611.75233110142,4666.898736458011,4685.280871576875,22.97766889857964,32.168736458011495,50.55087157687521,0.02,0.01,0.01,51.15998974234048,False,2026-01-14 13:45:00+00:00,4611.75233110142,SL,-46.06,0.1,5069.94
28,NAS100,1,BUY,2026-01-15 11:40:00+00:00,25693.0,25595.461612006846,25595.461612006846,25839.307581989728,25888.076775986305,97.53838799315287,146.3075819897293,195.07677598630573,0.05,0.03,0.02,50.699436364368886,False,2026-01-15 19:00:00+00:00,25595.461612006846,SL,-49.02,0.25,5020.92
29,NAS100,1,BUY,2026-01-16 08:00:00+00:00,25696.9,25623.676840314696,25623.676840314696,25806.734739527958,25843.346319370612,73.22315968530482,109.83473952795723,146.44631937060964,0.07,0.04,0.03,50.209244424403124,False,2026-01-16 13:55:00+00:00,25623.676840314696,SL,-51.61,0.35,4969.32
29,XAUUSD,-1,SELL,2026-01-16 10:00:00+00:00,4601.24,4601.24,4620.986983236473,4573.594223468936,4557.796636879758,19.74698323647356,27.645776531062985,43.443363120241834,0.03,0.01,0.02,50.209244424403124,True,2026-01-16 14:30:00+00:00,4557.796636879758,FULL_TP2,114.38,0.15,5083.7
31,XAUUSD,-1,SELL,2026-01-16 16:20:00+00:00,4584.28,4613.814165304829,4613.814165304829,4542.932168573239,4519.3048363293765,29.53416530482891,41.34783142676047,64.9751636706236,0.02,0.01,0.01,50.837007334321456,False,2026-01-18 22:00:00+00:00,4648.77,EOD,-129.08,0.1,4954.62
32,XAUUSD,1,BUY,2026-01-19 08:15:00+00:00,4671.34,4644.161754431736,4644.161754431736,4709.389543795571,4731.132140250182,27.178245568264376,38.04954379557012,59.79214025018163,0.02,0.01,0.01,49.54620733432144,False,2026-01-19 22:00:00+00:00,4668.65,EOD,-5.48,0.1,4949.14
31,NAS100,-1,SELL,2026-01-16 16:05:00+00:00,25571.5,25666.05315220231,25666.05315220231,25429.670271696534,25382.39369559538,94.55315220230996,141.82972830346495,189.10630440461992,0.05,0.03,0.02,50.837007334321456,False,2026-01-19 22:00:00+00:00,25265.1,EOD,152.95,0.25,5102.09
34,NAS100,-1,SELL,2026-01-20 12:40:00+00:00,25088.9,25201.555993964233,25201.555993964233,24919.916009053653,24863.58801207154,112.65599396423089,168.98399094634632,225.31198792846178,0.05,0.03,0.02,51.02090733432143,False,2026-01-20 13:30:00+00:00,25201.555993964233,SL,-56.58,0.25,5045.51
34,XAUUSD,1,BUY,2026-01-20 10:40:00+00:00,4732.16,4732.16,4712.5344754680555,4759.635734344723,4775.336153970278,19.625524531944517,27.475734344722323,43.176153970277944,0.03,0.01,0.02,51.02090733432143,True,2026-01-20 22:00:00+00:00,4762.13,EOD,87.27,0.15,5132.78
36,NAS100,-1,SELL,2026-01-21 07:00:00+00:00,25083.9,25083.9,25183.161700331995,24935.00744950201,24885.37659933601,99.26170033199483,148.89255049799226,198.52340066398966,0.05,0.03,0.02,51.3277847079475,True,2026-01-21 13:10:00+00:00,25083.9,TP1_THEN_BE,44.42,0.25,5177.2
36,XAUUSD,1,BUY,2026-01-21 07:10:00+00:00,4858.41,4826.746215047523,4826.746215047523,4902.739298933467,4928.070326895448,31.663784952476398,44.32929893346695,69.66032689544808,0.02,0.01,0.01,51.3277847079475,False,2026-01-21 14:20:00+00:00,4826.746215047523,SL,-63.43,0.1,5113.77
38,NAS100,1,BUY,2026-01-21 17:50:00+00:00,25164.7,25164.7,25012.928373148905,25392.357440276643,25468.24325370219,151.77162685109485,227.65744027664226,303.5432537021897,0.03,0.01,0.02,51.13768666039195,True,2026-01-21 18:45:00+00:00,25468.24325370219,FULL_TP2,83.32,0.15,5197.09
39,NAS100,1,BUY,2026-01-22 11:55:00+00:00,25572.2,25454.31404041047,25454.31404041047,25749.028939384294,25807.97191917906,117.88595958952963,176.82893938429444,235.77191917905927,0.04,0.02,0.02,51.97093060807297,False,2026-01-22 13:45:00+00:00,25454.31404041047,SL,-47.35,0.2,5149.74
39,XAUUSD,1,BUY,2026-01-22 11:20:00+00:00,4830.56,4830.56,4796.356787689298,4878.444497234985,4905.807067083547,34.20321231070311,47.88449723498435,75.24706708354684,0.02,0.01,0.01,51.97093060807297,True,2026-01-22 16:50:00+00:00,4905.807067083547,FULL_TP2,123.03,0.1,5272.77
41,NAS100,1,BUY,2026-01-23 06:20:00+00:00,25606.5,25520.42823515839,25520.42823515839,25735.60764726242,25778.643529683224,86.07176484161195,129.1076472624179,172.1435296832239,0.06,0.03,0.03,52.727702412900165,False,2026-01-23 07:25:00+00:00,25520.42823515839,SL,-51.94,0.3,5220.83
42,NAS100,-1,SELL,2026-01-23 12:25:00+00:00,25456.9,25545.222350594166,25545.222350594166,25324.416474108755,25280.255298811673,88.3223505941637,132.48352589124553,176.6447011883274,0.06,0.03,0.03,52.208271823850495,False,2026-01-23 13:55:00+00:00,25545.222350594166,SL,-53.29,0.3,5167.53
43,XAUUSD,1,BUY,2026-01-23 18:25:00+00:00,4977.27,4944.0330180711535,4944.0330180711535,5023.801774700387,5050.391360243465,33.23698192884739,46.53177470038634,73.12136024346427,0.02,0.01,0.01,51.675337720285505,False,2026-01-25 22:00:00+00:00,5013.49,EOD,72.34,0.1,5239.87
43,NAS100,1,BUY,2026-01-23 18:20:00+00:00,25653.8,25544.581913882997,25544.581913882997,25817.6271291755,25872.236172234003,109.21808611700146,163.8271291755022,218.43617223400292,0.05,0.03,0.02,51.675337720285505,False,2026-01-25 22:00:00+00:00,25352.1,EOD,-151.1,0.25,5088.77
45,XAUUSD,1,BUY,2026-01-26 08:15:00+00:00,5093.43,5056.925511543164,5056.925511543164,5144.53628383957,5173.739874605039,36.50448845683582,51.106283839570146,80.30987460503881,0.01,0.01,0.0,50.887737720285486,False,2026-01-26 12:30:00+00:00,5056.925511543164,SL,-36.55,0.05,5052.22
46,XAUUSD,1,BUY,2026-01-26 16:00:00+00:00,5094.97,5058.081020501369,5058.081020501369,5146.614571298084,5176.12575489699,36.88897949863155,51.644571298084166,81.15575489698942,0.01,0.01,0.0,50.52219283571713,False,2026-01-26 17:40:00+00:00,5058.081020501369,SL,-36.94,0.05,5015.28
46,NAS100,1,BUY,2026-01-26 17:20:00+00:00,25801.6,25697.004603801415,25697.004603801415,25958.49309429787,26010.79079239716,104.59539619858157,156.89309429787235,209.19079239716314,0.05,0.03,0.02,50.52219283571713,False,2026-01-26 22:00:00+00:00,25739.2,EOD,-31.45,0.25,4983.83
48,NAS100,1,BUY,2026-01-27 12:10:00+00:00,25911.6,25845.17249878593,25845.17249878593,26011.241251821102,26044.455002428138,66.42750121406944,99.64125182110416,132.85500242813887,0.08,0.04,0.04,49.838303040730814,False,2026-01-27 13:35:00+00:00,25845.17249878593,SL,-53.54,0.4,4930.29
48,XAUUSD,1,BUY,2026-01-27 08:25:00+00:00,5088.13,5088.13,5045.969657658777,5147.154479277712,5180.882753150691,42.1603423412232,59.02447927771247,92.75275315069105,0.01,0.01,0.0,49.838303040730814,True,2026-01-27 19:55:00+00:00,5180.882753150691,FULL_TP2,58.97,0.05,4989.26
49,NAS100,1,BUY,2026-01-27 16:25:00+00:00,25978.1,25903.545952150795,25903.545952150795,26089.931071773804,26127.208095698406,74.5540478492044,111.8310717738066,149.1080956984088,0.07,0.04,0.03,49.30288303101827,False,2026-01-27 22:00:00+00:00,26035.1,EOD,39.55,0.35,5028.81
51,XAUUSD,1,BUY,2026-01-28 11:40:00+00:00,5269.53,5269.53,5229.244270395895,5325.930021445746,5358.15860512903,40.285729604104574,56.4000214457464,88.62860512903008,0.01,0.01,0.0,50.28812782379539,True,2026-01-28 17:35:00+00:00,5269.53,TP1_THEN_BE,56.35,0.05,5085.16
52,NAS100,-1,SELL,2026-01-28 19:55:00+00:00,26045.5,26045.5,26129.98171943244,25918.77742085134,25876.536561135123,84.48171943243892,126.72257914865838,168.96343886487784,0.06,0.03,0.03,50.851628038252855,True,2026-01-28 20:05:00+00:00,26045.5,TP1_THEN_BE,37.72,0.3,5122.88
52,XAUUSD,1,BUY,2026-01-28 18:35:00+00:00,5301.15,5301.15,5254.755524600448,5366.1022655593715,5403.217845879013,46.39447539955165,64.95226555937231,102.06784587901365,0.01,0.01,0.0,50.851628038252855,True,2026-01-28 20:50:00+00:00,5403.217845879013,FULL_TP2,64.9,0.05,5187.78
54,XAUUSD,-1,SELL,2026-01-29 18:10:00+00:00,5306.3,5416.979304777042,5416.979304777042,5151.348973312142,5062.805529490509,110.67930477704161,154.95102668785825,243.49447050949155,0.01,0.01,0.0,51.87781843129256,False,2026-01-29 20:25:00+00:00,5416.979304777042,SL,-110.73,0.05,5077.05
55,NAS100,-1,SELL,2026-01-30 08:10:00+00:00,25615.9,25760.05181700032,25760.05181700032,25399.672274499524,25327.596365999365,144.15181700031917,216.22772550047875,288.30363400063834,0.04,0.02,0.02,50.77052538352215,False,2026-01-30 10:50:00+00:00,25760.05181700032,SL,-57.86,0.2,5019.19
56,XAUUSD,-1,SELL,2026-01-30 11:45:00+00:00,5065.79,5065.79,5193.422118491146,4887.1050341123955,4784.999339319479,127.6321184911459,178.68496588760425,280.790660680521,0.01,0.01,0.0,50.19191811552087,True,2026-01-30 17:15:00+00:00,4784.999339319479,FULL_TP2,178.63,0.05,5197.83
57,XAUUSD,-1,SELL,2026-01-30 19:40:00+00:00,4861.38,5013.806312453095,5013.806312453095,4647.983162565667,4526.0421126031915,152.42631245309488,213.3968374343328,335.33788739680875,0.01,0.01,0.0,51.97826777439691,False,2026-02-01 22:00:00+00:00,4827.79,EOD,33.54,0.05,5231.37
56,NAS100,-1,SELL,2026-01-30 14:25:00+00:00,25691.2,25691.2,25840.525201380737,25467.212197928897,25392.54959723853,149.32520138073525,223.98780207110286,298.6504027614705,0.03,0.01,0.02,50.19191811552087,True,2026-02-01 22:00:00+00:00,25400.0,EOD,80.49,0.15,5311.86
59,XAUUSD,-1,SELL,2026-02-02 19:55:00+00:00,4653.27,4802.174852528149,4802.174852528149,4444.803206460592,4325.679324438074,148.9048525281484,208.46679353940777,327.5906755619265,0.01,0.01,0.0,53.11855557646802,False,2026-02-02 22:00:00+00:00,4700.63,EOD,-47.41,0.05,5264.45
60,NAS100,1,BUY,2026-02-03 11:15:00+00:00,25882.4,25781.15675252202,25781.15675252202,26034.264871216976,26084.886494955965,101.24324747798188,151.86487121697283,202.48649495596376,0.05,0.03,0.02,52.64445557646802,False,2026-02-03 13:30:00+00:00,25781.15675252202,SL,-50.87,0.25,5213.57
60,XAUUSD,1,BUY,2026-02-03 08:45:00+00:00,4923.09,4809.771482421181,4809.771482421181,5081.735924610347,5172.390738673402,113.31851757881907,158.6459246103467,249.30073867340198,0.01,0.01,0.0,52.64445557646802,False,2026-02-03 22:00:00+00:00,4957.09,EOD,33.95,0.05,5247.52
62,XAUUSD,1,BUY,2026-02-04 06:20:00+00:00,5081.24,5007.330845098032,5007.330845098032,5184.712816862754,5243.8401407843285,73.90915490196771,103.47281686275478,162.60014078432897,0.01,0.01,0.0,52.47523933907811,False,2026-02-04 13:30:00+00:00,5007.330845098032,SL,-73.96,0.05,5173.56
62,NAS100,-1,SELL,2026-02-04 07:20:00+00:00,25350.7,25350.7,25469.053649692556,25173.169525461166,25113.992700614886,118.35364969255664,177.53047453883497,236.7072993851133,0.04,0.02,0.02,52.47523933907811,True,2026-02-04 13:55:00+00:00,25113.992700614886,FULL_TP2,82.65,0.2,5256.21
64,NAS100,-1,SELL,2026-02-04 20:00:00+00:00,24823.2,25008.71424471551,25008.71424471551,24544.928632926738,24452.171510568984,185.51424471550803,278.271367073262,371.02848943101606,0.03,0.01,0.02,52.56212333790632,False,2026-02-04 20:30:00+00:00,25008.71424471551,SL,-55.8,0.15,5200.41
65,NAS100,-1,SELL,2026-02-05 07:50:00+00:00,24937.8,24937.8,25105.5535601285,24686.169659807245,24602.292879742996,167.75356012850241,251.63034019275364,335.50712025700483,0.03,0.01,0.02,52.0040806037598,True,2026-02-05 13:30:00+00:00,24602.292879742996,FULL_TP2,92.11,0.15,5292.52
65,XAUUSD,-1,SELL,2026-02-05 10:45:00+00:00,4871.56,4953.618027838378,4953.618027838378,4756.678761026271,4691.032338755568,82.05802783837811,114.88123897372934,180.52766124443187,0.01,0.01,0.0,52.0040806037598,False,2026-02-05 22:00:00+00:00,4776.57,EOD,94.94,0.05,5387.46
66,NAS100,-1,SELL,2026-02-05 14:00:00+00:00,24618.6,24816.332410964667,24816.332410964667,24322.001383552994,24223.13517807066,197.73241096466944,296.59861644700413,395.4648219293389,0.03,0.01,0.02,52.92522518446656,False,2026-02-05 22:00:00+00:00,24367.8,EOD,75.09,0.15,5462.55
68,XAUUSD,1,BUY,2026-02-06 20:35:00+00:00,4962.37,4902.263242855744,4902.263242855744,5046.519460001959,5094.604865717363,60.10675714425596,84.14946000195833,132.2348657173631,0.01,0.01,0.0,54.62552518446657,False,2026-02-08 22:00:00+00:00,4987.35,EOD,24.93,0.05,5487.48
68,NAS100,1,BUY,2026-02-06 12:20:00+00:00,24761.9,24761.9,24568.860811661136,25051.4587825083,25147.978376677736,193.03918833886684,289.5587825083003,386.0783766777337,0.03,0.01,0.02,54.62552518446657,True,2026-02-08 22:00:00+00:00,25165.2,EOD,109.47,0.15,5596.95
70,XAUUSD,1,BUY,2026-02-09 07:20:00+00:00,5025.96,4969.491468861438,4969.491468861438,5105.015943593987,5150.190768504836,56.46853113856194,79.05594359398671,124.23076850483629,0.01,0.01,0.0,55.96948396697487,False,2026-02-09 22:00:00+00:00,5055.91,EOD,29.9,0.05,5626.85
71,NAS100,1,BUY,2026-02-10 06:20:00+00:00,25260.5,25153.037264506103,25153.037264506103,25421.694103240843,25475.425470987793,107.46273549389613,161.19410324084419,214.92547098779227,0.05,0.03,0.02,56.26848396697486,False,2026-02-10 19:50:00+00:00,25153.037264506103,SL,-53.98,0.25,5572.87
71,XAUUSD,1,BUY,2026-02-10 06:55:00+00:00,5033.96,4988.773428299386,4988.773428299386,5097.221200380859,5133.37045774135,45.18657170061361,63.26120038085905,99.41045774134996,0.01,0.01,0.0,56.26848396697486,False,2026-02-10 22:00:00+00:00,5033.56,EOD,-0.45,0.05,5572.42
73,XAUUSD,1,BUY,2026-02-11 08:30:00+00:00,5057.72,5057.72,5024.654755716537,5104.011341996849,5130.4635374236195,33.065244283463294,46.29134199684861,72.74353742361926,0.02,0.01,0.01,55.72417028950538,True,2026-02-11 11:40:00+00:00,5057.72,TP1_THEN_BE,46.19,0.1,5618.61
74,XAUUSD,1,BUY,2026-02-11 15:30:00+00:00,5075.04,5027.934776517741,5027.934776517741,5140.987312875163,5178.671491660971,47.10522348225949,65.94731287516328,103.63149166097088,0.01,0.01,0.0,56.18608370947387,False,2026-02-11 22:00:00+00:00,5095.42,EOD,20.33,0.05,5638.94
75,XAUUSD,-1,SELL,2026-02-12 19:15:00+00:00,4937.56,4990.686030171188,4990.686030171188,4863.183557760338,4820.682733623388,53.126030171187395,74.37644223966235,116.87726637661228,0.01,0.01,0.0,56.38938370947387,False,2026-02-12 22:00:00+00:00,4891.39,EOD,46.12,0.05,5685.06
75,NAS100,-1,SELL,2026-02-12 18:10:00+00:00,24798.8,24938.625277528972,24938.625277528972,24589.06208370654,24519.149444942053,139.82527752897326,209.73791629345988,279.6505550579465,0.04,0.02,0.02,56.38938370947387,False,2026-02-12 22:00:00+00:00,24747.3,EOD,20.4,0.2,5705.46
77,XAUUSD,-1,SELL,2026-02-13 08:25:00+00:00,4964.79,5011.070533961599,5011.070533961599,4899.997252453761,4862.972825284482,46.280533961599254,64.79274754623896,101.81717471551836,0.01,0.01,0.0,57.05458370947387,False,2026-02-13 13:30:00+00:00,5011.070533961599,SL,-46.33,0.05,5659.13
77,NAS100,-1,SELL,2026-02-13 07:20:00+00:00,24651.6,24781.57065784582,24781.57065784582,24456.64401323127,24391.65868430836,129.97065784581912,194.95598676872868,259.94131569163824,0.04,0.02,0.02,57.05458370947387,False,2026-02-13 14:25:00+00:00,24781.57065784582,SL,-52.19,0.2,5606.94
79,XAUUSD,-1,SELL,2026-02-13 14:55:00+00:00,4976.85,5022.939466131599,5022.939466131599,4912.324747415762,4875.453174510483,46.089466131598634,64.52525258423809,101.396825489517,0.01,0.01,0.0,56.0693957384746,False,2026-02-13 15:25:00+00:00,5022.939466131599,SL,-46.14,0.05,5560.8
80,XAUUSD,1,BUY,2026-02-13 20:05:00+00:00,5032.53,4988.291916836682,4988.291916836682,5094.463316428644,5129.853782959299,44.23808316331783,61.93331642864496,97.32378295929924,0.01,0.01,0.0,55.608001077158605,False,2026-02-15 22:00:00+00:00,5014.89,EOD,-17.69,0.05,5543.11
81,NAS100,-1,SELL,2026-02-17 06:25:00+00:00,24532.5,24638.714881159543,24638.714881159543,24373.177678260683,24320.07023768091,106.21488115954482,159.32232173931723,212.42976231908963,0.05,0.03,0.02,55.43110107715861,False,2026-02-17 07:00:00+00:00,24638.714881159543,SL,-53.36,0.25,5489.75
82,XAUUSD,-1,SELL,2026-02-17 12:10:00+00:00,4922.13,4922.13,4956.732466378733,4873.686547069774,4846.0045739667885,34.60246637873272,48.44345293022581,76.125426033212,0.02,0.01,0.01,54.897526671360886,True,2026-02-17 13:00:00+00:00,4846.0045739667885,FULL_TP2,124.47,0.1,5614.22
82,NAS100,-1,SELL,2026-02-17 11:30:00+00:00,24554.9,24663.65458575737,24663.65458575737,24391.768121363948,24337.390828485266,108.75458575736856,163.13187863605285,217.50917151473712,0.05,0.03,0.02,54.897526671360886,False,2026-02-17 13:30:00+00:00,24663.65458575737,SL,-54.63,0.25,5559.59
84,XAUUSD,-1,SELL,2026-02-17 15:55:00+00:00,4869.15,4912.256487840406,4912.256487840406,4808.80091702343,4774.315726751105,43.10648784040667,60.349082976569335,94.83427324889469,0.01,0.01,0.0,55.59594253220842,False,2026-02-17 22:00:00+00:00,4870.5,EOD,-1.4,0.05,5558.19
85,XAUUSD,1,BUY,2026-02-18 11:05:00+00:00,4923.92,4923.92,4895.159122029146,4964.185229159196,4987.1939315358795,28.7608779708543,40.26522915919602,63.27393153587946,0.02,0.01,0.01,55.581942532208416,True,2026-02-18 13:45:00+00:00,4987.1939315358795,FULL_TP2,103.44,0.1,5661.63
85,NAS100,1,BUY,2026-02-18 06:35:00+00:00,24775.8,24775.8,24657.032608103254,24953.95108784512,25013.334783793493,118.76739189674647,178.15108784511972,237.53478379349295,0.05,0.03,0.02,55.581942532208416,True,2026-02-18 14:15:00+00:00,25013.334783793493,FULL_TP2,100.7,0.25,5762.34
87,XAUUSD,1,BUY,2026-02-19 12:35:00+00:00,4994.61,4969.244180151533,4969.244180151533,5030.122147787853,5050.414803666626,25.365819848466526,35.51214778785313,55.80480366662636,0.02,0.01,0.01,57.62335697028152,False,2026-02-19 13:30:00+00:00,4969.244180151533,SL,-50.83,0.1,5711.5
87,NAS100,-1,SELL,2026-02-19 12:05:00+00:00,24790.1,24896.40000174962,24896.40000174962,24630.649997375567,24577.49999650076,106.30000174962,159.45000262443,212.60000349924,0.05,0.03,0.02,57.62335697028152,False,2026-02-19 15:20:00+00:00,24896.40000174962,SL,-53.4,0.25,5658.1
89,NAS100,-1,SELL,2026-02-19 15:40:00+00:00,24784.1,24900.650037843992,24900.650037843992,24609.27494323401,24550.999924312015,116.5500378439924,174.8250567659886,233.1000756879848,0.05,0.03,0.02,56.58104056456409,False,2026-02-19 22:00:00+00:00,24786.5,EOD,-1.45,0.25,5656.65
90,NAS100,1,BUY,2026-02-20 07:55:00+00:00,24881.8,24789.881010020974,24789.881010020974,25019.67848496854,25065.63797995805,91.91898997902575,137.87848496853863,183.8379799580515,0.06,0.03,0.03,56.566540564564086,False,2026-02-20 10:00:00+00:00,24789.881010020974,SL,-55.45,0.3,5601.2
91,NAS100,1,BUY,2026-02-20 17:35:00+00:00,24970.0,24815.241843956093,24815.241843956093,25202.137234065864,25279.516312087817,154.75815604390795,232.13723406586192,309.5163120878159,0.04,0.02,0.02,56.01202662468994,False,2026-02-22 22:00:00+00:00,25000.0,EOD,11.8,0.2,5613.0
92,NAS100,1,BUY,2026-02-23 12:40:00+00:00,24901.8,24794.4705906566,24794.4705906566,25062.794114015094,25116.45881868679,107.32940934339666,160.994114015095,214.65881868679332,0.05,0.03,0.02,56.13002662468994,False,2026-02-23 14:05:00+00:00,24794.4705906566,SL,-53.91,0.25,5559.09
92,XAUUSD,1,BUY,2026-02-23 11:35:00+00:00,5157.96,5157.96,5126.516473829714,5201.9809366384,5227.135757574629,31.443526170285768,44.02093663840007,69.17575757462869,0.02,0.01,0.01,56.13002662468994,True,2026-02-23 19:30:00+00:00,5227.135757574629,FULL_TP2,113.1,0.1,5672.18
94,XAUUSD,1,BUY,2026-02-24 06:25:00+00:00,5183.22,5146.982215799312,5146.982215799312,5233.952897880963,5262.943125241513,36.23778420068781,50.73289788096294,79.72312524151319,0.02,0.01,0.01,56.72184652010325,False,2026-02-24 11:15:00+00:00,5146.982215799312,SL,-72.58,0.1,5599.61
95,XAUUSD,-1,SELL,2026-02-24 15:50:00+00:00,5138.05,5176.32703095088,5176.32703095088,5084.462156668769,5053.840531908066,38.2770309508795,53.5878433312313,84.20946809193491,0.01,0.01,0.0,55.996090836089486,False,2026-02-24 22:00:00+00:00,5136.3,EOD,1.7,0.05,5601.31
96,XAUUSD,1,BUY,2026-02-25 07:25:00+00:00,5193.37,5159.916724600968,5159.916724600968,5240.204585558644,5266.96720587787,33.45327539903174,46.834585558644434,73.59720587786983,0.02,0.01,0.01,56.01309083608949,False,2026-02-25 10:15:00+00:00,5159.916724600968,SL,-67.01,0.1,5534.3
97,NAS100,1,BUY,2026-02-26 11:00:00+00:00,25334.9,25262.709459106034,25262.709459106034,25443.18581134095,25479.281081787936,72.19054089396695,108.28581134095043,144.3810817879339,0.08,0.04,0.04,55.34302532810885,False,2026-02-26 13:30:00+00:00,25262.709459106034,SL,-58.15,0.4,5476.15
97,XAUUSD,-1,SELL,2026-02-26 12:15:00+00:00,5171.62,5171.62,5201.186137552126,5130.227407427024,5106.574497385323,29.566137552125518,41.39259257297572,65.04550261467614,0.02,0.01,0.01,55.34302532810885,True,2026-02-26 14:40:00+00:00,5171.62,TP1_THEN_BE,41.29,0.1,5517.44
99,XAUUSD,-1,SELL,2026-02-26 16:35:00+00:00,5173.86,5208.053276411553,5208.053276411553,5125.989413023824,5098.634791894581,34.193276411553974,47.87058697617556,75.22520810541874,0.02,0.01,0.01,55.17442692668688,False,2026-02-26 22:00:00+00:00,5181.78,EOD,-15.94,0.1,5501.5
99,NAS100,-1,SELL,2026-02-26 20:50:00+00:00,25000.8,25126.73338566062,25126.73338566062,24811.89992150907,24748.933228678758,125.93338566062037,188.90007849093055,251.86677132124075,0.04,0.02,0.02,55.17442692668688,False,2026-02-26 22:00:00+00:00,24940.8,EOD,23.8,0.2,5525.3
101,NAS100,-1,SELL,2026-02-27 08:40:00+00:00,24992.7,24992.7,25086.41574882674,24852.12637675989,24805.268502346524,93.7157488267392,140.57362324010882,187.4314976534784,0.06,0.03,0.03,55.25302692668687,True,2026-02-27 12:30:00+00:00,24805.268502346524,FULL_TP2,98.1,0.3,5623.4
102,XAUUSD,1,BUY,2026-02-27 16:50:00+00:00,5234.87,5234.87,5204.061657828411,5278.001679040225,5302.648352777497,30.808342171589484,43.13167904022527,67.77835277749686,0.02,0.01,0.01,56.234042289367636,True,2026-03-01 22:00:00+00:00,5357.88,EOD,166.04,0.1,5789.45
102,NAS100,-1,SELL,2026-02-27 16:25:00+00:00,24914.2,25036.225063622136,25036.225063622136,24731.1624045668,24670.14987275573,122.02506362213501,183.0375954332025,244.05012724427002,0.05,0.03,0.02,56.234042289367636,False,2026-03-01 22:00:00+00:00,24710.5,EOD,101.6,0.25,5891.05
104,XAUUSD,1,BUY,2026-03-02 10:35:00+00:00,5395.92,5357.001449590332,5357.001449590332,5450.405970573534,5481.540810901269,38.91855040966767,54.48597057353473,85.62081090126887,0.02,0.01,0.01,58.91045907976989,False,2026-03-02 13:20:00+00:00,5357.001449590332,SL,-77.94,0.1,5813.11
104,NAS100,-1,SELL,2026-03-02 11:20:00+00:00,24612.9,24748.691664311165,24748.691664311165,24409.212503533257,24341.316671377674,135.7916643111637,203.68749646674553,271.5833286223274,0.04,0.02,0.02,58.91045907976989,False,2026-03-02 13:30:00+00:00,24748.691664311165,SL,-54.52,0.2,5758.59
106,NAS100,1,BUY,2026-03-02 18:10:00+00:00,25017.4,24852.530202087513,24852.530202087513,25264.704696868735,25347.139595824978,164.86979791248876,247.30469686873315,329.7395958249775,0.03,0.01,0.02,57.58592141433188,False,2026-03-02 22:00:00+00:00,24965.2,EOD,-15.81,0.15,5742.78
107,XAUUSD,-1,SELL,2026-03-03 07:25:00+00:00,5312.22,5312.22,5357.241446037953,5249.189975546866,5213.172818716503,45.02144603795333,63.03002445313466,99.04718128349734,0.01,0.01,0.0,57.42782141433187,True,2026-03-03 10:05:00+00:00,5213.172818716503,FULL_TP2,62.98,0.05,5805.76
108,NAS100,-1,SELL,2026-03-03 12:35:00+00:00,24468.9,24619.850208529406,24619.850208529406,24242.474687205893,24166.99958294119,150.9502085294058,226.42531279410872,301.9004170588116,0.04,0.02,0.02,58.05762165886322,False,2026-03-03 13:35:00+00:00,24619.850208529406,SL,-60.58,0.2,5745.18
108,XAUUSD,-1,SELL,2026-03-03 12:05:00+00:00,5152.35,5152.35,5224.418702091707,5051.453817071611,4993.798855398247,72.06870209170623,100.89618292838871,158.55114460175372,0.01,0.01,0.0,58.05762165886322,True,2026-03-03 22:00:00+00:00,5111.28,EOD,100.85,0.05,5846.03
110,NAS100,1,BUY,2026-03-04 12:05:00+00:00,24857.3,24857.3,24692.490841050196,25104.513738424703,25186.918317899606,164.8091589498034,247.21373842470507,329.6183178996068,0.04,0.02,0.02,58.46028265402948,True,2026-03-04 18:10:00+00:00,25186.918317899606,FULL_TP2,115.17,0.2,5961.19
110,XAUUSD,-1,SELL,2026-03-04 07:10:00+00:00,5157.24,5221.093719525829,5221.093719525829,5067.844792663839,5016.761817043176,63.85371952582911,89.39520733616075,140.47818295682407,0.01,0.01,0.0,58.46028265402948,False,2026-03-04 22:00:00+00:00,5152.64,EOD,4.55,0.05,5965.74
112,XAUUSD,1,BUY,2026-03-05 06:00:00+00:00,5170.56,5127.011505218052,5127.011505218052,5231.527892694728,5266.3666885202865,43.54849478194821,60.96789269472749,95.80668852028606,0.01,0.01,0.0,59.6574467666781,False,2026-03-05 12:15:00+00:00,5127.011505218052,SL,-43.6,0.05,5922.15
112,NAS100,1,BUY,2026-03-05 08:00:00+00:00,25074.8,24937.895205975667,24937.895205975667,25280.157191036502,25348.60958804867,136.90479402433417,205.35719103650126,273.80958804866833,0.04,0.02,0.02,59.6574467666781,False,2026-03-05 13:15:00+00:00,24937.895205975667,SL,-54.96,0.2,5867.18
114,XAUUSD,-1,SELL,2026-03-05 17:55:00+00:00,5069.37,5117.856240070997,5117.856240070997,5001.489263900604,4962.700271843806,48.48624007099705,67.88073609939586,106.66972815619351,0.01,0.01,0.0,58.67184264276128,False,2026-03-05 22:00:00+00:00,5089.96,EOD,-20.64,0.05,5846.54
115,XAUUSD,-1,SELL,2026-03-06 10:40:00+00:00,5081.22,5118.238376680094,5118.238376680094,5029.394272647869,4999.779571303795,37.01837668009345,51.82572735213083,81.4404286962056,0.02,0.01,0.01,58.465442642761275,False,2026-03-06 12:30:00+00:00,5118.238376680094,SL,-74.14,0.1,5772.41
116,XAUUSD,1,BUY,2026-03-06 16:15:00+00:00,5143.37,5098.784555587108,5098.784555587108,5205.7896221780475,5241.457977708361,44.585444412891356,62.419622178047895,98.087977708361,0.01,0.01,0.0,57.7240751091594,False,2026-03-08 21:00:00+00:00,5166.14,EOD,22.72,0.05,5795.13
116,NAS100,-1,SELL,2026-03-06 16:35:00+00:00,24745.2,24909.705038774086,24909.705038774086,24498.442441838873,24416.189922451835,164.50503877408377,246.75755816112564,329.01007754816754,0.04,0.02,0.02,57.7240751091594,False,2026-03-08 21:00:00+00:00,24246.2,EOD,199.4,0.2,5994.53
118,XAUUSD,-1,SELL,2026-03-09 12:10:00+00:00,5092.67,5140.930506164085,5140.930506164085,5025.105291370281,4986.496886439012,48.26050616408532,67.56470862971945,106.17311356098772,0.01,0.01,0.0,59.945275109159404,False,2026-03-09 18:20:00+00:00,5140.930506164085,SL,-48.31,0.05,5946.22
118,NAS100,1,BUY,2026-03-09 17:20:00+00:00,24638.3,24638.3,24449.12627820579,24922.060582691312,25016.647443588416,189.1737217942089,283.76058269131335,378.3474435884178,0.03,0.01,0.02,59.945275109159404,True,2026-03-09 18:35:00+00:00,25016.647443588416,FULL_TP2,103.9,0.15,6050.11
120,NAS100,1,BUY,2026-03-10 12:20:00+00:00,24983.2,24830.183884901264,24830.183884901264,25212.724172648104,25289.232230197475,153.01611509873624,229.52417264810435,306.0322301974725,0.04,0.02,0.02,60.5011255173867,False,2026-03-10 21:05:00+00:00,24970.8,EOD,-5.16,0.2,6044.95
121,NAS100,-1,SELL,2026-03-11 10:45:00+00:00,24920.8,25045.07744038851,25045.07744038851,24734.383839417234,24672.24511922298,124.277440388511,186.4161605827665,248.554880777022,0.05,0.03,0.02,60.44952551738669,False,2026-03-11 12:30:00+00:00,25045.07744038851,SL,-62.39,0.25,5982.56
122,XAUUSD,-1,SELL,2026-03-11 14:10:00+00:00,5170.78,5203.361717272434,5203.361717272434,5125.165595818591,5099.100222000643,32.5817172724348,45.614404181408716,71.67977799935657,0.02,0.01,0.01,59.82563831544414,False,2026-03-11 21:00:00+00:00,5178.05,EOD,-14.64,0.1,5967.92
123,XAUUSD,1,BUY,2026-03-12 11:50:00+00:00,5183.76,5155.468145175734,5155.468145175734,5223.368596753972,5246.002080613385,28.291854824265755,39.60859675397205,62.242080613384665,0.02,0.01,0.01,59.67923831544413,False,2026-03-12 12:45:00+00:00,5155.468145175734,SL,-56.68,0.1,5911.24
124,NAS100,-1,SELL,2026-03-12 15:05:00+00:00,24582.4,24726.604599004488,24726.604599004488,24366.093101493272,24293.99080199103,144.2045990044862,216.30689850672928,288.4091980089724,0.04,0.02,0.02,59.112401218958816,False,2026-03-12 21:05:00+00:00,24545.2,EOD,14.68,0.2,5925.92
125,XAUUSD,-1,SELL,2026-03-13 16:55:00+00:00,5046.02,5082.537149580764,5082.537149580764,4994.895990586932,4965.682270922322,36.5171495807632,51.12400941306848,80.33772907767906,0.02,0.01,0.01,59.259201218958815,False,2026-03-15 21:00:00+00:00,5015.06,EOD,61.82,0.1,5987.74
125,NAS100,-1,SELL,2026-03-13 18:20:00+00:00,24375.2,24532.202896884402,24532.202896884402,24139.695654673396,24061.194206231194,157.00289688440333,235.504345326605,314.00579376880665,0.04,0.02,0.02,59.259201218958815,False,2026-03-15 21:05:00+00:00,24319.9,EOD,21.92,0.2,6009.66
127,XAUUSD,-1,SELL,2026-03-16 16:35:00+00:00,4986.39,5024.7767708063375,5024.7767708063375,4932.648520871128,4901.939104226058,38.38677080633747,53.74147912887246,84.45089577394245,0.02,0.01,0.01,60.09660121895882,False,2026-03-16 21:00:00+00:00,5011.03,EOD,-49.38,0.1,5960.28
127,NAS100,1,BUY,2026-03-16 14:10:00+00:00,24704.7,24578.28424526489,24578.28424526489,24894.323632102667,24957.53150947022,126.41575473511024,189.62363210266537,252.83150947022048,0.05,0.03,0.02,60.09660121895882,False,2026-03-16 21:05:00+00:00,24641.0,EOD,-32.1,0.25,5928.18
129,NAS100,-1,SELL,2026-03-17 07:10:00+00:00,24556.8,24659.220958915026,24659.220958915026,24403.16856162746,24351.958082169946,102.42095891502596,153.63143837253895,204.84191783005193,0.06,0.03,0.03,59.28180121895882,False,2026-03-17 11:05:00+00:00,24659.220958915026,SL,-61.75,0.3,5866.43
129,XAUUSD,-1,SELL,2026-03-17 10:55:00+00:00,5003.21,5032.446421617292,5032.446421617292,4962.279009735791,4938.889872441957,29.236421617292283,40.93099026420919,64.32012755804303,0.02,0.01,0.01,59.28180121895882,False,2026-03-17 21:00:00+00:00,5001.09,EOD,4.14,0.1,5870.57
130,NAS100,1,BUY,2026-03-17 16:00:00+00:00,24824.0,24702.870445852597,24702.870445852597,25005.694331221104,25066.259108294806,121.12955414740266,181.694331221104,242.25910829480532,0.05,0.03,0.02,58.66427546546866,False,2026-03-17 21:05:00+00:00,24808.6,EOD,-7.95,0.25,5862.62
132,NAS100,1,BUY,2026-03-18 08:20:00+00:00,24972.3,24897.70423871004,24897.70423871004,25084.193641934937,25121.491522579912,74.59576128995722,111.89364193493583,149.19152257991445,0.08,0.04,0.04,58.62617546546865,False,2026-03-18 10:30:00+00:00,24897.70423871004,SL,-60.08,0.4,5802.54
132,XAUUSD,-1,SELL,2026-03-18 06:45:00+00:00,4995.56,4995.56,5019.542810241196,4961.9840656623255,4942.797817469369,23.982810241196066,33.57593433767449,52.76218253063135,0.02,0.01,0.01,58.62617546546865,True,2026-03-18 10:40:00+00:00,4942.797817469369,FULL_TP2,86.24,0.1,5888.78
134,NAS100,-1,SELL,2026-03-18 17:20:00+00:00,24640.2,24640.2,24750.655381935052,24474.516927097426,24419.289236129902,110.45538193504963,165.68307290257445,220.91076387009926,0.05,0.03,0.02,58.887790543832054,True,2026-03-18 19:05:00+00:00,24419.289236129902,FULL_TP2,93.64,0.25,5982.42
134,XAUUSD,-1,SELL,2026-03-18 17:30:00+00:00,4876.87,4876.87,4912.657096828422,4826.768064440209,4798.138386977472,35.787096828422044,50.10193555979086,78.7316130225285,0.02,0.01,0.01,58.887790543832054,True,2026-03-18 21:00:00+00:00,4825.15,EOD,101.72,0.1,6084.14
136,NAS100,-1,SELL,2026-03-19 10:05:00+00:00,24377.5,24377.5,24493.566927902633,24203.39960814605,24145.36614419473,116.06692790263432,174.10039185395146,232.13385580526864,0.05,0.03,0.02,60.841380645877884,True,2026-03-19 12:30:00+00:00,24145.36614419473,FULL_TP2,98.41,0.25,6182.54
137,NAS100,-1,SELL,2026-03-19 14:30:00+00:00,24218.4,24356.34375853361,24356.34375853361,24011.484362199586,23942.512482932783,137.9437585336096,206.9156378004144,275.8875170672192,0.04,0.02,0.02,61.82544953305027,False,2026-03-19 18:00:00+00:00,24356.34375853361,SL,-55.38,0.2,6127.17
137,XAUUSD,-1,SELL,2026-03-19 14:30:00+00:00,4579.59,4648.5349380381185,4648.5349380381185,4483.067086746634,4427.911136316139,68.94493803811861,96.52291325336604,151.67886368386095,0.01,0.01,0.0,61.82544953305027,False,2026-03-19 18:05:00+00:00,4648.5349380381185,SL,-68.99,0.05,6058.17
139,NAS100,-1,SELL,2026-03-20 07:55:00+00:00,24361.5,24361.5,24476.79103155503,24188.56345266746,24130.917936889946,115.29103155502726,172.9365473325409,230.58206311005452,0.05,0.03,0.02,60.58172511853464,True,2026-03-20 09:10:00+00:00,24130.917936889946,FULL_TP2,97.75,0.25,6155.92
139,XAUUSD,-1,SELL,2026-03-20 08:00:00+00:00,4687.1,4687.1,4744.906374316071,4606.171075957501,4559.9259765046445,57.80637431607095,80.92892404249933,127.1740234953561,0.01,0.01,0.0,60.58172511853464,True,2026-03-20 13:25:00+00:00,4559.9259765046445,FULL_TP2,80.88,0.05,6236.8
140,NAS100,-1,SELL,2026-03-20 10:50:00+00:00,24231.6,24231.6,24357.654933063553,24042.517600404666,23979.49013387289,126.05493306355521,189.08239959533282,252.10986612711042,0.05,0.03,0.02,61.55919888675238,True,2026-03-20 16:35:00+00:00,23979.49013387289,FULL_TP2,106.9,0.25,6343.7
141,XAUUSD,-1,SELL,2026-03-20 16:20:00+00:00,4569.84,4569.84,4633.058522128492,4481.334069020111,4430.759251317318,63.218522128492125,88.50593097988897,139.0807486826827,0.01,0.01,0.0,62.36798812717737,True,2026-03-22 21:00:00+00:00,4474.33,EOD,88.46,0.05,6432.15
143,NAS100,-1,SELL,2026-03-23 08:40:00+00:00,23682.8,23844.450833860657,23844.450833860657,23440.32374920901,23359.49833227868,161.65083386065942,242.47625079098913,323.30166772131884,0.04,0.02,0.02,64.32151436801648,False,2026-03-23 10:05:00+00:00,23844.450833860657,SL,-64.86,0.2,6367.29
144,NAS100,1,BUY,2026-03-23 16:55:00+00:00,24279.5,24018.429020548338,24018.429020548338,24671.106469177495,24801.64195890333,261.0709794516641,391.60646917749614,522.1419589033281,0.02,0.01,0.01,63.67291103257384,False,2026-03-23 21:05:00+00:00,24233.4,EOD,-9.32,0.1,6357.97
145,NAS100,-1,SELL,2026-03-24 15:40:00+00:00,24104.2,24293.267508135665,24293.267508135665,23820.598737796507,23726.064983728673,189.06750813566345,283.60126220349514,378.1350162713269,0.03,0.01,0.02,63.57971103257384,False,2026-03-24 19:35:00+00:00,24293.267508135665,SL,-56.87,0.15,6301.1
145,XAUUSD,1,BUY,2026-03-24 10:30:00+00:00,4427.79,4346.57946657415,4346.57946657415,4541.48474679619,4606.453173536871,81.21053342585031,113.69474679619043,178.66317353687072,0.01,0.01,0.0,63.57971103257384,False,2026-03-24 21:00:00+00:00,4479.05,EOD,51.21,0.05,6352.31
147,NAS100,1,BUY,2026-03-25 10:00:00+00:00,24293.3,24153.15512185236,24153.15512185236,24503.517317221456,24573.589756295274,140.144878147638,210.217317221457,280.289756295276,0.05,0.03,0.02,63.52310850816685,False,2026-03-25 13:00:00+00:00,24153.15512185236,SL,-70.32,0.25,6281.99
148,XAUUSD,1,BUY,2026-03-25 14:50:00+00:00,4561.89,4506.222826851704,4506.222826851704,4639.824042407616,4684.357780926252,55.6671731482966,77.93404240761524,122.46778092625253,0.01,0.01,0.0,62.819884117428664,False,2026-03-25 18:05:00+00:00,4506.222826851704,SL,-55.72,0.05,6226.27
149,XAUUSD,-1,SELL,2026-03-26 10:50:00+00:00,4427.33,4477.856745731768,4477.856745731768,4356.592555975525,4316.171159390112,50.52674573176747,70.73744402447446,111.15884060988844,0.01,0.01,0.0,62.2627123859457,False,2026-03-26 13:35:00+00:00,4477.856745731768,SL,-50.58,0.05,6175.69
149,NAS100,-1,SELL,2026-03-26 10:10:00+00:00,23985.2,23985.2,24120.544171144353,23782.183743283473,23714.511657711297,135.34417114435206,203.0162567165281,270.6883422887041,0.05,0.03,0.02,62.2627123859457,True,2026-03-26 16:50:00+00:00,23714.511657711297,FULL_TP2,114.79,0.25,6290.49
150,XAUUSD,-1,SELL,2026-03-26 14:30:00+00:00,4442.52,4442.52,4493.724914120289,4370.833120231597,4329.869188935365,51.20491412028865,71.6868797684041,112.65081106463504,0.01,0.01,0.0,61.756944928628016,True,2026-03-26 21:00:00+00:00,4386.85,EOD,71.64,0.05,6362.12
151,NAS100,-1,SELL,2026-03-26 19:55:00+00:00,23640.1,23789.703539996866,23789.703539996866,23415.6946900047,23340.892920006267,149.603539996866,224.405309995299,299.207079993732,0.04,0.02,0.02,62.90487038335501,False,2026-03-26 21:05:00+00:00,23664.0,EOD,-9.76,0.2,6352.36
153,XAUUSD,-1,SELL,2026-03-27 12:30:00+00:00,4418.37,4461.648514749335,4461.648514749335,4357.780079350931,4323.1572675514635,43.278514749334605,60.58992064906844,95.21273244853614,0.01,0.01,0.0,63.52363918103905,False,2026-03-27 13:05:00+00:00,4461.648514749335,SL,-43.33,0.05,6309.04
154,XAUUSD,1,BUY,2026-03-27 17:30:00+00:00,4513.85,4464.095681321725,4464.095681321725,4583.506046149586,4623.309501092206,49.75431867827522,69.65604614958531,109.45950109220549,0.01,0.01,0.0,63.09035403354571,False,2026-03-29 22:00:00+00:00,4510.65,EOD,-3.25,0.05,6305.79
154,NAS100,-1,SELL,2026-03-27 15:10:00+00:00,23338.8,23338.8,23482.41195975032,23123.382060374523,23051.576080499362,143.6119597503185,215.41793962547774,287.223919500637,0.04,0.02,0.02,63.09035403354571,True,2026-03-29 22:00:00+00:00,23002.6,EOD,110.12,0.2,6415.91
156,NAS100,-1,SELL,2026-03-30 16:05:00+00:00,23157.4,23157.4,23304.100310800088,22937.349533799876,22863.999378399832,146.70031080008465,220.05046620012698,293.4006216001693,0.04,0.02,0.02,64.15908991279666,True,2026-03-30 19:25:00+00:00,22863.999378399832,FULL_TP2,102.49,0.2,6518.4
156,XAUUSD,1,BUY,2026-03-30 08:00:00+00:00,4527.66,4478.669128929935,4478.669128929935,4596.24721949809,4635.439916354141,48.99087107006432,68.58721949809005,107.77991635414152,0.01,0.01,0.0,64.15908991279666,False,2026-03-30 22:00:00+00:00,4517.55,EOD,-10.16,0.05,6508.24
158,XAUUSD,1,BUY,2026-03-31 08:00:00+00:00,4568.3,4568.3,4522.791647996858,4632.011692804399,4668.418374406913,45.50835200314223,63.711692804399114,100.1183744069129,0.01,0.01,0.0,65.08239208839724,True,2026-03-31 18:05:00+00:00,4668.418374406913,FULL_TP2,63.66,0.05,6571.9
158,NAS100,1,BUY,2026-03-31 15:10:00+00:00,23380.1,23380.1,23208.48937729508,23637.515934057377,23723.321245409836,171.61062270491811,257.41593405737717,343.22124540983623,0.04,0.02,0.02,65.08239208839724,True,2026-03-31 19:15:00+00:00,23723.321245409836,FULL_TP2,119.93,0.2,6691.83
160,XAUUSD,1,BUY,2026-04-01 10:25:00+00:00,4728.28,4728.28,4686.293723181108,4787.0607875464475,4820.64980900156,41.98627681889111,58.780787546447556,92.36980900156045,0.02,0.01,0.01,66.91828337537567,True,2026-04-01 22:00:00+00:00,4758.88,EOD,89.28,0.1,6781.11
160,NAS100,1,BUY,2026-04-01 14:00:00+00:00,23985.3,23831.206808592677,23831.206808592677,24216.439787110983,24293.486382814644,154.0931914073227,231.13978711098406,308.1863828146454,0.04,0.02,0.02,66.91828337537567,False,2026-04-01 22:00:00+00:00,24035.1,EOD,19.72,0.2,6800.83
162,XAUUSD,-1,SELL,2026-04-02 11:25:00+00:00,4614.77,4669.109548360303,4669.109548360303,4538.694632295576,4495.222993607334,54.33954836030303,76.07536770442424,119.54700639266667,0.01,0.01,0.0,68.00829125084014,False,2026-04-02 14:20:00+00:00,4669.109548360303,SL,-54.39,0.05,6746.44
163,XAUUSD,-1,SELL,2026-04-02 17:25:00+00:00,4651.93,4709.462530933307,4709.462530933307,4571.384456693371,4525.358431946725,57.5325309333066,80.54554330662924,126.57156805327453,0.01,0.01,0.0,67.46439576723711,False,2026-04-05 22:00:00+00:00,4637.28,EOD,14.6,0.05,6761.04
164,XAUUSD,1,BUY,2026-04-06 14:15:00+00:00,4683.3,4641.894399518722,4641.894399518722,4741.2678406737905,4774.392321058814,41.40560048127868,57.96784067379015,91.09232105881311,0.02,0.01,0.01,67.61039576723712,False,2026-04-06 22:00:00+00:00,4661.47,EOD,-43.76,0.1,6717.28
164,NAS100,1,BUY,2026-04-06 06:10:00+00:00,24122.3,23977.646624913283,23977.646624913283,24339.280062630074,24411.606750173432,144.65337508671735,216.98006263007602,289.3067501734347,0.05,0.03,0.02,67.61039576723712,False,2026-04-06 22:00:00+00:00,24226.2,EOD,51.7,0.25,6768.98
166,NAS100,-1,SELL,2026-04-07 07:25:00+00:00,24074.1,24183.644949535377,24183.644949535377,23909.78257569693,23855.010100929238,109.5449495353804,164.3174243030706,219.0898990707608,0.06,0.03,0.03,67.68979576723711,False,2026-04-07 08:00:00+00:00,24183.644949535377,SL,-66.03,0.3,6702.95
167,NAS100,1,BUY,2026-04-08 07:20:00+00:00,25039.4,24879.35535217443,24879.35535217443,25279.466971738362,25359.48929565115,160.0446478255743,240.06697173836142,320.0892956511486,0.04,0.02,0.02,67.02952607002484,False,2026-04-08 14:35:00+00:00,24879.35535217443,SL,-64.22,0.2,6638.73
168,XAUUSD,-1,SELL,2026-04-09 07:20:00+00:00,4713.36,4750.348375715044,4750.348375715044,4661.576273998937,4631.985573426901,36.988375715044654,51.78372600106251,81.37442657309825,0.02,0.01,0.01,66.38734747872255,False,2026-04-09 11:40:00+00:00,4750.348375715044,SL,-74.08,0.1,6564.66
169,NAS100,1,BUY,2026-04-09 19:05:00+00:00,25070.3,24957.40892732957,24957.40892732957,25239.636609005644,25296.082145340857,112.89107267042925,169.33660900564388,225.7821453408585,0.06,0.03,0.03,65.64657996442165,False,2026-04-09 22:00:00+00:00,25102.0,EOD,18.72,0.3,6583.38
170,XAUUSD,-1,SELL,2026-04-13 11:35:00+00:00,4712.15,4742.705866759173,4742.705866759173,4669.371786537157,4644.927093129819,30.55586675917309,42.778213462842324,67.22290687018081,0.02,0.01,0.01,65.83377996442165,False,2026-04-13 13:50:00+00:00,4742.705866759173,SL,-61.21,0.1,6522.17
171,XAUUSD,-1,SELL,2026-04-13 14:20:00+00:00,4717.36,4748.488895506524,4748.488895506524,4673.779546290865,4648.876429885646,31.128895506524533,43.580453709134346,68.48357011435398,0.02,0.01,0.01,65.22166262923818,False,2026-04-13 17:25:00+00:00,4748.488895506524,SL,-62.36,0.1,6459.81
172,NAS100,1,BUY,2026-04-14 06:55:00+00:00,25449.4,25449.4,25373.533559835796,25563.199660246308,25601.13288032841,75.86644016420446,113.7996602463067,151.73288032840892,0.09,0.04,0.05,64.59808471910769,True,2026-04-14 13:35:00+00:00,25601.13288032841,FULL_TP2,120.94,0.45,6580.74
172,XAUUSD,1,BUY,2026-04-14 06:40:00+00:00,4769.58,4769.58,4743.756968346473,4805.732244314939,4826.390669637761,25.823031653527753,36.152244314938855,56.81066963776106,0.03,0.01,0.02,64.59808471910769,True,2026-04-14 17:05:00+00:00,4826.390669637761,FULL_TP2,149.62,0.15,6730.37
174,NAS100,1,BUY,2026-04-14 19:05:00+00:00,25814.7,25723.08262577052,25723.08262577052,25952.126061344225,25997.934748458963,91.61737422948157,137.42606134422235,183.23474845896314,0.07,0.04,0.03,67.30368359763958,False,2026-04-14 22:00:00+00:00,25857.5,EOD,29.61,0.35,6759.98
175,XAUUSD,-1,SELL,2026-04-15 19:55:00+00:00,4795.77,4821.650877210429,4821.650877210429,4759.536771905401,4738.8320701370585,25.88087721042832,36.233228094599646,56.93792986294231,0.03,0.01,0.02,67.59978359763957,False,2026-04-15 22:00:00+00:00,4798.15,EOD,-7.29,0.15,6752.69
175,NAS100,1,BUY,2026-04-15 17:30:00+00:00,26074.9,26074.9,25981.567468625668,26214.898797061505,26261.565062748672,93.33253137433509,139.99879706150264,186.66506274867018,0.07,0.04,0.03,67.59978359763957,True,2026-04-15 22:00:00+00:00,26230.8,EOD,102.42,0.35,6855.11
177,XAUUSD,1,BUY,2026-04-16 07:00:00+00:00,4828.69,4805.2608326362,4805.2608326362,4861.490834309319,4880.23416820036,23.429167363799998,32.800834309319995,51.54416820036,0.03,0.01,0.02,68.55107878588561,False,2026-04-16 10:15:00+00:00,4805.2608326362,SL,-70.44,0.15,6784.67
178,NAS100,1,BUY,2026-04-16 17:45:00+00:00,26372.8,26268.499741464522,26268.499741464522,26529.250387803215,26581.400517070957,104.3002585354781,156.45038780321715,208.6005170709562,0.07,0.04,0.03,67.8467037649716,False,2026-04-16 18:05:00+00:00,26268.499741464522,SL,-73.36,0.35,6711.31
179,XAUUSD,-1,SELL,2026-04-16 20:20:00+00:00,4788.63,4812.724410384938,4812.724410384938,4754.897825461087,4735.622297153138,24.09441038493747,33.73217453891245,53.007702846862436,0.03,0.01,0.02,67.11310195522326,False,2026-04-16 22:00:00+00:00,4794.49,EOD,-17.73,0.15,6693.58
179,NAS100,1,BUY,2026-04-16 19:30:00+00:00,26325.5,26215.670491364817,26215.670491364817,26490.244262952772,26545.159017270365,109.82950863518263,164.74426295277397,219.65901727036527,0.06,0.03,0.03,67.11310195522326,False,2026-04-16 22:00:00+00:00,26338.6,EOD,7.56,0.3,6701.14
181,XAUUSD,-1,SELL,2026-04-17 10:05:00+00:00,4788.99,4810.265076895935,4810.265076895935,4759.2048923456905,4742.184830828942,21.275076895935292,29.785107654309407,46.80516917105765,0.03,0.01,0.02,67.01140195522326,False,2026-04-17 11:45:00+00:00,4810.265076895935,SL,-63.98,0.15,6637.16
181,NAS100,1,BUY,2026-04-17 07:00:00+00:00,26347.3,26347.3,26273.89911262455,26457.401331063174,26494.1017747509,73.40088737545068,110.10133106317602,146.80177475090136,0.09,0.04,0.05,67.01140195522326,True,2026-04-17 12:25:00+00:00,26494.1017747509,FULL_TP2,116.99,0.45,6754.16
183,XAUUSD,1,BUY,2026-04-17 15:50:00+00:00,4869.09,4839.284995868681,4839.284995868681,4910.817005783847,4934.661009088902,29.805004131318974,41.72700578384656,65.57100908890175,0.02,0.01,0.01,67.54156384635242,False,2026-04-17 20:40:00+00:00,4839.284995868681,SL,-59.71,0.1,6694.45
183,NAS100,1,BUY,2026-04-17 19:40:00+00:00,26693.9,26585.696135722457,26585.696135722457,26856.205796416318,26910.30772855509,108.2038642775448,162.3057964163172,216.4077285550896,0.06,0.03,0.03,67.54156384635242,False,2026-04-19 22:00:00+00:00,26476.1,EOD,-130.98,0.3,6563.47
185,NAS100,1,BUY,2026-04-20 06:55:00+00:00,26565.2,26467.21158666801,26467.21158666801,26712.182619997988,26761.176826663985,97.98841333199162,146.98261999798743,195.97682666398325,0.07,0.04,0.03,65.63466376372602,False,2026-04-20 15:05:00+00:00,26467.21158666801,SL,-68.94,0.35,6494.52
186,XAUUSD,-1,SELL,2026-04-21 08:10:00+00:00,4775.89,4775.89,4798.583187369385,4744.119537682862,4725.9649877873535,22.693187369384763,31.770462317138666,49.92501221264648,0.03,0.01,0.02,64.94524487040208,True,2026-04-21 14:45:00+00:00,4725.9649877873535,FULL_TP2,131.47,0.15,6625.99
186,NAS100,1,BUY,2026-04-21 14:10:00+00:00,26736.2,26657.746367595362,26657.746367595362,26853.88044860696,26893.10726480928,78.45363240463959,117.68044860695939,156.90726480927918,0.08,0.04,0.04,64.94524487040208,False,2026-04-21 14:50:00+00:00,26657.746367595362,SL,-63.16,0.4,6562.83
188,NAS100,-1,SELL,2026-04-21 18:20:00+00:00,26558.7,26666.626043708584,26666.626043708584,26396.810934437126,26342.847912582834,107.92604370858278,161.88906556287418,215.85208741716556,0.06,0.03,0.03,65.62832067858928,False,2026-04-21 20:10:00+00:00,26666.626043708584,SL,-65.06,0.3,6497.78
188,XAUUSD,-1,SELL,2026-04-21 19:35:00+00:00,4701.16,4733.5030745313925,4733.5030745313925,4655.87969565605,4630.005236030936,32.343074531392624,45.28030434394967,71.15476396906378,0.02,0.01,0.01,65.62832067858928,False,2026-04-21 22:00:00+00:00,4725.44,EOD,-48.66,0.1,6449.12
190,XAUUSD,1,BUY,2026-04-22 10:50:00+00:00,4757.4,4731.612281685406,4731.612281685406,4793.502805640431,4814.132980292106,25.787718314593906,36.10280564043147,56.732980292106596,0.03,0.01,0.02,64.49116441633778,False,2026-04-22 14:35:00+00:00,4731.612281685406,SL,-77.51,0.15,6371.6
190,NAS100,1,BUY,2026-04-22 11:55:00+00:00,26715.5,26715.5,26624.1207841219,26852.56882381715,26898.2584317562,91.37921587809953,137.06882381714928,182.75843175619906,0.07,0.04,0.03,64.49116441633778,True,2026-04-22 17:10:00+00:00,26898.2584317562,FULL_TP2,109.31,0.35,6480.91
192,XAUUSD,-1,SELL,2026-04-22 18:25:00+00:00,4730.2,4754.76813018405,4754.76813018405,4695.804617742329,4676.150113595089,24.56813018405015,34.39538225767021,54.04988640491034,0.03,0.01,0.02,64.80908345743715,False,2026-04-22 22:00:00+00:00,4741.6,EOD,-34.35,0.15,6446.56
193,XAUUSD,-1,SELL,2026-04-23 07:20:00+00:00,4705.31,4731.296164290954,4731.296164290954,4668.929369992665,4648.140438559903,25.986164290953756,36.380630007335256,57.16956144009827,0.02,0.01,0.01,64.46558345743715,False,2026-04-23 12:00:00+00:00,4731.296164290954,SL,-52.07,0.1,6394.49
193,NAS100,1,BUY,2026-04-23 10:30:00+00:00,26862.6,26862.6,26764.81436176407,27009.278457353892,27058.171276471858,97.78563823592884,146.67845735389326,195.5712764718577,0.07,0.04,0.03,64.46558345743715,True,2026-04-23 17:05:00+00:00,26862.6,TP1_THEN_BE,58.32,0.35,6452.81
195,XAUUSD,-1,SELL,2026-04-23 17:05:00+00:00,4710.93,4710.93,4738.157311936982,4672.811763288225,4651.029913738639,27.22731193698239,38.11823671177534,59.90008626136126,0.02,0.01,0.01,64.52807400103364,True,2026-04-23 18:00:00+00:00,4710.93,TP1_THEN_BE,38.02,0.1,6490.83
196,XAUUSD,-1,SELL,2026-04-23 18:45:00+00:00,4706.59,4738.9505039414835,4738.9505039414835,4661.285294481923,4635.396891328736,32.36050394148362,45.304705518077064,71.19310867126397,0.02,0.01,0.01,64.90825636815138,False,2026-04-23 22:00:00+00:00,4695.01,EOD,23.06,0.1,6513.89
197,XAUUSD,-1,SELL,2026-04-24 06:30:00+00:00,4672.15,4700.223252719217,4700.223252719217,4632.847446193095,4610.388844017721,28.073252719217784,39.302553806904896,61.76115598227913,0.02,0.01,0.01,65.13885636815138,False,2026-04-24 11:05:00+00:00,4700.223252719217,SL,-56.25,0.1,6457.64
198,NAS100,1,BUY,2026-04-24 14:45:00+00:00,27148.5,27148.5,27022.333736293553,27337.749395559673,27400.832527412895,126.16626370644777,189.24939555967165,252.33252741289553,0.05,0.03,0.02,64.57639131376703,True,2026-04-26 22:00:00+00:00,27249.7,EOD,76.76,0.25,6534.4
199,XAUUSD,1,BUY,2026-04-27 07:10:00+00:00,4717.09,4692.31698781664,4692.31698781664,4751.772217056705,4771.590626803393,24.77301218336052,34.68221705670473,54.50062680339315,0.03,0.01,0.02,65.34403950044604,False,2026-04-27 13:35:00+00:00,4692.31698781664,SL,-74.47,0.15,6459.93
200,NAS100,-1,SELL,2026-04-28 14:35:00+00:00,26967.6,27079.59583270159,27079.59583270159,26799.606250947607,26743.60833459681,111.99583270159347,167.9937490523902,223.99166540318694,0.06,0.03,0.03,64.59934913494523,False,2026-04-28 18:50:00+00:00,27079.59583270159,SL,-67.5,0.3,6392.44
201,XAUUSD,-1,SELL,2026-04-28 20:20:00+00:00,4592.74,4618.85011315951,4618.85011315951,4556.185841576685,4535.297751049076,26.110113159510703,36.55415842331498,57.44224895092355,0.02,0.01,0.01,63.924374138735665,False,2026-04-28 22:00:00+00:00,4598.35,EOD,-11.32,0.1,6381.12
202,NAS100,-1,SELL,2026-04-29 18:05:00+00:00,27074.2,27184.557999539298,27184.557999539298,26908.663000691056,26853.48400092141,110.3579995392959,165.53699930894385,220.7159990785918,0.06,0.03,0.03,63.81117413873565,False,2026-04-29 18:55:00+00:00,27184.557999539298,SL,-66.51,0.3,6314.6
202,XAUUSD,-1,SELL,2026-04-29 11:20:00+00:00,4566.17,4566.17,4591.6845053776,4530.44969247136,4510.038088169281,25.514505377599725,35.720307528639616,56.1319118307194,0.03,0.01,0.02,63.81117413873565,True,2026-04-29 22:00:00+00:00,4539.46,EOD,88.99,0.15,6403.59
204,XAUUSD,1,BUY,2026-04-30 12:55:00+00:00,4639.48,4610.096378756939,4610.096378756939,4680.617069740285,4704.123966734734,29.383621243060972,41.137069740285355,64.64396673473415,0.02,0.01,0.01,64.03592921678627,False,2026-04-30 14:00:00+00:00,4610.096378756939,SL,-58.87,0.1,6344.73
205,XAUUSD,1,BUY,2026-04-30 17:15:00+00:00,4617.69,4589.239824704364,4589.239824704364,4657.520245413889,4680.280385650398,28.4501752956354,39.83024541388956,62.590385650397884,0.02,0.01,0.01,63.44725679192506,False,2026-04-30 22:00:00+00:00,4628.75,EOD,22.02,0.1,6366.75
205,NAS100,1,BUY,2026-04-30 15:05:00+00:00,27299.1,27117.253709824665,27117.253709824665,27571.869435263,27662.79258035067,181.8462901753347,272.76943526300204,363.6925803506694,0.03,0.01,0.02,63.44725679192506,False,2026-04-30 22:00:00+00:00,27505.4,EOD,61.74,0.15,6428.49
207,NAS100,1,BUY,2026-05-01 17:10:00+00:00,27754.0,27624.21234443842,27624.21234443842,27948.681483342374,28013.575311123164,129.78765556158214,194.6814833423732,259.5753111231643,0.05,0.03,0.02,64.28485679192507,False,2026-05-03 22:00:00+00:00,27782.1,EOD,13.8,0.25,6442.29
208,NAS100,1,BUY,2026-05-04 07:20:00+00:00,27844.3,27740.18026874937,27740.18026874937,28000.479596875946,28052.53946250126,104.11973125063082,156.17959687594623,208.23946250126164,0.06,0.03,0.03,64.42285679192506,False,2026-05-04 10:00:00+00:00,27740.18026874937,SL,-62.77,0.3,6379.51
209,XAUUSD,-1,SELL,2026-05-04 15:05:00+00:00,4557.9,4557.9,4586.621537785741,4517.689847099962,4494.71261687137,28.7215377857407,40.21015290003698,63.18738312862955,0.02,0.01,0.01,63.79513840442128,True,2026-05-04 22:00:00+00:00,4520.28,EOD,77.73,0.1,6457.24
209,NAS100,-1,SELL,2026-05-04 18:40:00+00:00,27631.6,27763.77470278208,27763.77470278208,27433.337945826876,27367.250594435835,132.1747027820813,198.26205417312195,264.3494055641626,0.05,0.03,0.02,63.79513840442128,False,2026-05-04 22:00:00+00:00,27678.8,EOD,-23.85,0.25,6433.39
211,NAS100,1,BUY,2026-05-05 06:35:00+00:00,27768.9,27768.9,27675.335672295198,27909.246491557205,27956.02865540961,93.5643277048032,140.3464915572048,187.1286554096064,0.07,0.04,0.03,64.33393993342165,True,2026-05-05 13:35:00+00:00,27956.02865540961,FULL_TP2,111.93,0.35,6545.32
212,NAS100,1,BUY,2026-05-05 20:30:00+00:00,28132.2,28039.332077372874,28039.332077372874,28271.501883940695,28317.93584525426,92.86792262712855,139.30188394069282,185.7358452542571,0.07,0.04,0.03,65.45321186587928,False,2026-05-05 22:00:00+00:00,28169.8,EOD,25.97,0.35,6571.29
213,NAS100,1,BUY,2026-05-06 07:05:00+00:00,28252.2,28252.2,28158.02451377608,28393.46322933588,28440.550972447843,94.17548622392096,141.26322933588142,188.3509724478419,0.07,0.04,0.03,65.71291186587928,True,2026-05-06 10:00:00+00:00,28440.550972447843,FULL_TP2,112.66,0.35,6683.95
214,NAS100,1,BUY,2026-05-06 14:35:00+00:00,28408.7,28408.7,28282.300362915885,28598.299455626173,28661.499274168233,126.39963708411535,189.59945562617304,252.7992741682307,0.05,0.03,0.02,66.83951770056633,True,2026-05-06 20:05:00+00:00,28661.499274168233,FULL_TP2,107.19,0.25,6791.14
214,XAUUSD,1,BUY,2026-05-06 18:20:00+00:00,4687.82,4659.320367202224,4659.320367202224,4727.719485916887,4750.519192155108,28.49963279777648,39.89948591688707,62.699192155108264,0.02,0.01,0.01,66.83951770056633,False,2026-05-06 22:00:00+00:00,4690.5,EOD,5.26,0.1,6796.4
216,NAS100,1,BUY,2026-05-07 11:05:00+00:00,28653.4,28653.4,28558.155928042837,28796.26610793575,28843.888143914333,95.24407195716525,142.86610793574786,190.4881439143305,0.07,0.04,0.03,67.96401461578132,True,2026-05-07 14:55:00+00:00,28843.888143914333,FULL_TP2,113.94,0.35,6910.34
216,XAUUSD,1,BUY,2026-05-07 10:40:00+00:00,4739.16,4711.730550201072,4711.730550201072,4777.561229718498,4799.50478955764,27.429449798927195,38.40122971849807,60.344789557639835,0.02,0.01,0.01,67.96401461578132,False,2026-05-07 16:15:00+00:00,4711.730550201072,SL,-54.96,0.1,6855.39
218,NAS100,1,BUY,2026-05-08 10:15:00+00:00,28777.8,28777.8,28677.010740048852,28928.98388992672,28979.378519902293,100.78925995114746,151.18388992672118,201.57851990229491,0.07,0.04,0.03,68.55385448328876,True,2026-05-08 13:45:00+00:00,28979.378519902293,FULL_TP2,120.6,0.35,6975.98
218,XAUUSD,1,BUY,2026-05-08 08:35:00+00:00,4721.27,4690.096913156418,4690.096913156418,4764.912321581016,4789.850791055882,31.173086843582322,43.642321581015246,68.58079105588111,0.02,0.01,0.01,68.55385448328876,False,2026-05-10 22:00:00+00:00,4686.56,EOD,-69.52,0.1,6906.46
219,NAS100,1,BUY,2026-05-08 19:05:00+00:00,29204.6,29091.696138640425,29091.696138640425,29373.955792039356,29430.407722719145,112.90386135957228,169.35579203935842,225.80772271914455,0.06,0.03,0.03,69.75982560270252,False,2026-05-10 22:00:00+00:00,29179.2,EOD,-15.54,0.3,6890.92
221,XAUUSD,-1,SELL,2026-05-11 07:50:00+00:00,4669.11,4699.032468608451,4699.032468608451,4627.218543948167,4603.280569061406,29.92246860845179,41.891456051832506,65.82943093859394,0.02,0.01,0.01,68.90922560270253,False,2026-05-11 12:55:00+00:00,4699.032468608451,SL,-59.94,0.1,6830.98
221,NAS100,1,BUY,2026-05-11 06:20:00+00:00,29264.2,29162.010096846323,29162.010096846323,29417.484854730516,29468.579806307353,102.18990315367647,153.2848547305147,204.37980630735294,0.07,0.04,0.03,68.90922560270253,False,2026-05-11 22:00:00+00:00,29341.9,EOD,54.04,0.35,6885.02
223,NAS100,-1,SELL,2026-05-12 10:35:00+00:00,29124.2,29124.2,29233.24689182689,28960.629662259667,28906.106216346223,109.04689182688938,163.57033774033408,218.09378365377876,0.06,0.03,0.03,68.8501762305335,True,2026-05-12 15:00:00+00:00,28906.106216346223,FULL_TP2,114.2,0.3,6999.22
223,XAUUSD,-1,SELL,2026-05-12 10:30:00+00:00,4695.27,4695.27,4720.79146698237,4659.539946224682,4639.122772638786,25.521466982370132,35.73005377531818,56.1472273612143,0.03,0.01,0.02,68.8501762305335,True,2026-05-12 15:20:00+00:00,4639.122772638786,FULL_TP2,147.87,0.15,7147.09
225,XAUUSD,-1,SELL,2026-05-13 07:05:00+00:00,4698.69,4722.6933184911795,4722.6933184911795,4665.085354112347,4645.882699319403,24.00331849118021,33.60464588765229,52.80730068059646,0.03,0.01,0.02,71.47091367969331,False,2026-05-13 22:00:00+00:00,4693.58,EOD,15.18,0.15,7162.27
225,NAS100,1,BUY,2026-05-13 20:30:00+00:00,29466.6,29316.106190038117,29316.106190038117,29692.34071494282,29767.58761992376,150.49380996188174,225.7407149428226,300.9876199237635,0.05,0.03,0.02,71.47091367969331,False,2026-05-13 22:00:00+00:00,29476.6,EOD,4.75,0.25,7167.02
227,NAS100,1,BUY,2026-05-14 17:55:00+00:00,29657.5,29511.522463453108,29511.522463453108,29876.46630482034,29949.455073093788,145.97753654689365,218.96630482034047,291.9550730937873,0.05,0.03,0.02,71.6702136796933,False,2026-05-14 22:00:00+00:00,29634.5,EOD,-11.75,0.25,7155.27
228,NAS100,-1,SELL,2026-05-15 08:00:00+00:00,29271.2,29271.2,29423.02140463207,29043.4678930519,28967.557190735864,151.82140463206736,227.73210694810103,303.6428092641347,0.05,0.03,0.02,71.55271367969331,True,2026-05-15 14:15:00+00:00,29271.2,TP1_THEN_BE,68.07,0.25,7223.34
229,NAS100,-1,SELL,2026-05-15 16:00:00+00:00,29208.1,29397.678147508603,29397.678147508603,28923.732778737096,28828.943704982794,189.57814750860297,284.3672212629044,379.15629501720593,0.04,0.02,0.02,72.2334100005376,False,2026-05-15 18:05:00+00:00,29397.678147508603,SL,-76.03,0.2,7147.31
228,XAUUSD,-1,SELL,2026-05-15 07:45:00+00:00,4574.8,4574.8,4604.650272466251,4533.009618547248,4509.129400574247,29.850272466251642,41.7903814527523,65.67059942575362,0.02,0.01,0.01,71.55271367969331,True,2026-05-17 22:00:00+00:00,4544.98,EOD,71.51,0.1,7218.82
231,NAS100,-1,SELL,2026-05-18 06:00:00+00:00,28958.6,29144.36489459275,29144.36489459275,28679.952658110873,28587.070210814498,185.76489459275123,278.64734188912684,371.52978918550247,0.04,0.02,0.02,72.18820122503072,False,2026-05-18 08:20:00+00:00,29144.36489459275,SL,-74.51,0.2,7144.31
232,NAS100,-1,SELL,2026-05-18 18:00:00+00:00,28888.1,29115.78309853046,29115.78309853046,28546.575352204305,28432.733802939074,227.68309853046304,341.5246477956946,455.3661970609261,0.03,0.01,0.02,71.44314164665973,False,2026-05-18 22:00:00+00:00,29064.5,EOD,-53.07,0.15,7091.24
233,XAUUSD,-1,SELL,2026-05-19 07:40:00+00:00,4542.41,4542.41,4569.525716427937,4504.447997000887,4482.755423858537,27.115716427937603,37.96200299911264,59.654576141462734,0.03,0.01,0.02,70.91244164665972,True,2026-05-19 13:30:00+00:00,4482.755423858537,FULL_TP2,157.12,0.15,7248.37
233,NAS100,-1,SELL,2026-05-19 08:25:00+00:00,28928.3,28928.3,29109.94094125012,28655.83858812482,28565.018117499763,181.64094125011826,272.4614118751774,363.2818825002365,0.04,0.02,0.02,70.91244164665972,True,2026-05-19 16:45:00+00:00,28928.3,TP1_THEN_BE,54.29,0.2,7302.66
235,XAUUSD,-1,SELL,2026-05-19 17:45:00+00:00,4500.73,4532.407357957841,4532.407357957841,4456.381698859022,4431.03981249275,31.67735795784089,44.34830114097724,69.69018750724996,0.02,0.01,0.01,73.02657602323045,False,2026-05-19 22:00:00+00:00,4484.37,EOD,32.62,0.1,7335.28
236,XAUUSD,-1,SELL,2026-05-20 06:40:00+00:00,4466.96,4496.37582427892,4496.37582427892,4425.777846009512,4402.245186586377,29.415824278919803,41.18215399048772,64.71481341362357,0.02,0.01,0.01,73.35277602323043,False,2026-05-20 10:35:00+00:00,4496.37582427892,SL,-58.93,0.1,7276.35
237,NAS100,1,BUY,2026-05-20 16:40:00+00:00,29228.7,29049.350697695652,29049.350697695652,29497.723953456523,29587.398604608697,179.34930230434776,269.02395345652167,358.6986046086955,0.04,0.02,0.02,72.76345953765204,False,2026-05-20 22:00:00+00:00,29160.2,EOD,-27.6,0.2,7248.75
238,NAS100,1,BUY,2026-05-21 08:05:00+00:00,29311.3,29159.237275752286,29159.237275752286,29539.39408637157,29615.42544849543,152.06272424771416,228.09408637157122,304.1254484954283,0.05,0.03,0.02,72.48745953765204,False,2026-05-21 10:40:00+00:00,29159.237275752286,SL,-76.28,0.25,7172.46
239,XAUUSD,-1,SELL,2026-05-21 14:40:00+00:00,4504.73,4532.722418035471,4532.722418035471,4465.54061475034,4443.146680321963,27.99241803547146,39.18938524966004,61.58331967803721,0.03,0.01,0.02,71.72464591641346,False,2026-05-21 17:15:00+00:00,4532.722418035471,SL,-84.13,0.15,7088.34
240,NAS100,1,BUY,2026-05-22 06:40:00+00:00,29534.1,29394.730902566276,29394.730902566276,29743.153646150582,29812.838194867447,139.36909743372354,209.0536461505853,278.7381948674471,0.05,0.03,0.02,70.88337337534932,False,2026-05-22 10:25:00+00:00,29394.730902566276,SL,-69.93,0.25,7018.4
240,XAUUSD,-1,SELL,2026-05-22 07:10:00+00:00,4522.43,4546.674920927844,4546.674920927844,4488.4871107010185,4469.091173958743,24.244920927844262,33.94288929898197,53.338826041257384,0.03,0.01,0.02,70.88337337534932,False,2026-05-24 22:00:00+00:00,4550.65,EOD,-84.81,0.15,6933.59
241,NAS100,1,BUY,2026-05-22 14:35:00+00:00,29550.1,29412.911936295037,29412.911936295037,29755.882095557437,29824.47612740992,137.18806370495992,205.78209555743987,274.37612740991983,0.05,0.03,0.02,70.1840278881807,False,2026-05-24 22:00:00+00:00,29696.7,EOD,73.05,0.25,7006.64
243,XAUUSD,1,BUY,2026-05-25 14:05:00+00:00,4569.45,4549.375878556886,4549.375878556886,4597.5537700203595,4613.613067174851,20.074121443113924,28.10377002035949,44.16306717485064,0.03,0.01,0.02,70.06642788818074,False,2026-05-25 22:00:00+00:00,4570.98,EOD,4.44,0.15,7011.08
243,NAS100,1,BUY,2026-05-25 07:55:00+00:00,29922.9,29807.51350715744,29807.51350715744,30095.97973926384,30153.67298568512,115.38649284255945,173.07973926383917,230.7729856851189,0.06,0.03,0.03,70.06642788818074,False,2026-05-25 22:00:00+00:00,29885.3,EOD,-22.86,0.3,6988.22
245,NAS100,-1,SELL,2026-05-26 07:05:00+00:00,29737.2,29818.97213782895,29818.97213782895,29614.541793256576,29573.6557243421,81.77213782895015,122.65820674342523,163.5442756579003,0.09,0.04,0.05,69.88222788818072,False,2026-05-26 10:10:00+00:00,29818.97213782895,SL,-74.04,0.45,6914.18
245,XAUUSD,-1,SELL,2026-05-26 06:55:00+00:00,4530.96,4530.96,4551.151535420409,4502.691850411427,4486.538622075101,20.191535420408893,28.26814958857245,44.421377924899566,0.03,0.01,0.02,69.88222788818072,True,2026-05-26 13:40:00+00:00,4530.96,TP1_THEN_BE,28.12,0.15,6942.3
247,XAUUSD,-1,SELL,2026-05-26 14:05:00+00:00,4515.48,4515.48,4539.403914507906,4481.986519688931,4462.847388082607,23.923914507905973,33.49348031106836,52.63261191739314,0.03,0.01,0.02,69.42296014360589,True,2026-05-26 22:00:00+00:00,4536.51,EOD,-8.72,0.15,6933.58
247,NAS100,1,BUY,2026-05-26 17:40:00+00:00,29939.3,29823.53188782157,29823.53188782157,30112.952168267642,30170.83622435686,115.76811217842985,173.65216826764475,231.5362243568597,0.06,0.03,0.03,69.42296014360589,False,2026-05-26 22:00:00+00:00,30015.9,EOD,45.66,0.3,6979.24
249,XAUUSD,-1,SELL,2026-05-27 10:00:00+00:00,4486.53,4486.53,4509.906676328184,4453.802653140541,4435.101312077994,23.376676328184338,32.72734685945807,51.42868792200555,0.03,0.01,0.02,69.79239494671658,True,2026-05-27 11:30:00+00:00,4435.101312077994,FULL_TP2,135.43,0.15,7114.67
249,NAS100,1,BUY,2026-05-27 07:10:00+00:00,30071.5,30071.5,29978.09663953691,30211.605040694634,30258.30672092618,93.40336046309021,140.1050406946353,186.80672092618042,0.07,0.04,0.03,69.79239494671658,True,2026-05-27 12:15:00+00:00,30258.30672092618,FULL_TP2,111.73,0.35,7226.41
251,NAS100,-1,SELL,2026-05-27 17:05:00+00:00,29854.1,29993.600099353476,29993.600099353476,29644.849850969782,29575.099801293043,139.5000993534775,209.25014903021628,279.000198706955,0.05,0.03,0.02,72.26408249930836,False,2026-05-27 18:25:00+00:00,29993.600099353476,SL,-70.0,0.25,7156.41
251,XAUUSD,-1,SELL,2026-05-27 15:10:00+00:00,4431.99,4463.802068464629,4463.802068464629,4387.453104149519,4362.003449377817,31.812068464628776,44.536895850480285,69.98655062218332,0.02,0.01,0.01,72.26408249930836,False,2026-05-27 22:00:00+00:00,4456.59,EOD,-49.3,0.1,7107.11
253,XAUUSD,-1,SELL,2026-05-28 10:45:00+00:00,4380.94,4407.446984803976,4407.446984803976,4343.830221274433,4322.624633431252,26.506984803976312,37.109778725566834,58.31536656874789,0.03,0.01,0.02,71.07108200254095,False,2026-05-28 12:45:00+00:00,4407.446984803976,SL,-79.67,0.15,7027.44
254,NAS100,1,BUY,2026-05-28 18:50:00+00:00,30272.1,30124.769505951175,30124.769505951175,30493.095741073234,30566.760988097645,147.33049404882402,220.99574107323605,294.66098809764804,0.05,0.03,0.02,70.27437245842167,False,2026-05-28 22:00:00+00:00,30311.4,EOD,19.4,0.25,7046.84
255,NAS100,1,BUY,2026-05-29 08:35:00+00:00,30282.5,30282.5,30182.328805396464,30432.756791905304,30482.84238920707,100.17119460353621,150.2567919053043,200.34238920707242,0.07,0.04,0.03,70.46837245842168,True,2026-05-29 14:00:00+00:00,30482.84238920707,FULL_TP2,119.86,0.35,7166.69
256,NAS100,1,BUY,2026-05-29 15:30:00+00:00,30361.9,30238.341115181312,30238.341115181312,30547.238327228035,30609.01776963738,123.55888481868809,185.33832722803214,247.11776963737617,0.06,0.03,0.03,71.66692679366412,False,2026-05-31 22:00:00+00:00,30340.6,EOD,-13.08,0.3,7153.61
257,XAUUSD,-1,SELL,2026-06-01 06:10:00+00:00,4514.13,4514.13,4537.806281432703,4480.983205994216,4462.042180848054,23.676281432702762,33.14679400578387,52.08781915194608,0.03,0.01,0.02,71.5361267936641,True,2026-06-01 13:30:00+00:00,4462.042180848054,FULL_TP2,137.17,0.15,7290.79
258,XAUUSD,-1,SELL,2026-06-01 19:40:00+00:00,4483.6,4509.896806545798,4509.896806545798,4446.784470835883,4425.747025599245,26.29680654579778,36.81552916411689,57.852974400755116,0.03,0.01,0.02,72.90785111676085,False,2026-06-01 22:00:00+00:00,4483.13,EOD,1.26,0.15,7292.05
259,XAUUSD,1,BUY,2026-06-02 10:50:00+00:00,4532.27,4508.985883314739,4508.985883314739,4564.867763359366,4583.495056707575,23.284116685261143,32.5977633593656,51.22505670757452,0.03,0.01,0.02,72.92045111676087,False,2026-06-02 13:30:00+00:00,4508.985883314739,SL,-70.0,0.15,7222.04
259,NAS100,1,BUY,2026-06-02 11:35:00+00:00,30536.8,30437.145813365987,30437.145813365987,30686.281279951017,30736.108373268024,99.65418663401168,149.4812799510175,199.30837326802336,0.07,0.04,0.03,72.92045111676087,False,2026-06-02 13:35:00+00:00,30437.145813365987,SL,-70.11,0.35,7151.93
261,XAUUSD,-1,SELL,2026-06-03 12:20:00+00:00,4457.93,4481.102406874106,4481.102406874106,4425.488630376252,4406.950704876968,23.172406874105587,32.44136962374782,50.979295123032294,0.03,0.01,0.02,71.51934830976495,False,2026-06-03 22:00:00+00:00,4431.88,EOD,78.0,0.15,7229.93
261,NAS100,-1,SELL,2026-06-03 20:05:00+00:00,30584.1,30717.810089007286,30717.810089007286,30383.534866489066,30316.67982198542,133.71008900728842,200.56513351093264,267.42017801457683,0.05,0.03,0.02,71.51934830976495,False,2026-06-03 22:00:00+00:00,30447.2,EOD,68.2,0.25,7298.13
263,NAS100,-1,SELL,2026-06-04 08:00:00+00:00,30446.3,30446.3,30569.81575734207,30261.026363986894,30199.268485315857,123.51575734207042,185.27363601310563,247.03151468414083,0.06,0.03,0.03,72.98134830976495,True,2026-06-04 10:50:00+00:00,30199.268485315857,FULL_TP2,129.39,0.3,7427.53
264,XAUUSD,1,BUY,2026-06-04 19:00:00+00:00,4481.42,4455.881564142685,4455.881564142685,4517.17381020024,4537.604558886092,25.538435857314216,35.7538102002399,56.18455888609128,0.03,0.01,0.02,74.27526376185669,False,2026-06-04 22:00:00+00:00,4473.78,EOD,-23.07,0.15,7404.46
265,XAUUSD,-1,SELL,2026-06-05 06:00:00+00:00,4437.48,4459.214496122801,4459.214496122801,4407.051705428077,4389.664108529836,21.734496122801787,30.4282945719225,47.81589147016393,0.03,0.01,0.02,74.0445637618567,False,2026-06-05 07:10:00+00:00,4459.214496122801,SL,-65.35,0.15,7339.1
266,XAUUSD,-1,SELL,2026-06-05 12:30:00+00:00,4452.98,4452.98,4474.008022940059,4423.5407678839165,4406.718349531869,21.028022940059586,29.439232116083417,46.261650468131094,0.03,0.01,0.02,73.39102887817263,True,2026-06-05 12:55:00+00:00,4406.718349531869,FULL_TP2,121.81,0.15,7460.92
267,XAUUSD,-1,SELL,2026-06-05 17:45:00+00:00,4339.98,4372.991794939391,4372.991794939391,4293.763487084851,4267.354051133337,33.011794939392004,46.216512915148805,72.62594886666241,0.02,0.01,0.01,74.6091542086961,False,2026-06-07 22:00:00+00:00,4320.77,EOD,38.32,0.1,7499.24
268,NAS100,-1,SELL,2026-06-08 06:45:00+00:00,29040.3,29272.3342758022,29272.3342758022,28692.2485862967,28576.2314483956,232.03427580220037,348.05141370330057,464.06855160440074,0.03,0.01,0.02,74.99235420869607,False,2026-06-08 11:10:00+00:00,29272.3342758022,SL,-69.76,0.15,7429.48
268,XAUUSD,-1,SELL,2026-06-08 07:50:00+00:00,4296.51,4329.951479101747,4329.951479101747,4249.691929257555,4222.938745976157,33.44147910174672,46.81807074244541,73.5712540238428,0.02,0.01,0.01,74.99235420869607,False,2026-06-08 11:20:00+00:00,4329.951479101747,SL,-66.98,0.1,7362.49
270,NAS100,1,BUY,2026-06-08 18:20:00+00:00,29560.6,29318.637191168,29318.637191168,29923.544213248,30044.525617663996,241.96280883199904,362.94421324799856,483.9256176639981,0.03,0.01,0.02,73.62492179925454,False,2026-06-08 22:00:00+00:00,29386.2,EOD,-52.47,0.15,7310.02
271,XAUUSD,1,BUY,2026-06-09 08:35:00+00:00,4334.39,4310.498691298562,4310.498691298562,4367.837832182014,4386.950879143164,23.89130870143791,33.44783218201307,52.560879143163405,0.03,0.01,0.02,73.10022179925454,False,2026-06-09 14:15:00+00:00,4310.498691298562,SL,-71.82,0.15,7238.2
271,NAS100,1,BUY,2026-06-09 08:15:00+00:00,29631.4,29451.947968755452,29451.947968755452,29900.578046866827,29990.3040624891,179.4520312445499,269.17804686682484,358.9040624890998,0.04,0.02,0.02,73.10022179925454,False,2026-06-09 14:15:00+00:00,29451.947968755452,SL,-71.98,0.2,7166.22
273,XAUUSD,-1,SELL,2026-06-09 19:10:00+00:00,4258.72,4289.58664758973,4289.58664758973,4215.506693374378,4190.813375302595,30.866647589729645,43.2133066256215,67.90662469740522,0.02,0.01,0.01,71.6621744132332,False,2026-06-09 22:00:00+00:00,4255.05,EOD,7.24,0.1,7173.46
274,NAS100,-1,SELL,2026-06-10 07:40:00+00:00,28930.7,29174.72365062115,29174.72365062115,28564.664524068277,28442.6526987577,244.0236506211487,366.03547593172306,488.0473012422974,0.03,0.01,0.02,71.7345744132332,False,2026-06-10 14:20:00+00:00,29174.72365062115,SL,-73.36,0.15,7100.1
274,XAUUSD,-1,SELL,2026-06-10 11:00:00+00:00,4161.3,4161.3,4193.681567035592,4115.965806150172,4090.060552521699,32.3815670355916,45.33419384982824,71.23944747830153,0.02,0.01,0.01,71.7345744132332,True,2026-06-10 19:10:00+00:00,4090.060552521699,FULL_TP2,116.47,0.1,7216.57
275,NAS100,-1,SELL,2026-06-10 15:05:00+00:00,28809.1,29104.52796218551,29104.52796218551,28365.95805672173,28218.244075628972,295.42796218551285,443.1419432782693,590.8559243710257,0.02,0.01,0.01,71.00100346136976,False,2026-06-10 22:00:00+00:00,28373.1,EOD,87.1,0.1,7303.67
277,NAS100,1,BUY,2026-06-11 11:50:00+00:00,28887.0,28673.589971468286,28673.589971468286,29207.11504279757,29313.82005706343,213.4100285317138,320.1150427975707,426.8200570634276,0.03,0.01,0.02,73.03673987465106,False,2026-06-11 12:30:00+00:00,28673.589971468286,SL,-64.17,0.15,7239.5
278,XAUUSD,-1,SELL,2026-06-11 14:05:00+00:00,4062.77,4100.1932029757345,4100.1932029757345,4010.3775158339718,3980.4389534533843,37.42320297573446,52.39248416602825,82.33104654661582,0.02,0.01,0.01,72.39500978905592,False,2026-06-11 16:10:00+00:00,4100.1932029757345,SL,-74.95,0.1,7164.55
279,XAUUSD,-1,SELL,2026-06-11 16:50:00+00:00,4079.63,4117.425108688261,4117.425108688261,4026.716847836435,3996.4807608858264,37.795108688260854,52.913152163565194,83.14923911417388,0.02,0.01,0.01,71.64554572954123,False,2026-06-11 17:30:00+00:00,4117.425108688261,SL,-75.69,0.1,7088.86
278,NAS100,1,BUY,2026-06-11 15:40:00+00:00,28813.4,28813.4,28545.229828069183,29215.65525789623,29349.740343861635,268.17017193081733,402.255257896226,536.3403438616347,0.03,0.01,0.02,72.39500978905592,True,2026-06-11 19:10:00+00:00,29349.740343861635,FULL_TP2,147.34,0.15,7236.21
281,XAUUSD,1,BUY,2026-06-12 07:55:00+00:00,4194.33,4154.916369368869,4154.916369368869,4249.509082883584,4281.039987388489,39.41363063113132,55.179082883583845,86.70998738848891,0.02,0.01,0.01,72.3620795013955,False,2026-06-14 22:00:00+00:00,4300.36,EOD,211.96,0.1,7448.17
281,NAS100,1,BUY,2026-06-12 14:15:00+00:00,29604.1,29351.431940942955,29351.431940942955,29983.102088585565,30109.436118114085,252.6680590570432,379.0020885855648,505.3361181140864,0.03,0.01,0.02,72.3620795013955,False,2026-06-14 22:00:00+00:00,30060.1,EOD,136.65,0.15,7584.82
283,NAS100,1,BUY,2026-06-15 11:00:00+00:00,30319.2,30319.2,30152.877553081216,30568.683670378177,30651.844893837566,166.3224469187832,249.48367037817482,332.6448938375664,0.05,0.03,0.02,75.84817950139549,True,2026-06-15 16:30:00+00:00,30651.844893837566,FULL_TP2,141.12,0.25,7725.94
283,XAUUSD,1,BUY,2026-06-15 07:25:00+00:00,4316.66,4316.66,4283.468333846458,4363.128332614959,4389.681665537792,33.19166615354173,46.46833261495842,73.02166553779182,0.02,0.01,0.01,75.84817950139549,True,2026-06-15 19:50:00+00:00,4316.66,TP1_THEN_BE,46.37,0.1,7772.31
284,NAS100,1,BUY,2026-06-15 18:10:00+00:00,30606.4,30449.32276408263,30449.32276408263,30842.01585387606,30920.554471834745,157.0772359173723,235.61585387605845,314.1544718347446,0.05,0.03,0.02,77.25942030020515,False,2026-06-15 22:00:00+00:00,30588.2,EOD,-9.35,0.25,7762.96
286,NAS100,1,BUY,2026-06-16 06:10:00+00:00,30567.2,30450.389654346756,30450.389654346756,30742.415518479866,30800.820691306486,116.81034565324344,175.21551847986518,233.6206913064869,0.07,0.04,0.03,77.62960362635474,False,2026-06-16 14:20:00+00:00,30450.389654346756,SL,-82.12,0.35,7680.84
286,XAUUSD,1,BUY,2026-06-16 07:00:00+00:00,4326.79,4304.287644455749,4304.287644455749,4358.293297761951,4376.295182197352,22.502355544251003,31.5032977619514,49.50518219735221,0.03,0.01,0.02,77.62960362635474,False,2026-06-16 22:00:00+00:00,4331.71,EOD,14.61,0.15,7695.45
288,NAS100,-1,SELL,2026-06-17 14:35:00+00:00,30168.8,30168.8,30299.74497625612,29972.38253561582,29906.91004748776,130.94497625611928,196.4174643841789,261.88995251223855,0.06,0.03,0.03,76.95453120678204,True,2026-06-17 18:05:00+00:00,29906.91004748776,FULL_TP2,137.19,0.3,7832.65
289,NAS100,-1,SELL,2026-06-17 18:55:00+00:00,30019.9,30019.9,30166.527986434066,29799.958020348906,29726.64402713187,146.6279864340646,219.94197965109691,293.2559728681292,0.05,0.03,0.02,78.32645345747129,True,2026-06-17 19:35:00+00:00,29726.64402713187,FULL_TP2,124.38,0.25,7957.03
290,NAS100,1,BUY,2026-06-18 12:20:00+00:00,30211.4,30211.4,30054.376820171896,30446.934769742158,30525.446359656213,157.02317982810527,235.5347697421579,314.04635965621054,0.05,0.03,0.02,79.57029134216083,True,2026-06-18 19:45:00+00:00,30525.446359656213,FULL_TP2,133.22,0.25,8090.25
290,XAUUSD,-1,SELL,2026-06-18 14:05:00+00:00,4243.49,4276.124224943276,4276.124224943276,4197.802085079413,4171.694705124793,32.63422494327613,45.68791492058658,71.79529487520749,0.02,0.01,0.01,79.57029134216083,False,2026-06-18 22:00:00+00:00,4205.06,EOD,76.76,0.1,8167.01
292,XAUUSD,-1,SELL,2026-06-19 06:35:00+00:00,4133.67,4162.468477049625,4162.468477049625,4093.3521321305248,4070.3133504908246,28.798477049625156,40.317867869475215,63.35664950917535,0.03,0.01,0.02,81.6700883706997,False,2026-06-19 07:55:00+00:00,4162.468477049625,SL,-86.55,0.15,8080.46
293,XAUUSD,-1,SELL,2026-06-19 10:00:00+00:00,4157.87,4185.390071507037,4185.390071507037,4119.341899890148,4097.325842684518,27.520071507037223,38.52810010985211,60.5441573154819,0.03,0.01,0.02,80.80463405921095,False,2026-06-21 22:00:00+00:00,4156.35,EOD,4.41,0.15,8084.87
293,NAS100,1,BUY,2026-06-19 12:55:00+00:00,30403.6,30276.60139891426,30276.60139891426,30594.097901628607,30657.597202171473,126.99860108573817,190.49790162860725,253.99720217147635,0.06,0.03,0.03,80.80463405921095,False,2026-06-21 22:00:00+00:00,30358.9,EOD,-27.12,0.3,8057.75
295,XAUUSD,1,BUY,2026-06-22 08:55:00+00:00,4197.31,4168.49017508289,4168.49017508289,4237.657754883955,4260.713614817643,28.819824917110456,40.347754883954636,63.40361481764301,0.03,0.01,0.02,80.57753405921096,False,2026-06-22 22:00:00+00:00,4192.93,EOD,-13.29,0.15,8044.46
296,NAS100,-1,SELL,2026-06-23 12:15:00+00:00,29565.1,29749.75939084062,29749.75939084062,29288.110913739067,29195.781218318756,184.6593908406208,276.98908626093123,369.3187816812416,0.04,0.02,0.02,80.44463405921096,False,2026-06-23 14:00:00+00:00,29749.75939084062,SL,-74.06,0.2,7970.4
296,XAUUSD,-1,SELL,2026-06-23 12:00:00+00:00,4122.42,4149.173765961309,4149.173765961309,4084.9647276541673,4063.56171488512,26.753765961309107,37.455272345832746,58.85828511488004,0.03,0.01,0.02,80.44463405921096,False,2026-06-23 22:00:00+00:00,4111.36,EOD,33.03,0.15,8003.43
297,NAS100,-1,SELL,2026-06-23 17:50:00+00:00,29518.4,29735.643179522274,29735.643179522274,29192.535230716592,29083.913640955456,217.2431795222724,325.86476928340863,434.4863590445448,0.04,0.02,0.02,79.70399649584849,False,2026-06-23 22:00:00+00:00,29519.4,EOD,-0.6,0.2,8002.83
299,XAUUSD,-1,SELL,2026-06-24 07:50:00+00:00,4078.77,4078.77,4108.228732150637,4037.5277749891084,4013.9607892685985,29.45873215063696,41.24222501089174,64.80921073140131,0.03,0.01,0.02,80.0282964958485,True,2026-06-24 12:25:00+00:00,4013.9607892685985,FULL_TP2,170.71,0.15,8173.54
299,NAS100,-1,SELL,2026-06-24 11:05:00+00:00,29539.3,29539.3,29721.992845758785,29265.260731361817,29173.914308482425,182.6928457587871,274.0392686381806,365.3856915175742,0.04,0.02,0.02,80.0282964958485,True,2026-06-24 17:25:00+00:00,29173.914308482425,FULL_TP2,127.68,0.2,8301.23
300,XAUUSD,-1,SELL,2026-06-24 14:55:00+00:00,4007.93,4044.99006393542,4044.99006393542,3956.045910490411,3926.397859342075,37.06006393542035,51.88408950958849,81.53214065792478,0.02,0.01,0.01,81.73540296058543,False,2026-06-24 22:00:00+00:00,4006.97,EOD,1.82,0.1,8303.05
302,NAS100,1,BUY,2026-06-25 10:10:00+00:00,29926.2,29732.44079003979,29732.44079003979,30216.83881494032,30313.718419920428,193.75920996021327,290.6388149403199,387.51841992042654,0.04,0.02,0.02,83.03045288089695,False,2026-06-25 13:40:00+00:00,29732.44079003979,SL,-77.7,0.2,8225.34
303,NAS100,-1,SELL,2026-06-25 16:50:00+00:00,29456.0,29754.35213740247,29754.35213740247,29008.471793896293,28859.295725195057,298.3521374024704,447.52820610370566,596.7042748049408,0.03,0.01,0.02,82.25341604105608,False,2026-06-25 22:00:00+00:00,29470.2,EOD,-4.41,0.15,8220.93
304,NAS100,-1,SELL,2026-06-26 12:35:00+00:00,29113.1,29360.476797807398,29360.476797807398,28742.0348032889,28618.346404385204,247.37679780739776,371.06519671109663,494.75359561479553,0.03,0.01,0.02,82.20931604105608,False,2026-06-26 14:10:00+00:00,29360.476797807398,SL,-74.36,0.15,8146.57
304,XAUUSD,1,BUY,2026-06-26 12:55:00+00:00,4058.93,4031.470712778922,4031.470712778922,4097.373002109509,4119.340431886371,27.459287221077794,38.44300210950891,60.41043188637115,0.03,0.01,0.02,82.20931604105608,False,2026-06-28 22:00:00+00:00,4075.69,EOD,50.13,0.15,8196.7
306,XAUUSD,-1,SELL,2026-06-29 16:10:00+00:00,4023.63,4051.257854622179,4051.257854622179,3984.95100352895,3962.8487198312073,27.627854622178628,38.67899647105008,60.78128016879299,0.03,0.01,0.02,81.9669856476339,False,2026-06-29 22:00:00+00:00,4018.43,EOD,15.45,0.15,8212.15
307,XAUUSD,1,BUY,2026-06-30 17:55:00+00:00,4030.73,4002.2181875332412,4002.2181875332412,4070.6465374534623,4093.4559874268693,28.51181246675878,39.91653745346229,62.725987426869324,0.03,0.01,0.02,82.1214856476339,False,2026-06-30 22:00:00+00:00,4014.03,EOD,-50.25,0.15,8161.9
308,NAS100,-1,SELL,2026-07-01 14:30:00+00:00,30019.9,30019.9,30155.354284611516,29816.718573082726,29748.99143077697,135.45428461151596,203.18142691727394,270.9085692230319,0.06,0.03,0.03,81.61898564763392,True,2026-07-01 22:00:00+00:00,29857.1,EOD,109.49,0.3,8271.39
309,NAS100,-1,SELL,2026-07-02 10:05:00+00:00,29725.7,29889.790776361308,29889.790776361308,29479.56383545804,29397.518447277387,164.0907763613066,246.13616454195991,328.1815527226132,0.05,0.03,0.02,82.71392992838575,False,2026-07-02 12:05:00+00:00,29889.790776361308,SL,-82.3,0.25,8189.1
309,XAUUSD,1,BUY,2026-07-02 07:40:00+00:00,4074.41,4074.41,4047.7284754676602,4111.764134345275,4133.109353971146,26.681524532339505,37.354134345275305,58.69935397114692,0.03,0.01,0.02,82.71392992838575,True,2026-07-02 12:35:00+00:00,4133.109353971146,FULL_TP2,154.6,0.15,8343.7
311,NAS100,-1,SELL,2026-07-02 14:25:00+00:00,29720.0,29720.0,29911.31930559286,29433.02104161071,29337.361388814283,191.31930559285942,286.9789583892891,382.63861118571884,0.04,0.02,0.02,83.43700446945492,True,2026-07-02 16:20:00+00:00,29337.361388814283,FULL_TP2,133.72,0.2,8477.42
312,XAUUSD,1,BUY,2026-07-02 18:20:00+00:00,4117.94,4086.6247483553425,4086.6247483553425,4161.78135230252,4186.833553618245,31.315251644657117,43.84135230251996,68.89355361824566,0.03,0.01,0.02,84.77423960860493,False,2026-07-02 22:00:00+00:00,4125.52,EOD,22.59,0.15,8500.01
312,NAS100,-1,SELL,2026-07-02 19:00:00+00:00,29188.6,29437.04686922021,29437.04686922021,28815.929696169685,28691.706261559582,248.44686922020873,372.67030383031306,496.89373844041745,0.03,0.01,0.02,84.77423960860493,False,2026-07-02 22:00:00+00:00,29366.6,EOD,-53.55,0.15,8446.46
314,XAUUSD,1,BUY,2026-07-03 07:05:00+00:00,4180.27,4153.935142828038,4153.935142828038,4217.138800040748,4238.2066857783175,26.33485717196228,36.86880004074719,57.93668577831702,0.03,0.01,0.02,84.46463960860495,False,2026-07-05 22:00:00+00:00,4180.18,EOD,-0.42,0.15,8446.04
314,NAS100,1,BUY,2026-07-03 16:40:00+00:00,29711.4,29586.782077796433,29586.782077796433,29898.326883305355,29960.635844407137,124.61792220356871,186.92688330535307,249.23584440713742,0.07,0.04,0.03,84.46463960860495,False,2026-07-05 22:00:00+00:00,29685.2,EOD,-18.69,0.35,8427.35
316,XAUUSD,-1,SELL,2026-07-06 08:30:00+00:00,4154.28,4177.913097725512,4177.913097725512,4121.193663184283,4102.287185003873,23.633097725512375,33.086336815717324,51.99281499612723,0.04,0.02,0.02,84.27353960860495,False,2026-07-06 22:00:00+00:00,4164.46,EOD,-40.92,0.2,8386.43
317,XAUUSD,-1,SELL,2026-07-07 07:55:00+00:00,4124.68,4144.700091005137,4144.700091005137,4096.651872592808,4080.6357997886976,20.0200910051376,28.02812740719264,44.04420021130273,0.04,0.02,0.02,83.86433960860494,False,2026-07-07 11:25:00+00:00,4144.700091005137,SL,-80.28,0.2,8306.15
317,NAS100,-1,SELL,2026-07-07 07:55:00+00:00,29446.2,29446.2,29592.59921994456,29226.60117008316,29153.40156011088,146.3992199445609,219.59882991684137,292.7984398891218,0.06,0.03,0.03,83.86433960860494,True,2026-07-07 14:10:00+00:00,29153.40156011088,FULL_TP2,153.42,0.3,8459.57
319,XAUUSD,1,BUY,2026-07-07 17:35:00+00:00,4146.03,4123.674975111738,4123.674975111738,4177.327034843566,4195.211054754175,22.3550248882617,31.297034843566376,49.18105475417574,0.04,0.02,0.02,84.59572777781732,False,2026-07-07 19:00:00+00:00,4123.674975111738,SL,-89.62,0.2,8369.95
319,NAS100,-1,SELL,2026-07-07 18:40:00+00:00,29272.1,29442.31424451254,29442.31424451254,29016.778633231184,28931.671510974913,170.2142445125419,255.32136676881288,340.4284890250838,0.05,0.03,0.02,84.59572777781732,False,2026-07-07 22:00:00+00:00,29158.0,EOD,56.8,0.25,8426.75
321,NAS100,-1,SELL,2026-07-08 08:15:00+00:00,29064.9,29064.9,29232.922174051757,28812.866738922366,28728.85565189649,168.02217405175563,252.03326107763343,336.04434810351125,0.05,0.03,0.02,84.26752678228684,True,2026-07-08 09:10:00+00:00,28728.85565189649,FULL_TP2,142.57,0.25,8569.32
322,NAS100,-1,SELL,2026-07-08 11:00:00+00:00,28796.1,28994.961070113593,28994.961070113593,28497.808394829604,28398.37785977281,198.86107011359545,298.29160517039315,397.7221402271909,0.04,0.02,0.02,85.69321526172676,False,2026-07-08 12:45:00+00:00,28994.961070113593,SL,-79.74,0.2,8489.58
323,XAUUSD,-1,SELL,2026-07-08 14:05:00+00:00,4063.63,4063.63,4092.7362095053954,4022.8813066924463,3999.59633908813,29.106209505395444,40.74869330755362,64.03366091186999,0.03,0.01,0.02,84.89577098127238,True,2026-07-08 16:55:00+00:00,4063.63,TP1_THEN_BE,40.6,0.15,8530.18
323,NAS100,-1,SELL,2026-07-08 14:55:00+00:00,29012.9,29226.700681865732,29226.700681865732,28692.198977201402,28585.298636268537,213.80068186573217,320.7010227985983,427.60136373146435,0.04,0.02,0.02,84.89577098127238,False,2026-07-08 17:25:00+00:00,29226.700681865732,SL,-85.72,0.2,8444.46
325,NAS100,1,BUY,2026-07-09 11:35:00+00:00,29471.2,29471.2,29302.510714346106,29724.233928480844,29808.578571307793,168.68928565389538,253.0339284808431,337.37857130779076,0.05,0.03,0.02,84.44455518688497,True,2026-07-09 14:20:00+00:00,29471.2,TP1_THEN_BE,75.66,0.25,8520.12
325,XAUUSD,1,BUY,2026-07-09 11:45:00+00:00,4106.16,4082.296722588055,4082.296722588055,4139.568588376723,4158.6592103062785,23.863277411944697,33.40858837672258,52.499210306278336,0.04,0.02,0.02,84.44455518688497,False,2026-07-09 22:00:00+00:00,4124.98,EOD,75.08,0.2,8595.2
326,NAS100,1,BUY,2026-07-09 15:00:00+00:00,29626.1,29425.66415744583,29425.66415744583,29926.75376383125,30026.971685108332,200.43584255416715,300.6537638312507,400.8716851083343,0.04,0.02,0.02,85.2011569723275,False,2026-07-09 22:00:00+00:00,29749.5,EOD,49.16,0.2,8644.36
328,XAUUSD,-1,SELL,2026-07-10 11:25:00+00:00,4100.15,4100.15,4118.004246380816,4075.154055066857,4060.8706579622035,17.854246380816374,24.995944933142923,39.27934203779603,0.05,0.03,0.02,86.44355697232749,True,2026-07-10 14:40:00+00:00,4100.15,TP1_THEN_BE,74.74,0.25,8719.09
329,XAUUSD,-1,SELL,2026-07-10 14:55:00+00:00,4092.73,4112.028879482016,4112.028879482016,4065.711568725177,4050.272465139564,19.298879482016492,27.018431274823087,42.45753486043628,0.05,0.03,0.02,87.19093532032177,False,2026-07-10 15:55:00+00:00,4112.028879482016,SL,-96.74,0.25,8622.35
330,XAUUSD,-1,SELL,2026-07-10 17:00:00+00:00,4102.89,4124.659543812679,4124.659543812679,4072.41263866225,4054.997003612107,21.769543812678624,30.47736133775007,47.89299638789298,0.04,0.02,0.02,86.22349134622094,False,2026-07-12 22:00:00+00:00,4090.51,EOD,49.32,0.2,8671.67
329,NAS100,1,BUY,2026-07-10 15:15:00+00:00,29737.4,29581.532335757525,29581.532335757525,29971.201496363716,30049.135328484954,155.8676642424764,233.8014963637146,311.7353284849528,0.06,0.03,0.03,87.19093532032177,False,2026-07-12 22:00:00+00:00,29733.6,EOD,-2.58,0.3,8669.09
332,XAUUSD,-1,SELL,2026-07-13 06:45:00+00:00,4056.4,4056.4,4080.928630323354,4022.0599175473044,4002.437013288621,24.52863032335401,34.34008245269561,53.96298671137883,0.04,0.02,0.02,86.69089134622092,True,2026-07-13 14:40:00+00:00,4002.437013288621,FULL_TP2,176.41,0.2,8845.5
332,NAS100,-1,SELL,2026-07-13 12:00:00+00:00,29547.9,29547.9,29680.74542619803,29348.631860702957,29282.209147603942,132.84542619802883,199.26813929704326,265.69085239605766,0.07,0.04,0.03,86.69089134622092,True,2026-07-13 15:00:00+00:00,29547.9,TP1_THEN_BE,79.36,0.35,8924.85
334,XAUUSD,-1,SELL,2026-07-13 19:35:00+00:00,3995.26,4022.0664939803196,4022.0664939803196,3957.7309084275535,3936.285713243298,26.806493980319203,37.52909157244688,58.97428675670225,0.03,0.01,0.02,89.24852528669061,False,2026-07-13 22:00:00+00:00,4001.43,EOD,-18.66,0.15,8906.19
334,NAS100,-1,SELL,2026-07-13 15:45:00+00:00,29455.3,29455.3,29614.811290582024,29216.033064126965,29136.277418835954,159.51129058202275,239.26693587303413,319.0225811640455,0.06,0.03,0.03,89.24852528669061,True,2026-07-13 22:00:00+00:00,29267.8,EOD,127.73,0.3,9033.92
336,NAS100,1,BUY,2026-07-14 12:20:00+00:00,29472.5,29472.5,29322.528886118518,29697.456670822223,29772.442227762964,149.97111388148264,224.95667082222394,299.9422277629653,0.06,0.03,0.03,90.33922609430972,True,2026-07-14 14:05:00+00:00,29472.5,TP1_THEN_BE,67.19,0.3,9101.11
337,NAS100,1,BUY,2026-07-14 14:40:00+00:00,29548.9,29373.546029357294,29373.546029357294,29811.93095596406,29899.607941285416,175.3539706427072,263.0309559640608,350.7079412854144,0.05,0.03,0.02,91.0110961067764,False,2026-07-14 22:00:00+00:00,29610.4,EOD,30.5,0.25,9131.61
338,XAUUSD,-1,SELL,2026-07-15 07:20:00+00:00,4025.89,4047.1169998328364,4047.1169998328364,3996.172200234029,3979.1906003677595,21.226999832836427,29.717799765970994,46.699399632240144,0.04,0.02,0.02,91.3160961067764,False,2026-07-15 12:30:00+00:00,4047.1169998328364,SL,-85.11,0.2,9046.5
339,NAS100,1,BUY,2026-07-15 12:40:00+00:00,29774.5,29650.082260260595,29650.082260260595,29961.12660960911,30023.33547947881,124.41773973940566,186.6266096091085,248.83547947881132,0.07,0.04,0.03,90.46501611346295,False,2026-07-15 13:45:00+00:00,29650.082260260595,SL,-87.44,0.35,8959.06
340,XAUUSD,1,BUY,2026-07-15 17:30:00+00:00,4054.81,4031.4178366352958,4031.4178366352958,4087.5590287105856,4106.272759402349,23.392163364703958,32.74902871058554,51.46275940234871,0.04,0.02,0.02,89.59059193528712,False,2026-07-15 22:00:00+00:00,4061.03,EOD,24.68,0.2,8983.74
340,NAS100,-1,SELL,2026-07-15 19:15:00+00:00,29441.4,29628.594710933237,29628.594710933237,29160.607933600146,29067.010578133526,187.19471093323745,280.79206639985614,374.3894218664749,0.05,0.03,0.02,89.59059193528712,False,2026-07-15 22:00:00+00:00,29560.9,EOD,-60.0,0.25,8923.74
342,XAUUSD,-1,SELL,2026-07-16 08:10:00+00:00,4025.77,4025.77,4045.451125517934,3998.216424274892,3982.4715238605445,19.681125517934284,27.553575725107997,43.298476139455424,0.05,0.03,0.02,89.23739193528712,True,2026-07-16 13:00:00+00:00,3982.4715238605445,FULL_TP2,169.01,0.25,9092.75
343,XAUUSD,-1,SELL,2026-07-16 16:10:00+00:00,3989.74,4015.567553846602,4015.567553846602,3953.581424614757,3932.919381537475,25.8275538466021,36.15857538524294,56.82061846252463,0.04,0.02,0.02,90.92746872982947,False,2026-07-16 22:00:00+00:00,3978.86,EOD,43.32,0.2,9136.07
343,NAS100,-1,SELL,2026-07-16 15:05:00+00:00,29218.8,29218.8,29397.933650655887,28950.09952401617,28860.532698688225,179.13365065588707,268.7004759838306,358.26730131177413,0.05,0.03,0.02,90.92746872982947,True,2026-07-16 22:00:00+00:00,29045.1,EOD,115.1,0.25,9251.17
345,NAS100,-1,SELL,2026-07-17 12:00:00+00:00,28535.2,28535.2,28700.456716670687,28287.31492499397,28204.686566658627,165.25671667068684,247.88507500603026,330.5134333413737,0.06,0.03,0.03,92.51167015778094,True,2026-07-17 14:00:00+00:00,28535.2,TP1_THEN_BE,74.07,0.3,9325.23
346,NAS100,1,BUY,2026-07-20 15:40:00+00:00,28873.1,28690.582171216876,28690.582171216876,29146.876743174682,29238.135657566247,182.5178287831234,273.7767431746851,365.0356575662468,0.05,0.03,0.02,93.25232538279903,False,2026-07-20 19:00:00+00:00,28690.582171216876,SL,-91.51,0.25,9233.72
347,XAUUSD,1,BUY,2026-07-21 10:15:00+00:00,4067.37,4046.703196145145,4046.703196145145,4096.303525396796,4112.83696848068,20.666803854854916,28.93352539679688,45.46696848068082,0.04,0.02,0.02,92.33723623888342,False,2026-07-21 13:40:00+00:00,4046.703196145145,SL,-82.87,0.2,9150.86
348,XAUUSD,1,BUY,2026-07-21 14:10:00+00:00,4065.83,4045.795514189439,4045.795514189439,4093.878280134785,4109.905868783234,20.034485810560987,28.04828013478538,44.07586878323418,0.05,0.03,0.02,91.50856408468923,False,2026-07-21 22:00:00+00:00,4078.59,EOD,63.55,0.25,9214.41
347,NAS100,1,BUY,2026-07-21 08:00:00+00:00,28982.3,28827.67594302603,28827.67594302603,29214.236085460947,29291.54811394793,154.6240569739658,231.93608546094868,309.2481139479316,0.06,0.03,0.03,92.33723623888342,False,2026-07-21 22:00:00+00:00,29145.2,EOD,97.44,0.3,9311.85
350,NAS100,-1,SELL,2026-07-22 11:20:00+00:00,28973.5,29085.176491626502,29085.176491626502,28805.985262560243,28750.147016746992,111.67649162650352,167.51473743975527,223.35298325300704,0.08,0.04,0.04,93.11846408468924,False,2026-07-22 13:50:00+00:00,29085.176491626502,SL,-89.74,0.4,9222.11
350,XAUUSD,1,BUY,2026-07-22 10:20:00+00:00,4121.41,4121.41,4102.5758764700995,4147.77777294186,4162.84507176578,18.83412352990004,26.367772941860053,41.435071765780094,0.05,0.03,0.02,93.11846408468924,True,2026-07-22 14:00:00+00:00,4162.84507176578,FULL_TP2,161.72,0.25,9383.83
352,NAS100,-1,SELL,2026-07-23 10:05:00+00:00,28904.7,28904.7,29054.525673193017,28679.961490210477,28605.04865361397,149.82567319301637,224.73850978952456,299.65134638603274,0.06,0.03,0.03,93.83828677524862,True,2026-07-23 13:05:00+00:00,28605.04865361397,FULL_TP2,157.02,0.3,9540.85
353,NAS100,-1,SELL,2026-07-23 17:35:00+00:00,28446.1,28639.37644901215,28639.37644901215,28156.18532648177,28059.54710197569,193.27644901215342,289.91467351823013,386.55289802430684,0.05,0.03,0.02,95.40845634377528,False,2026-07-23 22:00:00+00:00,28517.3,EOD,-35.85,0.25,9505.0
354,NAS100,-1,SELL,2026-07-24 06:05:00+00:00,28375.0,28537.469086704274,28537.469086704274,28131.29636994359,28050.061826591453,162.4690867042735,243.70363005641025,324.938173408547,0.06,0.03,0.03,95.04995634377529,False,2026-07-24 09:05:00+00:00,28537.469086704274,SL,-97.78,0.3,9407.21
355,NAS100,-1,SELL,2026-07-24 17:00:00+00:00,28336.3,28528.85341612008,28528.85341612008,28047.46987581988,27951.193167759837,192.55341612008036,288.83012418012055,385.1068322401607,0.05,0.03,0.02,94.07214182354964,False,2026-07-26 22:00:00+00:00,28481.2,EOD,-72.7,0.25,9334.51
356,XAUUSD,1,BUY,2026-07-27 10:35:00+00:00,4097.98,4079.0419144229113,4079.0419144229113,4124.493319807923,4139.643788269594,18.938085577088327,26.513319807923654,41.66378826959432,0.05,0.03,0.02,93.34514182354964,False,2026-07-27 13:25:00+00:00,4079.0419144229113,SL,-94.94,0.25,9239.57
356,NAS100,1,BUY,2026-07-27 08:25:00+00:00,28587.1,28423.51134725032,28423.51134725032,28832.482979124514,28914.277305499352,163.58865274967758,245.38297912451637,327.17730549935516,0.06,0.03,0.03,93.34514182354964,False,2026-07-27 13:30:00+00:00,28423.51134725032,SL,-98.45,0.3,9141.12
358,NAS100,-1,SELL,2026-07-27 18:30:00+00:00,27907.9,28113.724807582807,28113.724807582807,27599.162788625796,27496.250384834395,205.8248075828035,308.73721137420523,411.649615165607,0.04,0.02,0.02,91.41120562819715,False,2026-07-27 19:30:00+00:00,28113.724807582807,SL,-82.53,0.2,9058.59
359,XAUUSD,-1,SELL,2026-07-27 20:25:00+00:00,4078.67,4097.337550744849,4097.337550744849,4052.535428957211,4037.601388361332,18.66755074484919,26.134571042788867,41.06861163866822,0.05,0.03,0.02,90.58590639786593,False,2026-07-27 22:00:00+00:00,4080.5,EOD,-9.4,0.25,9049.19
360,NAS100,-1,SELL,2026-07-28 08:05:00+00:00,27767.0,27767.0,27937.316450573464,27511.525324139802,27426.36709885307,170.31645057346572,255.47467586019857,340.63290114693143,0.05,0.03,0.02,90.49190639786593,True,2026-07-28 15:15:00+00:00,27767.0,TP1_THEN_BE,76.39,0.25,9125.58
360,XAUUSD,-1,SELL,2026-07-28 08:10:00+00:00,4044.36,4044.36,4060.5659349202133,4021.6716911117014,4008.706943175531,16.205934920213366,22.68830888829871,35.65305682446941,0.06,0.03,0.03,90.49190639786593,True,2026-07-28 15:45:00+00:00,4044.36,TP1_THEN_BE,67.76,0.3,9193.35
362,XAUUSD,-1,SELL,2026-07-28 17:15:00+00:00,4035.4,4055.089627290837,4055.089627290837,4007.834521792828,3992.0828199601583,19.689627290837098,27.565478207171935,43.31718003984162,0.05,0.03,0.02,91.9334796920955,False,2026-07-28 22:00:00+00:00,4026.36,EOD,44.95,0.25,9238.3
362,NAS100,-1,SELL,2026-07-28 19:55:00+00:00,27791.1,27998.886300705166,27998.886300705166,27479.42054894225,27375.527398589667,207.78630070516562,311.67945105774845,415.57260141033123,0.04,0.02,0.02,91.9334796920955,False,2026-07-28 22:00:00+00:00,27867.6,EOD,-30.8,0.2,9207.5
364,NAS100,-1,SELL,2026-07-29 08:20:00+00:00,27704.5,27928.482202813015,27928.482202813015,27368.526695780474,27256.535594373967,223.9822028130163,335.97330421952444,447.9644056260326,0.04,0.02,0.02,92.07497969209551,False,2026-07-29 09:50:00+00:00,27928.482202813015,SL,-89.79,0.2,9117.71
365,NAS100,-1,SELL,2026-07-29 19:30:00+00:00,27481.6,27481.6,27747.94630279569,27082.08054580646,26948.907394408612,266.34630279569313,399.5194541935397,532.6926055913863,0.03,0.01,0.02,91.17705088084345,True,2026-07-29 22:00:00+00:00,27230.6,EOD,90.0,0.15,9207.71
366,XAUUSD,1,BUY,2026-07-30 12:35:00+00:00,4077.93,4077.93,4049.5208889125593,4117.702755522417,4140.430044392369,28.409111087440568,39.772755522416794,62.500044392369254,0.03,0.01,0.02,92.07707033503699,True,2026-07-30 22:00:00+00:00,4103.28,EOD,90.32,0.15,9298.03
367,NAS100,1,BUY,2026-07-31 07:35:00+00:00,28438.3,28247.924034956643,28247.924034956643,28723.863947565038,28819.051930086716,190.37596504335835,285.56394756503755,380.7519300867167,0.05,0.03,0.02,92.98029789026116,False,2026-07-31 13:45:00+00:00,28247.924034956643,SL,-95.44,0.25,9202.59
367,XAUUSD,-1,SELL,2026-07-31 11:35:00+00:00,4053.15,4053.15,4074.340944641394,4023.482677502049,4006.5299217889337,21.190944641393873,29.66732249795142,46.62007821106653,0.04,0.02,0.02,92.98029789026116,True,2026-07-31 17:25:00+00:00,4053.15,TP1_THEN_BE,59.13,0.2,9261.73
369,XAUUSD,-1,SELL,2026-07-31 20:05:00+00:00,4047.04,4067.9719636504897,4067.9719636504897,4017.735250889314,4000.9896799689222,20.93196365048991,29.30474911068587,46.0503200310778,0.04,0.02,0.02,92.61726451500341,False,2026-08-02 22:00:00+00:00,4075.13,EOD,-112.56,0.2,9149.17
370,XAUUSD,-1,SELL,2026-08-03 17:05:00+00:00,4034.8,4056.029424269475,4056.029424269475,4005.078806022736,3988.095266607156,21.22942426947455,29.721193977264367,46.70473339284401,0.04,0.02,0.02,91.4916645150034,False,2026-08-03 20:30:00+00:00,4056.029424269475,SL,-85.12,0.2,9064.05
370,NAS100,1,BUY,2026-08-03 20:10:00+00:00,28801.4,28631.153482712656,28631.153482712656,29056.769775931018,29141.89303457469,170.24651728734406,255.36977593101608,340.4930345746881,0.05,0.03,0.02,91.4916645150034,False,2026-08-03 22:00:00+00:00,28821.2,EOD,9.65,0.25,9073.7
372,XAUUSD,1,BUY,2026-08-04 15:40:00+00:00,4084.01,4061.255732540698,4061.255732540698,4115.865974443023,4134.069388410465,22.75426745930225,31.855974443023147,50.05938841046495,0.04,0.02,0.02,90.73698754422442,False,2026-08-04 22:00:00+00:00,4078.32,EOD,-22.96,0.2,9050.74
373,XAUUSD,1,BUY,2026-08-05 11:00:00+00:00,4163.97,4163.97,4140.561279804687,4196.742208273439,4215.469184429689,23.408720195313453,32.772208273438835,51.4991844296896,0.04,0.02,0.02,90.5073875442244,True,2026-08-05 14:05:00+00:00,4215.469184429689,FULL_TP2,168.34,0.2,9219.08
373,NAS100,1,BUY,2026-08-05 11:00:00+00:00,29790.6,29664.998003360237,29664.998003360237,29979.002994959643,30041.803993279525,125.6019966397626,188.4029949596439,251.2039932795252,0.07,0.04,0.03,90.5073875442244,False,2026-08-05 15:15:00+00:00,29664.998003360237,SL,-88.27,0.35,9130.81
375,XAUUSD,1,BUY,2026-08-05 16:35:00+00:00,4243.57,4213.2210337294755,4213.2210337294755,4286.058552778733,4310.337725795153,30.34896627052431,42.48855277873403,66.7677257951535,0.03,0.01,0.02,91.30810142180864,False,2026-08-05 22:00:00+00:00,4249.1,EOD,16.44,0.15,9147.25
376,NAS100,-1,SELL,2026-08-06 06:00:00+00:00,29446.5,29446.5,29583.854681008117,29240.467978487828,29171.79063798377,137.3546810081157,206.03202151217357,274.7093620162314,0.07,0.04,0.03,91.47250142180867,True,2026-08-06 13:30:00+00:00,29171.79063798377,FULL_TP2,164.48,0.35,9311.73
377,NAS100,-1,SELL,2026-08-06 15:55:00+00:00,29411.6,29573.841713653077,29573.841713653077,29168.23742952038,29087.11657269384,162.24171365307777,243.36257047961664,324.48342730615553,0.06,0.03,0.03,93.11725759390605,False,2026-08-06 22:00:00+00:00,29417.7,EOD,-3.96,0.3,9307.77
378,NAS100,1,BUY,2026-08-07 11:05:00+00:00,29537.0,29537.0,29424.8535368902,29705.219694664695,29761.292926219594,112.14646310979737,168.21969466469605,224.29292621959473,0.08,0.04,0.04,93.07765759390604,True,2026-08-07 12:50:00+00:00,29761.292926219594,FULL_TP2,156.61,0.4,9464.37
378,XAUUSD,1,BUY,2026-08-07 12:30:00+00:00,4359.81,4334.575555091695,4334.575555091695,4395.1382228716275,4415.325778798272,25.234444908305363,35.3282228716275,55.5157787982718,0.04,0.02,0.02,93.07765759390604,False,2026-08-07 14:00:00+00:00,4334.575555091695,SL,-101.14,0.2,9363.23
380,XAUUSD,1,BUY,2026-08-07 14:20:00+00:00,4351.25,4320.004585767839,4320.004585767839,4394.993579925026,4419.989911310755,31.245414232161263,43.74357992502576,68.73991131075478,0.03,0.01,0.02,93.632330281111,False,2026-08-09 22:00:00+00:00,4340.11,EOD,-33.57,0.15,9329.66
380,NAS100,1,BUY,2026-08-07 15:05:00+00:00,29654.5,29502.961907723893,29502.961907723893,29881.807138414162,29957.576184552214,151.53809227610702,227.30713841416053,303.07618455221404,0.06,0.03,0.03,93.632330281111,False,2026-08-09 22:00:00+00:00,29770.8,EOD,69.48,0.3,9399.14
382,NAS100,1,BUY,2026-08-10 07:15:00+00:00,29835.7,29718.70649745082,29718.70649745082,30011.190253823766,30069.687005098356,116.9935025491778,175.4902538237667,233.9870050983556,0.08,0.04,0.04,93.99143028111096,False,2026-08-10 12:20:00+00:00,29718.70649745082,SL,-93.99,0.4,9305.15
383,NAS100,1,BUY,2026-08-10 14:05:00+00:00,29779.6,29664.413037077138,29664.413037077138,29952.38044438429,30009.973925845716,115.18696292285942,172.78044438428913,230.37392584571884,0.08,0.04,0.04,93.05148226071755,False,2026-08-10 15:25:00+00:00,29664.413037077138,SL,-92.55,0.4,9212.6
383,XAUUSD,1,BUY,2026-08-10 14:25:00+00:00,4345.39,4345.39,4322.061494027667,4378.049908361266,4396.712713139133,23.32850597233279,32.6599083612659,51.32271313913214,0.04,0.02,0.02,93.05148226071755,True,2026-08-10 22:00:00+00:00,4389.68,EOD,153.7,0.2,9366.3
384,NAS100,-1,SELL,2026-08-10 19:50:00+00:00,29641.6,29760.396717150066,29760.396717150066,29463.4049242749,29404.006565699867,118.7967171500665,178.19507572509974,237.593434300133,0.08,0.04,0.04,92.12598655733467,False,2026-08-10 22:00:00+00:00,29680.8,EOD,-31.76,0.4,9334.54
386,XAUUSD,1,BUY,2026-08-11 14:50:00+00:00,4395.16,4370.15015235064,4370.15015235064,4430.173786709103,4450.181664828591,25.00984764935988,35.01378670910383,55.02166482859174,0.04,0.02,0.02,93.34538472455999,False,2026-08-11 15:40:00+00:00,4370.15015235064,SL,-100.24,0.2,9234.3
387,XAUUSD,-1,SELL,2026-08-11 20:15:00+00:00,4368.17,4392.17654191368,4392.17654191368,4334.560841320848,4315.355607789905,24.00654191367958,33.60915867915141,52.81439221009508,0.04,0.02,0.02,92.3429908185856,False,2026-08-11 22:00:00+00:00,4372.45,EOD,-17.32,0.2,9216.98
388,NAS100,1,BUY,2026-08-12 14:20:00+00:00,29832.8,29735.956180869394,29735.956180869394,29978.065728695907,30026.48763826121,96.84381913060511,145.26572869590768,193.68763826121022,0.1,0.05,0.05,92.16979081858561,False,2026-08-12 15:30:00+00:00,29735.956180869394,SL,-97.34,0.5,9119.64
388,XAUUSD,1,BUY,2026-08-12 06:50:00+00:00,4401.2,4401.2,4378.843694411977,4432.498827823232,4450.383872293651,22.35630558802307,31.298827823232294,49.18387229365076,0.04,0.02,0.02,92.16979081858561,True,2026-08-12 16:55:00+00:00,4401.2,TP1_THEN_BE,62.4,0.2,9182.03
389,NAS100,1,BUY,2026-08-12 16:35:00+00:00,29796.3,29695.323339627183,29695.323339627183,29947.764990559226,29998.253320745633,100.97666037281753,151.4649905592263,201.95332074563507,0.09,0.04,0.05,91.19635262727955,False,2026-08-12 22:00:00+00:00,29723.2,EOD,-66.24,0.45,9115.79
391,NAS100,1,BUY,2026-08-13 11:30:00+00:00,29785.0,29785.0,29709.410012984226,29898.38498052366,29936.179974031547,75.58998701577275,113.38498052365912,151.1799740315455,0.12,0.06,0.06,91.15792918374422,True,2026-08-13 13:35:00+00:00,29936.179974031547,FULL_TP2,158.14,0.6,9273.93
392,XAUUSD,-1,SELL,2026-08-13 17:30:00+00:00,4361.07,4388.786194642848,4388.786194642848,4322.267327500012,4300.094371785733,27.71619464284878,38.80267249998829,60.975628214267324,0.03,0.01,0.02,92.73931891107544,False,2026-08-13 22:00:00+00:00,4352.93,EOD,24.27,0.15,9298.2
392,NAS100,1,BUY,2026-08-13 16:25:00+00:00,30099.6,29988.247046898152,29988.247046898152,30266.629429652767,30322.30590620369,111.35295310184566,167.0294296527685,222.7059062036913,0.08,0.04,0.04,92.73931891107544,False,2026-08-13 22:00:00+00:00,30115.0,EOD,11.92,0.4,9310.12
394,NAS100,1,BUY,2026-08-14 12:30:00+00:00,30187.0,30115.284036914723,30115.284036914723,30294.573944627915,30330.431926170553,71.71596308527636,107.57394462791453,143.4319261705527,0.13,0.07,0.06,93.10121891107545,False,2026-08-14 13:35:00+00:00,30115.284036914723,SL,-93.88,0.65,9216.24
395,NAS100,1,BUY,2026-08-17 10:25:00+00:00,30260.5,30189.235241993774,30189.235241993774,30367.39713700934,30403.02951601245,71.26475800622542,106.89713700933814,142.52951601245084,0.13,0.07,0.06,92.16241139096687,False,2026-08-17 12:00:00+00:00,30189.235241993774,SL,-93.29,0.65,9122.95
395,XAUUSD,1,BUY,2026-08-17 10:25:00+00:00,4405.1,4384.586063177092,4384.586063177092,4433.819511552072,4450.230661010399,20.513936822908164,28.719511552071427,45.130661010397965,0.04,0.02,0.02,92.16241139096687,False,2026-08-17 12:25:00+00:00,4384.586063177092,SL,-82.26,0.2,9040.69
397,NAS100,1,BUY,2026-08-17 15:00:00+00:00,30193.4,30109.223597804477,30109.223597804477,30319.664603293288,30361.75280439105,84.17640219552389,126.26460329328583,168.35280439104778,0.11,0.06,0.05,90.40691206396961,False,2026-08-17 16:40:00+00:00,30109.223597804477,SL,-93.14,0.55,8947.55
398,XAUUSD,1,BUY,2026-08-17 19:30:00+00:00,4416.31,4393.8973395545545,4393.8973395545545,4447.6877246236245,4465.617852979981,22.412660445445727,31.377724623624015,49.3078529799806,0.04,0.02,0.02,89.47547163981885,False,2026-08-17 22:00:00+00:00,4416.13,EOD,-0.92,0.2,8946.63
399,NAS100,-1,SELL,2026-08-18 07:20:00+00:00,29786.6,29786.6,29885.135233333487,29638.79714999977,29589.529533333025,98.53523333348731,147.80285000023096,197.07046666697462,0.09,0.04,0.05,89.46627163981883,True,2026-08-18 13:30:00+00:00,29589.529533333025,FULL_TP2,157.21,0.45,9103.83
399,XAUUSD,-1,SELL,2026-08-18 08:05:00+00:00,4390.81,4390.81,4411.1639061366195,4362.314531408734,4346.031406499439,20.35390613661878,28.495468591266288,44.778593500561314,0.04,0.02,0.02,89.46627163981883,True,2026-08-18 19:45:00+00:00,4346.031406499439,FULL_TP2,146.35,0.2,9250.18
400,NAS100,-1,SELL,2026-08-18 17:20:00+00:00,29527.7,29648.738099249866,29648.738099249866,29346.1428511252,29285.62380150027,121.03809924986574,181.5571488747986,242.07619849973148,0.08,0.04,0.04,91.03833537315462,False,2026-08-18 22:00:00+00:00,29498.8,EOD,22.72,0.4,9272.9
402,XAUUSD,1,BUY,2026-08-19 18:50:00+00:00,4494.28,4465.576075944432,4465.576075944432,4534.465493677795,4557.42863292225,28.703924055567978,40.185493677795165,63.148632922249554,0.03,0.01,0.02,92.72901661499118,False,2026-08-19 22:00:00+00:00,4521.26,EOD,80.79,0.15,9353.69
402,NAS100,-1,SELL,2026-08-19 19:45:00+00:00,29441.3,29595.204769752447,29595.204769752447,29210.44284537133,29133.490460495104,153.90476975244727,230.8571546286709,307.80953950489453,0.06,0.03,0.03,92.72901661499118,False,2026-08-19 22:00:00+00:00,29534.5,EOD,-56.22,0.3,9297.47
404,NAS100,1,BUY,2026-08-20 06:05:00+00:00,29585.9,29463.467587602434,29463.467587602434,29769.54861859635,29830.764824795133,122.43241239756594,183.6486185963489,244.86482479513188,0.08,0.04,0.04,92.97471661499118,False,2026-08-20 08:10:00+00:00,29463.467587602434,SL,-98.35,0.4,9199.13
405,NAS100,-1,SELL,2026-08-20 10:35:00+00:00,29455.9,29455.9,29582.058592005596,29266.66211199161,29203.58281598881,126.15859200559414,189.23788800839122,252.3171840111883,0.07,0.04,0.03,91.99125731581066,True,2026-08-20 12:10:00+00:00,29203.58281598881,FULL_TP2,151.04,0.35,9350.17
406,XAUUSD,1,BUY,2026-08-20 17:30:00+00:00,4518.15,4489.7089422549725,4489.7089422549725,4557.967480843038,4580.720327039059,28.441057745027255,39.817480843038155,62.57032703905997,0.03,0.01,0.02,93.5016604198778,False,2026-08-20 22:00:00+00:00,4519.63,EOD,4.29,0.15,9354.46
406,NAS100,-1,SELL,2026-08-20 14:15:00+00:00,29246.0,29392.43169789337,29392.43169789337,29026.352453159943,28953.136604213258,146.4316978933718,219.6475468400577,292.8633957867436,0.06,0.03,0.03,93.5016604198778,False,2026-08-20 22:00:00+00:00,29210.1,EOD,21.24,0.3,9375.7
408,XAUUSD,1,BUY,2026-08-21 14:00:00+00:00,4588.48,4588.48,4560.15930069667,4628.128979024662,4650.785538467326,28.320699303329967,39.64897902466195,62.30553846732593,0.03,0.01,0.02,93.75696041987781,True,2026-08-23 22:00:00+00:00,4609.46,EOD,81.46,0.15,9457.16
408,NAS100,-1,SELL,2026-08-21 20:10:00+00:00,29312.0,29430.77938016353,29430.77938016353,29133.830929754706,29074.44123967294,118.7793801635306,178.1690702452959,237.5587603270612,0.08,0.04,0.04,93.75696041987781,False,2026-08-23 22:00:00+00:00,29261.6,EOD,39.92,0.4,9497.08
410,NAS100,-1,SELL,2026-08-24 10:45:00+00:00,29137.4,29137.4,29259.118742240928,28954.82188663861,28893.962515518146,121.71874224092743,182.57811336139113,243.43748448185485,0.08,0.04,0.04,94.97075021012446,True,2026-08-24 13:45:00+00:00,28893.962515518146,FULL_TP2,170.01,0.4,9667.08
410,XAUUSD,1,BUY,2026-08-24 06:00:00+00:00,4644.88,4615.893259203594,4615.893259203594,4685.461437114968,4708.650829752093,28.98674079640595,40.58143711496833,63.77082975209309,0.03,0.01,0.02,94.97075021012446,False,2026-08-24 22:00:00+00:00,4655.61,EOD,32.04,0.15,9699.12
411,NAS100,-1,SELL,2026-08-24 17:30:00+00:00,29068.1,29218.617901638707,29218.617901638707,28842.323147541938,28767.064196722582,150.51790163870746,225.77685245806117,301.0358032774149,0.06,0.03,0.03,96.67081260149745,False,2026-08-24 22:00:00+00:00,29068.4,EOD,-0.48,0.3,9698.64
413,NAS100,1,BUY,2026-08-25 08:20:00+00:00,29258.1,29142.01914983165,29142.01914983165,29432.22127525252,29490.261700336694,116.08085016834828,174.12127525252242,232.16170033669655,0.08,0.04,0.04,96.98641260149742,False,2026-08-25 14:30:00+00:00,29142.01914983165,SL,-93.26,0.4,9605.38
413,XAUUSD,-1,SELL,2026-08-25 07:05:00+00:00,4641.08,4671.521887271215,4671.521887271215,4598.461357820299,4574.1078480033275,30.44188727121491,42.61864217970087,66.9721519966728,0.03,0.01,0.02,96.98641260149742,False,2026-08-25 22:00:00+00:00,4661.34,EOD,-60.93,0.15,9544.45
414,NAS100,1,BUY,2026-08-25 18:45:00+00:00,29211.8,29086.574701421607,29086.574701421607,29399.637947867588,29462.250597156784,125.22529857839184,187.83794786758776,250.4505971567837,0.08,0.04,0.04,96.05376580015063,False,2026-08-25 22:00:00+00:00,29247.5,EOD,28.16,0.4,9572.61
416,NAS100,-1,SELL,2026-08-26 10:10:00+00:00,29143.4,29246.75087379843,29246.75087379843,28988.37368930236,28936.698252403145,103.35087379842868,155.02631069764303,206.70174759685736,0.09,0.04,0.05,95.72606580015064,False,2026-08-26 13:40:00+00:00,29246.75087379843,SL,-93.47,0.45,9479.14
416,XAUUSD,-1,SELL,2026-08-26 12:50:00+00:00,4616.25,4616.25,4638.799984283837,4584.680022002629,4566.640034575559,22.54998428383678,31.56997799737149,49.609965424440915,0.04,0.02,0.02,95.72606580015064,True,2026-08-26 22:00:00+00:00,4603.32,EOD,88.8,0.2,9567.94
418,NAS100,1,BUY,2026-08-27 11:05:00+00:00,29556.5,29433.226936927487,29433.226936927487,29741.40959460877,29803.046126145025,123.27306307251209,184.90959460876815,246.54612614502418,0.08,0.04,0.04,95.6794074959122,False,2026-08-27 13:30:00+00:00,29433.226936927487,SL,-99.02,0.4,9468.92
418,XAUUSD,-1,SELL,2026-08-27 12:40:00+00:00,4587.64,4612.658875641934,4612.658875641934,4552.613574101292,4532.5984735877455,25.018875641934066,35.02642589870769,55.04152641225495,0.04,0.02,0.02,95.6794074959122,False,2026-08-27 16:00:00+00:00,4612.658875641934,SL,-100.28,0.2,9368.65
419,NAS100,1,BUY,2026-08-27 14:15:00+00:00,29525.7,29392.396093451054,29392.396093451054,29725.65585982342,29792.307813097894,133.30390654894646,199.9558598234197,266.6078130978929,0.07,0.04,0.03,94.6892229913321,False,2026-08-27 22:00:00+00:00,29566.4,EOD,28.14,0.35,9396.79
421,XAUUSD,-1,SELL,2026-08-31 08:30:00+00:00,4435.93,4469.7973722224515,4469.7973722224515,4388.515678888568,4361.421781110607,33.867372222451486,47.41432111143208,74.50821888939328,0.03,0.01,0.02,93.96786796565475,False,2026-08-31 22:00:00+00:00,4454.39,EOD,-55.53,0.15,9341.26
422,XAUUSD,-1,SELL,2026-09-01 06:25:00+00:00,4428.98,4428.98,4453.98592034576,4393.971711515936,4373.966975239327,25.005920345760057,35.008288484064074,55.01302476067213,0.04,0.02,0.02,93.41256796565474,True,2026-09-01 08:30:00+00:00,4373.966975239327,FULL_TP2,179.84,0.2,9521.1
423,XAUUSD,-1,SELL,2026-09-01 10:50:00+00:00,4375.74,4375.74,4403.492967070888,4336.885846100756,4314.683472444045,27.752967070888506,38.854153899243904,61.056527555954716,0.03,0.01,0.02,95.21099423054947,True,2026-09-01 22:00:00+00:00,4331.23,EOD,127.72,0.15,9648.82
423,NAS100,-1,SELL,2026-09-01 16:30:00+00:00,29096.6,29223.223139635167,29223.223139635167,28906.665290547244,28843.353720729658,126.6231396351701,189.93470945275516,253.2462792703402,0.08,0.04,0.04,95.21099423054947,False,2026-09-01 22:00:00+00:00,29086.5,EOD,7.68,0.4,9656.5
425,NAS100,-1,SELL,2026-09-02 06:05:00+00:00,29015.8,29120.562935212252,29120.562935212252,28858.65559718162,28806.27412957549,104.76293521225422,157.14440281838134,209.52587042450844,0.09,0.04,0.05,96.56503576954191,False,2026-09-02 14:15:00+00:00,29120.562935212252,SL,-94.74,0.45,9561.77
426,XAUUSD,1,BUY,2026-09-02 17:40:00+00:00,4376.44,4348.051136369492,4348.051136369492,4416.184409082711,4438.895499987117,28.38886363050776,39.74440908271086,62.45549998711708,0.03,0.01,0.02,95.61766935263162,False,2026-09-02 22:00:00+00:00,4391.2,EOD,44.13,0.15,9605.9
426,NAS100,1,BUY,2026-09-02 18:00:00+00:00,29123.9,28999.222354408845,28999.222354408845,29310.916468386735,29373.25529118231,124.6776455911553,187.01646838673295,249.3552911823106,0.08,0.04,0.04,95.61766935263162,False,2026-09-02 22:00:00+00:00,29129.8,EOD,4.32,0.4,9610.22
428,XAUUSD,1,BUY,2026-09-03 07:50:00+00:00,4430.39,4430.39,4406.6106028330305,4463.681156033758,4482.7046737673345,23.779397166969968,33.29115603375795,52.314673767333936,0.04,0.02,0.02,96.1021693526316,True,2026-09-03 12:50:00+00:00,4482.7046737673345,FULL_TP2,171.01,0.2,9781.23
428,NAS100,1,BUY,2026-09-03 07:00:00+00:00,29172.6,29172.6,29066.7892104676,29331.316184298597,29384.2215790648,105.81078953240014,158.7161842986002,211.62157906480027,0.09,0.04,0.05,96.1021693526316,True,2026-09-03 15:00:00+00:00,29384.2215790648,FULL_TP2,168.85,0.45,9950.08
430,XAUUSD,1,BUY,2026-09-03 17:30:00+00:00,4491.71,4462.504719609292,4462.504719609292,4532.597392546991,4555.961616859558,29.20528039070792,40.88739254699109,64.25161685955743,0.03,0.01,0.02,99.50075858117185,False,2026-09-03 22:00:00+00:00,4475.88,EOD,-47.64,0.15,9902.44
431,NAS100,1,BUY,2026-09-04 07:20:00+00:00,29583.8,29496.10486154394,29496.10486154394,29715.342707684093,29759.190276912122,87.69513845606104,131.54270768409157,175.3902769121221,0.11,0.06,0.05,99.02435858117185,False,2026-09-04 12:30:00+00:00,29496.10486154394,SL,-97.01,0.55,9805.42
432,XAUUSD,-1,SELL,2026-09-04 17:00:00+00:00,4431.32,4464.864610505757,4464.864610505757,4384.3575452919395,4357.521856887333,33.544610505757326,46.96245470806026,73.79814311266612,0.03,0.01,0.02,98.05421205815519,False,2026-09-06 22:00:00+00:00,4422.24,EOD,27.09,0.15,9832.51
433,XAUUSD,-1,SELL,2026-09-07 07:25:00+00:00,4395.11,4422.045876523453,4422.045876523453,4357.399772867164,4335.851071648401,26.93587652345398,37.71022713283557,59.25892835159876,0.04,0.02,0.02,98.3251120581552,False,2026-09-07 08:15:00+00:00,4422.045876523453,SL,-107.94,0.2,9724.57
434,NAS100,1,BUY,2026-09-07 16:15:00+00:00,29584.0,29500.675279952644,29500.675279952644,29708.987080071034,29750.64944009471,83.32472004735492,124.98708007103238,166.64944009470983,0.12,0.06,0.06,97.24567699721703,False,2026-09-07 22:00:00+00:00,29570.2,EOD,-17.16,0.6,9707.41
435,NAS100,-1,SELL,2026-09-08 11:10:00+00:00,29526.4,29630.773495666737,29630.773495666737,29369.839756499896,29317.653008666526,104.37349566673761,156.56024350010642,208.74699133347522,0.09,0.04,0.05,97.07407699721703,False,2026-09-08 12:55:00+00:00,29630.773495666737,SL,-94.39,0.45,9613.02
435,XAUUSD,-1,SELL,2026-09-08 10:35:00+00:00,4394.85,4394.85,4417.194566707873,4363.56760660898,4345.691953242682,22.344566707871866,31.282393391020612,49.15804675731811,0.04,0.02,0.02,97.07407699721703,True,2026-09-08 20:45:00+00:00,4345.691953242682,FULL_TP2,160.68,0.2,9773.7
