trade_id,symbol,direction,entry_time,entry_price,sl_price,tp1_price,tp2_price,current_sl,sl_dist,tp1_dist,tp2_dist,total_lots,part_lots,run_lots,tp1_hit,tp2_hit,be_hit,starting_balance,exit_time,exit_price,exit_reason,duration_m,partial_pnl,runner_pnl,commission,net_pnl,ending_balance,return_pct
1,XAUUSD,BUY,2026-01-02 06:35:00+00:00,4379.87,4355.990387839949,4413.30145702407,4432.405146752111,4355.990387839949,23.879612160050513,33.43145702407072,52.53514675211113,0.02,0.01,0.01,False,False,False,5000.0,2026-01-02 13:30:00+00:00,4355.990387839949,SL,415.0,-23.88,-23.88,0.1,-47.86,4952.14,-0.9572
2,NAS100,BUY,2026-01-02 07:00:00+00:00,25484.5,25422.226715443347,25577.90992683498,25609.046569113307,25484.5,62.27328455665272,93.40992683497907,124.54656911330544,0.08,0.04,0.04,True,True,True,5000.0,2026-01-02 13:50:00+00:00,25609.046569113307,FULL_TP2,410.0,37.36,49.82,0.4,86.78,5038.92,1.7356
3,XAUUSD,SELL,2026-01-02 18:55:00+00:00,4317.75,4341.643805382644,4284.298672464298,4265.183628158183,4341.643805382644,23.893805382644256,33.45132753570196,52.566371841817364,0.02,0.01,0.01,False,False,False,5038.923374059213,2026-01-04 22:00:00+00:00,4356.58,EOD_EXIT,3065.0,-38.83,-38.83,0.1,-77.76,4961.16,-1.543186792645326
4,NAS100,BUY,2026-01-05 12:50:00+00:00,25410.5,25328.254634244448,25533.86804863333,25574.990731511105,25410.5,82.24536575555234,123.36804863332851,164.49073151110468,0.06,0.03,0.03,True,False,True,4961.163374059212,2026-01-05 17:15:00+00:00,25410.5,TP1_THEN_BE,265.0,37.01,0.0,0.3,36.71,4997.87,0.7399474121724793
5,XAUUSD,BUY,2026-01-05 16:15:00+00:00,4445.48,4421.63044669522,4478.869374626692,4497.9490172705155,4421.63044669522,23.849553304779914,33.389374626691875,52.46901727051581,0.02,0.01,0.01,False,False,False,4961.163374059212,2026-01-05 22:00:00+00:00,4454.49,EOD_EXIT,345.0,9.01,9.01,0.1,17.92,5015.79,0.36120560136559055
6,NAS100,BUY,2026-01-05 19:40:00+00:00,25442.899999999998,25346.586915451328,25587.369626823,25635.52616909734,25346.586915451328,96.31308454866954,144.46962682300432,192.62616909733907,0.05,0.03,0.02,False,False,False,4997.873788649211,2026-01-05 22:00:00+00:00,25433.7,EOD_EXIT,140.0,-2.76,-1.84,0.25,-4.85,5010.94,-0.09704126604827336
7,XAUUSD,BUY,2026-01-06 07:20:00+00:00,4469.43,4448.327135428496,4498.974010400107,4515.85630205731,4448.327135428496,21.102864571504423,29.54401040010619,46.426302057309734,0.02,0.01,0.01,False,False,False,5010.943788649212,2026-01-06 08:45:00+00:00,4448.327135428496,SL,85.0,-21.1,-21.1,0.1,-42.31,4968.64,-0.8443519182123056
8,XAUUSD,BUY,2026-01-06 10:30:00+00:00,4460.86,4439.138382848544,4491.270264012038,4508.647557733203,4460.86,21.72161715145595,30.410264012038326,47.78755773320309,0.02,0.01,0.01,True,False,True,4968.638059506204,2026-01-06 22:00:00+00:00,4498.49,EOD_EXIT,690.0,30.41,37.63,0.1,67.94,5036.58,1.3673767174490479
9,NAS100,BUY,2026-01-06 16:10:00+00:00,25559.5,25474.01846985124,25687.722295223142,25730.463060297523,25474.01846985124,85.48153014876142,128.22229522314214,170.96306029752284,0.06,0.03,0.03,False,False,False,4968.638059506204,2026-01-06 22:00:00+00:00,25681.8,EOD_EXIT,350.0,36.69,36.69,0.3,73.08,5109.66,1.4708255889192878
10,XAUUSD,SELL,2026-01-07 08:40:00+00:00,4461.08,4483.347175228151,4429.9059546805875,4412.092214498066,4461.08,22.26717522815168,31.174045319412347,48.9877855019337,0.02,0.01,0.01,True,False,True,5109.6583235182425,2026-01-07 15:20:00+00:00,4461.08,TP1_THEN_BE,400.0,31.17,0.0,0.1,31.07,5140.73,0.608064141138244
12,NAS100,BUY,2026-01-07 17:40:00+00:00,25818.3,25747.353337238907,25924.71999414164,25960.193325522185,25747.353337238907,70.94666276109295,106.41999414163942,141.8933255221859,0.07,0.04,0.03,False,False,False,5140.732368837655,2026-01-07 18:15:00+00:00,25747.353337238907,SL,35.0,-28.38,-21.28,0.35,-50.01,5090.72,-0.9728185871560457
11,XAUUSD,SELL,2026-01-07 16:55:00+00:00,4451.57,4475.406760744263,4418.198534958031,4399.12912636262,4475.406760744263,23.836760744263433,33.371465041968804,52.44087363737955,0.02,0.01,0.01,False,False,False,5140.732368837655,2026-01-07 22:00:00+00:00,4461.96,EOD_EXIT,305.0,-10.39,-10.39,0.1,-20.88,5069.84,-0.40616780843467776
14,NAS100,SELL,2026-01-08 08:40:00+00:00,25606.2,25680.187389670227,25495.21891549466,25458.225220659544,25606.2,73.98738967022746,110.98108450534119,147.97477934045492,0.07,0.04,0.03,True,True,True,5069.839704904888,2026-01-08 13:45:00+00:00,25458.225220659544,FULL_TP2,305.0,44.39,44.39,0.35,88.43,5158.27,1.7442366060301109
13,XAUUSD,SELL,2026-01-08 07:00:00+00:00,4425.33,4445.621801764896,4396.921477529146,4380.688036117229,4445.621801764896,20.29180176489593,28.408522470854297,44.64196388277105,0.02,0.01,0.01,False,False,False,5069.839704904888,2026-01-08 14:10:00+00:00,4445.621801764896,SL,430.0,-20.29,-20.29,0.1,-40.68,5117.59,-0.8023922326507397
15,NAS100,SELL,2026-01-08 17:10:00+00:00,25472.2,25570.444590151248,25324.83311477313,25275.71081969751,25570.444590151248,98.24459015124637,147.36688522686956,196.48918030249274,0.05,0.03,0.02,False,False,False,5117.590968979369,2026-01-08 20:35:00+00:00,25570.444590151248,SL,205.0,-29.47,-19.65,0.25,-49.37,5068.22,-0.9647117227472782
16,XAUUSD,BUY,2026-01-08 19:00:00+00:00,4457.7,4437.2912906505035,4486.272193089295,4502.599160568891,4437.2912906505035,20.40870934949622,28.572193089294707,44.89916056889169,0.03,0.01,0.02,False,False,False,5117.590968979369,2026-01-08 22:00:00+00:00,4477.26,EOD_EXIT,180.0,19.56,39.12,0.15,58.53,5126.75,1.1437021902450515
17,NAS100,SELL,2026-01-09 06:20:00+00:00,25509.5,25584.06045441667,25397.659318374994,25360.37909116666,25584.06045441667,74.56045441667038,111.84068162500557,149.12090883334076,0.07,0.04,0.03,False,False,False,5126.748673903748,2026-01-09 09:20:00+00:00,25584.06045441667,SL,180.0,-29.82,-22.37,0.35,-52.54,5074.21,-1.0248210579824186
19,NAS100,BUY,2026-01-09 11:55:00+00:00,25600.699999999997,25531.62711068727,25704.30933396909,25738.845778625455,25531.62711068727,69.0728893127283,103.60933396909243,138.1457786254566,0.07,0.04,0.03,False,False,False,5074.206355812078,2026-01-09 13:30:00+00:00,25531.62711068727,SL,95.0,-27.63,-20.72,0.35,-48.7,5025.51,-0.9597560009402897
18,XAUUSD,BUY,2026-01-09 07:05:00+00:00,4474.12,4456.388238940056,4498.944465483922,4513.129874331877,4474.12,17.731761059943878,24.82446548392143,39.00987433187653,0.03,0.01,0.02,True,True,True,5126.748673903748,2026-01-09 14:35:00+00:00,4513.129874331877,FULL_TP2,450.0,24.82,78.02,0.15,102.69,5128.2,2.0030238759842893
20,NAS100,SELL,2026-01-12 07:15:00+00:00,25546.2,25630.614356146878,25419.578465779683,25377.371287706243,25630.614356146878,84.41435614687835,126.62153422031753,168.8287122937567,0.06,0.03,0.03,False,False,False,5128.199547440843,2026-01-12 13:30:00+00:00,25630.614356146878,SL,375.0,-25.32,-25.32,0.3,-50.95,5077.25,-0.9935260812037997
21,XAUUSD,BUY,2026-01-12 11:55:00+00:00,4590.83,4568.506529063386,4622.08285931126,4639.941636060551,4590.83,22.32347093661423,31.25285931125992,49.111636060551305,0.02,0.01,0.01,True,False,True,5128.199547440843,2026-01-12 20:15:00+00:00,4590.83,TP1_THEN_BE,500.0,31.25,0.0,0.1,31.15,5108.4,0.6074256610303898
22,NAS100,BUY,2026-01-13 07:20:00+00:00,25781.0,25716.90222016387,25877.146669754195,25909.19555967226,25781.0,64.09777983613002,96.14666975419502,128.19555967226003,0.08,0.04,0.04,True,False,True,5108.403793063976,2026-01-13 14:00:00+00:00,25781.0,TP1_THEN_BE,400.0,38.46,0.0,0.4,38.06,5146.46,0.7450468197458593
23,XAUUSD,BUY,2026-01-13 10:40:00+00:00,4590.05,4569.704679151897,4618.533449187345,4634.809705865827,4590.05,20.34532084810293,28.4834491873441,44.75970586582645,0.03,0.01,0.02,True,False,True,5108.403793063976,2026-01-13 16:55:00+00:00,4590.05,TP1_THEN_BE,375.0,28.48,0.0,0.15,28.33,5174.8,0.5545763637257013
24,NAS100,BUY,2026-01-13 15:30:00+00:00,25805.199999999997,25718.419686931902,25935.370469602138,25978.760626136183,25718.419686931902,86.78031306809321,130.1704696021398,173.56062613618641,0.06,0.03,0.03,False,False,False,5146.462460965654,2026-01-13 16:55:00+00:00,25718.419686931902,SL,85.0,-26.03,-26.03,0.3,-52.37,5122.43,-1.0175921887551003
25,XAUUSD,BUY,2026-01-14 07:50:00+00:00,4635.0599999999995,4613.723593165604,4664.930969568153,4682.000095035669,4613.723593165604,21.336406834395383,29.870969568153534,46.94009503566985,0.02,0.01,0.01,False,False,False,5122.427722312142,2026-01-14 13:40:00+00:00,4613.723593165604,SL,350.0,-21.34,-21.34,0.1,-42.77,5079.65,-0.8349556561570116
26,NAS100,BUY,2026-01-15 11:40:00+00:00,25695.6,25598.061612006844,25841.907581989726,25890.676775986303,25598.061612006844,97.53838799315287,146.3075819897293,195.07677598630573,0.05,0.03,0.02,False,False,False,5079.654908643351,2026-01-15 19:00:00+00:00,25598.061612006844,SL,440.0,-29.26,-19.51,0.25,-49.02,5030.64,-0.9650261854715644
27,NAS100,BUY,2026-01-16 08:00:00+00:00,25699.5,25626.276840314695,25809.334739527956,25845.94631937061,25626.276840314695,73.22315968530482,109.83473952795723,146.44631937060964,0.07,0.04,0.03,False,False,False,5030.635714646774,2026-01-16 13:55:00+00:00,25626.276840314695,SL,355.0,-29.29,-21.97,0.35,-51.61,4979.03,-1.0259140778120086
28,XAUUSD,SELL,2026-01-16 10:00:00+00:00,4600.91,4619.246484433868,4575.238921792584,4560.56973424549,4619.246484433868,18.336484433868307,25.67107820741563,40.34026575451028,0.03,0.01,0.02,False,False,False,5030.635714646774,2026-01-16 14:05:00+00:00,4619.246484433868,SL,245.0,-18.34,-36.67,0.15,-55.16,4923.87,-1.0964816999052585
29,XAUUSD,SELL,2026-01-16 14:25:00+00:00,4564.24,4584.168254943662,4536.340443078873,4520.397839123943,4584.168254943662,19.92825494366189,27.899556921126646,43.84216087605616,0.02,0.01,0.01,False,False,False,4923.870049565456,2026-01-16 15:05:00+00:00,4584.168254943662,SL,40.0,-19.93,-19.93,0.1,-39.96,4883.91,-0.811556755108242
31,XAUUSD,SELL,2026-01-16 16:20:00+00:00,4583.95,4611.374582068769,4545.5555851037225,4523.615919448706,4611.374582068769,27.424582068769706,38.39441489627759,60.334080551293354,0.02,0.01,0.01,False,False,False,4883.913539678132,2026-01-18 22:00:00+00:00,4648.77,EOD_EXIT,3220.0,-64.82,-64.82,0.1,-129.74,4754.17,-2.6564761834123365
30,NAS100,SELL,2026-01-16 16:05:00+00:00,25568.9,25663.45315220231,25427.070271696535,25379.79369559538,25663.45315220231,94.55315220230996,141.82972830346495,189.10630440461992,0.05,0.03,0.02,False,False,False,4883.913539678132,2026-01-19 22:00:00+00:00,25265.1,EOD_EXIT,4675.0,91.14,60.76,0.25,151.65,4905.82,3.105091823758909
32,XAUUSD,BUY,2026-01-19 08:15:00+00:00,4671.67,4646.433057686611,4707.001719238744,4727.191273089455,4646.433057686611,25.23694231338835,35.33171923874369,55.521273089454375,0.02,0.01,0.01,False,False,False,4754.1735396781305,2026-01-19 22:00:00+00:00,4668.65,EOD_EXIT,825.0,-3.02,-3.02,0.1,-6.14,4899.68,-0.12914968182704778
34,NAS100,SELL,2026-01-20 12:40:00+00:00,25086.300000000003,25198.955993964235,24917.316009053655,24860.988012071542,25198.955993964235,112.65599396423089,168.98399094634632,225.31198792846178,0.04,0.02,0.02,False,False,False,4899.683539678131,2026-01-20 13:30:00+00:00,25198.955993964235,SL,50.0,-22.53,-22.53,0.2,-45.26,4854.42,-0.9237331275271139
33,XAUUSD,BUY,2026-01-20 10:40:00+00:00,4732.49,4714.266298648909,4758.003181891528,4772.582142972401,4732.49,18.22370135109134,25.513181891527875,40.09214297240095,0.03,0.01,0.02,True,False,True,4899.683539678131,2026-01-20 22:00:00+00:00,4762.13,EOD_EXIT,680.0,25.51,59.28,0.15,84.64,4939.06,1.72745850450497
35,NAS100,SELL,2026-01-21 07:00:00+00:00,25081.300000000003,25180.561700331997,24932.40744950201,24882.77659933601,25081.300000000003,99.26170033199483,148.89255049799226,198.52340066398966,0.05,0.03,0.02,True,False,True,4939.064323983967,2026-01-21 13:10:00+00:00,25081.300000000003,TP1_THEN_BE,370.0,44.67,0.0,0.25,44.42,4983.48,0.8993606295892451
36,XAUUSD,BUY,2026-01-21 07:10:00+00:00,4858.74,4829.3379139727,4899.902920438219,4923.424589260058,4829.3379139727,29.402086027299514,41.16292043821932,64.68458926005894,0.02,0.01,0.01,False,False,False,4939.064323983967,2026-01-21 14:15:00+00:00,4829.3379139727,SL,425.0,-29.4,-29.4,0.1,-58.9,4924.58,-1.192533567825451
37,NAS100,BUY,2026-01-21 17:50:00+00:00,25167.3,25015.528373148903,25394.95744027664,25470.843253702187,25167.3,151.77162685109485,227.65744027664226,303.5432537021897,0.03,0.01,0.02,True,True,True,4924.5779170787655,2026-01-21 18:45:00+00:00,25470.843253702187,FULL_TP2,55.0,22.77,60.71,0.15,83.32,5007.9,1.691921651011768
39,NAS100,BUY,2026-01-22 11:55:00+00:00,25574.8,25456.91404041047,25751.628939384293,25810.57191917906,25456.91404041047,117.88595958952963,176.82893938429444,235.77191917905927,0.04,0.02,0.02,False,False,False,5007.902311846868,2026-01-22 13:45:00+00:00,25456.91404041047,SL,110.0,-23.58,-23.58,0.2,-47.35,4960.55,-0.945505663878211
38,XAUUSD,BUY,2026-01-22 11:20:00+00:00,4830.89,4799.1298742829185,4875.354176003914,4900.7622765775795,4830.89,31.760125717081458,44.46417600391404,69.87227657757921,0.02,0.01,0.01,True,True,True,5007.902311846868,2026-01-22 16:45:00+00:00,4900.7622765775795,FULL_TP2,325.0,44.46,69.87,0.1,114.24,5074.78,2.281194657686311
40,NAS100,BUY,2026-01-23 06:20:00+00:00,25609.1,25523.02823515839,25738.207647262418,25781.243529683223,25523.02823515839,86.07176484161195,129.1076472624179,172.1435296832239,0.06,0.03,0.03,False,False,False,5074.7843805925495,2026-01-23 07:20:00+00:00,25523.02823515839,SL,60.0,-25.82,-25.82,0.3,-51.94,5022.84,-1.0234917605294456
41,NAS100,SELL,2026-01-23 12:25:00+00:00,25454.300000000003,25542.622350594167,25321.816474108757,25277.655298811675,25542.622350594167,88.3223505941637,132.48352589124553,176.6447011883274,0.06,0.03,0.03,False,False,False,5022.841321687582,2026-01-23 13:55:00+00:00,25542.622350594167,SL,90.0,-26.5,-26.5,0.3,-53.29,4969.55,-1.0609532849446166
42,NAS100,BUY,2026-01-23 18:20:00+00:00,25656.399999999998,25547.181913882996,25820.2271291755,25874.836172234,25547.181913882996,109.21808611700146,163.8271291755022,218.43617223400292,0.05,0.03,0.02,False,False,False,4969.547911331084,2026-01-25 22:00:00+00:00,25352.1,EOD_EXIT,3100.0,-91.29,-60.86,0.25,-152.4,4817.15,-3.066677346092433
43,XAUUSD,BUY,2026-01-23 18:25:00+00:00,4977.6,4946.737088208928,5020.808076507502,5045.49840594036,4946.737088208928,30.86291179107258,43.20807650750161,67.89840594035968,0.02,0.01,0.01,False,False,False,4969.547911331084,2026-01-25 22:00:00+00:00,5013.49,EOD_EXIT,3095.0,35.89,35.89,0.1,71.68,4888.83,1.4423847255111917
44,XAUUSD,BUY,2026-01-26 08:15:00+00:00,5093.76,5059.862975004367,5141.215834993886,5168.333454990393,5059.862975004367,33.89702499563327,47.45583499388657,74.57345499039319,0.01,0.01,0.0,False,False,False,4888.827911331083,2026-01-26 12:30:00+00:00,5059.862975004367,SL,255.0,-33.9,-0.0,0.05,-33.95,4854.88,-0.6944404797172831
45,XAUUSD,BUY,2026-01-26 16:00:00+00:00,5095.3,5061.045947608413,5143.2556733482215,5170.658915261491,5061.045947608413,34.25405239158644,47.95567334822101,75.35891526149018,0.01,0.01,0.0,False,False,False,4854.88088633545,2026-01-26 17:40:00+00:00,5061.045947608413,SL,100.0,-34.25,-0.0,0.05,-34.3,4820.58,-0.7065054901046243
46,NAS100,BUY,2026-01-26 17:20:00+00:00,25804.199999999997,25699.604603801414,25961.09309429787,26013.39079239716,25699.604603801414,104.59539619858157,156.89309429787235,209.19079239716314,0.05,0.03,0.02,False,False,False,4854.88088633545,2026-01-26 22:00:00+00:00,25739.2,EOD_EXIT,280.0,-19.5,-13.0,0.25,-32.75,4787.83,-0.6745788571698673
47,XAUUSD,BUY,2026-01-27 08:25:00+00:00,5088.46,5049.31111068315,5143.26844504359,5174.58755649707,5049.31111068315,39.148889316850116,54.80844504359016,86.12755649707026,0.01,0.01,0.0,False,False,False,4787.8268339438655,2026-01-27 13:15:00+00:00,5049.31111068315,SL,290.0,-39.15,-0.0,0.05,-39.2,4748.63,-0.8187430615093879
48,NAS100,BUY,2026-01-27 12:10:00+00:00,25914.199999999997,25847.77249878593,26013.8412518211,26047.055002428137,25847.77249878593,66.42750121406944,99.64125182110416,132.85500242813887,0.07,0.04,0.03,False,False,False,4787.8268339438655,2026-01-27 13:35:00+00:00,25847.77249878593,SL,85.0,-26.57,-19.93,0.35,-46.85,4701.78,-0.9785232763192557
49,XAUUSD,BUY,2026-01-27 14:30:00+00:00,5078.04,5041.672079673359,5128.955088457297,5158.049424718611,5078.04,36.36792032664119,50.915088457297664,80.00942471861063,0.01,0.01,0.0,True,True,True,4701.778693777167,2026-01-27 19:45:00+00:00,5158.049424718611,FULL_TP2,315.0,50.92,0.0,0.05,50.87,4752.64,1.081930973640396
50,NAS100,BUY,2026-01-27 16:25:00+00:00,25980.699999999997,25906.145952150793,26092.531071773803,26129.808095698405,25906.145952150793,74.5540478492044,111.8310717738066,149.1080956984088,0.06,0.03,0.03,False,False,False,4701.778693777167,2026-01-27 22:00:00+00:00,26035.1,EOD_EXIT,335.0,16.32,16.32,0.3,32.34,4784.98,0.6878248021924595
51,XAUUSD,BUY,2026-01-28 11:40:00+00:00,5269.86,5232.451822510474,5322.231448485336,5352.157990476956,5269.86,37.40817748952568,52.37144848533595,82.2979904769565,0.01,0.01,0.0,True,False,True,4784.983782234466,2026-01-28 17:35:00+00:00,5269.86,TP1_THEN_BE,355.0,52.37,0.0,0.05,52.32,4837.31,1.0934206338222505
52,XAUUSD,BUY,2026-01-28 18:35:00+00:00,5301.48,5258.399415700416,5361.792818019417,5396.2572854590835,5301.48,43.08058429958368,60.31281801941714,94.7772854590841,0.01,0.01,0.0,True,True,True,4837.305230719802,2026-01-28 20:05:00+00:00,5396.2572854590835,FULL_TP2,90.0,60.31,0.0,0.05,60.26,4897.57,1.2457349107786853
53,NAS100,SELL,2026-01-28 19:55:00+00:00,26042.9,26127.38171943244,25916.17742085134,25873.936561135124,26042.9,84.48171943243892,126.72257914865838,168.96343886487784,0.06,0.03,0.03,True,False,True,4837.305230719802,2026-01-28 20:05:00+00:00,26042.9,TP1_THEN_BE,10.0,38.02,0.0,0.3,37.72,4935.28,0.779772997586658
54,XAUUSD,SELL,2026-01-29 18:10:00+00:00,5305.97,5408.74364015011,5162.0869037898465,5079.867991669758,5408.74364015011,102.77364015011007,143.8830962101541,226.10200833024217,0.01,0.01,0.0,False,False,False,4935.284822483817,2026-01-29 20:25:00+00:00,5408.74364015011,SL,135.0,-102.77,-0.0,0.05,-102.82,4832.46,-2.0833650680418687
55,NAS100,SELL,2026-01-30 08:10:00+00:00,25613.300000000003,25757.45181700032,25397.072274499526,25324.996365999366,25757.45181700032,144.15181700031917,216.22772550047875,288.30363400063834,0.03,0.01,0.02,False,False,False,4832.461182333707,2026-01-30 10:50:00+00:00,25757.45181700032,SL,160.0,-14.42,-28.83,0.15,-43.4,4789.07,-0.8980930909214492
56,XAUUSD,SELL,2026-01-30 11:45:00+00:00,5065.46,5183.975538598921,4899.53824596151,4804.725815082374,5065.46,118.51553859892121,165.9217540384897,260.7341849176267,0.01,0.01,0.0,True,True,True,4789.065637233612,2026-01-30 16:50:00+00:00,4804.725815082374,FULL_TP2,305.0,165.92,0.0,0.05,165.87,4954.94,3.463514859984552
57,NAS100,SELL,2026-01-30 14:25:00+00:00,25688.600000000002,25837.925201380738,25464.6121979289,25389.94959723853,25837.925201380738,149.32520138073525,223.98780207110286,298.6504027614705,0.03,0.01,0.02,False,False,False,4789.065637233612,2026-02-01 22:00:00+00:00,25400.0,EOD_EXIT,3335.0,28.86,57.72,0.15,86.43,5041.37,1.804736175007324
58,XAUUSD,SELL,2026-01-30 19:40:00+00:00,4861.05,5002.588718706445,4662.895793810977,4549.66481884582,5002.588718706445,141.53871870644525,198.15420618902334,311.3851811541796,0.01,0.01,0.0,False,False,False,4954.937391272101,2026-02-01 22:00:00+00:00,4827.79,EOD_EXIT,3020.0,33.26,0.0,0.05,33.21,5074.58,0.6702405576001408
59,XAUUSD,SELL,2026-02-02 19:55:00+00:00,4652.9400000000005,4791.208791633281,4459.363691713407,4348.748658406783,4791.208791633281,138.26879163328067,193.57630828659293,304.1913415932175,0.01,0.01,0.0,False,False,False,5074.5773912721015,2026-02-02 22:00:00+00:00,4700.63,EOD_EXIT,125.0,-47.69,-0.0,0.05,-47.74,5026.84,-0.9407679954218311
61,NAS100,BUY,2026-02-03 11:15:00+00:00,25885.0,25783.75675252202,26036.864871216974,26087.486494955963,25783.75675252202,101.24324747798188,151.86487121697283,202.48649495596376,0.05,0.03,0.02,False,False,False,5026.837391272102,2026-02-03 13:30:00+00:00,25783.75675252202,SL,135.0,-30.37,-20.25,0.25,-50.87,4975.97,-1.0119682822508553
60,XAUUSD,BUY,2026-02-03 08:45:00+00:00,4923.42,4818.195662248239,5070.734072852465,5154.913543053874,4818.195662248239,105.22433775176057,147.3140728524648,231.49354305387328,0.01,0.01,0.0,False,False,False,5026.837391272102,2026-02-03 22:00:00+00:00,4957.09,EOD_EXIT,795.0,33.67,0.0,0.05,33.62,5009.59,0.6688101759243907
62,XAUUSD,BUY,2026-02-04 06:20:00+00:00,5081.57,5012.940070448172,5177.651901372557,5232.55584501402,5012.940070448172,68.62992955182716,96.08190137255802,150.98584501401976,0.01,0.01,0.0,False,False,False,5009.585767533111,2026-02-04 13:30:00+00:00,5012.940070448172,SL,430.0,-68.63,-0.0,0.05,-68.68,4940.91,-1.3709716369188016
63,NAS100,SELL,2026-02-04 07:20:00+00:00,25348.100000000002,25466.453649692558,25170.569525461167,25111.392700614888,25348.100000000002,118.35364969255664,177.53047453883497,236.7072993851133,0.04,0.02,0.02,True,True,True,5009.585767533111,2026-02-04 13:55:00+00:00,25111.392700614888,FULL_TP2,395.0,35.51,47.34,0.2,82.65,5023.55,1.6498370091924717
64,NAS100,SELL,2026-02-04 20:00:00+00:00,24820.600000000002,25006.11424471551,24542.32863292674,24449.571510568985,25006.11424471551,185.51424471550803,278.271367073262,371.02848943101606,0.03,0.01,0.02,False,False,False,5023.553392766074,2026-02-04 20:30:00+00:00,25006.11424471551,SL,30.0,-18.55,-37.1,0.15,-55.8,4967.75,-1.1107675312131071
65,NAS100,SELL,2026-02-05 07:50:00+00:00,24935.2,25102.953560128502,24683.569659807246,24599.692879742997,24935.2,167.75356012850241,251.63034019275364,335.50712025700483,0.03,0.01,0.02,True,True,True,4967.7491193514215,2026-02-05 13:30:00+00:00,24599.692879742997,FULL_TP2,340.0,25.16,67.1,0.15,92.11,5059.86,1.85415965635611
66,XAUUSD,SELL,2026-02-05 10:45:00+00:00,4871.2300000000005,4947.426740135637,4764.554563810109,4703.597171701599,4871.2300000000005,76.19674013563682,106.67543618989154,167.632828298401,0.01,0.01,0.0,True,False,True,4967.7491193514215,2026-02-05 22:00:00+00:00,4776.57,EOD_EXIT,675.0,106.68,0.0,0.05,106.63,5166.49,2.1464449479671264
67,NAS100,SELL,2026-02-05 14:00:00+00:00,24616.0,24813.73241096467,24319.401383552995,24220.535178070662,24813.73241096467,197.73241096466944,296.59861644700413,395.4648219293389,0.03,0.01,0.02,False,False,False,5059.8635774220975,2026-02-05 22:00:00+00:00,24367.8,EOD_EXIT,480.0,24.82,49.64,0.15,74.31,5240.8,1.4686166704490384
68,NAS100,BUY,2026-02-06 12:20:00+00:00,24764.5,24571.460811661134,25054.0587825083,25150.578376677735,24764.5,193.03918833886684,289.5587825083003,386.0783766777337,0.03,0.01,0.02,True,False,True,5240.79901361199,2026-02-08 22:00:00+00:00,25165.2,EOD_EXIT,3460.0,28.96,80.14,0.15,108.95,5349.74,2.0788814781300116
69,XAUUSD,BUY,2026-02-06 20:35:00+00:00,4962.7,4906.886582651762,5040.838784287533,5085.489518166123,4906.886582651762,55.81341734823768,78.13878428753274,122.7895181661229,0.01,0.01,0.0,False,False,False,5240.79901361199,2026-02-08 22:00:00+00:00,4987.35,EOD_EXIT,2965.0,24.65,0.0,0.05,24.6,5374.34,0.4693940739972307
70,XAUUSD,BUY,2026-02-09 07:20:00+00:00,5026.29,4973.854935371335,5099.6990904801305,5141.647142183062,4973.854935371335,52.43506462866467,73.40909048013053,115.35714218306228,0.01,0.01,0.0,False,False,False,5374.34489186282,2026-02-09 22:00:00+00:00,5055.91,EOD_EXIT,880.0,29.62,0.0,0.05,29.57,5403.91,0.5502065943845789
71,NAS100,BUY,2026-02-10 06:20:00+00:00,25263.1,25155.637264506102,25424.29410324084,25478.02547098779,25155.637264506102,107.46273549389613,161.19410324084419,214.92547098779227,0.05,0.03,0.02,False,False,False,5403.91489186282,2026-02-10 19:35:00+00:00,25155.637264506102,SL,795.0,-32.24,-21.49,0.25,-53.98,5349.93,-0.9989054431868039
72,XAUUSD,BUY,2026-02-10 06:55:00+00:00,5034.29,4992.331040563716,5093.0325432107975,5126.599710759825,4992.331040563716,41.95895943628407,58.74254321079769,92.30971075982495,0.01,0.01,0.0,False,False,False,5403.91489186282,2026-02-10 22:00:00+00:00,5033.56,EOD_EXIT,905.0,-0.73,-0.0,0.05,-0.78,5349.15,-0.014433980097919734
73,XAUUSD,BUY,2026-02-11 08:30:00+00:00,5058.05,5027.346558879642,5101.034817568502,5125.59757046479,5058.05,30.70344112035878,42.98481756850229,67.54757046478932,0.02,0.01,0.01,True,False,True,5349.153524115872,2026-02-11 11:40:00+00:00,5058.05,TP1_THEN_BE,190.0,42.98,0.0,0.1,42.88,5392.04,0.801622159593697
74,XAUUSD,BUY,2026-02-11 15:30:00+00:00,5075.37,5031.629435337902,5136.606790526937,5171.599242256616,5031.629435337902,43.7405646620981,61.23679052693734,96.22924225661583,0.01,0.01,0.0,False,False,False,5392.038341684374,2026-02-11 22:00:00+00:00,5095.42,EOD_EXIT,390.0,20.05,0.0,0.05,20.0,5412.04,0.37091724377005014
75,NAS100,SELL,2026-02-12 18:10:00+00:00,24796.2,24936.025277528974,24586.46208370654,24516.549444942055,24936.025277528974,139.82527752897326,209.73791629345988,279.6505550579465,0.04,0.02,0.02,False,False,False,5412.038341684374,2026-02-12 22:00:00+00:00,24747.3,EOD_EXIT,230.0,9.78,9.78,0.2,19.36,5431.4,0.35772104293656276
76,XAUUSD,SELL,2026-02-12 19:15:00+00:00,4937.2300000000005,4986.561313730389,4868.166160777457,4828.701109793146,4986.561313730389,49.331313730388295,69.0638392225436,108.52889020685426,0.01,0.01,0.0,False,False,False,5412.038341684374,2026-02-12 22:00:00+00:00,4891.39,EOD_EXIT,165.0,45.84,0.0,0.05,45.79,5477.19,0.8460767849207237
78,XAUUSD,SELL,2026-02-13 08:25:00+00:00,4964.46,5007.4347815357705,4904.295305849921,4869.915480621305,5007.4347815357705,42.97478153577074,60.16469415007903,94.54451937869563,0.01,0.01,0.0,False,False,False,5477.188341684375,2026-02-13 13:20:00+00:00,5007.4347815357705,SL,295.0,-42.97,-0.0,0.05,-43.02,5434.16,-0.785439486763573
77,NAS100,SELL,2026-02-13 07:20:00+00:00,24649.0,24778.97065784582,24454.044013231272,24389.058684308362,24778.97065784582,129.97065784581912,194.95598676872868,259.94131569163824,0.04,0.02,0.02,False,False,False,5477.188341684375,2026-02-13 14:25:00+00:00,24778.97065784582,SL,425.0,-25.99,-25.99,0.2,-52.19,5381.98,-0.9528611532819821
79,XAUUSD,SELL,2026-02-13 14:55:00+00:00,4976.52,5019.317361407913,4916.603694028922,4882.365804902592,5019.317361407913,42.79736140791302,59.91630597107823,94.15419509740866,0.01,0.01,0.0,False,False,False,5381.975297010276,2026-02-13 15:25:00+00:00,5019.317361407913,SL,30.0,-42.8,-0.0,0.05,-42.85,5339.13,-0.7961760809976861
80,XAUUSD,BUY,2026-02-13 20:05:00+00:00,5032.86,4991.7817799197755,5090.369508112313,5123.232084176492,4991.7817799197755,41.0782200802237,57.50950811231318,90.37208417649215,0.01,0.01,0.0,False,False,False,5339.127935602363,2026-02-15 22:00:00+00:00,5014.89,EOD_EXIT,2995.0,-17.97,-0.0,0.05,-18.02,5321.11,-0.3375083013058943
81,NAS100,SELL,2026-02-17 06:25:00+00:00,24529.9,24636.114881159545,24370.577678260684,24317.47023768091,24636.114881159545,106.21488115954482,159.32232173931723,212.42976231908963,0.05,0.03,0.02,False,False,False,5321.107935602364,2026-02-17 07:00:00+00:00,24636.114881159545,SL,35.0,-31.86,-21.24,0.25,-53.36,5267.75,-1.002798677376566
83,XAUUSD,SELL,2026-02-17 12:10:00+00:00,4921.8,4953.930861637395,4876.816793707648,4851.112104397732,4921.8,32.13086163739467,44.98320629235254,70.68789560226828,0.02,0.01,0.01,True,True,True,5267.750495022591,2026-02-17 13:00:00+00:00,4851.112104397732,FULL_TP2,50.0,44.98,70.69,0.1,115.57,5383.32,2.1939156022898225
82,NAS100,SELL,2026-02-17 11:30:00+00:00,24552.300000000003,24661.05458575737,24389.16812136395,24334.790828485267,24661.05458575737,108.75458575736856,163.13187863605285,217.50917151473712,0.05,0.03,0.02,False,False,False,5267.750495022591,2026-02-17 13:30:00+00:00,24661.05458575737,SL,120.0,-32.63,-21.75,0.25,-54.63,5328.69,-1.0370650631919445
84,XAUUSD,SELL,2026-02-17 15:55:00+00:00,4868.82,4908.847452994663,4812.781565807471,4780.7596034117405,4908.847452994663,40.02745299466334,56.038434192528676,88.06039658825937,0.01,0.01,0.0,False,False,False,5328.694304038529,2026-02-17 17:55:00+00:00,4908.847452994663,SL,120.0,-40.03,-0.0,0.05,-40.08,5288.62,-0.7521542372889365
85,XAUUSD,SELL,2026-02-17 19:00:00+00:00,4878.58,4918.519899130065,4822.664141217909,4790.712221913856,4918.519899130065,39.93989913006517,55.915858782091235,87.86777808614339,0.01,0.01,0.0,False,False,False,5288.616851043866,2026-02-17 22:00:00+00:00,4870.5,EOD_EXIT,180.0,8.08,0.0,0.05,8.03,5296.65,0.15183554086386578
87,XAUUSD,BUY,2026-02-18 11:05:00+00:00,4924.25,4897.5434704556355,4961.63914136211,4983.004364997602,4924.25,26.70652954436471,37.38914136211059,58.754364997602366,0.02,0.01,0.01,True,True,True,5296.646851043865,2026-02-18 13:35:00+00:00,4983.004364997602,FULL_TP2,150.0,37.39,58.75,0.1,96.04,5392.69,1.813222642568145
86,NAS100,BUY,2026-02-18 06:35:00+00:00,24778.399999999998,24659.632608103253,24956.551087845117,25015.93478379349,24778.399999999998,118.76739189674647,178.15108784511972,237.53478379349295,0.04,0.02,0.02,True,True,True,5296.646851043865,2026-02-18 14:15:00+00:00,25015.93478379349,FULL_TP2,460.0,35.63,47.51,0.2,82.94,5475.63,1.565896355420678
89,XAUUSD,BUY,2026-02-19 12:35:00+00:00,4994.94,4971.386024426423,5027.915565803006,5046.758746261867,4971.386024426423,23.55397557357606,32.97556580300648,51.81874626186734,0.02,0.01,0.01,False,False,False,5475.627531731301,2026-02-19 13:10:00+00:00,4971.386024426423,SL,35.0,-23.55,-23.55,0.1,-47.21,5428.42,-0.8621842834710307
88,NAS100,SELL,2026-02-19 12:05:00+00:00,24787.5,24893.80000174962,24628.04999737557,24574.89999650076,24893.80000174962,106.30000174962,159.45000262443,212.60000349924,0.05,0.03,0.02,False,False,False,5475.627531731301,2026-02-19 15:20:00+00:00,24893.80000174962,SL,195.0,-31.89,-21.26,0.25,-53.4,5375.02,-0.9752306870864866
90,NAS100,SELL,2026-02-19 15:40:00+00:00,24781.5,24898.050037843994,24606.67494323401,24548.399924312016,24898.050037843994,116.5500378439924,174.8250567659886,233.1000756879848,0.05,0.03,0.02,False,False,False,5375.019579709339,2026-02-19 22:00:00+00:00,24786.5,EOD_EXIT,380.0,-1.5,-1.0,0.25,-2.75,5372.27,-0.051162604325782
91,NAS100,BUY,2026-02-20 07:55:00+00:00,24884.399999999998,24792.481010020972,25022.278484968538,25068.23797995805,24792.481010020972,91.91898997902575,137.87848496853863,183.8379799580515,0.06,0.03,0.03,False,False,False,5372.269579709339,2026-02-20 10:00:00+00:00,24792.481010020972,SL,125.0,-27.58,-27.58,0.3,-55.45,5316.82,-1.032152225000594
92,NAS100,BUY,2026-02-20 17:35:00+00:00,24972.6,24817.841843956092,25204.737234065862,25282.116312087815,24817.841843956092,154.75815604390795,232.13723406586192,309.5163120878159,0.03,0.01,0.02,False,False,False,5316.818185721924,2026-02-22 22:00:00+00:00,25000.0,EOD_EXIT,3145.0,2.74,5.48,0.15,8.07,5324.89,0.15178250822402808
94,NAS100,BUY,2026-02-23 12:40:00+00:00,24904.399999999998,24797.0705906566,25065.394114015093,25119.05881868679,24797.0705906566,107.32940934339666,160.994114015095,214.65881868679332,0.05,0.03,0.02,False,False,False,5324.888185721925,2026-02-23 14:05:00+00:00,24797.0705906566,SL,85.0,-32.2,-21.47,0.25,-53.91,5270.97,-1.0124156248867997
93,XAUUSD,BUY,2026-02-23 11:35:00+00:00,5158.29,5129.0924399847345,5199.166584021372,5222.524632033584,5158.29,29.19756001526536,40.8765840213715,64.2346320335838,0.02,0.01,0.01,True,True,True,5324.888185721925,2026-02-23 19:00:00+00:00,5222.524632033584,FULL_TP2,445.0,40.88,64.23,0.1,105.01,5375.98,1.9720601886359275
95,XAUUSD,BUY,2026-02-24 06:25:00+00:00,5183.55,5149.900628956504,5230.6591194608945,5257.578616295691,5149.900628956504,33.64937104349583,47.10911946089416,74.02861629569084,0.02,0.01,0.01,False,False,False,5375.984697105182,2026-02-24 11:15:00+00:00,5149.900628956504,SL,290.0,-33.65,-33.65,0.1,-67.4,5308.59,-1.2537238068458978
96,XAUUSD,SELL,2026-02-24 15:50:00+00:00,5137.72,5173.262957311531,5087.959859763857,5059.5254939146325,5173.262957311531,35.54295731153097,49.76014023614336,78.19450608536813,0.01,0.01,0.0,False,False,False,5308.58595501819,2026-02-24 22:00:00+00:00,5136.3,EOD_EXIT,370.0,1.42,0.0,0.05,1.37,5309.96,0.025807249079294707
97,XAUUSD,BUY,2026-02-25 07:25:00+00:00,5193.7,5162.6362442723275,5237.189258018741,5262.040262600879,5162.6362442723275,31.06375572767233,43.48925801874126,68.34026260087913,0.02,0.01,0.01,False,False,False,5309.95595501819,2026-02-25 10:10:00+00:00,5162.6362442723275,SL,165.0,-31.06,-31.06,0.1,-62.23,5247.73,-1.171949457343226
98,NAS100,BUY,2026-02-26 11:00:00+00:00,25337.5,25265.309459106033,25445.78581134095,25481.881081787935,25265.309459106033,72.19054089396695,108.28581134095043,144.3810817879339,0.07,0.04,0.03,False,False,False,5247.728443562845,2026-02-26 13:30:00+00:00,25265.309459106033,SL,150.0,-28.88,-21.66,0.35,-50.88,5196.85,-0.9695623648821279
99,XAUUSD,SELL,2026-02-26 12:15:00+00:00,5171.29,5198.744270584117,5132.8540211822365,5110.890604714944,5171.29,27.454270584116554,38.43597881776317,60.39939528505642,0.02,0.01,0.01,True,False,True,5247.728443562845,2026-02-26 14:40:00+00:00,5171.29,TP1_THEN_BE,145.0,38.44,0.0,0.1,38.34,5235.18,0.7306018291977355
100,XAUUSD,SELL,2026-02-26 16:35:00+00:00,5173.53,5205.280899525014,5129.07874066498,5103.678021044968,5205.280899525014,31.750899525014407,44.45125933502017,69.8519789550317,0.02,0.01,0.01,False,False,False,5235.181043754832,2026-02-26 22:00:00+00:00,5181.78,EOD_EXIT,325.0,-8.25,-8.25,0.1,-16.6,5218.58,-0.31708550021975884
101,NAS100,SELL,2026-02-26 20:50:00+00:00,24998.2,25124.13338566062,24809.29992150907,24746.33322867876,25124.13338566062,125.93338566062037,188.90007849093055,251.86677132124075,0.04,0.02,0.02,False,False,False,5235.181043754832,2026-02-26 22:00:00+00:00,24940.8,EOD_EXIT,70.0,11.48,11.48,0.2,22.76,5241.34,0.4347509629519103
102,NAS100,SELL,2026-02-27 08:40:00+00:00,24990.100000000002,25083.815748826742,24849.52637675989,24802.668502346525,24990.100000000002,93.7157488267392,140.57362324010882,187.4314976534784,0.06,0.03,0.03,True,True,True,5241.341043754832,2026-02-27 12:30:00+00:00,24802.668502346525,FULL_TP2,230.0,42.17,56.23,0.3,98.1,5339.44,1.8716584015628634
103,NAS100,SELL,2026-02-27 16:25:00+00:00,24911.600000000002,25033.625063622138,24728.5624045668,24667.54987275573,25033.625063622138,122.02506362213501,183.0375954332025,244.05012724427002,0.04,0.02,0.02,False,False,False,5339.442580022908,2026-03-01 22:00:00+00:00,24710.5,EOD_EXIT,3215.0,40.22,40.22,0.2,80.24,5419.68,1.5027785915370915
104,XAUUSD,BUY,2026-02-27 16:50:00+00:00,5235.2,5206.59225369781,5275.2508448230665,5298.1370418648185,5235.2,28.607746302190236,40.05084482306633,62.937041864818525,0.02,0.01,0.01,True,False,True,5339.442580022908,2026-03-01 22:00:00+00:00,5357.88,EOD_EXIT,3190.0,40.05,122.68,0.1,162.63,5582.31,3.045823558595179
105,XAUUSD,BUY,2026-03-02 10:35:00+00:00,5396.25,5360.111346048166,5446.844115532568,5475.755038694036,5360.111346048166,36.138653951834264,50.59411553256797,79.50503869403539,0.02,0.01,0.01,False,False,False,5582.3134248459755,2026-03-02 13:20:00+00:00,5360.111346048166,SL,165.0,-36.14,-36.14,0.1,-72.38,5509.94,-1.296595058203796
106,NAS100,SELL,2026-03-02 11:20:00+00:00,24610.300000000003,24746.091664311167,24406.61250353326,24338.716671377675,24746.091664311167,135.7916643111637,203.68749646674553,271.5833286223274,0.04,0.02,0.02,False,False,False,5582.3134248459755,2026-03-02 13:30:00+00:00,24746.091664311167,SL,130.0,-27.16,-27.16,0.2,-54.52,5455.42,-0.9766560178677944
107,NAS100,BUY,2026-03-02 18:10:00+00:00,25020.0,24855.130202087512,25267.304696868734,25349.739595824976,24855.130202087512,164.86979791248876,247.30469686873315,329.7395958249775,0.03,0.01,0.02,False,False,False,5455.419451217842,2026-03-02 22:00:00+00:00,24965.2,EOD_EXIT,230.0,-5.48,-10.96,0.15,-16.59,5438.83,-0.30410127302487305
108,XAUUSD,SELL,2026-03-03 07:25:00+00:00,5311.89,5353.6956284638145,5253.362120150661,5219.9176173796095,5311.89,41.80562846381381,58.52787984933933,91.97238262039039,0.01,0.01,0.0,True,True,True,5438.829451217842,2026-03-03 10:05:00+00:00,5219.9176173796095,FULL_TP2,160.0,58.53,0.0,0.05,58.48,5497.31,1.0752313622723613
110,NAS100,SELL,2026-03-03 12:35:00+00:00,24466.300000000003,24617.250208529407,24239.874687205895,24164.39958294119,24617.250208529407,150.9502085294058,226.42531279410872,301.9004170588116,0.04,0.02,0.02,False,False,False,5497.307331067181,2026-03-03 13:35:00+00:00,24617.250208529407,SL,60.0,-30.19,-30.19,0.2,-60.58,5436.73,-1.1019940554831549
109,XAUUSD,SELL,2026-03-03 12:05:00+00:00,5152.02,5218.9409376565845,5058.3306872807825,5004.793937155515,5152.02,66.92093765658436,93.6893127192181,147.2260628444856,0.01,0.01,0.0,True,True,True,5497.307331067181,2026-03-03 14:15:00+00:00,5004.793937155515,FULL_TP2,130.0,93.69,0.0,0.05,93.64,5530.37,1.7033793885018589
111,XAUUSD,SELL,2026-03-03 19:45:00+00:00,5104.29,5183.94728728401,4992.769797802386,4929.043967975178,5183.94728728401,79.65728728400987,111.52020219761381,175.24603202482172,0.01,0.01,0.0,False,False,False,5530.366560374636,2026-03-03 22:00:00+00:00,5111.28,EOD_EXIT,135.0,-6.99,-0.0,0.05,-7.04,5523.33,-0.12729716779430075
112,XAUUSD,SELL,2026-03-04 07:10:00+00:00,5156.91,5216.202739559698,5073.900164616422,5026.465972968663,5216.202739559698,59.29273955969847,83.00983538357785,130.44402703133665,0.01,0.01,0.0,False,False,False,5523.326560374636,2026-03-04 22:00:00+00:00,5152.64,EOD_EXIT,890.0,4.27,0.0,0.05,4.22,5527.55,0.07640323189063379
113,NAS100,BUY,2026-03-04 12:05:00+00:00,24859.899999999998,24695.090841050194,25107.1137384247,25189.518317899605,24859.899999999998,164.8091589498034,247.21373842470507,329.6183178996068,0.03,0.01,0.02,True,False,True,5523.326560374636,2026-03-04 22:00:00+00:00,25124.3,EOD_EXIT,595.0,24.72,52.88,0.15,77.45,5605.0,1.4022346705994282
114,XAUUSD,BUY,2026-03-05 06:00:00+00:00,5170.89,5130.452111988191,5227.503043216533,5259.85335362598,5130.452111988191,40.43788801180906,56.613043216532674,88.96335362597993,0.01,0.01,0.0,False,False,False,5604.997934217106,2026-03-05 12:15:00+00:00,5130.452111988191,SL,375.0,-40.44,-0.0,0.05,-40.49,5564.51,-0.7223909888140851
115,NAS100,BUY,2026-03-05 08:00:00+00:00,25077.399999999998,24940.495205975665,25282.7571910365,25351.209588048667,24940.495205975665,136.90479402433417,205.35719103650126,273.80958804866833,0.04,0.02,0.02,False,False,False,5604.997934217106,2026-03-05 13:15:00+00:00,24940.495205975665,SL,315.0,-27.38,-27.38,0.2,-54.96,5509.55,-0.980553439002769
116,XAUUSD,SELL,2026-03-05 17:55:00+00:00,5069.04,5114.062937208783,5006.007887907704,4969.989538140678,5114.062937208783,45.02293720878298,63.03211209229617,99.05046185932255,0.01,0.01,0.0,False,False,False,5509.548128595563,2026-03-05 22:00:00+00:00,5089.96,EOD_EXIT,245.0,-20.92,-0.0,0.05,-20.97,5488.58,-0.38061197598332724
117,XAUUSD,SELL,2026-03-06 10:40:00+00:00,5080.89,5115.26420691723,5032.766110315879,5005.266744782095,5115.26420691723,34.374206917229635,48.12388968412149,75.62325521790521,0.02,0.01,0.01,False,False,False,5488.578128595563,2026-03-06 12:30:00+00:00,5115.26420691723,SL,110.0,-34.37,-34.37,0.1,-68.85,5419.73,-1.2544232474580368
118,XAUUSD,BUY,2026-03-06 16:15:00+00:00,5143.7,5102.2992301880295,5201.661077736759,5234.781693586335,5102.2992301880295,41.40076981197055,57.96107773675876,91.08169358633522,0.01,0.01,0.0,False,False,False,5419.729714761103,2026-03-08 21:00:00+00:00,5166.14,EOD_EXIT,3165.0,22.44,0.0,0.05,22.39,5442.12,0.41312023252781216
119,NAS100,SELL,2026-03-06 16:35:00+00:00,24742.600000000002,24907.105038774087,24495.842441838875,24413.589922451836,24907.105038774087,164.50503877408377,246.75755816112564,329.01007754816754,0.03,0.01,0.02,False,False,False,5419.729714761103,2026-03-08 21:00:00+00:00,24246.2,EOD_EXIT,3145.0,49.64,99.28,0.15,148.77,5590.89,2.7449708348889064
120,XAUUSD,SELL,2026-03-09 12:10:00+00:00,5092.34,5137.153327152365,5029.6013419866895,4993.750680264798,5137.153327152365,44.81332715236495,62.738658013310925,98.58931973520289,0.01,0.01,0.0,False,False,False,5590.889714761104,2026-03-09 18:20:00+00:00,5137.153327152365,SL,370.0,-44.81,-0.0,0.05,-44.86,5546.03,-0.8023767644988655
121,NAS100,BUY,2026-03-09 17:20:00+00:00,24640.899999999998,24451.726278205788,24924.66058269131,25019.247443588414,24640.899999999998,189.1737217942089,283.76058269131335,378.3474435884178,0.03,0.01,0.02,True,True,True,5590.889714761104,2026-03-09 18:35:00+00:00,25019.247443588414,FULL_TP2,75.0,28.38,75.67,0.15,103.9,5649.92,1.8583804242405737
122,NAS100,BUY,2026-03-10 12:20:00+00:00,24985.8,24832.783884901262,25215.324172648103,25291.832230197473,24832.783884901262,153.01611509873624,229.52417264810435,306.0322301974725,0.04,0.02,0.02,False,False,False,5649.921934595554,2026-03-10 21:05:00+00:00,24970.8,EOD_EXIT,525.0,-3.0,-3.0,0.2,-6.2,5643.72,-0.10973602948451751
123,NAS100,SELL,2026-03-11 10:45:00+00:00,24918.2,25042.477440388513,24731.783839417236,24669.64511922298,25042.477440388513,124.277440388511,186.4161605827665,248.554880777022,0.05,0.03,0.02,False,False,False,5643.721934595555,2026-03-11 12:30:00+00:00,25042.477440388513,SL,105.0,-37.28,-24.86,0.25,-62.39,5581.33,-1.1054761507216433
124,XAUUSD,SELL,2026-03-11 14:10:00+00:00,5170.45,5200.704451752975,5128.093767545834,5103.890206143455,5200.704451752975,30.25445175297517,42.35623245416524,66.55979385654538,0.02,0.01,0.01,False,False,False,5581.333214401299,2026-03-11 21:00:00+00:00,5178.05,EOD_EXIT,410.0,-7.6,-7.6,0.1,-15.3,5566.03,-0.2741280517085416
125,XAUUSD,BUY,2026-03-12 11:50:00+00:00,5184.09,5157.818991948896,5220.869411271546,5241.886217712428,5157.818991948896,26.27100805110392,36.779411271545484,57.79621771242863,0.02,0.01,0.01,False,False,False,5566.033214401298,2026-03-12 12:40:00+00:00,5157.818991948896,SL,50.0,-26.27,-26.27,0.1,-52.64,5513.39,-0.9457363614683736
126,NAS100,SELL,2026-03-12 15:05:00+00:00,24579.800000000003,24724.00459900449,24363.493101493274,24291.39080199103,24724.00459900449,144.2045990044862,216.30689850672928,288.4091980089724,0.04,0.02,0.02,False,False,False,5513.39119829909,2026-03-12 21:05:00+00:00,24545.2,EOD_EXIT,360.0,6.92,6.92,0.2,13.64,5527.03,0.24739764528604485
127,XAUUSD,SELL,2026-03-13 16:55:00+00:00,5045.6900000000005,5079.598781753566,4998.217705545008,4971.090680142156,5079.598781753566,33.90878175356583,47.472294454992166,74.59931985784483,0.02,0.01,0.01,False,False,False,5527.031198299092,2026-03-15 21:00:00+00:00,5015.06,EOD_EXIT,3125.0,30.63,30.63,0.1,61.16,5588.19,1.1065615120613321
128,NAS100,SELL,2026-03-13 18:20:00+00:00,24372.600000000002,24529.602896884404,24137.095654673398,24058.594206231195,24529.602896884404,157.00289688440333,235.504345326605,314.00579376880665,0.04,0.02,0.02,False,False,False,5527.031198299092,2026-03-15 21:05:00+00:00,24319.9,EOD_EXIT,3045.0,10.54,10.54,0.2,20.88,5609.07,0.3777796659882377
130,XAUUSD,SELL,2026-03-16 16:35:00+00:00,4986.06,5021.704858605885,4936.157197951762,4907.641311067054,5021.704858605885,35.6448586058848,49.90280204823872,78.41868893294657,0.02,0.01,0.01,False,False,False,5609.0711982990915,2026-03-16 21:00:00+00:00,5011.03,EOD_EXIT,265.0,-24.97,-24.97,0.1,-50.04,5559.03,-0.8921263116641175
129,NAS100,BUY,2026-03-16 14:10:00+00:00,24707.3,24580.88424526489,24896.923632102666,24960.13150947022,24580.88424526489,126.41575473511024,189.62363210266537,252.83150947022048,0.04,0.02,0.02,False,False,False,5609.0711982990915,2026-03-16 21:05:00+00:00,24641.0,EOD_EXIT,415.0,-13.26,-13.26,0.2,-26.72,5532.31,-0.47637120399011224
131,NAS100,SELL,2026-03-17 07:10:00+00:00,24554.2,24656.620958915028,24400.56856162746,24349.358082169947,24656.620958915028,102.42095891502596,153.63143837253895,204.84191783005193,0.05,0.03,0.02,False,False,False,5532.311198299093,2026-03-17 11:05:00+00:00,24656.620958915028,SL,235.0,-30.73,-20.48,0.25,-51.46,5480.85,-0.930171824314969
132,XAUUSD,SELL,2026-03-17 10:55:00+00:00,5002.88,5030.028105787485,4964.87265189752,4943.154167267531,5030.028105787485,27.148105787485694,38.007348102479966,59.72583273246853,0.02,0.01,0.01,False,False,False,5532.311198299093,2026-03-17 12:40:00+00:00,5030.028105787485,SL,105.0,-27.15,-27.15,0.1,-54.4,5426.45,-0.9833141710597417
134,XAUUSD,SELL,2026-03-17 16:45:00+00:00,4999.41,5028.061406616422,4959.298030737009,4936.376905443871,5028.061406616422,28.651406616422168,40.11196926299103,63.03309455612877,0.02,0.01,0.01,False,False,False,5426.454507266609,2026-03-17 21:00:00+00:00,5001.09,EOD_EXIT,255.0,-1.68,-1.68,0.1,-3.46,5422.99,-0.06376170656856492
133,NAS100,BUY,2026-03-17 16:00:00+00:00,24826.6,24705.470445852596,25008.294331221103,25068.859108294804,24705.470445852596,121.12955414740266,181.694331221104,242.25910829480532,0.04,0.02,0.02,False,False,False,5426.454507266609,2026-03-17 21:05:00+00:00,24808.6,EOD_EXIT,305.0,-3.6,-3.6,0.2,-7.4,5415.59,-0.13636896780560126
135,XAUUSD,SELL,2026-03-18 06:45:00+00:00,4995.2300000000005,5017.499752366825,4964.052346686445,4946.236544792986,4995.2300000000005,22.26975236682492,31.177653313554888,48.99345520701483,0.02,0.01,0.01,True,True,True,5415.594507266608,2026-03-18 10:25:00+00:00,4946.236544792986,FULL_TP2,220.0,31.18,48.99,0.1,80.07,5495.67,1.4785080362379903
136,NAS100,BUY,2026-03-18 08:20:00+00:00,24974.899999999998,24900.30423871004,25086.793641934935,25124.09152257991,24900.30423871004,74.59576128995722,111.89364193493583,149.19152257991445,0.07,0.04,0.03,False,False,False,5415.594507266608,2026-03-18 10:25:00+00:00,24900.30423871004,SL,125.0,-29.84,-22.38,0.35,-52.57,5443.1,-0.970715217497579
137,NAS100,SELL,2026-03-18 17:20:00+00:00,24637.600000000002,24748.055381935053,24471.916927097427,24416.689236129903,24637.600000000002,110.45538193504963,165.68307290257445,220.91076387009926,0.05,0.03,0.02,True,True,True,5443.098582884208,2026-03-18 19:10:00+00:00,24416.689236129903,FULL_TP2,110.0,49.7,44.18,0.25,93.64,5536.74,1.7203436346798944
138,XAUUSD,SELL,2026-03-18 17:30:00+00:00,4876.54,4909.770875626392,4830.016774123052,4803.432073621938,4876.54,33.2308756263919,46.52322587694866,73.10792637806219,0.02,0.01,0.01,True,False,True,5443.098582884208,2026-03-18 21:00:00+00:00,4825.15,EOD_EXIT,210.0,46.52,51.39,0.1,97.81,5634.55,1.796954409526276
139,NAS100,SELL,2026-03-19 10:05:00+00:00,24374.9,24490.966927902635,24200.79960814605,24142.76614419473,24374.9,116.06692790263432,174.10039185395146,232.13385580526864,0.05,0.03,0.02,True,True,True,5634.548883405949,2026-03-19 12:30:00+00:00,24142.76614419473,FULL_TP2,145.0,52.23,46.43,0.25,98.41,5732.96,1.7465462104663387
140,XAUUSD,SELL,2026-03-19 14:30:00+00:00,4579.26,4643.280299606825,4489.631580550446,4438.415340864986,4643.280299606825,64.02029960682444,89.6284194495542,140.84465913501379,0.01,0.01,0.0,False,False,False,5732.955772123188,2026-03-19 18:00:00+00:00,4643.280299606825,SL,210.0,-64.02,-0.0,0.05,-64.07,5668.89,-1.117573596355721
141,NAS100,SELL,2026-03-19 14:30:00+00:00,24215.800000000003,24353.743758533612,24008.884362199587,23939.912482932785,24353.743758533612,137.9437585336096,206.9156378004144,275.8875170672192,0.04,0.02,0.02,False,False,False,5732.955772123188,2026-03-19 18:00:00+00:00,24353.743758533612,SL,210.0,-27.59,-27.59,0.2,-55.38,5613.51,-0.9659938468265933
142,NAS100,SELL,2026-03-20 07:55:00+00:00,24358.9,24474.19103155503,24185.96345266746,24128.317936889947,24358.9,115.29103155502726,172.9365473325409,230.58206311005452,0.05,0.03,0.02,True,True,True,5613.507969102919,2026-03-20 09:10:00+00:00,24128.317936889947,FULL_TP2,75.0,51.88,46.12,0.25,97.75,5711.26,1.7413353742084594
143,XAUUSD,SELL,2026-03-20 08:00:00+00:00,4686.77,4740.447347579209,4611.621713389108,4568.679835325741,4686.77,53.67734757920874,75.14828661089223,118.09016467425924,0.01,0.01,0.0,True,True,True,5613.507969102919,2026-03-20 13:15:00+00:00,4568.679835325741,FULL_TP2,315.0,75.15,0.0,0.05,75.1,5786.35,1.3378443642256295
144,NAS100,SELL,2026-03-20 10:50:00+00:00,24229.0,24355.054933063555,24039.917600404668,23976.89013387289,24229.0,126.05493306355521,189.08239959533282,252.10986612711042,0.05,0.03,0.02,True,True,True,5711.255345924692,2026-03-20 16:35:00+00:00,23976.89013387289,FULL_TP2,345.0,56.72,50.42,0.25,106.9,5893.25,1.8717426121785867
145,XAUUSD,SELL,2026-03-20 16:20:00+00:00,4569.51,4628.212913405028,4487.32592123296,4440.363590508938,4569.51,58.702913405028404,82.18407876703976,129.1464094910625,0.01,0.01,0.0,True,False,True,5786.353632535584,2026-03-22 21:00:00+00:00,4474.33,EOD_EXIT,3160.0,82.18,0.0,0.05,82.13,5975.38,1.419374017139194
146,NAS100,SELL,2026-03-23 08:40:00+00:00,23680.2,23841.85083386066,23437.72374920901,23356.89833227868,23841.85083386066,161.65083386065942,242.47625079098913,323.30166772131884,0.04,0.02,0.02,False,False,False,5975.384404406646,2026-03-23 10:05:00+00:00,23841.85083386066,SL,85.0,-32.33,-32.33,0.2,-64.86,5910.52,-1.0854531794166735
147,NAS100,BUY,2026-03-23 16:55:00+00:00,24282.1,24021.029020548336,24673.706469177494,24804.241958903327,24021.029020548336,261.0709794516641,391.60646917749614,522.1419589033281,0.02,0.01,0.01,False,False,False,5910.524070862382,2026-03-23 21:05:00+00:00,24233.4,EOD_EXIT,250.0,-4.87,-4.87,0.1,-9.84,5900.68,-0.16648269903017723
148,XAUUSD,BUY,2026-03-24 10:30:00+00:00,4428.12,4352.71021896171,4533.693693453605,4594.021518284237,4352.71021896171,75.40978103828958,105.5736934536054,165.90151828423708,0.01,0.01,0.0,False,False,False,5900.684070862383,2026-03-24 12:35:00+00:00,4352.71021896171,SL,125.0,-75.41,-0.0,0.05,-75.46,5825.22,-1.2788347773544084
149,NAS100,SELL,2026-03-24 15:40:00+00:00,24101.600000000002,24290.667508135666,23817.998737796508,23723.464983728674,24290.667508135666,189.06750813566345,283.60126220349514,378.1350162713269,0.03,0.01,0.02,False,False,False,5825.224289824094,2026-03-24 19:35:00+00:00,24290.667508135666,SL,235.0,-18.91,-37.81,0.15,-56.87,5768.35,-0.9762714218462705
150,NAS100,BUY,2026-03-25 10:00:00+00:00,24295.899999999998,24155.75512185236,24506.117317221455,24576.189756295273,24155.75512185236,140.144878147638,210.217317221457,280.289756295276,0.04,0.02,0.02,False,False,False,5768.354037383395,2026-03-25 13:00:00+00:00,24155.75512185236,SL,180.0,-28.03,-28.03,0.2,-56.26,5712.1,-0.9753215498804633
151,XAUUSD,BUY,2026-03-25 14:50:00+00:00,4562.22,4510.529053505154,4634.587325092786,4675.940082288664,4510.529053505154,51.69094649484684,72.36732509278558,113.72008228866306,0.01,0.01,0.0,False,False,False,5712.096086124339,2026-03-25 18:05:00+00:00,4510.529053505154,SL,195.0,-51.69,-0.0,0.05,-51.74,5660.36,-0.9057970877920861
153,XAUUSD,SELL,2026-03-26 10:50:00+00:00,4427.0,4473.917692465213,4361.315230548702,4323.7810765765325,4473.917692465213,46.91769246521265,65.68476945129771,103.21892342346784,0.01,0.01,0.0,False,False,False,5660.355139629492,2026-03-26 13:30:00+00:00,4473.917692465213,SL,160.0,-46.92,-0.0,0.05,-46.97,5613.39,-0.8298065905997992
152,NAS100,SELL,2026-03-26 10:10:00+00:00,23982.600000000002,24117.944171144354,23779.583743283474,23711.911657711298,23982.600000000002,135.34417114435206,203.0162567165281,270.6883422887041,0.04,0.02,0.02,True,True,True,5660.355139629492,2026-03-26 16:50:00+00:00,23711.911657711298,FULL_TP2,400.0,40.6,54.14,0.2,94.54,5707.93,1.6702132228082824
154,XAUUSD,SELL,2026-03-26 14:30:00+00:00,4442.1900000000005,4489.737420254554,4375.623611643625,4337.585675439982,4442.1900000000005,47.54742025455375,66.56638835637524,104.60432456001826,0.01,0.01,0.0,True,False,True,5613.387447164279,2026-03-26 21:00:00+00:00,4386.85,EOD_EXIT,390.0,66.57,0.0,0.05,66.52,5774.44,1.1850242055464026
155,NAS100,SELL,2026-03-26 19:55:00+00:00,23637.5,23787.103539996868,23413.094690004702,23338.292920006268,23787.103539996868,149.603539996866,224.405309995299,299.207079993732,0.04,0.02,0.02,False,False,False,5707.928366965326,2026-03-26 21:05:00+00:00,23664.0,EOD_EXIT,70.0,-5.3,-5.3,0.2,-10.8,5763.64,-0.18921050345524784
156,XAUUSD,SELL,2026-03-27 12:30:00+00:00,4418.04,4458.227192267239,4361.777930825865,4329.628177012073,4458.227192267239,40.18719226723928,56.26206917413499,88.41182298792643,0.01,0.01,0.0,False,False,False,5763.644755321701,2026-03-27 13:00:00+00:00,4458.227192267239,SL,30.0,-40.19,-0.0,0.05,-40.24,5723.41,-0.6981693304891062
157,NAS100,SELL,2026-03-27 15:10:00+00:00,23336.2,23479.81195975032,23120.782060374524,23048.976080499364,23336.2,143.6119597503185,215.41793962547774,287.223919500637,0.04,0.02,0.02,True,False,True,5723.407563054462,2026-03-29 22:00:00+00:00,23002.6,EOD_EXIT,3290.0,43.08,66.72,0.2,109.6,5833.01,1.9149431312123575
158,XAUUSD,BUY,2026-03-27 17:30:00+00:00,4514.18,4467.9795612273165,4578.860614281758,4615.820965299906,4467.9795612273165,46.20043877268414,64.68061428175778,101.6409652999051,0.01,0.01,0.0,False,False,False,5723.407563054462,2026-03-29 22:00:00+00:00,4510.65,EOD_EXIT,3150.0,-3.53,-0.0,0.05,-3.58,5829.43,-0.06255014972390731
160,NAS100,SELL,2026-03-30 16:05:00+00:00,23154.800000000003,23301.50031080009,22934.749533799877,22861.399378399834,23154.800000000003,146.70031080008465,220.05046620012698,293.4006216001693,0.04,0.02,0.02,True,True,True,5829.431150979557,2026-03-30 19:25:00+00:00,22861.399378399834,FULL_TP2,200.0,44.01,58.68,0.2,102.49,5931.92,1.7581475335338326
159,XAUUSD,BUY,2026-03-30 08:00:00+00:00,4527.99,4482.498476863511,4591.678132391084,4628.071350900274,4482.498476863511,45.491523136488304,63.68813239108362,100.08135090027427,0.01,0.01,0.0,False,False,False,5829.431150979557,2026-03-30 22:00:00+00:00,4517.55,EOD_EXIT,840.0,-10.44,-0.0,0.05,-10.49,5921.43,-0.17994894747555767
161,XAUUSD,BUY,2026-03-31 08:00:00+00:00,4568.63,4526.372244568511,4627.790857604085,4661.597061949276,4568.63,42.257755431489215,59.160857604084896,92.96706194927629,0.01,0.01,0.0,True,True,True,5921.431368539616,2026-03-31 17:40:00+00:00,4661.597061949276,FULL_TP2,580.0,59.16,0.0,0.05,59.11,5980.54,0.9982383704394452
162,NAS100,BUY,2026-03-31 15:10:00+00:00,23382.699999999997,23211.08937729508,23640.115934057376,23725.921245409834,23382.699999999997,171.61062270491811,257.41593405737717,343.22124540983623,0.03,0.01,0.02,True,True,True,5921.431368539616,2026-03-31 19:15:00+00:00,23725.921245409834,FULL_TP2,245.0,25.74,68.64,0.15,94.24,6074.78,1.5915070889902436
163,XAUUSD,BUY,2026-04-01 10:25:00+00:00,4728.61,4689.622742953887,4783.192159864559,4814.381965501449,4728.61,38.98725704611318,54.58215986455845,85.771965501449,0.02,0.01,0.01,True,False,True,6074.778068631406,2026-04-01 22:00:00+00:00,4758.88,EOD_EXIT,695.0,54.58,30.27,0.1,84.75,6159.53,1.3951126945299819
164,NAS100,BUY,2026-04-01 14:00:00+00:00,23987.899999999998,23833.806808592675,24219.03978711098,24296.086382814643,23833.806808592675,154.0931914073227,231.13978711098406,308.1863828146454,0.04,0.02,0.02,False,False,False,6074.778068631406,2026-04-01 22:00:00+00:00,24035.1,EOD_EXIT,480.0,9.44,9.44,0.2,18.68,6178.21,0.30750094553180013
165,XAUUSD,SELL,2026-04-02 11:25:00+00:00,4614.4400000000005,4664.898152048853,4543.798587131607,4503.432065492524,4664.898152048853,50.45815204885282,70.64141286839394,111.00793450747621,0.01,0.01,0.0,False,False,False,6178.210228495966,2026-04-02 14:20:00+00:00,4664.898152048853,SL,175.0,-50.46,-0.0,0.05,-50.51,6127.7,-0.8175506842909139
166,XAUUSD,SELL,2026-04-02 17:25:00+00:00,4651.6,4705.023064438071,4576.807709786702,4534.069258236245,4705.023064438071,53.42306443807042,74.79229021329859,117.53074176375493,0.01,0.01,0.0,False,False,False,6127.702076447113,2026-04-05 22:00:00+00:00,4637.28,EOD_EXIT,4595.0,14.32,0.0,0.05,14.27,6141.97,0.2328768569681157
168,XAUUSD,BUY,2026-04-06 14:15:00+00:00,4683.63,4645.181942410241,4737.457280625662,4768.215726697469,4645.181942410241,38.44805758975878,53.82728062566229,84.58572669746933,0.02,0.01,0.01,False,False,False,6141.972076447113,2026-04-06 17:10:00+00:00,4645.181942410241,SL,175.0,-38.45,-38.45,0.1,-77.0,6064.98,-1.253669001447845
167,NAS100,BUY,2026-04-06 06:10:00+00:00,24124.899999999998,23980.24662491328,24341.880062630073,24414.20675017343,23980.24662491328,144.65337508671735,216.98006263007602,289.3067501734347,0.04,0.02,0.02,False,False,False,6141.972076447113,2026-04-06 22:00:00+00:00,24226.2,EOD_EXIT,950.0,20.26,20.26,0.2,40.32,6105.3,0.6564666771217806
169,NAS100,SELL,2026-04-07 07:25:00+00:00,24071.5,24181.04494953538,23907.18257569693,23852.41010092924,24181.04494953538,109.5449495353804,164.3174243030706,219.0898990707608,0.06,0.03,0.03,False,False,False,6105.295961267597,2026-04-07 08:00:00+00:00,24181.04494953538,SL,35.0,-32.86,-32.86,0.3,-66.03,6039.27,-1.0815200510982383
170,NAS100,BUY,2026-04-08 07:20:00+00:00,25042.0,24881.955352174427,25282.06697173836,25362.08929565115,24881.955352174427,160.0446478255743,240.06697173836142,320.0892956511486,0.04,0.02,0.02,False,False,False,6039.268991546369,2026-04-08 14:30:00+00:00,24881.955352174427,SL,430.0,-32.01,-32.01,0.2,-64.22,5975.05,-1.0633737309911795
171,XAUUSD,SELL,2026-04-09 07:20:00+00:00,4713.03,4747.376348878255,4664.945111570441,4637.4680324678375,4747.376348878255,34.34634887825575,48.08488842955805,75.56196753216267,0.02,0.01,0.01,False,False,False,5975.051132416139,2026-04-09 11:25:00+00:00,4747.376348878255,SL,245.0,-34.35,-34.35,0.1,-68.79,5906.26,-1.1512872187285084
172,NAS100,BUY,2026-04-09 19:05:00+00:00,25072.899999999998,24960.008927329567,25242.236609005642,25298.682145340856,24960.008927329567,112.89107267042925,169.33660900564388,225.7821453408585,0.05,0.03,0.02,False,False,False,5906.258434659628,2026-04-09 22:00:00+00:00,25102.0,EOD_EXIT,175.0,8.73,5.82,0.25,14.3,5920.56,0.24211605635275757
173,XAUUSD,SELL,2026-04-13 11:35:00+00:00,4711.82,4740.193304847803,4672.097373213075,4649.398729334832,4740.193304847803,28.373304847803585,39.72262678692502,62.42127066516789,0.02,0.01,0.01,False,False,False,5920.558434659629,2026-04-13 13:45:00+00:00,4740.193304847803,SL,130.0,-28.37,-28.37,0.1,-56.85,5863.71,-0.9602134769449039
174,XAUUSD,SELL,2026-04-13 14:20:00+00:00,4717.03,4745.935402970344,4676.562435841518,4653.438113465242,4745.935402970344,28.905402970344213,40.46756415848189,63.59188653475727,0.02,0.01,0.01,False,False,False,5863.711824964022,2026-04-13 16:45:00+00:00,4745.935402970344,SL,145.0,-28.91,-28.91,0.1,-57.91,5805.8,-0.9875996933112469
176,NAS100,BUY,2026-04-14 06:55:00+00:00,25452.0,25376.133559835795,25565.799660246306,25603.732880328407,25452.0,75.86644016420446,113.7996602463067,151.73288032840892,0.08,0.04,0.04,True,True,True,5805.8010190233335,2026-04-14 13:35:00+00:00,25603.732880328407,FULL_TP2,400.0,45.52,60.69,0.4,105.81,5911.61,1.8224875370909566
175,XAUUSD,BUY,2026-04-14 06:40:00+00:00,4769.91,4745.931470607438,4803.479941149586,4822.662764663635,4769.91,23.978529392561487,33.56994114958608,52.752764663635276,0.02,0.01,0.01,True,True,True,5805.8010190233335,2026-04-14 17:05:00+00:00,4822.662764663635,FULL_TP2,625.0,33.57,52.75,0.1,86.22,5997.84,1.4850663968243292
177,NAS100,BUY,2026-04-14 19:05:00+00:00,25817.3,25725.682625770518,25954.726061344223,26000.534748458962,25725.682625770518,91.61737422948157,137.42606134422235,183.23474845896314,0.07,0.04,0.03,False,False,False,5997.836741066441,2026-04-14 22:00:00+00:00,25857.5,EOD_EXIT,175.0,16.08,12.06,0.35,27.79,6025.63,0.4633337184676157
178,NAS100,BUY,2026-04-15 17:30:00+00:00,26077.5,25984.167468625667,26217.498797061504,26264.16506274867,26077.5,93.33253137433509,139.99879706150264,186.66506274867018,0.06,0.03,0.03,True,False,True,6025.626741066442,2026-04-15 22:00:00+00:00,26230.8,EOD_EXIT,270.0,42.0,45.99,0.3,87.69,6113.32,1.4552843010066738
179,XAUUSD,SELL,2026-04-15 19:55:00+00:00,4795.4400000000005,4819.47224312397,4761.794859626444,4742.569065127268,4819.47224312397,24.032243123969156,33.64514037355681,52.87093487273215,0.03,0.01,0.02,False,False,False,6025.626741066442,2026-04-15 22:00:00+00:00,4798.15,EOD_EXIT,125.0,-2.71,-5.42,0.15,-8.28,6105.04,-0.1374130917132542
180,XAUUSD,BUY,2026-04-16 07:00:00+00:00,4829.0199999999995,4807.264344590757,4859.477917572939,4876.882441900334,4807.264344590757,21.75565540924286,30.45791757294,47.8624419003343,0.03,0.01,0.02,False,False,False,6105.036380184896,2026-04-16 08:05:00+00:00,4807.264344590757,SL,65.0,-21.76,-43.51,0.15,-65.42,6039.62,-1.071574285983513
181,NAS100,BUY,2026-04-16 17:45:00+00:00,26375.399999999998,26271.09974146452,26531.850387803213,26584.000517070956,26271.09974146452,104.3002585354781,156.45038780321715,208.6005170709562,0.06,0.03,0.03,False,False,False,6039.619413957168,2026-04-16 18:05:00+00:00,26271.09974146452,SL,20.0,-31.29,-31.29,0.3,-62.88,5976.74,-1.0411252049208335
182,NAS100,BUY,2026-04-16 19:30:00+00:00,26328.1,26218.270491364816,26492.84426295277,26547.759017270364,26218.270491364816,109.82950863518263,164.74426295277397,219.65901727036527,0.05,0.03,0.02,False,False,False,5976.739258835882,2026-04-16 22:00:00+00:00,26338.6,EOD_EXIT,150.0,3.15,2.1,0.25,5.0,5981.74,0.08365765651576834
183,XAUUSD,SELL,2026-04-16 20:20:00+00:00,4788.3,4810.673381071728,4756.977266499582,4739.078561642199,4810.673381071728,22.373381071727653,31.322733500418714,49.22143835780084,0.03,0.01,0.02,False,False,False,5976.739258835882,2026-04-16 22:00:00+00:00,4794.49,EOD_EXIT,100.0,-6.19,-12.38,0.15,-18.72,5963.02,-0.3132142659950366
185,XAUUSD,SELL,2026-04-17 10:05:00+00:00,4788.66,4808.4154285462255,4761.002400035284,4745.198057198303,4808.4154285462255,19.75542854622563,27.65759996471588,43.46194280169639,0.03,0.01,0.02,False,False,False,5963.019258835883,2026-04-17 11:45:00+00:00,4808.4154285462255,SL,100.0,-19.76,-39.51,0.15,-59.42,5903.6,-0.9964750644055463
184,NAS100,BUY,2026-04-17 07:00:00+00:00,26349.899999999998,26276.499112624548,26460.001331063173,26496.701774750898,26349.899999999998,73.40088737545068,110.10133106317602,146.80177475090136,0.08,0.04,0.04,True,True,True,5963.019258835883,2026-04-17 12:30:00+00:00,26496.701774750898,FULL_TP2,330.0,44.04,58.72,0.4,102.36,6005.96,1.7165800671920517
186,XAUUSD,BUY,2026-04-17 15:50:00+00:00,4869.42,4841.743924735204,4908.166505370715,4930.307365582552,4841.743924735204,27.676075264796193,38.746505370714665,60.88736558255163,0.02,0.01,0.01,False,False,False,6005.964215522838,2026-04-17 20:35:00+00:00,4841.743924735204,SL,285.0,-27.68,-27.68,0.1,-55.45,5950.51,-0.9232489240726005
187,NAS100,BUY,2026-04-17 19:40:00+00:00,26696.5,26588.296135722456,26858.805796416316,26912.90772855509,26588.296135722456,108.2038642775448,162.3057964163172,216.4077285550896,0.06,0.03,0.03,False,False,False,6005.964215522838,2026-04-19 22:00:00+00:00,26476.1,EOD_EXIT,3020.0,-66.12,-66.12,0.3,-132.54,5817.97,-2.20680635521339
188,NAS100,BUY,2026-04-20 06:55:00+00:00,26567.8,26469.81158666801,26714.782619997986,26763.776826663983,26469.81158666801,97.98841333199162,146.98261999798743,195.97682666398325,0.06,0.03,0.03,False,False,False,5817.972064993244,2026-04-20 15:05:00+00:00,26469.81158666801,SL,490.0,-29.4,-29.4,0.3,-59.09,5758.88,-1.0156459903880377
189,XAUUSD,SELL,2026-04-21 08:10:00+00:00,4775.56,4796.632245414429,4746.058856419801,4729.201060088257,4796.632245414429,21.07224541442871,29.501143580200193,46.358939911743164,0.03,0.01,0.02,False,False,False,5758.879016994049,2026-04-21 11:45:00+00:00,4796.632245414429,SL,215.0,-21.07,-42.14,0.15,-63.37,5695.51,-1.1003877631914052
190,XAUUSD,SELL,2026-04-21 12:25:00+00:00,4780.01,4800.680517135608,4751.07127601015,4734.534862301663,4780.01,20.670517135607522,28.93872398985053,45.47513769833655,0.03,0.01,0.02,True,True,True,5695.512280750763,2026-04-21 14:45:00+00:00,4734.534862301663,FULL_TP2,140.0,28.94,90.95,0.15,119.74,5815.25,2.1023569803314737
191,NAS100,BUY,2026-04-21 14:10:00+00:00,26738.8,26660.34636759536,26856.48044860696,26895.70726480928,26660.34636759536,78.45363240463959,117.68044860695939,156.90726480927918,0.07,0.04,0.03,False,False,False,5695.512280750763,2026-04-21 14:50:00+00:00,26660.34636759536,SL,40.0,-31.38,-23.54,0.35,-55.27,5759.98,-0.9704131476776395
192,NAS100,SELL,2026-04-21 18:20:00+00:00,26556.100000000002,26664.026043708585,26394.210934437127,26340.247912582836,26664.026043708585,107.92604370858278,161.88906556287418,215.85208741716556,0.05,0.03,0.02,False,False,False,5759.983737454039,2026-04-21 19:30:00+00:00,26664.026043708585,SL,70.0,-32.38,-21.59,0.25,-54.21,5705.77,-0.9411484905330874
194,NAS100,SELL,2026-04-21 19:40:00+00:00,26449.0,26557.61704058654,26286.074439120188,26231.765918826917,26557.61704058654,108.61704058654115,162.9255608798117,217.2340811730823,0.05,0.03,0.02,False,False,False,5705.770715599748,2026-04-21 20:05:00+00:00,26557.61704058654,SL,25.0,-32.59,-21.72,0.25,-54.56,5651.21,-0.9562248944008798
193,XAUUSD,SELL,2026-04-21 19:35:00+00:00,4700.83,4730.8628549220075,4658.784003109189,4634.757719171584,4730.8628549220075,30.032854922007434,42.04599689081041,66.07228082841637,0.02,0.01,0.01,False,False,False,5705.770715599748,2026-04-21 22:00:00+00:00,4725.44,EOD_EXIT,145.0,-24.61,-24.61,0.1,-49.32,5601.89,-0.8643880460383317
195,XAUUSD,BUY,2026-04-22 10:50:00+00:00,4757.73,4733.78426156502,4791.254033808972,4810.410624556956,4733.78426156502,23.945738434980058,33.52403380897208,52.68062455695613,0.02,0.01,0.01,False,False,False,5601.892195306477,2026-04-22 14:30:00+00:00,4733.78426156502,SL,220.0,-23.95,-23.95,0.1,-47.99,5553.9,-0.8566748221289984
196,NAS100,BUY,2026-04-22 11:55:00+00:00,26718.1,26626.7207841219,26855.16882381715,26900.858431756198,26718.1,91.37921587809953,137.06882381714928,182.75843175619906,0.06,0.03,0.03,True,True,True,5601.892195306477,2026-04-22 17:10:00+00:00,26900.858431756198,FULL_TP2,315.0,41.12,54.83,0.3,95.65,5649.55,1.707458777591971
197,XAUUSD,SELL,2026-04-22 18:25:00+00:00,4729.87,4752.683263742332,4697.931430760735,4679.680819766869,4752.683263742332,22.813263742332285,31.9385692392652,50.18918023313103,0.02,0.01,0.01,False,False,False,5649.548895108522,2026-04-22 22:00:00+00:00,4741.6,EOD_EXIT,215.0,-11.73,-11.73,0.1,-23.56,5625.99,-0.41702444633054964
198,XAUUSD,SELL,2026-04-23 07:20:00+00:00,4704.9800000000005,4729.110009698743,4671.197986421761,4651.893978662766,4729.110009698743,24.130009698742775,33.782013578239884,53.08602133723411,0.02,0.01,0.01,False,False,False,5625.98889510852,2026-04-23 12:00:00+00:00,4729.110009698743,SL,280.0,-24.13,-24.13,0.1,-48.36,5577.63,-0.8595822157069363
199,NAS100,BUY,2026-04-23 10:30:00+00:00,26865.199999999997,26767.41436176407,27011.87845735389,27060.771276471856,26865.199999999997,97.78563823592884,146.67845735389326,195.5712764718577,0.06,0.03,0.03,True,False,True,5625.98889510852,2026-04-23 17:05:00+00:00,26865.199999999997,TP1_THEN_BE,395.0,44.0,0.0,0.3,43.7,5621.33,0.7767523330519668
200,XAUUSD,SELL,2026-04-23 17:05:00+00:00,4710.6,4735.882503941484,4675.204494481924,4654.978491328737,4710.6,25.282503941483647,35.3955055180771,55.621508671264024,0.02,0.01,0.01,True,False,True,5621.332412917203,2026-04-23 17:55:00+00:00,4710.6,TP1_THEN_BE,50.0,35.4,0.0,0.1,35.3,5656.63,0.6279649984563176
201,XAUUSD,SELL,2026-04-23 18:45:00+00:00,4706.26,4736.309039374235,4664.1913448760715,4640.152113376684,4736.309039374235,30.04903937423479,42.06865512392871,66.10788662331655,0.02,0.01,0.01,False,False,False,5656.627918435281,2026-04-23 22:00:00+00:00,4695.01,EOD_EXIT,195.0,11.25,11.25,0.1,22.4,5679.03,0.3959956412723752
202,XAUUSD,SELL,2026-04-24 06:30:00+00:00,4671.82,4697.888020382131,4635.324771465017,4614.470355159312,4697.888020382131,26.0680203821308,36.49522853498312,57.349644840687766,0.02,0.01,0.01,False,False,False,5679.02791843528,2026-04-24 11:05:00+00:00,4697.888020382131,SL,275.0,-26.07,-26.07,0.1,-52.24,5626.79,-0.9198757384237949
203,NAS100,BUY,2026-04-24 14:45:00+00:00,27151.1,27024.93373629355,27340.34939555967,27403.432527412893,27151.1,126.16626370644777,189.24939555967165,252.33252741289553,0.04,0.02,0.02,True,False,True,5626.7918776710185,2026-04-26 22:00:00+00:00,27249.7,EOD_EXIT,3315.0,37.85,19.72,0.2,57.37,5684.16,1.0195863157417149
204,XAUUSD,BUY,2026-04-27 07:10:00+00:00,4717.42,4694.416488686879,4749.624915838369,4768.027724888865,4694.416488686879,23.003511313120484,32.20491583836868,50.60772488886507,0.02,0.01,0.01,False,False,False,5684.1617567829535,2026-04-27 13:00:00+00:00,4694.416488686879,SL,350.0,-23.0,-23.0,0.1,-46.11,5638.05,-0.8112014044107133
205,NAS100,SELL,2026-04-28 14:35:00+00:00,26965.0,27076.995832701592,26797.00625094761,26741.008334596812,27076.995832701592,111.99583270159347,167.9937490523902,223.99166540318694,0.05,0.03,0.02,False,False,False,5638.054734156713,2026-04-28 18:45:00+00:00,27076.995832701592,SL,250.0,-33.6,-22.4,0.25,-56.25,5581.81,-0.9976845322061839
206,XAUUSD,SELL,2026-04-28 20:20:00+00:00,4592.41,4616.655105076688,4558.466852892636,4539.070768831285,4616.655105076688,24.24510507668851,33.94314710736391,53.339231168714726,0.02,0.01,0.01,False,False,False,5581.806817805916,2026-04-28 22:00:00+00:00,4598.35,EOD_EXIT,100.0,-5.94,-5.94,0.1,-11.98,5569.83,-0.21462584412244262
207,XAUUSD,SELL,2026-04-29 11:20:00+00:00,4565.84,4589.532040707772,4532.671143009121,4513.717510442903,4565.84,23.692040707771174,33.16885699087964,52.122489557096586,0.02,0.01,0.01,True,True,True,5569.826817805914,2026-04-29 13:40:00+00:00,4513.717510442903,FULL_TP2,140.0,33.17,52.12,0.1,85.19,5655.02,1.5294910019044066
209,NAS100,SELL,2026-04-29 18:05:00+00:00,27071.600000000002,27181.9579995393,26906.063000691058,26850.88400092141,27181.9579995393,110.3579995392959,165.53699930894385,220.7159990785918,0.05,0.03,0.02,False,False,False,5655.018164353891,2026-04-29 18:55:00+00:00,27181.9579995393,SL,50.0,-33.11,-22.07,0.25,-55.43,5599.59,-0.9801913696652663
208,XAUUSD,SELL,2026-04-29 17:00:00+00:00,4544.65,4571.781952614296,4506.6652663399855,4484.959704248548,4571.781952614296,27.131952614295916,37.98473366001428,59.69029575145102,0.02,0.01,0.01,False,False,False,5655.018164353891,2026-04-29 22:00:00+00:00,4539.46,EOD_EXIT,300.0,5.19,5.19,0.1,10.28,5609.87,0.1817854461511625
210,XAUUSD,BUY,2026-04-30 12:55:00+00:00,4639.8099999999995,4612.525208845728,4678.008707615979,4699.836540539395,4612.525208845728,27.284791154270906,38.19870761597927,60.026540539395995,0.02,0.01,0.01,False,False,False,5609.869164584242,2026-04-30 13:50:00+00:00,4612.525208845728,SL,55.0,-27.28,-27.28,0.1,-54.67,5555.2,-0.9745325317948248
211,NAS100,BUY,2026-04-30 15:05:00+00:00,27301.699999999997,27119.853709824663,27574.469435263,27665.392580350668,27119.853709824663,181.8462901753347,272.76943526300204,363.6925803506694,0.03,0.01,0.02,False,False,False,5555.1995822757,2026-04-30 22:00:00+00:00,27505.4,EOD_EXIT,415.0,20.37,40.74,0.15,60.96,5616.16,1.097350312930208
212,XAUUSD,BUY,2026-04-30 17:15:00+00:00,4618.0199999999995,4591.601980082623,4655.005227884326,4676.139643818226,4591.601980082623,26.41801991737573,36.98522788432602,58.11964381822661,0.02,0.01,0.01,False,False,False,5555.1995822757,2026-04-30 22:00:00+00:00,4628.75,EOD_EXIT,285.0,10.73,10.73,0.1,21.36,5637.52,0.3845046372078288
213,NAS100,BUY,2026-05-01 17:10:00+00:00,27756.6,27626.81234443842,27951.281483342373,28016.175311123163,27626.81234443842,129.78765556158214,194.6814833423732,259.5753111231643,0.04,0.02,0.02,False,False,False,5637.519582275701,2026-05-03 22:00:00+00:00,27782.1,EOD_EXIT,3170.0,5.1,5.1,0.2,10.0,5647.52,0.17738297586477372
214,NAS100,BUY,2026-05-04 07:20:00+00:00,27846.899999999998,27742.780268749368,28003.079596875945,28055.139462501258,27742.780268749368,104.11973125063082,156.17959687594623,208.23946250126164,0.05,0.03,0.02,False,False,False,5647.519582275701,2026-05-04 10:00:00+00:00,27742.780268749368,SL,160.0,-31.24,-20.82,0.25,-52.31,5595.21,-0.926247341650144
215,XAUUSD,SELL,2026-05-04 15:05:00+00:00,4557.57,4584.239999372473,4520.232000878536,4498.896001380558,4557.57,26.66999937247351,37.33799912146291,58.673998619441726,0.02,0.01,0.01,True,False,True,5595.209716650386,2026-05-04 22:00:00+00:00,4520.28,EOD_EXIT,415.0,37.34,37.29,0.1,74.53,5669.74,1.332032287873169
216,NAS100,SELL,2026-05-04 18:40:00+00:00,27629.0,27761.174702782082,27430.737945826877,27364.650594435836,27761.174702782082,132.1747027820813,198.26205417312195,264.3494055641626,0.04,0.02,0.02,False,False,False,5595.209716650386,2026-05-04 22:00:00+00:00,27678.8,EOD_EXIT,200.0,-9.96,-9.96,0.2,-20.12,5649.62,-0.3595933131894293
217,NAS100,BUY,2026-05-05 06:35:00+00:00,27771.5,27677.935672295196,27911.846491557204,27958.628655409608,27771.5,93.5643277048032,140.3464915572048,187.1286554096064,0.06,0.03,0.03,True,True,True,5649.617715771849,2026-05-05 13:35:00+00:00,27958.628655409608,FULL_TP2,420.0,42.1,56.14,0.3,97.94,5747.56,1.7335686222907467
218,NAS100,BUY,2026-05-05 20:30:00+00:00,28134.8,28041.932077372872,28274.101883940693,28320.535845254257,28041.932077372872,92.86792262712855,139.30188394069282,185.7358452542571,0.06,0.03,0.03,False,False,False,5747.5602598618925,2026-05-05 22:00:00+00:00,28169.8,EOD_EXIT,90.0,10.5,10.5,0.3,20.7,5768.26,0.3601528137870693
219,NAS100,BUY,2026-05-06 07:05:00+00:00,28254.8,28160.624513776078,28396.06322933588,28443.150972447842,28254.8,94.17548622392096,141.26322933588142,188.3509724478419,0.06,0.03,0.03,True,True,True,5768.260259861892,2026-05-06 10:00:00+00:00,28443.150972447842,FULL_TP2,175.0,42.38,56.51,0.3,98.58,5866.84,1.7090074920156302
220,NAS100,BUY,2026-05-06 14:35:00+00:00,28411.3,28284.900362915883,28600.89945562617,28664.09927416823,28411.3,126.39963708411535,189.59945562617304,252.7992741682307,0.05,0.03,0.02,True,True,True,5866.84452039701,2026-05-06 20:05:00+00:00,28664.09927416823,FULL_TP2,330.0,56.88,50.56,0.25,107.19,5974.03,1.8270468840163918
221,XAUUSD,BUY,2026-05-06 18:20:00+00:00,4688.15,4661.686055259207,4725.199522637109,4746.370678429743,4661.686055259207,26.46394474079245,37.049522637109426,58.220678429743394,0.02,0.01,0.01,False,False,False,5866.84452039701,2026-05-06 22:00:00+00:00,4690.5,EOD_EXIT,220.0,2.35,2.35,0.1,4.6,5978.63,0.07840671393297324
223,NAS100,BUY,2026-05-07 11:05:00+00:00,28656.0,28560.755928042836,28798.866107935748,28846.488143914332,28656.0,95.24407195716525,142.86610793574786,190.4881439143305,0.06,0.03,0.03,True,True,True,5978.634211918508,2026-05-07 14:55:00+00:00,28846.488143914332,FULL_TP2,230.0,42.86,57.15,0.3,99.71,6078.34,1.6677722112723743
222,XAUUSD,BUY,2026-05-07 10:40:00+00:00,4739.49,4714.019796615282,4775.148284738605,4795.52444744638,4714.019796615282,25.47020338471811,35.65828473860535,56.03444744637985,0.02,0.01,0.01,False,False,False,5978.634211918508,2026-05-07 16:10:00+00:00,4714.019796615282,SL,330.0,-25.47,-25.47,0.1,-51.04,6027.3,-0.8537066860228864
225,NAS100,BUY,2026-05-08 10:15:00+00:00,28780.399999999998,28679.61074004885,28931.58388992672,28981.97851990229,28780.399999999998,100.78925995114746,151.18388992672118,201.57851990229491,0.06,0.03,0.03,True,True,True,6027.300080704095,2026-05-08 13:45:00+00:00,28981.97851990229,FULL_TP2,210.0,45.36,60.47,0.3,105.53,6132.83,1.7508668655447504
224,XAUUSD,BUY,2026-05-08 08:35:00+00:00,4721.6,4692.653562216674,4762.125012896658,4785.282163123318,4692.653562216674,28.946437783326445,40.52501289665702,63.68216312331818,0.02,0.01,0.01,False,False,False,6027.300080704095,2026-05-10 22:00:00+00:00,4686.56,EOD_EXIT,3685.0,-35.04,-35.04,0.1,-70.18,6062.65,-1.1643687730875636
226,NAS100,BUY,2026-05-08 19:05:00+00:00,29207.199999999997,29094.296138640424,29376.555792039355,29433.007722719143,29094.296138640424,112.90386135957228,169.35579203935842,225.80772271914455,0.05,0.03,0.02,False,False,False,6132.8288036528,2026-05-10 22:00:00+00:00,29179.2,EOD_EXIT,3055.0,-8.4,-5.6,0.25,-14.25,6048.4,-0.23235607019573898
228,XAUUSD,SELL,2026-05-11 07:50:00+00:00,4668.78,4696.565149422134,4629.880790809012,4607.652671271306,4696.565149422134,27.78514942213381,38.89920919098733,61.12732872869439,0.02,0.01,0.01,False,False,False,6048.398803652802,2026-05-11 12:35:00+00:00,4696.565149422134,SL,285.0,-27.79,-27.79,0.1,-55.67,5992.73,-0.9204088851809721
227,NAS100,BUY,2026-05-11 06:20:00+00:00,29266.8,29164.61009684632,29420.084854730514,29471.17980630735,29164.61009684632,102.18990315367647,153.2848547305147,204.37980630735294,0.06,0.03,0.03,False,False,False,6048.398803652802,2026-05-11 14:30:00+00:00,29164.61009684632,SL,490.0,-30.66,-30.66,0.3,-61.61,5931.11,-1.0186166950960964
229,NAS100,BUY,2026-05-11 17:30:00+00:00,29368.3,29246.62903813057,29550.806442804143,29611.64192373886,29246.62903813057,121.67096186943057,182.50644280414585,243.34192373886114,0.05,0.03,0.02,False,False,False,5931.114562916328,2026-05-11 20:10:00+00:00,29246.62903813057,SL,160.0,-36.5,-24.33,0.25,-61.09,5870.03,-1.0299919071190904
231,NAS100,SELL,2026-05-12 10:35:00+00:00,29121.600000000002,29230.64689182689,28958.02966225967,28903.506216346224,29121.600000000002,109.04689182688938,163.57033774033408,218.09378365377876,0.05,0.03,0.02,True,True,True,5870.029081981613,2026-05-12 15:00:00+00:00,28903.506216346224,FULL_TP2,265.0,49.07,43.62,0.25,92.44,5962.47,1.57477925081751
230,XAUUSD,SELL,2026-05-12 10:30:00+00:00,4694.9400000000005,4718.638505055059,4661.76209292292,4642.803288878873,4694.9400000000005,23.698505055057982,33.17790707708117,52.13671112112756,0.02,0.01,0.01,True,True,True,5870.029081981613,2026-05-12 15:20:00+00:00,4642.803288878873,FULL_TP2,290.0,33.18,52.14,0.1,85.21,6047.68,1.4516112068602338
232,XAUUSD,SELL,2026-05-13 07:05:00+00:00,4698.36,4720.64879574181,4667.155685961466,4649.324649368017,4720.64879574181,22.288795741810198,31.204314038534275,49.03535063198244,0.03,0.01,0.02,False,False,False,6047.683558232678,2026-05-13 22:00:00+00:00,4693.58,EOD_EXIT,895.0,4.78,9.56,0.15,14.19,6061.87,0.23463529239527145
233,NAS100,BUY,2026-05-13 20:30:00+00:00,29469.199999999997,29318.706190038116,29694.94071494282,29770.18761992376,29318.706190038116,150.49380996188174,225.7407149428226,300.9876199237635,0.04,0.02,0.02,False,False,False,6047.683558232678,2026-05-13 22:00:00+00:00,29476.6,EOD_EXIT,90.0,1.48,1.48,0.2,2.76,6064.63,0.04563730845743123
234,NAS100,BUY,2026-05-14 17:55:00+00:00,29660.1,29514.122463453106,29879.06630482034,29952.055073093787,29514.122463453106,145.97753654689365,218.96630482034047,291.9550730937873,0.04,0.02,0.02,False,False,False,6064.633558232677,2026-05-14 22:00:00+00:00,29634.5,EOD_EXIT,245.0,-5.12,-5.12,0.2,-10.44,6054.19,-0.1721456028588538
235,XAUUSD,SELL,2026-05-15 07:45:00+00:00,4574.47,4602.188110147234,4535.664645793873,4513.490157676086,4574.47,27.71811014723367,38.805354206127134,60.97984232391408,0.02,0.01,0.01,True,True,True,6054.193558232678,2026-05-15 13:45:00+00:00,4513.490157676086,FULL_TP2,360.0,38.81,60.98,0.1,99.69,6153.88,1.6466272351738487
236,NAS100,SELL,2026-05-15 08:00:00+00:00,29268.600000000002,29420.42140463207,29040.8678930519,28964.957190735866,29268.600000000002,151.82140463206736,227.73210694810103,303.6428092641347,0.04,0.02,0.02,True,False,True,6054.193558232678,2026-05-15 14:15:00+00:00,29268.600000000002,TP1_THEN_BE,375.0,45.55,0.0,0.2,45.35,6199.23,0.7490675605891669
238,NAS100,SELL,2026-05-15 16:00:00+00:00,29205.5,29395.078147508604,28921.132778737097,28826.343704982795,29395.078147508604,189.57814750860297,284.3672212629044,379.15629501720593,0.03,0.01,0.02,False,False,False,6199.225176152339,2026-05-15 18:05:00+00:00,29395.078147508604,SL,125.0,-18.96,-37.92,0.15,-57.02,6142.2,-0.9197923672679122
237,XAUUSD,SELL,2026-05-15 15:30:00+00:00,4543.49,4576.084321449849,4497.857949970211,4471.782492810332,4576.084321449849,32.59432144984906,45.63205002978869,71.70750718966794,0.02,0.01,0.01,False,False,False,6199.225176152339,2026-05-17 22:00:00+00:00,4544.98,EOD_EXIT,3270.0,-1.49,-1.49,0.1,-3.08,6139.12,-0.04968362839679357
239,NAS100,SELL,2026-05-18 06:00:00+00:00,28956.0,29141.76489459275,28677.352658110874,28584.4702108145,29141.76489459275,185.76489459275123,278.64734188912684,371.52978918550247,0.03,0.01,0.02,False,False,False,6139.121731899759,2026-05-18 08:20:00+00:00,29141.76489459275,SL,140.0,-18.58,-37.15,0.15,-55.88,6083.24,-0.910227919241925
240,NAS100,SELL,2026-05-18 18:00:00+00:00,28885.5,29113.183098530462,28543.975352204307,28430.133802939075,29113.183098530462,227.68309853046304,341.5246477956946,455.3661970609261,0.03,0.01,0.02,False,False,False,6083.242263521934,2026-05-18 22:00:00+00:00,29064.5,EOD_EXIT,240.0,-17.9,-35.8,0.15,-53.85,6029.39,-0.8852187315128098
241,XAUUSD,SELL,2026-05-19 07:40:00+00:00,4542.08,4567.258879540228,4506.829568643681,4486.6864650114985,4542.08,25.178879540227776,35.250431356318884,55.39353498850111,0.02,0.01,0.01,True,True,True,6029.392263521933,2026-05-19 13:30:00+00:00,4486.6864650114985,FULL_TP2,350.0,35.25,55.39,0.1,90.54,6119.94,1.501643881221175
242,NAS100,SELL,2026-05-19 08:25:00+00:00,28925.7,29107.34094125012,28653.238588124823,28562.418117499765,28925.7,181.64094125011826,272.4614118751774,363.2818825002365,0.03,0.01,0.02,True,False,True,6029.392263521933,2026-05-19 16:40:00+00:00,28925.7,TP1_THEN_BE,495.0,27.25,0.0,0.15,27.1,6147.03,0.44946486835756394
243,XAUUSD,SELL,2026-05-19 17:45:00+00:00,4500.4,4529.814689532281,4459.219434654807,4435.687683028982,4529.814689532281,29.41468953228083,41.18056534519316,64.71231697101783,0.02,0.01,0.01,False,False,False,6147.032371054271,2026-05-19 22:00:00+00:00,4484.37,EOD_EXIT,255.0,16.03,16.03,0.1,31.96,6178.99,0.5199256823584708
244,XAUUSD,SELL,2026-05-20 06:40:00+00:00,4466.63,4493.9446939732825,4428.389428437405,4406.537673258778,4493.9446939732825,27.314693973282676,38.24057156259575,60.09232674122189,0.02,0.01,0.01,False,False,False,6178.99237105427,2026-05-20 10:35:00+00:00,4493.9446939732825,SL,235.0,-27.31,-27.31,0.1,-54.73,6124.26,-0.8857431230435695
245,NAS100,BUY,2026-05-20 16:40:00+00:00,29231.3,29051.95069769565,29500.323953456522,29589.998604608696,29051.95069769565,179.34930230434776,269.02395345652167,358.6986046086955,0.03,0.01,0.02,False,False,False,6124.262983107705,2026-05-20 22:00:00+00:00,29160.2,EOD_EXIT,320.0,-7.11,-14.22,0.15,-21.48,6102.78,-0.3507360813741568
246,NAS100,BUY,2026-05-21 08:05:00+00:00,29313.899999999998,29161.837275752285,29541.994086371567,29618.025448495428,29161.837275752285,152.06272424771416,228.09408637157122,304.1254484954283,0.04,0.02,0.02,False,False,False,6102.782983107705,2026-05-21 10:35:00+00:00,29161.837275752285,SL,150.0,-30.41,-30.41,0.2,-61.03,6041.76,-1.0000355603161533
247,XAUUSD,SELL,2026-05-21 14:40:00+00:00,4504.4,4530.392959604366,4468.0098565538865,4447.2154888703935,4530.392959604366,25.992959604366355,36.390143446112894,57.18451112960599,0.02,0.01,0.01,False,False,False,6041.75789340862,2026-05-21 17:10:00+00:00,4530.392959604366,SL,150.0,-25.99,-25.99,0.1,-52.09,5989.67,-0.8621662919798336
248,NAS100,BUY,2026-05-22 06:40:00+00:00,29536.699999999997,29397.330902566275,29745.75364615058,29815.438194867445,29397.330902566275,139.36909743372354,209.0536461505853,278.7381948674471,0.04,0.02,0.02,False,False,False,5989.671974199887,2026-05-22 10:25:00+00:00,29397.330902566275,SL,225.0,-27.87,-27.87,0.2,-55.95,5933.72,-0.9341079151078874
249,XAUUSD,SELL,2026-05-22 07:10:00+00:00,4522.1,4544.61314086157,4490.581602793803,4472.571090104547,4544.61314086157,22.513140861569674,31.51839720619754,49.52890989545329,0.03,0.01,0.02,False,False,False,5989.671974199887,2026-05-24 22:00:00+00:00,4550.65,EOD_EXIT,3770.0,-28.55,-57.1,0.15,-85.8,5847.92,-1.4324657572163848
250,NAS100,BUY,2026-05-22 14:35:00+00:00,29552.699999999997,29415.511936295035,29758.482095557436,29827.076127409917,29415.511936295035,137.18806370495992,205.78209555743987,274.37612740991983,0.04,0.02,0.02,False,False,False,5933.724335226398,2026-05-24 22:00:00+00:00,29696.7,EOD_EXIT,3325.0,28.8,28.8,0.2,57.4,5905.32,0.967351982619697
251,NAS100,BUY,2026-05-25 07:55:00+00:00,29925.5,29810.11350715744,30098.579739263838,30156.27298568512,29810.11350715744,115.38649284255945,173.07973926383917,230.7729856851189,0.05,0.03,0.02,False,False,False,5905.324335226402,2026-05-25 22:00:00+00:00,29885.3,EOD_EXIT,845.0,-12.06,-8.04,0.25,-20.35,5884.97,-0.34460427310669994
252,XAUUSD,BUY,2026-05-25 14:05:00+00:00,4569.78,4551.139744374251,4595.876357876048,4610.788562376647,4551.139744374251,18.640255625748644,26.0963578760481,41.00856237664702,0.03,0.01,0.02,False,False,False,5905.324335226402,2026-05-25 22:00:00+00:00,4570.98,EOD_EXIT,475.0,1.2,2.4,0.15,3.45,5888.42,0.058421854654452814
254,NAS100,SELL,2026-05-26 07:05:00+00:00,29734.600000000002,29816.372137828952,29611.941793256578,29571.055724342103,29816.372137828952,81.77213782895015,122.65820674342523,163.5442756579003,0.07,0.04,0.03,False,False,False,5888.424335226401,2026-05-26 10:10:00+00:00,29816.372137828952,SL,185.0,-32.71,-24.53,0.35,-57.59,5830.83,-0.9780205488160655
253,XAUUSD,SELL,2026-05-26 06:55:00+00:00,4530.63,4549.37928289038,4504.381003953468,4489.381577641165,4530.63,18.74928289037969,26.248996046531563,41.24842235883532,0.03,0.01,0.02,True,False,True,5888.424335226401,2026-05-26 13:40:00+00:00,4530.63,TP1_THEN_BE,405.0,26.25,0.0,0.15,26.1,5856.93,0.4432425130074546
255,XAUUSD,SELL,2026-05-26 14:05:00+00:00,4515.15,4537.365063471627,4484.048911139722,4466.27686036242,4515.15,22.215063471626976,31.101088860277766,48.87313963757935,0.03,0.01,0.02,True,False,True,5856.932834792668,2026-05-26 22:00:00+00:00,4536.51,EOD_EXIT,475.0,31.1,-42.72,0.15,-11.77,5845.16,-0.20095842537379296
256,NAS100,BUY,2026-05-26 17:40:00+00:00,29941.899999999998,29826.131887821568,30115.55216826764,30173.436224356858,29826.131887821568,115.76811217842985,173.65216826764475,231.5362243568597,0.05,0.03,0.02,False,False,False,5856.932834792668,2026-05-26 22:00:00+00:00,30015.9,EOD_EXIT,260.0,22.2,14.8,0.25,36.75,5881.91,0.6274615235757768
258,XAUUSD,SELL,2026-05-27 10:00:00+00:00,4486.2,4507.906913733314,4455.81032077336,4438.4447897867085,4486.2,21.70691373331403,30.389679226639636,47.755210213290866,0.03,0.01,0.02,True,True,True,5881.913923652946,2026-05-27 11:30:00+00:00,4438.4447897867085,FULL_TP2,90.0,30.39,95.51,0.15,125.75,6007.66,2.137909558559186
257,NAS100,BUY,2026-05-27 07:10:00+00:00,30074.1,29980.69663953691,30214.205040694633,30260.906720926178,30074.1,93.40336046309021,140.1050406946353,186.80672092618042,0.06,0.03,0.03,True,True,True,5881.913923652946,2026-05-27 12:15:00+00:00,30260.906720926178,FULL_TP2,305.0,42.03,56.04,0.3,97.77,6105.44,1.6622140559867322
260,NAS100,SELL,2026-05-27 17:05:00+00:00,29851.5,29991.000099353478,29642.249850969783,29572.499801293045,29991.000099353478,139.5000993534775,209.25014903021628,279.000198706955,0.04,0.02,0.02,False,False,False,6105.437551792413,2026-05-27 18:20:00+00:00,29991.000099353478,SL,75.0,-27.9,-27.9,0.2,-56.0,6049.44,-0.9172151795010944
259,XAUUSD,SELL,2026-05-27 15:10:00+00:00,4431.66,4461.199777860013,4390.304310995983,4366.672488707973,4461.199777860013,29.53977786001244,41.355689004017414,64.98751129202738,0.02,0.01,0.01,False,False,False,6105.437551792413,2026-05-27 22:00:00+00:00,4456.59,EOD_EXIT,410.0,-24.93,-24.93,0.1,-49.96,5999.48,-0.818286970854905
261,XAUUSD,SELL,2026-05-28 10:45:00+00:00,4380.61,4405.223628746549,4346.15091975483,4326.460016757591,4405.223628746549,24.613628746549434,34.459080245169204,54.14998324240876,0.02,0.01,0.01,False,False,False,5999.47751205102,2026-05-28 12:45:00+00:00,4405.223628746549,SL,120.0,-24.61,-24.61,0.1,-49.33,5950.15,-0.822238268264393
262,NAS100,BUY,2026-05-28 18:50:00+00:00,30274.699999999997,30127.369505951174,30495.695741073232,30569.360988097644,30127.369505951174,147.33049404882402,220.99574107323605,294.66098809764804,0.04,0.02,0.02,False,False,False,5950.1502545579215,2026-05-28 22:00:00+00:00,30311.4,EOD_EXIT,190.0,7.34,7.34,0.2,14.48,5964.63,0.24335519912136774
263,NAS100,BUY,2026-05-29 08:35:00+00:00,30285.1,30184.928805396463,30435.356791905302,30485.44238920707,30285.1,100.17119460353621,150.2567919053043,200.34238920707242,0.06,0.03,0.03,True,True,True,5964.630254557923,2026-05-29 14:00:00+00:00,30485.44238920707,FULL_TP2,325.0,45.08,60.1,0.3,104.88,6069.51,1.7583654899623502
264,NAS100,BUY,2026-05-29 15:30:00+00:00,30364.5,30240.94111518131,30549.838327228033,30611.617769637378,30240.94111518131,123.55888481868809,185.33832722803214,247.11776963737617,0.05,0.03,0.02,False,False,False,6069.510008891636,2026-05-31 22:00:00+00:00,30340.6,EOD_EXIT,3270.0,-7.17,-4.78,0.25,-12.2,6057.31,-0.20100469365941226
265,XAUUSD,SELL,2026-06-01 06:10:00+00:00,4513.8,4535.785118473224,4483.020834137486,4465.432739358907,4513.8,21.985118473223995,30.77916586251359,48.36726064109279,0.03,0.01,0.02,True,True,True,6057.310008891635,2026-06-01 13:20:00+00:00,4465.432739358907,FULL_TP2,430.0,30.78,96.73,0.15,127.36,6184.67,2.1025834869446327
266,XAUUSD,SELL,2026-06-01 19:40:00+00:00,4483.27,4507.688463221099,4449.084151490463,4429.549380913585,4507.688463221099,24.418463221097937,34.18584850953711,53.72061908641547,0.03,0.01,0.02,False,False,False,6184.673696036334,2026-06-01 22:00:00+00:00,4483.13,EOD_EXIT,140.0,0.14,0.28,0.15,0.27,6184.94,0.0043656304806030275
267,XAUUSD,BUY,2026-06-02 10:50:00+00:00,4532.6,4510.979034506544,4562.86935169084,4580.166124085606,4510.979034506544,21.62096549345678,30.26935169083949,47.56612408560492,0.03,0.01,0.02,False,False,False,6184.9436960363355,2026-06-02 13:20:00+00:00,4510.979034506544,SL,150.0,-21.62,-43.24,0.15,-65.01,6119.93,-1.0511009185364473
268,NAS100,BUY,2026-06-02 11:35:00+00:00,30539.399999999998,30439.745813365986,30688.881279951016,30738.708373268022,30439.745813365986,99.65418663401168,149.4812799510175,199.30837326802336,0.06,0.03,0.03,False,False,False,6184.9436960363355,2026-06-02 13:30:00+00:00,30439.745813365986,SL,115.0,-29.9,-29.9,0.3,-60.09,6059.84,-0.9715529025512246
269,XAUUSD,SELL,2026-06-03 12:20:00+00:00,4457.6,4479.117234954527,4427.475871063663,4410.262083100042,4457.6,21.517234954526618,30.124128936337264,47.337916899958564,0.03,0.01,0.02,True,False,True,6059.838287575558,2026-06-03 14:15:00+00:00,4457.6,TP1_THEN_BE,115.0,30.12,0.0,0.15,29.97,6089.81,0.4945676530914574
270,XAUUSD,SELL,2026-06-03 15:10:00+00:00,4445.51,4469.316376528825,4412.181072859646,4393.135971636586,4469.316376528825,23.806376528824693,33.328927140354565,52.374028363414325,0.03,0.01,0.02,False,False,False,6089.812416511895,2026-06-03 22:00:00+00:00,4431.88,EOD_EXIT,410.0,13.63,27.26,0.15,40.74,6130.55,0.6689861232759439
271,NAS100,SELL,2026-06-03 20:05:00+00:00,30581.5,30715.210089007287,30380.934866489068,30314.079821985422,30715.210089007287,133.71008900728842,200.56513351093264,267.42017801457683,0.05,0.03,0.02,False,False,False,6089.812416511895,2026-06-03 22:00:00+00:00,30447.2,EOD_EXIT,115.0,40.29,26.86,0.25,66.9,6197.45,1.0985560050849446
272,NAS100,SELL,2026-06-04 08:00:00+00:00,30443.7,30567.21575734207,30258.426363986895,30196.66848531586,30443.7,123.51575734207042,185.27363601310563,247.03151468414083,0.05,0.03,0.02,True,True,True,6197.4524165118955,2026-06-04 10:50:00+00:00,30196.66848531586,FULL_TP2,170.0,55.58,49.41,0.25,104.74,6302.19,1.6900492809100207
273,XAUUSD,BUY,2026-06-04 19:00:00+00:00,4481.75,4458.035738132494,4514.949966614508,4533.921376108513,4458.035738132494,23.71426186750606,33.19996661450848,52.171376108513336,0.03,0.01,0.02,False,False,False,6302.190810252655,2026-06-04 22:00:00+00:00,4473.78,EOD_EXIT,180.0,-7.97,-15.94,0.15,-24.06,6278.13,-0.3817720015848811
274,XAUUSD,SELL,2026-06-05 06:00:00+00:00,4437.15,4457.33203211403,4408.895155040357,4392.749529349133,4457.33203211403,20.182032114030232,28.254844959642323,44.40047065086652,0.03,0.01,0.02,False,False,False,6278.130810252655,2026-06-05 07:05:00+00:00,4457.33203211403,SL,65.0,-20.18,-40.36,0.15,-60.7,6217.43,-0.9668482839011955
275,XAUUSD,SELL,2026-06-05 12:30:00+00:00,4452.65,4472.176021301483,4425.313570177922,4409.692753136735,4452.65,19.5260213014839,27.33642982207746,42.95724686326459,0.03,0.01,0.02,True,True,True,6217.434713910564,2026-06-05 12:55:00+00:00,4409.692753136735,FULL_TP2,25.0,27.34,85.91,0.15,113.1,6330.54,1.8190782083639088
276,XAUUSD,SELL,2026-06-05 17:45:00+00:00,4339.65,4370.303809586578,4296.73466657879,4272.211618909528,4370.303809586578,30.65380958657829,42.9153334212096,67.43838109047225,0.02,0.01,0.01,False,False,False,6330.53563745917,2026-06-07 22:00:00+00:00,4320.77,EOD_EXIT,3135.0,18.88,18.88,0.1,37.66,6368.2,0.5948943684505542
277,NAS100,SELL,2026-06-08 06:45:00+00:00,29037.7,29269.734275802202,28689.648586296702,28573.6314483956,29269.734275802202,232.03427580220037,348.05141370330057,464.06855160440074,0.03,0.01,0.02,False,False,False,6368.195637459168,2026-06-08 11:10:00+00:00,29269.734275802202,SL,265.0,-23.2,-46.41,0.15,-69.76,6298.44,-1.0954437327530564
278,XAUUSD,SELL,2026-06-08 07:50:00+00:00,4296.18,4327.232802023051,4252.70607716773,4227.863835549289,4327.232802023051,31.052802023050532,43.473922832270745,68.31616445071117,0.02,0.01,0.01,False,False,False,6368.195637459168,2026-06-08 11:15:00+00:00,4327.232802023051,SL,205.0,-31.05,-31.05,0.1,-62.21,6236.23,-0.976885817295981
279,NAS100,BUY,2026-06-08 18:20:00+00:00,29563.199999999997,29321.237191168,29926.144213247997,30047.125617663994,29321.237191168,241.96280883199904,362.94421324799856,483.9256176639981,0.03,0.01,0.02,False,False,False,6236.229750672407,2026-06-08 22:00:00+00:00,29386.2,EOD_EXIT,220.0,-17.7,-35.4,0.15,-53.25,6182.98,-0.8538813053553461
280,NAS100,BUY,2026-06-09 08:15:00+00:00,29634.0,29454.54796875545,29903.178046866826,29992.9040624891,29454.54796875545,179.4520312445499,269.17804686682484,358.9040624890998,0.03,0.01,0.02,False,False,False,6182.979750672408,2026-06-09 14:15:00+00:00,29454.54796875545,SL,360.0,-17.95,-35.89,0.15,-53.99,6128.99,-0.8732035713707216
281,XAUUSD,BUY,2026-06-09 08:35:00+00:00,4334.72,4312.535213348665,4365.77870131187,4383.5265306329375,4312.535213348665,22.184786651335205,31.058701311869285,48.80653063293745,0.03,0.01,0.02,False,False,False,6182.979750672408,2026-06-09 14:15:00+00:00,4312.535213348665,SL,340.0,-22.18,-44.37,0.15,-66.7,6062.29,-1.0787678868388058
282,XAUUSD,SELL,2026-06-09 19:10:00+00:00,4258.39,4287.051887047606,4218.263358133352,4195.3338484952665,4287.051887047606,28.661887047606104,40.12664186664854,63.056151504733435,0.02,0.01,0.01,False,False,False,6062.289781345037,2026-06-09 22:00:00+00:00,4255.05,EOD_EXIT,170.0,3.34,3.34,0.1,6.58,6068.87,0.10853984611966369
283,NAS100,SELL,2026-06-10 07:40:00+00:00,28928.100000000002,29172.12365062115,28562.06452406828,28440.052698757703,29172.12365062115,244.0236506211487,366.03547593172306,488.0473012422974,0.02,0.01,0.01,False,False,False,6068.869781345037,2026-06-10 14:20:00+00:00,29172.12365062115,SL,400.0,-24.4,-24.4,0.1,-48.9,6019.97,-0.8057513468209949
284,XAUUSD,SELL,2026-06-10 11:00:00+00:00,4160.97,4191.038597961621,4118.873962853731,4094.8190844844344,4160.97,30.068597961620775,42.09603714626908,66.15091551556571,0.02,0.01,0.01,True,True,True,6068.869781345037,2026-06-10 19:05:00+00:00,4094.8190844844344,FULL_TP2,485.0,42.1,66.15,0.1,108.15,6128.11,1.7820451566194395
285,NAS100,SELL,2026-06-10 15:05:00+00:00,28806.5,29101.927962185513,28363.358056721732,28215.644075628974,29101.927962185513,295.42796218551285,443.1419432782693,590.8559243710257,0.02,0.01,0.01,False,False,False,6019.965051220807,2026-06-10 22:00:00+00:00,28373.1,EOD_EXIT,415.0,43.34,43.34,0.1,86.58,6214.69,1.4382143295407035
286,NAS100,BUY,2026-06-11 11:50:00+00:00,28889.6,28676.189971468284,29209.71504279757,29316.420057063428,28676.189971468284,213.4100285317138,320.1150427975707,426.8200570634276,0.03,0.01,0.02,False,False,False,6214.692003882642,2026-06-11 12:30:00+00:00,28676.189971468284,SL,40.0,-21.34,-42.68,0.15,-64.17,6150.52,-1.0325531813951465
287,XAUUSD,SELL,2026-06-11 14:05:00+00:00,4062.44,4097.190117048896,4013.789836131545,3985.9897424924284,4097.190117048896,34.75011704889629,48.650163868454804,76.45025750757185,0.02,0.01,0.01,False,False,False,6150.5189953231275,2026-06-11 16:10:00+00:00,4097.190117048896,SL,125.0,-34.75,-34.75,0.1,-69.6,6080.92,-1.1316118209361525
289,XAUUSD,SELL,2026-06-11 16:50:00+00:00,4079.3,4114.395458067671,4030.1663587052612,4002.0899922511244,4114.395458067671,35.0954580676708,49.133641294739114,77.21000774887577,0.02,0.01,0.01,False,False,False,6080.9187612253345,2026-06-11 17:30:00+00:00,4114.395458067671,SL,40.0,-35.1,-35.1,0.1,-70.29,6010.63,-1.1559108542643355
288,NAS100,BUY,2026-06-11 15:40:00+00:00,28816.0,28547.82982806918,29218.255257896228,29352.340343861633,28816.0,268.17017193081733,402.255257896226,536.3403438616347,0.02,0.01,0.01,True,True,True,6150.5189953231275,2026-06-11 19:10:00+00:00,29352.340343861633,FULL_TP2,210.0,40.23,53.63,0.1,93.76,6104.39,1.5244242001576678
290,XAUUSD,BUY,2026-06-12 07:55:00+00:00,4194.66,4158.061628699664,4245.89771982047,4275.17641686074,4158.061628699664,36.598371300336225,51.237719820470716,80.5164168607397,0.02,0.01,0.01,False,False,False,6104.387405265778,2026-06-14 22:00:00+00:00,4300.36,EOD_EXIT,3725.0,105.7,105.7,0.1,211.3,6315.69,3.461444793260139
291,NAS100,BUY,2026-06-12 14:15:00+00:00,29606.699999999997,29354.031940942954,29985.702088585564,30112.036118114083,29354.031940942954,252.6680590570432,379.0020885855648,505.3361181140864,0.02,0.01,0.01,False,False,False,6104.387405265778,2026-06-14 22:00:00+00:00,30060.1,EOD_EXIT,3345.0,45.34,45.34,0.1,90.58,6406.27,1.4838507779153025
292,XAUUSD,BUY,2026-06-15 07:25:00+00:00,4316.99,4286.16916714314,4360.139165999604,4384.795832285092,4316.99,30.82083285686018,43.14916599960425,67.8058322850924,0.02,0.01,0.01,True,False,True,6406.267405265778,2026-06-15 19:50:00+00:00,4316.99,TP1_THEN_BE,745.0,43.15,0.0,0.1,43.05,6449.32,0.6719981742350322
293,NAS100,BUY,2026-06-15 11:00:00+00:00,30321.8,30155.477553081215,30571.283670378176,30654.444893837564,30321.8,166.3224469187832,249.48367037817482,332.6448938375664,0.04,0.02,0.02,True,False,True,6406.267405265778,2026-06-15 22:00:00+00:00,30588.2,EOD_EXIT,660.0,49.9,53.28,0.2,102.98,6552.29,1.607488315510421
294,NAS100,BUY,2026-06-16 06:10:00+00:00,30569.8,30452.989654346755,30745.015518479864,30803.420691306485,30452.989654346755,116.81034565324344,175.21551847986518,233.6206913064869,0.06,0.03,0.03,False,False,False,6552.293305341017,2026-06-16 14:20:00+00:00,30452.989654346755,SL,490.0,-35.04,-35.04,0.3,-70.39,6481.91,-1.0742803583383929
295,XAUUSD,BUY,2026-06-16 07:00:00+00:00,4327.12,4306.224955566053,4356.373062207526,4373.089097754684,4306.224955566053,20.895044433947362,29.253062207526305,45.9690977546842,0.03,0.01,0.02,False,False,False,6552.293305341017,2026-06-16 22:00:00+00:00,4331.71,EOD_EXIT,900.0,4.59,9.18,0.15,13.62,6495.53,0.20786615258657348
296,NAS100,SELL,2026-06-17 14:35:00+00:00,30166.2,30297.14497625612,29969.78253561582,29904.31004748776,30166.2,130.94497625611928,196.4174643841789,261.88995251223855,0.05,0.03,0.02,True,True,True,6495.5270979490715,2026-06-17 18:05:00+00:00,29904.31004748776,FULL_TP2,210.0,58.93,52.38,0.25,111.05,6606.58,1.7096380066686727
297,NAS100,SELL,2026-06-17 18:55:00+00:00,30017.300000000003,30163.927986434068,29797.358020348907,29724.044027131873,30017.300000000003,146.6279864340646,219.94197965109691,293.2559728681292,0.05,0.03,0.02,True,True,True,6606.580327766773,2026-06-17 19:35:00+00:00,29724.044027131873,FULL_TP2,40.0,65.98,58.65,0.25,124.38,6730.96,1.8826683977071121
298,NAS100,BUY,2026-06-18 12:20:00+00:00,30214.0,30056.976820171894,30449.534769742157,30528.04635965621,30214.0,157.02317982810527,235.5347697421579,314.04635965621054,0.04,0.02,0.02,True,True,True,6730.9641162357275,2026-06-18 19:45:00+00:00,30528.04635965621,FULL_TP2,445.0,47.11,62.81,0.2,109.72,6840.68,1.630078516320491
299,XAUUSD,SELL,2026-06-18 14:05:00+00:00,4243.16,4273.463208875899,4200.7355075737405,4176.492940473022,4273.463208875899,30.303208875899262,42.424492426258965,66.66705952697838,0.02,0.01,0.01,False,False,False,6730.9641162357275,2026-06-18 22:00:00+00:00,4205.06,EOD_EXIT,475.0,38.1,38.1,0.1,76.1,6916.78,1.1305958356907524
300,XAUUSD,SELL,2026-06-19 06:35:00+00:00,4133.34,4160.081442974652,4095.9019798354875,4074.508825455766,4160.081442974652,26.741442974651935,37.43802016451271,58.831174544234266,0.03,0.01,0.02,False,False,False,6916.780342115399,2026-06-19 07:15:00+00:00,4160.081442974652,SL,40.0,-26.74,-53.48,0.15,-80.37,6836.41,-1.1619568068489505
301,XAUUSD,SELL,2026-06-19 10:00:00+00:00,4157.54,4183.094352113678,4121.763907040851,4101.32042534991,4183.094352113678,25.55435211367742,35.776092959148386,56.21957465009033,0.03,0.01,0.02,False,False,False,6836.406013191444,2026-06-21 22:00:00+00:00,4156.35,EOD_EXIT,3600.0,1.19,2.38,0.15,3.42,6839.83,0.05002628564483751
302,NAS100,BUY,2026-06-19 12:55:00+00:00,30406.199999999997,30279.201398914258,30596.697901628606,30660.197202171472,30279.201398914258,126.99860108573817,190.49790162860725,253.99720217147635,0.05,0.03,0.02,False,False,False,6836.406013191444,2026-06-21 22:00:00+00:00,30358.9,EOD_EXIT,3425.0,-14.19,-9.46,0.25,-23.9,6815.93,-0.3495988967577826
303,XAUUSD,BUY,2026-06-22 08:55:00+00:00,4197.64,4170.8787340055405,4235.105772392244,4256.514785187812,4170.8787340055405,26.761265994459713,37.46577239224359,58.87478518781137,0.03,0.01,0.02,False,False,False,6815.926013191445,2026-06-22 15:45:00+00:00,4170.8787340055405,SL,410.0,-26.76,-53.52,0.15,-80.43,6735.49,-1.1800304147130842
305,NAS100,SELL,2026-06-23 12:15:00+00:00,29562.5,29747.15939084062,29285.51091373907,29193.181218318758,29747.15939084062,184.6593908406208,276.98908626093123,369.3187816812416,0.04,0.02,0.02,False,False,False,6735.492215208066,2026-06-23 14:00:00+00:00,29747.15939084062,SL,105.0,-36.93,-36.93,0.2,-74.06,6661.43,-1.0995484462557903
304,XAUUSD,SELL,2026-06-23 12:00:00+00:00,4122.09,4146.932782678358,4087.3101042502985,4067.4358781076116,4146.932782678358,24.842782678358457,34.779895749701836,54.65412189238861,0.03,0.01,0.02,False,False,False,6735.492215208066,2026-06-23 22:00:00+00:00,4111.36,EOD_EXIT,600.0,10.73,21.46,0.15,32.04,6693.47,0.4756890658659941
306,NAS100,SELL,2026-06-23 17:50:00+00:00,29515.800000000003,29733.043179522276,29189.935230716594,29081.313640955457,29733.043179522276,217.2431795222724,325.86476928340863,434.4863590445448,0.03,0.01,0.02,False,False,False,6661.428458871818,2026-06-23 22:00:00+00:00,29519.4,EOD_EXIT,250.0,-0.36,-0.72,0.15,-1.23,6692.24,-0.01846450813956971
307,XAUUSD,SELL,2026-06-24 07:50:00+00:00,4078.44,4105.79453699702,4040.143648204172,4018.260018606556,4078.44,27.354536997020034,38.296351795828045,60.17998139344408,0.02,0.01,0.01,True,True,True,6692.2384588718205,2026-06-24 12:25:00+00:00,4018.260018606556,FULL_TP2,275.0,38.3,60.18,0.1,98.38,6790.61,1.4700611851267613
308,NAS100,SELL,2026-06-24 11:05:00+00:00,29536.7,29719.392845758786,29262.66073136182,29171.314308482426,29536.7,182.6928457587871,274.0392686381806,365.3856915175742,0.04,0.02,0.02,True,True,True,6692.2384588718205,2026-06-24 17:25:00+00:00,29171.314308482426,FULL_TP2,380.0,54.81,73.08,0.2,127.68,6918.3,1.9078818064340812
309,XAUUSD,SELL,2026-06-24 14:55:00+00:00,4007.6,4042.0129165114618,3959.4219168839536,3931.891583674784,4007.6,34.41291651146176,48.17808311604646,75.70841632521588,0.02,0.01,0.01,True,False,True,6790.614792061093,2026-06-24 22:00:00+00:00,4006.97,EOD_EXIT,425.0,48.18,0.63,0.1,48.71,6967.01,0.7173135495323171
310,NAS100,BUY,2026-06-25 10:10:00+00:00,29928.8,29735.040790039788,30219.43881494032,30316.318419920426,29735.040790039788,193.75920996021327,290.6388149403199,387.51841992042654,0.04,0.02,0.02,False,False,False,6967.00786720829,2026-06-25 13:40:00+00:00,29735.040790039788,SL,210.0,-38.75,-38.75,0.2,-77.7,6889.3,-1.115256383815951
311,NAS100,SELL,2026-06-25 16:50:00+00:00,29453.4,29751.752137402473,29005.871793896295,28856.69572519506,29751.752137402473,298.3521374024704,447.52820610370566,596.7042748049408,0.02,0.01,0.01,False,False,False,6889.304183224204,2026-06-25 22:00:00+00:00,29470.2,EOD_EXIT,310.0,-1.68,-1.68,0.1,-3.46,6885.84,-0.05022277878839014
312,NAS100,SELL,2026-06-26 12:35:00+00:00,29110.5,29357.8767978074,28739.434803288903,28615.746404385205,29357.8767978074,247.37679780739776,371.06519671109663,494.75359561479553,0.03,0.01,0.02,False,False,False,6885.844183224204,2026-06-26 14:10:00+00:00,29357.8767978074,SL,95.0,-24.74,-49.48,0.15,-74.36,6811.48,-1.0798966404317025
313,XAUUSD,BUY,2026-06-26 12:55:00+00:00,4059.2599999999998,4033.7620904375704,4094.9570733874007,4115.355401037345,4059.2599999999998,25.49790956242938,35.69707338740113,56.095401037344644,0.03,0.01,0.02,True,False,True,6885.844183224204,2026-06-28 22:00:00+00:00,4075.69,EOD_EXIT,3425.0,35.7,32.86,0.15,68.41,6879.89,0.9934874821400319
314,XAUUSD,SELL,2026-06-29 16:10:00+00:00,4023.3,4048.9544364348803,3987.383788991168,3966.860239843264,4048.9544364348803,25.654436434880157,35.91621100883222,56.43976015673635,0.03,0.01,0.02,False,False,False,6879.888217269387,2026-06-29 22:00:00+00:00,4018.43,EOD_EXIT,350.0,4.87,9.74,0.15,14.46,6894.35,0.21017783346688074
315,XAUUSD,BUY,2026-06-30 17:55:00+00:00,4031.06,4004.584745566581,4068.1253562067864,4089.3055597535213,4004.584745566581,26.47525443341887,37.06535620678641,58.24555975352151,0.03,0.01,0.02,False,False,False,6894.3482172693875,2026-06-30 22:00:00+00:00,4014.03,EOD_EXIT,245.0,-17.03,-34.06,0.15,-51.24,6843.11,-0.7432174642941721
316,NAS100,SELL,2026-07-01 14:30:00+00:00,30017.300000000003,30152.754284611518,29814.118573082727,29746.39143077697,30017.300000000003,135.45428461151596,203.18142691727394,270.9085692230319,0.05,0.03,0.02,True,False,True,6843.108217269389,2026-07-01 22:00:00+00:00,29857.1,EOD_EXIT,450.0,60.95,32.04,0.25,92.74,6935.85,1.3552321117172996
318,NAS100,SELL,2026-07-02 10:05:00+00:00,29723.100000000002,29887.19077636131,29476.963835458042,29394.91844727739,29887.19077636131,164.0907763613066,246.13616454195991,328.1815527226132,0.04,0.02,0.02,False,False,False,6935.852645344572,2026-07-02 12:05:00+00:00,29887.19077636131,SL,120.0,-32.82,-32.82,0.2,-65.84,6870.02,-0.9492704555105076
317,XAUUSD,BUY,2026-07-02 07:40:00+00:00,4074.74,4049.9642986485414,4109.425981892041,4129.246542973207,4074.74,24.775701351458114,34.685981892041355,54.50654297320786,0.03,0.01,0.02,True,True,True,6935.852645344572,2026-07-02 12:35:00+00:00,4129.246542973207,FULL_TP2,295.0,34.69,109.01,0.15,143.55,7013.57,2.069680648367761
319,NAS100,SELL,2026-07-02 14:25:00+00:00,29717.4,29908.719305592862,29430.421041610713,29334.761388814284,29717.4,191.31930559285942,286.9789583892891,382.63861118571884,0.04,0.02,0.02,True,True,True,7013.565402638506,2026-07-02 16:25:00+00:00,29334.761388814284,FULL_TP2,120.0,57.4,76.53,0.2,133.72,7147.29,1.906590903817543
320,XAUUSD,BUY,2026-07-02 18:20:00+00:00,4118.2699999999995,4089.1915520442467,4158.979827138054,4182.242585502656,4089.1915520442467,29.078447955753038,40.70982713805425,63.97258550265669,0.02,0.01,0.01,False,False,False,7147.288916553508,2026-07-02 22:00:00+00:00,4125.52,EOD_EXIT,220.0,7.25,7.25,0.1,14.4,7161.69,0.20147499517822512
321,NAS100,SELL,2026-07-02 19:00:00+00:00,29186.0,29434.44686922021,28813.329696169687,28689.106261559584,29434.44686922021,248.44686922020873,372.67030383031306,496.89373844041745,0.03,0.01,0.02,False,False,False,7147.288916553508,2026-07-02 22:00:00+00:00,29366.6,EOD_EXIT,180.0,-18.06,-36.12,0.15,-54.33,7107.36,-0.7601483672245118
322,XAUUSD,BUY,2026-07-03 07:05:00+00:00,4180.6,4156.146204054607,4214.835314323552,4234.398351079866,4156.146204054607,24.453795945393548,34.235314323550966,53.79835107986581,0.03,0.01,0.02,False,False,False,7107.3589165535095,2026-07-03 14:05:00+00:00,4156.146204054607,SL,420.0,-24.45,-48.91,0.15,-73.51,7033.85,-1.0342801153434131
323,XAUUSD,BUY,2026-07-03 15:00:00+00:00,4171.97,4151.056455956815,4201.24896166046,4217.979796895008,4151.056455956815,20.91354404318514,29.278961660459196,46.00979689500731,0.03,0.01,0.02,False,False,False,7033.847528717329,2026-07-05 22:00:00+00:00,4180.18,EOD_EXIT,3300.0,8.21,16.42,0.15,24.48,7058.33,0.3480314280350075
324,NAS100,BUY,2026-07-03 16:40:00+00:00,29714.0,29589.382077796432,29900.926883305354,29963.235844407136,29589.382077796432,124.61792220356871,186.92688330535307,249.23584440713742,0.06,0.03,0.03,False,False,False,7033.847528717329,2026-07-05 22:00:00+00:00,29685.2,EOD_EXIT,3200.0,-8.64,-8.64,0.3,-17.58,7040.75,-0.24993433434866955
325,XAUUSD,SELL,2026-07-06 08:30:00+00:00,4153.95,4175.895019316547,4123.226972956833,4105.670957503596,4175.895019316547,21.945019316547207,30.723027043166088,48.27904249640386,0.03,0.01,0.02,False,False,False,7040.747528717329,2026-07-06 22:00:00+00:00,4164.46,EOD_EXIT,810.0,-10.51,-21.02,0.15,-31.68,7009.07,-0.44995222269774254
326,XAUUSD,SELL,2026-07-07 07:55:00+00:00,4124.35,4142.940084504771,4098.323881693322,4083.4518140895048,4142.940084504771,18.590084504770633,26.026118306678885,40.8981859104954,0.04,0.02,0.02,False,False,False,7009.067528717329,2026-07-07 11:20:00+00:00,4142.940084504771,SL,205.0,-37.18,-37.18,0.2,-74.56,6934.51,-1.0637648973207225
327,NAS100,SELL,2026-07-07 07:55:00+00:00,29443.600000000002,29589.999219944562,29224.00117008316,29150.801560110882,29443.600000000002,146.3992199445609,219.59882991684137,292.7984398891218,0.05,0.03,0.02,True,True,True,7009.067528717329,2026-07-07 14:10:00+00:00,29150.801560110882,FULL_TP2,375.0,65.88,58.56,0.25,124.19,7058.7,1.7718476743328933
328,XAUUSD,BUY,2026-07-07 17:35:00+00:00,4146.36,4125.6017626037565,4175.42153235474,4192.028122271734,4125.6017626037565,20.758237396243008,29.06153235474021,45.66812227173462,0.03,0.01,0.02,False,False,False,7058.696527651124,2026-07-07 18:50:00+00:00,4125.6017626037565,SL,75.0,-20.76,-41.52,0.15,-62.42,6996.27,-0.8842992435711229
329,NAS100,SELL,2026-07-07 18:40:00+00:00,29269.5,29439.714244512543,29014.178633231186,28929.071510974914,29439.714244512543,170.2142445125419,255.32136676881288,340.4284890250838,0.04,0.02,0.02,False,False,False,7058.696527651124,2026-07-07 22:00:00+00:00,29158.0,EOD_EXIT,200.0,22.3,22.3,0.2,44.4,7040.67,0.6290113171188377
330,NAS100,SELL,2026-07-08 08:15:00+00:00,29062.300000000003,29230.32217405176,28810.266738922368,28726.255651896492,29062.300000000003,168.02217405175563,252.03326107763343,336.04434810351125,0.04,0.02,0.02,True,True,True,7040.671815462394,2026-07-08 09:10:00+00:00,28726.255651896492,FULL_TP2,55.0,50.41,67.21,0.2,117.42,7158.09,1.667738577760828
331,NAS100,SELL,2026-07-08 11:00:00+00:00,28793.5,28992.361070113595,28495.208394829606,28395.77785977281,28992.361070113595,198.86107011359545,298.29160517039315,397.7221402271909,0.04,0.02,0.02,False,False,False,7158.087337298623,2026-07-08 12:30:00+00:00,28992.361070113595,SL,90.0,-39.77,-39.77,0.2,-79.74,7078.34,-1.113984731430965
332,XAUUSD,SELL,2026-07-08 14:05:00+00:00,4063.3,4090.3271945407246,4025.461927642986,4003.8401720104066,4063.3,27.027194540724345,37.83807235701408,59.45982798959356,0.03,0.01,0.02,True,False,True,7078.342909253185,2026-07-08 16:55:00+00:00,4063.3,TP1_THEN_BE,170.0,37.84,0.0,0.15,37.69,7116.03,0.53246925845779
333,NAS100,SELL,2026-07-08 14:55:00+00:00,29010.300000000003,29224.100681865733,28689.598977201404,28582.69863626854,29224.100681865733,213.80068186573217,320.7010227985983,427.60136373146435,0.03,0.01,0.02,False,False,False,7078.342909253185,2026-07-08 17:25:00+00:00,29224.100681865733,SL,150.0,-21.38,-42.76,0.15,-64.29,7051.74,-0.9082634286614839
334,NAS100,BUY,2026-07-09 11:35:00+00:00,29473.8,29305.110714346105,29726.833928480843,29811.17857130779,29473.8,168.68928565389538,253.0339284808431,337.37857130779076,0.04,0.02,0.02,True,False,True,7051.74077705048,2026-07-09 14:20:00+00:00,29473.8,TP1_THEN_BE,165.0,50.61,0.0,0.2,50.41,7102.15,0.7148589489287056
335,XAUUSD,BUY,2026-07-09 11:45:00+00:00,4106.49,4084.331242403194,4137.512260635528,4155.2392667129725,4106.49,22.158757596805792,31.022260635528106,48.74926671297275,0.03,0.01,0.02,True,False,True,7051.74077705048,2026-07-09 22:00:00+00:00,4124.98,EOD_EXIT,615.0,31.02,36.98,0.15,67.85,7170.0,0.9621737687921578
336,NAS100,BUY,2026-07-09 15:00:00+00:00,29628.699999999997,29428.26415744583,29929.35376383125,30029.57168510833,29428.26415744583,200.43584255416715,300.6537638312507,400.8716851083343,0.04,0.02,0.02,False,False,False,7102.147562746648,2026-07-09 22:00:00+00:00,29749.5,EOD_EXIT,420.0,24.16,24.16,0.2,48.12,7218.12,0.6775415404265456
337,XAUUSD,SELL,2026-07-10 11:25:00+00:00,4099.82,4116.3989430679,4076.6094797049386,4063.3463252506176,4116.3989430679,16.57894306790092,23.210520295061286,36.47367474938203,0.04,0.02,0.02,False,False,False,7218.119823382176,2026-07-10 12:10:00+00:00,4116.3989430679,SL,45.0,-33.16,-33.16,0.2,-66.52,7151.6,-0.9215696279315974
338,XAUUSD,SELL,2026-07-10 12:35:00+00:00,4100.81,4117.33294713448,4077.6778740117293,4064.459516304146,4100.81,16.522947134479395,23.132125988271152,36.35048369585467,0.04,0.02,0.02,True,False,True,7151.604051110572,2026-07-10 14:40:00+00:00,4100.81,TP1_THEN_BE,125.0,46.26,0.0,0.2,46.06,7197.67,0.6440513159120903
339,XAUUSD,SELL,2026-07-10 14:55:00+00:00,4092.4,4110.320388090444,4067.311456673379,4052.9751462010236,4110.320388090444,17.920388090443886,25.08854332662144,39.42485379897655,0.04,0.02,0.02,False,False,False,7197.6683030871145,2026-07-10 15:45:00+00:00,4110.320388090444,SL,50.0,-35.84,-35.84,0.2,-71.88,7125.79,-0.9986567451180033
340,NAS100,BUY,2026-07-10 15:15:00+00:00,29740.0,29584.132335757524,29973.801496363714,30051.735328484952,29584.132335757524,155.8676642424764,233.8014963637146,311.7353284849528,0.05,0.03,0.02,False,False,False,7197.6683030871145,2026-07-12 22:00:00+00:00,29733.6,EOD_EXIT,3285.0,-1.92,-1.28,0.25,-3.45,7122.34,-0.04793218935249182
341,XAUUSD,SELL,2026-07-10 17:00:00+00:00,4102.56,4122.774576397488,4074.259593043518,4058.087931925528,4122.774576397488,20.214576397487296,28.300406956482213,44.472068074472055,0.04,0.02,0.02,False,False,False,7125.786750725339,2026-07-12 22:00:00+00:00,4090.51,EOD_EXIT,3180.0,24.1,24.1,0.2,48.0,7170.34,0.6736098297512769
342,XAUUSD,SELL,2026-07-13 06:45:00+00:00,4056.07,4078.8465853002576,4024.18278057964,4005.961512339434,4078.8465853002576,22.7765853002573,31.887219420360218,50.10848766056606,0.03,0.01,0.02,False,False,False,7170.336750725339,2026-07-13 08:20:00+00:00,4078.8465853002576,SL,95.0,-22.78,-45.55,0.15,-68.48,7101.86,-0.9550458002278998
343,NAS100,SELL,2026-07-13 12:00:00+00:00,29545.300000000003,29678.145426198033,29346.03186070296,29279.609147603944,29545.300000000003,132.84542619802883,199.26813929704326,265.69085239605766,0.05,0.03,0.02,True,False,True,7101.856994824567,2026-07-13 15:00:00+00:00,29545.300000000003,TP1_THEN_BE,180.0,59.78,0.0,0.25,59.53,7161.39,0.8382314659867428
344,NAS100,SELL,2026-07-13 15:45:00+00:00,29452.7,29612.211290582025,29213.433064126966,29133.677418835956,29452.7,159.51129058202275,239.26693587303413,319.0225811640455,0.04,0.02,0.02,True,False,True,7161.38743661368,2026-07-13 22:00:00+00:00,29267.8,EOD_EXIT,375.0,47.85,36.98,0.2,84.63,7246.02,1.1817542445380944
345,XAUUSD,SELL,2026-07-13 19:35:00+00:00,3994.9300000000003,4019.8217444102966,3960.081557825585,3940.1681622973483,4019.8217444102966,24.891744410296404,34.84844217441496,54.761837702652095,0.03,0.01,0.02,False,False,False,7161.38743661368,2026-07-13 22:00:00+00:00,4001.43,EOD_EXIT,145.0,-6.5,-13.0,0.15,-19.65,7226.37,-0.2743881709225281
346,NAS100,BUY,2026-07-14 12:20:00+00:00,29475.1,29325.128886118517,29700.05667082222,29775.042227762962,29475.1,149.97111388148264,224.95667082222394,299.9422277629653,0.05,0.03,0.02,True,False,True,7226.370823788288,2026-07-14 14:05:00+00:00,29475.1,TP1_THEN_BE,105.0,67.49,0.0,0.25,67.24,7293.61,0.930480896145746
347,NAS100,BUY,2026-07-14 14:40:00+00:00,29551.5,29376.146029357293,29814.53095596406,29902.207941285415,29376.146029357293,175.3539706427072,263.0309559640608,350.7079412854144,0.04,0.02,0.02,False,False,False,7293.607825034956,2026-07-14 22:00:00+00:00,29610.4,EOD_EXIT,440.0,11.78,11.78,0.2,23.36,7316.97,0.3202804505037676
348,XAUUSD,SELL,2026-07-15 07:20:00+00:00,4025.56,4045.2707855590625,3997.964900217313,3982.1962717700626,4045.2707855590625,19.710785559062398,27.595099782687356,43.36372822993728,0.04,0.02,0.02,False,False,False,7316.967825034956,2026-07-15 12:30:00+00:00,4045.2707855590625,SL,310.0,-39.42,-39.42,0.2,-79.04,7237.92,-1.0802288856534967
349,NAS100,BUY,2026-07-15 12:40:00+00:00,29777.1,29652.682260260593,29963.726609609108,30025.93547947881,29652.682260260593,124.41773973940566,186.6266096091085,248.83547947881132,0.06,0.03,0.03,False,False,False,7237.924682798706,2026-07-15 13:45:00+00:00,29652.682260260593,SL,65.0,-37.33,-37.33,0.3,-74.95,7162.97,-1.0355178215396805
350,XAUUSD,BUY,2026-07-15 17:30:00+00:00,4055.14,4033.4187054470603,4085.549812374115,4102.9268480164665,4033.4187054470603,21.72129455293939,30.409812374115145,47.786848016466664,0.03,0.01,0.02,False,False,False,7162.9740389550625,2026-07-15 22:00:00+00:00,4061.03,EOD_EXIT,270.0,5.89,11.78,0.15,17.52,7180.49,0.24459114195750767
351,NAS100,SELL,2026-07-15 19:15:00+00:00,29438.800000000003,29625.99471093324,29158.007933600147,29064.410578133527,29625.99471093324,187.19471093323745,280.79206639985614,374.3894218664749,0.04,0.02,0.02,False,False,False,7162.9740389550625,2026-07-15 22:00:00+00:00,29560.9,EOD_EXIT,165.0,-24.42,-24.42,0.2,-49.04,7131.45,-0.6846318265751242
352,XAUUSD,SELL,2026-07-16 08:10:00+00:00,4025.44,4043.715330838082,3999.8545368266855,3985.23427215622,4025.44,18.27533083808184,25.585463173314572,40.205727843780046,0.04,0.02,0.02,True,True,True,7131.454038955065,2026-07-16 13:00:00+00:00,3985.23427215622,FULL_TP2,290.0,51.17,80.41,0.2,131.38,7262.84,1.8422610491822007
353,NAS100,SELL,2026-07-16 15:05:00+00:00,29216.2,29395.333650655888,28947.49952401617,28857.932698688226,29216.2,179.13365065588707,268.7004759838306,358.26730131177413,0.04,0.02,0.02,True,False,True,7262.836420989254,2026-07-16 22:00:00+00:00,29045.1,EOD_EXIT,415.0,53.74,34.22,0.2,87.76,7350.6,1.208343337409855
354,XAUUSD,SELL,2026-07-16 16:10:00+00:00,3989.41,4013.3927285718446,3955.8341799994173,3936.6479971419412,4013.3927285718446,23.98272857184481,33.57582000058273,52.76200285805859,0.03,0.01,0.02,False,False,False,7262.836420989254,2026-07-16 22:00:00+00:00,3978.86,EOD_EXIT,350.0,10.55,21.1,0.15,31.5,7382.1,0.43371484877404765
355,NAS100,SELL,2026-07-17 12:00:00+00:00,28532.600000000002,28697.85671667069,28284.714924993972,28202.08656665863,28532.600000000002,165.25671667068684,247.88507500603026,330.5134333413737,0.04,0.02,0.02,True,False,True,7382.09651618602,2026-07-17 14:00:00+00:00,28532.600000000002,TP1_THEN_BE,120.0,49.58,0.0,0.2,49.38,7431.47,0.6689156649703668
356,NAS100,BUY,2026-07-20 15:40:00+00:00,28875.699999999997,28693.182171216875,29149.47674317468,29240.735657566245,28693.182171216875,182.5178287831234,273.7767431746851,365.0356575662468,0.04,0.02,0.02,False,False,False,7431.473531187226,2026-07-20 19:00:00+00:00,28693.182171216875,SL,200.0,-36.5,-36.5,0.2,-73.21,7358.27,-0.9851343706300494
358,XAUUSD,BUY,2026-07-21 10:15:00+00:00,4067.7,4048.5093964204916,4094.566845011311,4109.919327874918,4048.5093964204916,19.19060357950814,26.866845011311394,42.21932787491791,0.04,0.02,0.02,False,False,False,7358.266399673977,2026-07-21 13:30:00+00:00,4048.5093964204916,SL,195.0,-38.38,-38.38,0.2,-76.96,7281.3,-1.0458985285366926
357,NAS100,BUY,2026-07-21 08:00:00+00:00,28984.899999999998,28830.27594302603,29216.836085460945,29294.14811394793,28830.27594302603,154.6240569739658,231.93608546094868,309.2481139479316,0.05,0.03,0.02,False,False,False,7358.266399673977,2026-07-21 22:00:00+00:00,29145.2,EOD_EXIT,840.0,48.09,32.06,0.25,79.9,7361.2,1.0858535918669667
359,XAUUSD,BUY,2026-07-21 14:10:00+00:00,4066.16,4047.5565488901934,4092.204831553729,4107.087592441574,4047.5565488901934,18.60345110980663,26.04483155372928,40.92759244157459,0.04,0.02,0.02,False,False,False,7281.303985355944,2026-07-21 22:00:00+00:00,4078.59,EOD_EXIT,470.0,24.86,24.86,0.2,49.52,7410.72,0.6800979618430151
361,NAS100,SELL,2026-07-22 11:20:00+00:00,28970.9,29082.576491626503,28803.385262560245,28747.547016746994,29082.576491626503,111.67649162650352,167.51473743975527,223.35298325300704,0.07,0.04,0.03,False,False,False,7410.723985355947,2026-07-22 13:50:00+00:00,29082.576491626503,SL,150.0,-44.67,-33.5,0.35,-78.52,7332.2,-1.059545601147208
360,XAUUSD,BUY,2026-07-22 10:20:00+00:00,4121.74,4104.25117100795,4146.22436058887,4160.21542378251,4121.74,17.48882899205004,24.484360588870054,38.475423782510084,0.04,0.02,0.02,True,True,True,7410.723985355947,2026-07-22 14:00:00+00:00,4160.21542378251,FULL_TP2,220.0,48.97,76.95,0.2,125.72,7457.92,1.6964604301608126
362,NAS100,SELL,2026-07-23 10:05:00+00:00,28902.100000000002,29051.925673193018,28677.36149021048,28602.44865361397,28902.100000000002,149.82567319301637,224.73850978952456,299.65134638603274,0.05,0.03,0.02,True,True,True,7457.920009960155,2026-07-23 13:05:00+00:00,28602.44865361397,FULL_TP2,180.0,67.42,59.93,0.25,127.1,7585.02,1.7042285225673672
363,NAS100,SELL,2026-07-23 17:35:00+00:00,28443.5,28636.77644901215,28153.58532648177,28056.947101975693,28636.77644901215,193.27644901215342,289.91467351823013,386.55289802430684,0.04,0.02,0.02,False,False,False,7585.021832174219,2026-07-23 20:30:00+00:00,28636.77644901215,SL,175.0,-38.66,-38.66,0.2,-77.51,7507.51,-1.0218823586138848
364,NAS100,SELL,2026-07-24 06:05:00+00:00,28372.4,28534.869086704275,28128.69636994359,28047.461826591454,28534.869086704275,162.4690867042735,243.70363005641025,324.938173408547,0.05,0.03,0.02,False,False,False,7507.511252569358,2026-07-24 09:05:00+00:00,28534.869086704275,SL,180.0,-48.74,-32.49,0.25,-81.48,7426.03,-1.0853130586000044
365,NAS100,SELL,2026-07-24 17:00:00+00:00,28333.7,28526.253416120082,28044.86987581988,27948.59316775984,28526.253416120082,192.55341612008036,288.83012418012055,385.1068322401607,0.04,0.02,0.02,False,False,False,7426.026709217221,2026-07-26 22:00:00+00:00,28481.2,EOD_EXIT,3180.0,-29.5,-29.5,0.2,-59.2,7366.83,-0.7971961631449651
367,XAUUSD,BUY,2026-07-27 10:35:00+00:00,4098.3099999999995,4080.724634821275,4122.929511250214,4136.997803393194,4080.724634821275,17.585365178724878,24.619511250214828,38.687803393194734,0.04,0.02,0.02,False,False,False,7366.826709217221,2026-07-27 13:25:00+00:00,4080.724634821275,SL,170.0,-35.17,-35.17,0.2,-70.54,7296.29,-0.9575357583984135
366,NAS100,BUY,2026-07-27 08:25:00+00:00,28589.699999999997,28426.11134725032,28835.082979124512,28916.87730549935,28426.11134725032,163.58865274967758,245.38297912451637,327.17730549935516,0.05,0.03,0.02,False,False,False,7366.826709217221,2026-07-27 13:30:00+00:00,28426.11134725032,SL,305.0,-49.08,-32.72,0.25,-82.04,7214.24,-1.1136409642614948
368,NAS100,SELL,2026-07-27 18:30:00+00:00,27905.300000000003,28111.124807582808,27596.562788625797,27493.650384834396,28111.124807582808,205.8248075828035,308.73721137420523,411.649615165607,0.04,0.02,0.02,False,False,False,7214.240922127483,2026-07-27 19:30:00+00:00,28111.124807582808,SL,60.0,-41.16,-41.16,0.2,-82.53,7131.71,-1.1439873008241852
369,NAS100,SELL,2026-07-28 08:05:00+00:00,27764.4,27934.716450573465,27508.925324139804,27423.76709885307,27764.4,170.31645057346572,255.47467586019857,340.63290114693143,0.04,0.02,0.02,True,False,True,7131.710999094362,2026-07-28 15:15:00+00:00,27764.4,TP1_THEN_BE,430.0,51.09,0.0,0.2,50.89,7182.61,0.7135735029989633
370,XAUUSD,SELL,2026-07-28 08:10:00+00:00,4044.03,4059.078368140198,4022.9622846037228,4010.923590091564,4044.03,15.048368140198125,21.067715396277375,33.10640990843588,0.05,0.03,0.02,True,False,True,7131.710999094362,2026-07-28 15:45:00+00:00,4044.03,TP1_THEN_BE,455.0,63.2,0.0,0.25,62.95,7245.56,0.882677382860773
371,XAUUSD,SELL,2026-07-28 17:15:00+00:00,4035.07,4053.353225341492,4009.473484521912,3994.8469042487186,4053.353225341492,18.283225341491594,25.59651547808823,40.22309575128151,0.04,0.02,0.02,False,False,False,7245.559080455233,2026-07-28 22:00:00+00:00,4026.36,EOD_EXIT,285.0,17.42,17.42,0.2,34.64,7280.2,0.4780859505161001
372,NAS100,SELL,2026-07-28 19:55:00+00:00,27788.5,27996.286300705167,27476.82054894225,27372.92739858967,27996.286300705167,207.78630070516562,311.67945105774845,415.57260141033123,0.03,0.01,0.02,False,False,False,7245.559080455233,2026-07-28 22:00:00+00:00,27867.6,EOD_EXIT,125.0,-7.91,-15.82,0.15,-23.88,7256.32,-0.3295811922149096
373,NAS100,SELL,2026-07-29 08:20:00+00:00,27701.9,27925.882202813016,27365.926695780476,27253.93559437397,27925.882202813016,223.9822028130163,335.97330421952444,447.9644056260326,0.03,0.01,0.02,False,False,False,7256.319080455234,2026-07-29 09:50:00+00:00,27925.882202813016,SL,90.0,-22.4,-44.8,0.15,-67.34,7188.97,-0.9280187275857135
374,NAS100,SELL,2026-07-29 19:30:00+00:00,27479.0,27745.346302795693,27079.480545806462,26946.307394408614,27479.0,266.34630279569313,399.5194541935397,532.6926055913863,0.03,0.01,0.02,True,False,True,7188.974419611329,2026-07-29 22:00:00+00:00,27230.6,EOD_EXIT,150.0,39.95,49.68,0.15,89.48,7278.46,1.2446838001801894
375,XAUUSD,BUY,2026-07-30 12:35:00+00:00,4078.2599999999998,4051.880111133091,4115.191844413673,4136.2957555072,4078.2599999999998,26.379888866909102,36.93184441367274,58.03575550720003,0.03,0.01,0.02,True,False,True,7278.456365030683,2026-07-30 22:00:00+00:00,4103.28,EOD_EXIT,565.0,36.93,50.04,0.15,86.82,7365.28,1.1928353437292882
376,NAS100,BUY,2026-07-31 07:35:00+00:00,28440.899999999998,28250.52403495664,28726.463947565037,28821.651930086715,28250.52403495664,190.37596504335835,285.56394756503755,380.7519300867167,0.04,0.02,0.02,False,False,False,7365.2782094443555,2026-07-31 13:45:00+00:00,28250.52403495664,SL,370.0,-38.08,-38.08,0.2,-76.35,7288.93,-1.0366207199355735
377,XAUUSD,SELL,2026-07-31 11:35:00+00:00,4052.82,4072.4973057384373,4025.271771966188,4009.5299273754385,4052.82,19.67730573843717,27.548228033812038,43.29007262456177,0.04,0.02,0.02,True,False,True,7365.2782094443555,2026-07-31 15:15:00+00:00,4052.82,TP1_THEN_BE,220.0,55.1,0.0,0.2,54.9,7343.82,0.7453893585391353
378,XAUUSD,SELL,2026-07-31 17:05:00+00:00,4041.58,4062.6324312159527,4012.106596297666,3995.2646513249038,4062.6324312159527,21.05243121595276,29.473403702333858,46.315348675096075,0.03,0.01,0.02,False,False,False,7343.824279494636,2026-08-02 22:00:00+00:00,4075.13,EOD_EXIT,3175.0,-33.55,-67.1,0.15,-100.8,7243.02,-1.3725818614894272
379,XAUUSD,SELL,2026-08-03 17:05:00+00:00,4034.4700000000003,4054.183036821655,4006.8717484496833,3991.101318992359,4054.183036821655,19.71303682165494,27.598251550316913,43.368681007640866,0.04,0.02,0.02,False,False,False,7243.024279494636,2026-08-03 19:25:00+00:00,4054.183036821655,SL,140.0,-39.43,-39.43,0.2,-79.05,7163.97,-1.0913949332434862
380,NAS100,BUY,2026-08-03 20:10:00+00:00,28804.0,28633.753482712655,29059.369775931016,29144.493034574687,28633.753482712655,170.24651728734406,255.36977593101608,340.4930345746881,0.04,0.02,0.02,False,False,False,7163.972132208017,2026-08-03 22:00:00+00:00,28821.2,EOD_EXIT,110.0,3.44,3.44,0.2,6.68,7170.65,0.09324436048498626
381,XAUUSD,BUY,2026-08-04 15:40:00+00:00,4084.34,4063.2110373592195,4113.920547697093,4130.823717809718,4063.2110373592195,21.12896264078066,29.58054769709292,46.483717809717454,0.03,0.01,0.02,False,False,False,7170.652132208017,2026-08-04 22:00:00+00:00,4078.32,EOD_EXIT,380.0,-6.02,-12.04,0.15,-18.21,7152.44,-0.2539517977480341
382,XAUUSD,BUY,2026-08-05 11:00:00+00:00,4164.3,4142.563331247209,4194.731336253908,4212.120671256141,4164.3,21.736668752791065,30.43133625390749,47.82067125614034,0.03,0.01,0.02,True,True,True,7152.442132208017,2026-08-05 12:20:00+00:00,4212.120671256141,FULL_TP2,80.0,30.43,95.64,0.15,125.92,7278.36,1.7605175641054434
383,NAS100,BUY,2026-08-05 11:00:00+00:00,29793.199999999997,29667.598003360235,29981.60299495964,30044.403993279524,29667.598003360235,125.6019966397626,188.4029949596439,251.2039932795252,0.06,0.03,0.03,False,False,False,7152.442132208017,2026-08-05 15:15:00+00:00,29667.598003360235,SL,255.0,-37.68,-37.68,0.3,-75.66,7202.7,-1.057820512231717
384,XAUUSD,BUY,2026-08-05 16:35:00+00:00,4243.9,4215.7188170345125,4283.353656151681,4305.898602524071,4215.7188170345125,28.18118296548686,39.453656151681606,61.9986025240711,0.03,0.01,0.02,False,False,False,7202.703612990348,2026-08-05 22:00:00+00:00,4249.1,EOD_EXIT,325.0,5.2,10.4,0.15,15.45,7218.15,0.21450278714974944
385,NAS100,SELL,2026-08-06 06:00:00+00:00,29443.9,29581.25468100812,29237.86797848783,29169.19063798377,29443.9,137.3546810081157,206.03202151217357,274.7093620162314,0.05,0.03,0.02,True,True,True,7218.153612990351,2026-08-06 13:30:00+00:00,29169.19063798377,FULL_TP2,450.0,61.81,54.94,0.25,116.5,7334.66,1.61398615555005
386,NAS100,SELL,2026-08-06 15:55:00+00:00,29409.0,29571.24171365308,29165.637429520382,29084.516572693843,29571.24171365308,162.24171365307777,243.36257047961664,324.48342730615553,0.05,0.03,0.02,False,False,False,7334.655091847249,2026-08-06 22:00:00+00:00,29417.7,EOD_EXIT,365.0,-2.61,-1.74,0.25,-4.6,7330.06,-0.06271596881376298
387,NAS100,BUY,2026-08-07 11:05:00+00:00,29539.6,29427.4535368902,29707.819694664693,29763.892926219592,29539.6,112.14646310979737,168.21969466469605,224.29292621959473,0.07,0.04,0.03,True,True,True,7330.055091847249,2026-08-07 12:50:00+00:00,29763.892926219592,FULL_TP2,105.0,67.29,67.29,0.35,134.23,7464.28,1.8312277099976428
388,XAUUSD,BUY,2026-08-07 12:30:00+00:00,4360.14,4336.708015442288,4392.944778380797,4411.690366026967,4336.708015442288,23.431984557712127,32.804778380796975,51.550366026966685,0.03,0.01,0.02,False,False,False,7330.055091847249,2026-08-07 14:00:00+00:00,4336.708015442288,SL,90.0,-23.43,-46.86,0.15,-70.45,7393.83,-0.961111466656738
389,XAUUSD,BUY,2026-08-07 14:20:00+00:00,4351.58,4322.566401070136,4392.19903850181,4415.409917645701,4322.566401070136,29.01359892986403,40.61903850180964,63.829917645700874,0.03,0.01,0.02,False,False,False,7393.83489390587,2026-08-09 22:00:00+00:00,4340.11,EOD_EXIT,3340.0,-11.47,-22.94,0.15,-34.56,7359.27,-0.46741644215622086
390,NAS100,BUY,2026-08-07 15:05:00+00:00,29657.1,29505.56190772389,29884.40713841416,29960.176184552212,29505.56190772389,151.53809227610702,227.30713841416053,303.07618455221404,0.05,0.03,0.02,False,False,False,7393.83489390587,2026-08-09 22:00:00+00:00,29770.8,EOD_EXIT,3295.0,34.11,22.74,0.25,56.6,7415.87,0.7655026222813107
391,NAS100,BUY,2026-08-10 07:15:00+00:00,29838.3,29721.30649745082,30013.790253823765,30072.287005098355,29721.30649745082,116.9935025491778,175.4902538237667,233.9870050983556,0.06,0.03,0.03,False,False,False,7415.87489390587,2026-08-10 12:20:00+00:00,29721.30649745082,SL,305.0,-35.1,-35.1,0.3,-70.5,7345.38,-0.9506632866465244
392,NAS100,BUY,2026-08-10 14:05:00+00:00,29782.199999999997,29667.013037077137,29954.980444384288,30012.573925845714,29667.013037077137,115.18696292285942,172.78044438428913,230.37392584571884,0.06,0.03,0.03,False,False,False,7345.378792376363,2026-08-10 15:25:00+00:00,29667.013037077137,SL,80.0,-34.56,-34.56,0.3,-69.41,7275.97,-0.9449478639827178
393,XAUUSD,BUY,2026-08-10 14:25:00+00:00,4345.72,4324.057815882834,4376.047057764033,4393.3768050577655,4345.72,21.662184117166163,30.327057764032627,47.65680505776556,0.03,0.01,0.02,True,True,True,7345.378792376363,2026-08-10 19:30:00+00:00,4393.3768050577655,FULL_TP2,305.0,30.33,95.31,0.15,125.49,7401.46,1.708421084154895
394,NAS100,SELL,2026-08-10 19:50:00+00:00,29639.0,29757.796717150068,29460.8049242749,29401.40656569987,29757.796717150068,118.7967171500665,178.19507572509974,237.593434300133,0.06,0.03,0.03,False,False,False,7401.4572825022115,2026-08-10 22:00:00+00:00,29680.8,EOD_EXIT,130.0,-12.54,-12.54,0.3,-25.38,7376.08,-0.3429054445805
395,XAUUSD,BUY,2026-08-11 14:50:00+00:00,4395.49,4372.26657003988,4428.002801944168,4446.581545912263,4372.26657003988,23.22342996011989,32.51280194416785,51.09154591226376,0.03,0.01,0.02,False,False,False,7376.077282502212,2026-08-11 15:35:00+00:00,4372.26657003988,SL,45.0,-23.22,-46.45,0.15,-69.82,7306.26,-0.9465735963156111
396,XAUUSD,SELL,2026-08-11 20:15:00+00:00,4367.84,4390.131788919845,4336.631495512217,4318.79806437634,4390.131788919845,22.291788919845327,31.208504487783458,49.041935623659725,0.03,0.01,0.02,False,False,False,7306.256992621853,2026-08-11 22:00:00+00:00,4372.45,EOD_EXIT,105.0,-4.61,-9.22,0.15,-13.98,7292.28,-0.1913428450999952
398,NAS100,BUY,2026-08-12 14:20:00+00:00,29835.399999999998,29738.556180869393,29980.665728695905,30029.087638261208,29738.556180869393,96.84381913060511,145.26572869590768,193.68763826121022,0.08,0.04,0.04,False,False,False,7292.276992621854,2026-08-12 15:30:00+00:00,29738.556180869393,SL,70.0,-38.74,-38.74,0.4,-77.88,7214.4,-1.0679791796005151
397,XAUUSD,BUY,2026-08-12 06:50:00+00:00,4401.53,4380.77057338255,4430.593197264429,4447.200738558389,4401.53,20.759426617449993,29.063197264429988,45.670738558389985,0.04,0.02,0.02,True,False,True,7292.276992621854,2026-08-12 16:55:00+00:00,4401.53,TP1_THEN_BE,605.0,58.13,0.0,0.2,57.93,7272.33,0.7944020785087037
399,NAS100,BUY,2026-08-12 16:35:00+00:00,29798.899999999998,29697.92333962718,29950.364990559225,30000.85332074563,29697.92333962718,100.97666037281753,151.4649905592263,201.95332074563507,0.07,0.04,0.03,False,False,False,7214.4019373173705,2026-08-12 22:00:00+00:00,29723.2,EOD_EXIT,325.0,-30.28,-22.71,0.35,-53.34,7218.99,-0.7393544255427795
400,NAS100,BUY,2026-08-13 11:30:00+00:00,29787.6,29712.010012984225,29900.98498052366,29938.779974031546,29787.6,75.58998701577275,113.38498052365912,151.1799740315455,0.1,0.05,0.05,True,True,True,7218.9883318462325,2026-08-13 13:35:00+00:00,29938.779974031546,FULL_TP2,125.0,56.69,75.59,0.5,131.78,7350.77,1.8254635406274125
401,NAS100,BUY,2026-08-13 16:25:00+00:00,30102.199999999997,29990.84704689815,30269.229429652765,30324.905906203687,29990.84704689815,111.35295310184566,167.0294296527685,222.7059062036913,0.07,0.04,0.03,False,False,False,7350.770809123835,2026-08-13 22:00:00+00:00,30115.0,EOD_EXIT,335.0,5.12,3.84,0.35,8.61,7359.38,0.11713057342657453
402,XAUUSD,SELL,2026-08-13 17:30:00+00:00,4360.74,4386.4764664540735,4324.708946964296,4304.119773801037,4386.4764664540735,25.73646645407387,36.031053035703415,56.62022619896252,0.03,0.01,0.02,False,False,False,7350.770809123835,2026-08-13 22:00:00+00:00,4352.93,EOD_EXIT,270.0,7.81,15.62,0.15,23.28,7382.66,0.3167014807631423
403,NAS100,BUY,2026-08-14 12:30:00+00:00,30189.6,30117.884036914722,30297.173944627913,30333.03192617055,30117.884036914722,71.71596308527636,107.57394462791453,143.4319261705527,0.1,0.05,0.05,False,False,False,7382.660809123836,2026-08-14 13:35:00+00:00,30117.884036914722,SL,65.0,-35.86,-35.86,0.5,-72.22,7310.44,-0.9782380887761655
405,NAS100,BUY,2026-08-17 10:25:00+00:00,30263.1,30191.835241993773,30369.997137009337,30405.62951601245,30191.835241993773,71.26475800622542,106.89713700933814,142.52951601245084,0.1,0.05,0.05,False,False,False,7310.444846038559,2026-08-17 12:00:00+00:00,30191.835241993773,SL,95.0,-35.63,-35.63,0.5,-71.76,7238.68,-0.9816092113585383
404,XAUUSD,BUY,2026-08-17 10:25:00+00:00,4405.43,4386.3813443787285,4432.098117869781,4447.337042366798,4386.3813443787285,19.048655621271866,26.668117869780612,41.90704236679811,0.04,0.02,0.02,False,False,False,7310.444846038559,2026-08-17 12:25:00+00:00,4386.3813443787285,SL,120.0,-38.1,-38.1,0.2,-76.39,7162.29,-1.0449432504971954
406,NAS100,BUY,2026-08-17 15:00:00+00:00,30196.0,30111.823597804476,30322.264603293286,30364.35280439105,30111.823597804476,84.17640219552389,126.26460329328583,168.35280439104778,0.09,0.04,0.05,False,False,False,7162.285465547246,2026-08-17 16:40:00+00:00,30111.823597804476,SL,100.0,-33.67,-42.09,0.45,-76.21,7086.08,-1.0640458323895785
407,NAS100,SELL,2026-08-18 07:20:00+00:00,29784.0,29882.53523333349,29636.19714999977,29586.929533333026,29784.0,98.53523333348731,147.80285000023096,197.07046666697462,0.07,0.04,0.03,True,True,True,7086.076703571274,2026-08-18 13:30:00+00:00,29586.929533333026,FULL_TP2,370.0,59.12,59.12,0.35,117.89,7203.97,1.6636850676564827
408,XAUUSD,SELL,2026-08-18 08:05:00+00:00,4390.4800000000005,4409.38005569829,4364.019922022396,4348.899877463765,4390.4800000000005,18.900055698288867,26.460077977604413,41.58012253623551,0.04,0.02,0.02,True,True,True,7086.076703571274,2026-08-18 19:45:00+00:00,4348.899877463765,FULL_TP2,700.0,52.92,83.16,0.2,135.88,7339.85,1.9175632114103218
409,NAS100,SELL,2026-08-18 17:20:00+00:00,29525.100000000002,29646.138099249867,29343.542851125203,29283.023801500272,29646.138099249867,121.03809924986574,181.5571488747986,242.07619849973148,0.06,0.03,0.03,False,False,False,7203.968983571459,2026-08-18 22:00:00+00:00,29498.8,EOD_EXIT,280.0,7.89,7.89,0.3,15.48,7355.33,0.21488154703749981
410,XAUUSD,BUY,2026-08-19 18:50:00+00:00,4494.61,4467.956356234115,4531.925101272238,4553.248016284946,4467.956356234115,26.653643765884553,37.31510127223837,58.63801628494602,0.03,0.01,0.02,False,False,False,7355.32938459914,2026-08-19 22:00:00+00:00,4521.26,EOD_EXIT,190.0,26.65,53.3,0.15,79.8,7435.13,1.0849276195174642
411,NAS100,SELL,2026-08-19 19:45:00+00:00,29438.7,29592.60476975245,29207.84284537133,29130.890460495106,29592.60476975245,153.90476975244727,230.8571546286709,307.80953950489453,0.05,0.03,0.02,False,False,False,7355.32938459914,2026-08-19 22:00:00+00:00,29534.5,EOD_EXIT,135.0,-28.74,-19.16,0.25,-48.15,7386.98,-0.6546273794456879
412,NAS100,BUY,2026-08-20 06:05:00+00:00,29588.5,29466.067587602432,29772.148618596348,29833.36482479513,29466.067587602432,122.43241239756594,183.6486185963489,244.86482479513188,0.06,0.03,0.03,False,False,False,7386.979384599143,2026-08-20 08:10:00+00:00,29466.067587602432,SL,125.0,-36.73,-36.73,0.3,-73.76,7313.22,-0.9985136841423934
413,NAS100,SELL,2026-08-20 10:35:00+00:00,29453.300000000003,29579.458592005598,29264.06211199161,29200.982815988813,29453.300000000003,126.15859200559414,189.23788800839122,252.3171840111883,0.06,0.03,0.03,True,True,True,7313.219937160603,2026-08-20 12:10:00+00:00,29200.982815988813,FULL_TP2,95.0,56.77,75.7,0.3,132.17,7445.39,1.8072750599008474
414,NAS100,SELL,2026-08-20 14:15:00+00:00,29243.4,29389.831697893373,29023.752453159945,28950.53660421326,29389.831697893373,146.4316978933718,219.6475468400577,292.8633957867436,0.05,0.03,0.02,False,False,False,7445.386458766477,2026-08-20 22:00:00+00:00,29210.1,EOD_EXIT,465.0,9.99,6.66,0.25,16.4,7461.79,0.2202706345845893
415,XAUUSD,BUY,2026-08-20 17:30:00+00:00,4518.48,4492.070446379617,4555.453375068535,4576.581017964841,4492.070446379617,26.409553620382454,36.97337506853543,58.101017964841404,0.03,0.01,0.02,False,False,False,7445.386458766477,2026-08-20 22:00:00+00:00,4519.63,EOD_EXIT,270.0,1.15,2.3,0.15,3.3,7465.09,0.04432274964202102
416,XAUUSD,BUY,2026-08-21 14:00:00+00:00,4588.8099999999995,4562.512207789765,4625.626909094329,4646.665142862516,4588.8099999999995,26.29779221023497,36.816909094328956,57.85514286251694,0.03,0.01,0.02,True,False,True,7465.08645876648,2026-08-23 22:00:00+00:00,4609.46,EOD_EXIT,3360.0,36.82,41.3,0.15,77.97,7543.05,1.0444621161545615
417,NAS100,SELL,2026-08-21 20:10:00+00:00,29309.4,29428.179380163532,29131.230929754707,29071.84123967294,29428.179380163532,118.7793801635306,178.1690702452959,237.5587603270612,0.06,0.03,0.03,False,False,False,7465.08645876648,2026-08-23 22:00:00+00:00,29261.6,EOD_EXIT,2990.0,14.34,14.34,0.3,28.38,7571.43,0.3801697429327492
419,NAS100,SELL,2026-08-24 10:45:00+00:00,29134.800000000003,29256.51874224093,28952.22188663861,28891.362515518147,29134.800000000003,121.71874224092743,182.57811336139113,243.43748448185485,0.06,0.03,0.03,True,True,True,7571.433367860812,2026-08-24 13:50:00+00:00,28891.362515518147,FULL_TP2,185.0,54.77,73.03,0.3,127.5,7698.94,1.6839611973765953
418,XAUUSD,BUY,2026-08-24 06:00:00+00:00,4645.21,4618.293740689051,4682.892763035327,4704.425770484087,4618.293740689051,26.916259310948384,37.68276303532773,59.21577048408645,0.03,0.01,0.02,False,False,False,7571.433367860812,2026-08-24 22:00:00+00:00,4655.61,EOD_EXIT,960.0,10.4,20.8,0.15,31.05,7729.99,0.4100940798317121
420,NAS100,SELL,2026-08-24 17:30:00+00:00,29065.5,29216.01790163871,28839.72314754194,28764.464196722583,29216.01790163871,150.51790163870746,225.77685245806117,301.0358032774149,0.05,0.03,0.02,False,False,False,7698.9380472137855,2026-08-24 22:00:00+00:00,29068.4,EOD_EXIT,270.0,-0.87,-0.58,0.25,-1.7,7728.29,-0.02208096739543479
422,NAS100,BUY,2026-08-25 08:20:00+00:00,29260.699999999997,29144.619149831648,29434.821275252518,29492.861700336693,29144.619149831648,116.08085016834828,174.12127525252242,232.16170033669655,0.07,0.04,0.03,False,False,False,7728.288047213784,2026-08-25 14:30:00+00:00,29144.619149831648,SL,370.0,-46.43,-34.82,0.35,-81.61,7646.68,-1.0559906605632043
421,XAUUSD,SELL,2026-08-25 07:05:00+00:00,4640.75,4669.017466751842,4601.175546547421,4578.561573145947,4669.017466751842,28.26746675184242,39.574453452579384,62.18842685405333,0.03,0.01,0.02,False,False,False,7728.288047213784,2026-08-25 22:00:00+00:00,4661.34,EOD_EXIT,895.0,-20.59,-41.18,0.15,-61.92,7584.76,-0.8012123722837106
423,NAS100,BUY,2026-08-25 18:45:00+00:00,29214.399999999998,29089.174701421605,29402.237947867587,29464.850597156783,29089.174701421605,125.22529857839184,187.83794786758776,250.4505971567837,0.06,0.03,0.03,False,False,False,7646.681452095941,2026-08-25 22:00:00+00:00,29247.5,EOD_EXIT,195.0,9.93,9.93,0.3,19.56,7604.32,0.2557972386130802
424,NAS100,SELL,2026-08-26 10:10:00+00:00,29140.800000000003,29244.150873798433,28985.77368930236,28934.098252403146,29244.150873798433,103.35087379842868,155.02631069764303,206.70174759685736,0.07,0.04,0.03,False,False,False,7604.321452095942,2026-08-26 13:40:00+00:00,29244.150873798433,SL,210.0,-41.34,-31.01,0.35,-72.7,7531.63,-0.956035334092328
425,XAUUSD,SELL,2026-08-26 12:50:00+00:00,4615.92,4636.859271120706,4586.605020431012,4569.853603534448,4615.92,20.939271120705584,29.314979568987816,46.06639646555229,0.04,0.02,0.02,True,False,True,7604.321452095942,2026-08-26 22:00:00+00:00,4603.32,EOD_EXIT,550.0,58.63,25.2,0.2,83.63,7615.26,1.0997693946374332
426,NAS100,BUY,2026-08-27 11:05:00+00:00,29559.1,29435.826936927486,29744.009594608768,29805.646126145024,29435.826936927486,123.27306307251209,184.90959460876815,246.54612614502418,0.06,0.03,0.03,False,False,False,7615.2557995750185,2026-08-27 13:30:00+00:00,29435.826936927486,SL,145.0,-36.98,-36.98,0.3,-74.26,7540.99,-0.9751478079586533
427,XAUUSD,SELL,2026-08-27 12:40:00+00:00,4587.31,4610.5418130960825,4554.785461665486,4536.200011188621,4610.5418130960825,23.231813096081634,32.52453833451428,51.1099888113796,0.03,0.01,0.02,False,False,False,7615.2557995750185,2026-08-27 15:55:00+00:00,4610.5418130960825,SL,195.0,-23.23,-46.46,0.15,-69.85,7471.15,-0.9172377374887143
428,NAS100,BUY,2026-08-27 14:15:00+00:00,29528.3,29394.996093451053,29728.255859823417,29794.907813097892,29394.996093451053,133.30390654894646,199.9558598234197,266.6078130978929,0.06,0.03,0.03,False,False,False,7540.991961731511,2026-08-27 22:00:00+00:00,29566.4,EOD_EXIT,465.0,11.43,11.43,0.3,22.56,7493.71,0.29916488592596147
429,XAUUSD,SELL,2026-08-31 08:30:00+00:00,4435.6,4467.048274206562,4391.572416110814,4366.413796745564,4467.048274206562,31.4482742065621,44.027583889186936,69.18620325443662,0.02,0.01,0.01,False,False,False,7493.706522443267,2026-08-31 22:00:00+00:00,4454.39,EOD_EXIT,810.0,-18.79,-18.79,0.1,-37.68,7456.03,-0.5028219331401668
430,XAUUSD,SELL,2026-09-01 06:25:00+00:00,4428.65,4451.869783178206,4396.142303550511,4377.566477007947,4428.65,23.21978317820577,32.50769644948807,51.0835229920527,0.03,0.01,0.02,True,True,True,7456.026522443267,2026-09-01 08:30:00+00:00,4377.566477007947,FULL_TP2,125.0,32.51,102.17,0.15,134.52,7590.55,1.8041781315434366
431,XAUUSD,SELL,2026-09-01 10:50:00+00:00,4375.41,4401.180612280111,4339.331142807845,4318.714652983756,4375.41,25.770612280110758,36.078857192155056,56.69534701624367,0.03,0.01,0.02,True,False,True,7590.55126487686,2026-09-01 14:20:00+00:00,4375.41,TP1_THEN_BE,210.0,36.08,0.0,0.15,35.93,7626.48,0.4733516545268057
432,XAUUSD,SELL,2026-09-01 15:10:00+00:00,4356.91,4384.910993362734,4317.708609292172,4295.307814601984,4384.910993362734,28.000993362734274,39.20139070782798,61.60218539801541,0.03,0.01,0.02,False,False,False,7626.480122069015,2026-09-01 22:00:00+00:00,4331.23,EOD_EXIT,410.0,25.68,51.36,0.15,76.89,7703.37,1.008197736954702
433,NAS100,SELL,2026-09-01 16:30:00+00:00,29094.0,29220.62313963517,28904.065290547245,28840.75372072966,29220.62313963517,126.6231396351701,189.93470945275516,253.2462792703402,0.06,0.03,0.03,False,False,False,7626.480122069015,2026-09-01 22:00:00+00:00,29086.5,EOD_EXIT,330.0,2.25,2.25,0.3,4.2,7707.57,0.055071277086874086
434,NAS100,SELL,2026-09-02 06:05:00+00:00,29013.2,29117.962935212254,28856.05559718162,28803.67412957549,29117.962935212254,104.76293521225422,157.14440281838134,209.52587042450844,0.07,0.04,0.03,False,False,False,7707.570122069016,2026-09-02 14:15:00+00:00,29117.962935212254,SL,490.0,-41.91,-31.43,0.35,-73.68,7633.89,-0.9559432977331302
435,XAUUSD,BUY,2026-09-02 17:40:00+00:00,4376.7699999999995,4350.4089123430995,4413.67552271966,4434.76439284518,4350.4089123430995,26.361087656900065,36.90552271966009,57.994392845180144,0.03,0.01,0.02,False,False,False,7633.886067420438,2026-09-02 22:00:00+00:00,4391.2,EOD_EXIT,260.0,14.43,28.86,0.15,43.14,7677.03,0.5651119183466857
436,NAS100,BUY,2026-09-02 18:00:00+00:00,29126.5,29001.822354408843,29313.516468386733,29375.85529118231,29001.822354408843,124.6776455911553,187.01646838673295,249.3552911823106,0.06,0.03,0.03,False,False,False,7633.886067420438,2026-09-02 22:00:00+00:00,29129.8,EOD_EXIT,240.0,0.99,0.99,0.3,1.68,7678.71,0.022007140074697076
437,NAS100,BUY,2026-09-03 07:00:00+00:00,29175.199999999997,29069.389210467598,29333.916184298596,29386.8215790648,29069.389210467598,105.81078953240014,158.7161842986002,211.62157906480027,0.07,0.04,0.03,False,False,False,7678.706067420439,2026-09-03 11:55:00+00:00,29069.389210467598,SL,295.0,-42.32,-31.74,0.35,-74.42,7604.29,-0.9691737038321149
438,XAUUSD,BUY,2026-09-03 07:50:00+00:00,4430.72,4408.6391312021,4461.633216317061,4479.297911355382,4430.72,22.08086879790069,30.91321631706096,48.57791135538152,0.03,0.01,0.02,True,True,True,7678.706067420439,2026-09-03 12:45:00+00:00,4479.297911355382,FULL_TP2,295.0,30.91,97.16,0.15,127.92,7732.21,1.665905673128247
439,NAS100,BUY,2026-09-03 12:30:00+00:00,29176.899999999998,29069.56922008342,29337.896169874864,29391.561559833153,29176.899999999998,107.33077991657773,160.99616987486658,214.66155983315545,0.07,0.04,0.03,True,True,True,7604.288514747758,2026-09-03 15:00:00+00:00,29391.561559833153,FULL_TP2,150.0,64.4,64.4,0.35,128.45,7860.65,1.6891784122983242
440,XAUUSD,BUY,2026-09-03 17:30:00+00:00,4492.04,4464.920811065771,4530.00686450792,4551.702215655303,4464.920811065771,27.119188934228784,37.9668645079203,59.66221565530333,0.03,0.01,0.02,False,False,False,7860.654489675475,2026-09-03 22:00:00+00:00,4475.88,EOD_EXIT,270.0,-16.16,-32.32,0.15,-48.63,7812.02,-0.6186507760120071
441,NAS100,BUY,2026-09-04 07:20:00+00:00,29586.399999999998,29498.704861543938,29717.94270768409,29761.79027691212,29498.704861543938,87.69513845606104,131.54270768409157,175.3902769121221,0.09,0.04,0.05,False,False,False,7812.024489675476,2026-09-04 12:30:00+00:00,29498.704861543938,SL,310.0,-35.08,-43.85,0.45,-79.38,7732.65,-1.0161258468263914
442,XAUUSD,SELL,2026-09-04 17:00:00+00:00,4430.99,4462.138566898203,4387.3820063425155,4362.463152823952,4462.138566898203,31.14856689820323,43.60799365748452,68.52684717604711,0.02,0.01,0.01,False,False,False,7732.648865065021,2026-09-06 22:00:00+00:00,4422.24,EOD_EXIT,3180.0,8.75,8.75,0.1,17.4,7750.05,0.22501991624901863
443,XAUUSD,SELL,2026-09-07 07:25:00+00:00,4394.78,4419.7918853432075,4359.76336051951,4339.753852244944,4419.7918853432075,25.011885343207272,35.01663948049018,55.026147755056,0.03,0.01,0.02,False,False,False,7750.04886506502,2026-09-07 08:15:00+00:00,4419.7918853432075,SL,50.0,-25.01,-50.02,0.15,-75.19,7674.86,-0.9701874311907216
444,NAS100,BUY,2026-09-07 16:15:00+00:00,29586.6,29503.275279952642,29711.587080071033,29753.249440094707,29503.275279952642,83.32472004735492,124.98708007103238,166.64944009470983,0.09,0.04,0.05,False,False,False,7674.8632090353985,2026-09-07 22:00:00+00:00,29570.2,EOD_EXIT,345.0,-6.56,-8.2,0.45,-15.21,7659.65,-0.19817942790294557
446,NAS100,SELL,2026-09-08 11:10:00+00:00,29523.800000000003,29628.17349566674,29367.239756499897,29315.053008666528,29628.17349566674,104.37349566673761,156.56024350010642,208.74699133347522,0.07,0.04,0.03,False,False,False,7659.6532090354,2026-09-08 12:55:00+00:00,29628.17349566674,SL,105.0,-41.75,-31.31,0.35,-73.41,7586.24,-0.9583984809312888
445,XAUUSD,SELL,2026-09-08 10:35:00+00:00,4394.52,4415.268526228739,4365.472063279767,4348.873242296777,4394.52,20.748526228738164,29.047936720233427,45.64675770322397,0.04,0.02,0.02,True,True,True,7659.6532090354,2026-09-08 20:45:00+00:00,4348.873242296777,FULL_TP2,610.0,58.1,91.29,0.2,149.19,7735.43,1.947738310450061
