trade_id,symbol,direction,entry_time,exit_time,duration_m,planned_entry,actual_entry,entry_spread,total_lots,partial_lots,runner_lots,tp1_hit,tp2_hit,be_hit,exit_reason,partial_pnl,runner_pnl,commission,net_pnl,account_balance,return_pct,adx_1h,atr_1h,month,balance,hour,equity,date,compounded_net_pnl,compounded_balance,has_sweep,sim_pnl,sim_bal,entry_price,sl_price,tp1_price,tp2_price,current_sl,sl_dist,tp1_dist,tp2_dist,part_lots,run_lots,starting_balance,exit_price,ending_balance
1,NAS100,BUY,2026-01-02 10:00:00.057000+00:00,2026-01-02 11:10:06.745000+00:00,70.11146666666667,25481.9,25471.6,2.599999999998545,0.11,0.06,0.05,True,True,False,FULL_TP2,40.0328258109912,44.48091756776921,0.55,83.96374337876041,5083.96374337876,1.6792748675752085,18.89811712088356,44.48091756776897,2026-01,5083.96374337876,10.0,5083.96374337876,2026-01-02,82.57704776918689,5082.577047769187,True,82.57704776918689,5082.577047769187,,,,,,,,,,,,,
2,NAS100,BUY,2026-01-02 16:45:00.112000+00:00,2026-01-02 16:50:30.982000+00:00,5.5145,25586.3,25524.7,2.600000000002183,0.12,0.06,0.06,True,True,False,FULL_TP2,39.03941352560578,52.05255136747364,0.6,90.49196489307944,5174.455708271839,1.7799490606307748,22.90514408286956,43.37712613956099,2026-01,5220.985418009001,16.0,5174.45570827184,2026-01-02,88.88517163995756,5171.462219409144,True,88.88517163995756,5171.462219409144,,,,,,,,,,,,,
2,XAUUSD,BUY,2026-01-05 06:25:00.296000+00:00,2026-01-05 14:50:29.192000+00:00,505.4816,4404.69,4405.28,0.2899999999999636,0.03,0.02,0.01,True,False,True,TP1_THEN_BE,49.879492261352425,0.2899999999999636,0.15,50.01949226135239,5096.549201998514,0.9911661109383928,27.77281011323853,19.793449310060783,2026-01,5271.004910270353,6.0,5224.475200533192,2026-01-05,50.75471740019265,5222.216936809337,True,50.75471740019265,5222.216936809337,,,,,,,,,,,,,
3,NAS100,BUY,2026-01-05 15:50:00.061000+00:00,2026-01-05 16:36:00.430000+00:00,46.006150000000005,25407.9,25407.9,2.600000000002183,0.09,0.04,0.05,True,False,True,TP1_THEN_BE,35.248013897294,1.3000000000010914,0.4499999999999999,36.09801389729509,5210.553722169135,0.6976195358980293,15.555561281524472,58.74668982882248,2026-01,5307.102924167649,15.0,5260.573214430488,2026-01-05,36.17881507632869,5258.395751885666,True,36.17881507632869,5258.395751885666,,,,,,,,,,,,,
3,XAUUSD,BUY,2026-01-05 16:00:00.016000+00:00,2026-01-05 17:04:17.926000+00:00,64.2985,4422.18,4417.08,0.2899999999999636,0.03,0.02,0.01,True,True,False,FULL_TP2,44.81596134579377,35.212541057409,0.15,79.87850240320276,5176.427704401717,1.5673056265576704,30.00087155595782,17.78411164515591,2026-01,5386.981426570852,16.0,5340.45171683369,2026-01-05,81.14336791506238,5339.539119800728,True,81.14336791506238,5339.539119800728,,,,,,,,,,,,,
4,XAUUSD,BUY,2026-01-05 19:15:00.027000+00:00,2026-01-05 21:00:00.048000+00:00,105.00035,4445.15,4442.67,0.2600000000002183,0.03,0.02,0.01,False,False,False,EOD_EXIT,11.780000000000657,5.890000000000327,0.15,17.520000000000984,5193.947704401719,0.338457349362825,29.97563844773907,18.34581023484248,2026-01,5404.501426570853,19.0,5357.971716833691,2026-01-05,18.01110267237273,5357.550222473101,True,18.01110267237273,5357.550222473101,,,,,,,,,,,,,
5,XAUUSD,BUY,2026-01-06 08:50:00.133000+00:00,2026-01-06 11:47:11.001000+00:00,177.18113333333335,4464.5,4463.37,0.2899999999999636,0.03,0.02,0.01,False,False,False,SL,-29.74359044556695,-14.871795222783476,0.15,-44.765385668350426,5149.182318733368,-0.8618759413078625,29.028270755210173,16.524216914204185,2026-01,5359.736040902503,8.0,5313.206331165341,2026-01-06,-46.57687125857309,5310.973351214528,True,-46.57687125857309,5310.973351214528,,,,,,,,,,,,,
4,NAS100,BUY,2026-01-06 16:25:00.105000+00:00,2026-01-06 16:50:21.405000+00:00,25.355,25479.1,25465.2,2.600000000002183,0.11,0.06,0.05,True,True,False,FULL_TP2,43.944455704852594,48.82717300539117,0.55,92.22162871024376,5302.7753508793785,1.7699007366121586,15.8956238493058,48.82717300539127,2026-01,5451.957669612747,16.0,5405.427959875585,2026-01-06,92.3642017768077,5403.337552991336,True,92.3642017768077,5403.337552991336,,,,,,,,,,,,,
5,NAS100,BUY,2026-01-06 19:10:00.048000+00:00,2026-01-06 21:00:00.144000+00:00,110.0016,25556.9,25553.8,2.599999999998545,0.09,0.04,0.05,True,False,False,EOD_EXIT,36.63494149260514,46.95000000000073,0.4499999999999999,83.13494149260588,5385.910292371985,1.5677628409964477,19.03966947501092,61.05823582100738,2026-01,5610.132824322437,19.0,5488.56290136819,2026-01-06,83.40394231388171,5486.7414953052175,True,83.40394231388171,5486.7414953052175,,,,,,,,,,,,,
7,XAUUSD,SELL,2026-01-07 11:40:00.269000+00:00,2026-01-07 15:10:01.645000+00:00,210.02293333333333,4461.41,4462.7,0.2600000000002183,0.03,0.02,0.01,True,True,False,FULL_TP2,43.16406275001464,33.91462073215462,0.15,76.92868348216925,5301.151215432622,1.472538411441828,24.01140993074413,17.128596329371167,2026-01,5687.061507804607,11.0,5565.49158485036,2026-01-07,79.62191280491002,5566.363408110127,True,79.62191280491002,5566.363408110127,,,,,,,,,,,,,
8,XAUUSD,SELL,2026-01-07 16:35:00.014000+00:00,2026-01-07 17:32:32.112000+00:00,57.53496666666667,4440.93,4449.32,0.2899999999999636,0.03,0.02,0.01,True,False,True,TP1_THEN_BE,42.52532820819033,0.2899999999999636,0.15,42.665328208190296,5343.816543640813,0.8048313748150346,25.332049911985173,16.875130241345097,2026-01,5729.726836012797,16.0,5608.15691305855,2026-01-07,44.44215473970477,5610.805562849832,True,44.44215473970477,5610.805562849832,,,,,,,,,,,,,
9,XAUUSD,SELL,2026-01-07 19:55:00.021000+00:00,2026-01-07 21:00:00.281000+00:00,65.00433333333334,4451.9,4454.58,0.2899999999999636,0.03,0.02,0.01,False,False,False,EOD_EXIT,4.639999999999418,2.319999999999709,0.15,6.809999999999127,5350.626543640812,0.1274370095676859,27.616599050373093,18.33596980329268,2026-01,5736.756836012798,19.0,5615.18691305855,2026-01-07,7.141142363675956,5617.946705213509,True,7.141142363675956,5617.946705213509,,,,,,,,,,,,,
6,NAS100,BUY,2026-01-07 20:40:00.061000+00:00,2026-01-07 21:00:00.034000+00:00,19.99955,25815.7,25801.8,2.599999999998545,0.11,0.06,0.05,False,False,False,EOD_EXIT,0.4200000000004366,0.3500000000003638,0.55,0.2200000000008004,5386.130292371986,0.0040847319776637,30.58639655270391,50.67618768657324,2026-01,5729.946836012799,20.0,5608.376913058551,2026-01-07,0.2294686923749057,5618.176173905884,True,0.2294686923749057,5618.176173905884,,,,,,,,,,,,,
10,XAUUSD,SELL,2026-01-08 10:00:00.018000+00:00,2026-01-08 14:42:40.063000+00:00,282.6674166666666,4425.66,4430.78,0.2899999999999636,0.04,0.02,0.02,True,False,True,TP1_THEN_BE,39.33487726734893,0.5799999999999272,0.2,39.71487726734885,5390.341420908161,0.7422472292436435,30.721913802473924,15.60907828069382,2026-01,5776.471713280147,10.0,5654.901790325899,2026-01-08,41.39351476838803,5659.569688674272,True,41.39351476838803,5659.569688674272,,,,,,,,,,,,,
7,NAS100,SELL,2026-01-08 11:40:00.019000+00:00,2026-01-08 15:20:40.755000+00:00,220.67893333333333,25608.8,25606.3,2.600000000002183,0.1,0.05,0.05,False,False,False,SL,-26.42406773938092,-26.42406773938092,0.5,-53.34813547876183,5332.782156893224,-0.9904724279380172,20.30298943671273,52.84813547876163,2026-01,5723.123577801385,11.0,5601.553654847137,2026-01-08,-56.61725561255367,5602.952433061718,True,-56.61725561255367,5602.952433061718,,,,,,,,,,,,,
11,XAUUSD,SELL,2026-01-08 15:05:00.016000+00:00,2026-01-08 16:47:49.515000+00:00,102.82498333333334,4418.7,4423.82,0.2899999999999636,0.04,0.02,0.02,False,False,False,SL,-27.392113378600698,-27.392113378600698,0.2,-54.9842267572014,5335.35719415096,-1.02005091076286,34.84336637139516,15.217840765889328,2026-01,5762.177935201826,15.0,5640.608012247577,2026-01-08,-57.74196476048761,5545.21046830123,True,-57.74196476048761,5545.21046830123,,,,,,,,,,,,,
8,NAS100,SELL,2026-01-08 16:30:00.067000+00:00,2026-01-08 16:38:26.472000+00:00,8.440083333333332,25556.5,25632.9,2.599999999998545,0.11,0.06,0.05,True,True,False,FULL_TP2,44.80511881151469,49.78346534612683,0.55,94.03858415764152,5426.820741050866,1.7634056931443567,17.214984131191713,49.78346534612771,2026-01,5817.162161959027,16.0,5695.592239004778,2026-01-08,96.090098821691,5641.300567122921,True,96.090098821691,5641.300567122921,,,,,,,,,,,,,
9,NAS100,SELL,2026-01-08 20:10:00.118000+00:00,2026-01-08 21:00:00.002000+00:00,49.998066666666666,25474.8,25500.9,2.599999999998545,0.08,0.04,0.04,False,False,False,EOD_EXIT,7.840000000000873,7.840000000000873,0.4,15.280000000001746,5442.100741050867,0.2815644873695032,21.720827438758025,70.1747072509045,2026-01,5777.457935201827,20.0,5655.888012247578,2026-01-08,15.839301175634445,5657.139868298556,True,15.839301175634445,5657.139868298556,,,,,,,,,,,,,
12,XAUUSD,BUY,2026-01-09 07:30:00.004000+00:00,2026-01-09 16:11:07.517000+00:00,521.1252166666667,4470.88,4465.17,0.2899999999999636,0.04,0.02,0.02,True,True,False,FULL_TP2,36.26694722110369,56.99091706173386,0.2,93.05786428283754,5428.415058433798,1.7441730871337895,17.996407197948542,14.39164572265989,2026-01,5816.204469675369,7.0,5694.63454672112,2026-01-09,96.00124233396048,5696.114607606356,True,96.97883238962294,5754.118700688178,,,,,,,,,,,,,
11,NAS100,BUY,2026-01-09 14:55:00.210000+00:00,2026-01-09 16:18:22.700000+00:00,83.37483333333333,25598.1,25590.9,2.600000000002183,0.11,0.06,0.05,True,False,True,TP1_THEN_BE,44.404000272471606,1.3000000000010914,0.55,45.1540002724727,5432.943411514044,0.8380802742263702,15.816876467247033,49.33777808052425,2026-01,5861.3584699478415,14.0,5739.788546993593,2026-01-09,47.34125520225442,5743.455862808611,True,47.8233358418706,5801.942036530048,,,,,,,,,,,,,
12,NAS100,SELL,2026-01-12 10:15:00.050000+00:00,2026-01-12 16:30:03.480000+00:00,375.05716666666666,25548.8,25574.4,2.399999999997817,0.09,0.04,0.05,False,False,False,SL,-24.118387470536984,-30.14798433817123,0.4499999999999999,-54.71637180870822,5378.227039705335,-1.007122063755491,22.873666267587392,60.29596867634267,2026-01,5852.321667392717,10.0,5730.751744438468,2026-01-12,-58.432093724618746,5685.023769083992,True,-59.02711345944687,5742.914923070602,,,,,,,,,,,,,
14,XAUUSD,BUY,2026-01-12 16:35:00.075000+00:00,2026-01-12 21:00:00.117000+00:00,265.0007,4610.69,4598.41,0.2899999999999636,0.03,0.02,0.01,True,False,False,EOD_EXIT,45.08204427977034,12.420000000000073,0.15,57.35204427977042,5531.446671967153,1.047699175489038,42.23549996451175,17.889700111019735,2026-01,5909.673711672488,16.0,5788.103788718239,2026-01-12,59.43625935908727,5791.899733934224,True,59.544623765805206,5802.459546836407,,,,,,,,,,,,,
13,NAS100,BUY,2026-01-13 10:20:00.231000+00:00,2026-01-13 15:31:39.504000+00:00,311.65455000000003,25778.4,25773.8,2.599999999998545,0.12,0.06,0.06,True,True,False,FULL_TP2,41.205715608940224,54.94095414525509,0.6,95.54666975419532,5473.77370945953,1.7765458588641168,16.68038650617415,45.78412845437877,2026-01,6005.220381426683,10.0,5883.650458472434,2026-01-13,101.09967282192716,5892.999406756151,True,101.28399811734214,5903.743544953749,,,,,,,,,,,,,
16,XAUUSD,BUY,2026-01-13 17:55:00.002000+00:00,2026-01-13 18:27:12.900000+00:00,32.21496666666666,4618.95,4615.94,0.2899999999999636,0.04,0.02,0.02,False,False,False,SL,-30.86986313668968,-30.86986313668968,0.2,-61.93972627337935,5570.720544998165,-1.0996531530455107,20.838925187225826,17.14992396482772,2026-01,6044.494254457695,17.0,5821.710732199055,2026-01-13,-65.52308040499331,5827.476326351158,True,-65.64254232623438,5838.101002627514,,,,,,,,,,,,,
14,NAS100,BUY,2026-01-13 18:30:00.050000+00:00,2026-01-13 19:53:04.432000+00:00,83.07303333333333,25802.6,25764.1,2.599999999998545,0.09,0.04,0.05,True,False,True,TP1_THEN_BE,37.19156274346896,1.2999999999992726,0.4499999999999999,38.04156274346823,5511.815272202999,0.6949787251476347,15.582763499312737,61.98593790578098,2026-01,6082.535817201164,18.0,5859.752294942524,2026-01-13,40.22019885589494,5867.696525207052,True,40.29352847041131,5878.394531097926,,,,,,,,,,,,,
17,XAUUSD,BUY,2026-01-14 08:15:00.062000+00:00,2026-01-14 16:39:56.161000+00:00,504.9349833333333,4632.91,4633.89,0.2800000000006548,0.04,0.02,0.02,False,False,False,SL,-30.454228180131395,-30.454228180131395,0.2,-61.10845636026279,5509.612088637902,-1.0969578507241906,17.236848130371488,16.919015655628048,2026-01,6021.427360840901,8.0,5798.64383858226,2026-01-14,-65.08005850091094,5802.616466706141,True,-65.19871270298671,5813.195818394939,,,,,,,,,,,,,
18,XAUUSD,SELL,2026-01-15 10:00:00.032000+00:00,2026-01-15 12:37:16.524000+00:00,157.27486666666667,4599.9,4601.56,0.3099999999994907,0.03,0.02,0.01,False,False,False,SL,-32.38623375894713,-16.193116879473564,0.15,-48.72935063842069,5460.882737999482,-0.8844424953058295,26.70926236511481,17.992352088304308,2026-01,5972.698010202481,10.0,5749.91448794384,2026-01-15,-51.77875922125764,5750.837707484883,True,-51.87316244555384,5761.322655949385,,,,,,,,,,,,,
15,NAS100,BUY,2026-01-15 14:40:00.087000+00:00,2026-01-15 17:46:35.294000+00:00,186.58678333333333,25693.0,25686.0,2.599999999998545,0.08,0.04,0.04,True,False,True,TP1_THEN_BE,41.80216628277995,1.0399999999994178,0.4,42.44216628277937,5554.257438485778,0.7700215661584718,24.924992964881287,69.67027713796634,2026-01,6015.14017648526,14.0,5792.356654226619,2026-01-15,43.94430991893176,5794.782017403815,True,44.02442934643855,5805.347085295824,,,,,,,,,,,,,
16,NAS100,BUY,2026-01-15 18:05:00.008000+00:00,2026-01-15 21:00:00.134000+00:00,175.0021,25764.7,25777.0,2.599999999998545,0.07,0.04,0.03,False,False,False,EOD_EXIT,-12.83999999999942,-9.629999999999564,0.35,-22.819999999998984,5531.437438485779,-0.4108560010538556,29.85310332739685,75.21545932261171,2026-01,5992.320176485261,18.0,5769.53665422662,2026-01-15,-23.90643067154508,5770.87558673227,True,-23.950016963892555,5781.397068331931,,,,,,,,,,,,,
19,XAUUSD,SELL,2026-01-16 08:45:00.111000+00:00,2026-01-16 09:12:08.398000+00:00,27.13811666666667,4596.59,4595.86,0.3100000000004002,0.04,0.02,0.02,False,False,False,SL,-26.54719940376708,-26.54719940376708,0.2,-53.294398807534165,5407.588339191948,-0.9759301080883094,26.61741486754131,14.748444113203474,2026-01,5939.025777677727,8.0,5716.242255419086,2026-01-16,-56.87477035907842,5714.000816373191,True,-56.97846464962833,5724.418603682303,,,,,,,,,,,,,
20,XAUUSD,SELL,2026-01-16 10:40:00.283000+00:00,2026-01-16 16:05:30.954000+00:00,325.5111833333333,4602.09,4605.12,0.3100000000004002,0.04,0.02,0.02,True,False,True,TP1_THEN_BE,38.01017642311854,0.6200000000008004,0.2,38.430176423119335,5446.018515615067,0.7106712643895879,24.2869686698378,15.083403342507037,2026-01,5977.455954100847,10.0,5754.672431842206,2026-01-16,40.32121059182065,5754.322026965012,True,40.39472437130557,5764.8133280536085,,,,,,,,,,,,,
17,NAS100,BUY,2026-01-16 11:00:00.071000+00:00,2026-01-16 16:55:50.305000+00:00,355.83723333333336,25696.9,25683.7,2.600000000002183,0.11,0.06,0.05,False,False,False,SL,-31.381354150845432,-26.151128459037864,0.55,-58.08248260988329,5473.354955875896,-1.0500431986406642,17.63951098947852,52.30225691807488,2026-01,5919.373471490963,11.0,5696.589949232322,2026-01-16,-61.06406614540092,5693.257960819611,True,-61.17539837544007,5703.637929678169,,,,,,,,,,,,,
21,XAUUSD,SELL,2026-01-16 17:25:00.051000+00:00,2026-01-16 17:31:49.275000+00:00,6.8204,4564.57,4588.43,1.1300000000001091,0.04,0.02,0.02,True,True,False,FULL_TP2,38.63015573694429,60.70453044377063,0.2,99.13468618071492,5545.153201795783,1.8203148942015444,18.057315582785883,15.329426879739914,2026-01,6018.508157671678,17.0,5795.724635413037,2026-01-16,101.78246132296756,5795.040422142579,True,101.96803148088954,5805.605961159058,,,,,,,,,,,,,
18,NAS100,SELL,2026-01-16 19:05:00.002000+00:00,2026-01-16 21:00:00.056000+00:00,115.0009,25571.5,25574.4,2.599999999998545,0.08,0.04,0.04,False,False,False,EOD_EXIT,-3.3599999999991272,-3.3599999999991272,0.4,-7.119999999998255,5466.234955875898,-0.1300847479726234,20.184008850783933,67.53796585879283,2026-01,6011.38815767168,19.0,5788.604635413039,2026-01-16,-7.54828289283323,5787.492139249745,True,-7.562044949972112,5798.043916209086,,,,,,,,,,,,,
22,XAUUSD,SELL,2026-01-16 19:20:00.012000+00:00,2026-01-16 21:00:00.111000+00:00,100.00165,4584.28,4584.37,0.3199999999997089,0.03,0.02,0.01,False,False,False,EOD_EXIT,3.0799999999999272,1.5399999999999636,0.15,4.4699999999998905,5549.623201795783,0.080610937828594,22.50344794059325,21.09583236059208,2026-01,6015.858157671681,19.0,5793.074635413039,2026-01-16,4.661593935616119,5792.1537331853615,True,4.670092970828633,5802.714009179915,,,,,,,,,,,,,
23,XAUUSD,BUY,2026-01-19 11:15:00.068000+00:00,2026-01-19 21:00:00.234000+00:00,585.0027666666666,4671.34,4670.97,0.3000000000001819,0.03,0.02,0.01,False,False,False,EOD_EXIT,11.079999999999927,5.539999999999964,0.15,16.469999999999892,5566.093201795783,0.2967769054063062,30.995511066875,19.41303254876027,2026-01,6032.328157671681,11.0,5809.544635413038,2026-01-19,17.13891027817941,5809.292643463541,True,17.17015800244931,5819.884167182364,,,,,,,,,,,,,
19,NAS100,SELL,2026-01-20 15:40:00.091000+00:00,2026-01-20 16:30:04.962000+00:00,50.081183333333335,25088.9,25087.7,2.599999999998545,0.07,0.04,0.03,False,False,False,SL,-32.187426846922605,-24.14057013519196,0.35,-56.67799698211456,5409.556958893783,-1.0368745112426767,52.35555877080575,80.46856711730778,2026-01,5924.984526178852,15.0,5752.866638430924,2026-01-20,-60.8661806163472,5748.426462847194,True,-60.97715206076179,5758.907015121602,,,,,,,,,,,,,
25,XAUUSD,BUY,2026-01-20 15:50:00.066000+00:00,2026-01-20 16:34:28.653000+00:00,44.47645,4731.65,4730.71,0.3299999999999272,0.04,0.02,0.02,True,False,True,TP1_THEN_BE,34.39492940110904,0.6599999999998545,0.2,34.85492940110889,5550.282496686178,0.6319533522269786,43.46436859877437,13.648781508376937,2026-01,5959.839455579961,15.0,5787.721567832033,2026-01-20,36.099243353762894,5784.525706200957,True,36.16505962704759,5795.072074748649,,,,,,,,,,,,,
26,XAUUSD,BUY,2026-01-20 18:10:00.137000+00:00,2026-01-20 20:21:13.354000+00:00,131.22028333333333,4741.3,4735.0,0.3400000000001455,0.04,0.02,0.02,True,True,False,FULL_TP2,39.77149864950297,62.4980693063626,0.2,102.06956795586557,5652.352064642044,1.8389977089779967,43.65462165575284,15.782340733930106,2026-01,6061.909023535827,18.0,5889.791135787898,2026-01-20,104.45634541324712,5888.982051614204,True,104.64679060647916,5899.718865355128,,,,,,,,,,,,,
27,XAUUSD,BUY,2026-01-21 10:10:00.039000+00:00,2026-01-21 16:12:07.211000+00:00,362.1195333333333,4858.41,4860.07,0.3199999999997089,0.03,0.02,0.01,False,False,False,SL,-40.71058065318357,-20.355290326591785,0.15,-61.21587097977535,5591.136193662269,-1.0830158893092956,54.40776969026216,22.616989251768857,2026-01,6000.693152556052,10.0,5828.575264808123,2026-01-21,-64.47690647966421,5824.505145134539,True,-64.59446101275596,5835.124404342372,,,,,,,,,,,,,
20,NAS100,BUY,2026-01-21 20:50:00.109000+00:00,2026-01-21 21:00:00.003000+00:00,9.998233333333332,25164.7,25152.6,2.599999999998545,0.05,0.02,0.03,False,False,False,EOD_EXIT,1.7000000000000002,2.55,0.25,4.0,5413.556958893783,0.0739432088504706,31.76890359236161,108.40830489363918,2026-01,6004.693152556052,20.0,5832.575264808123,2026-01-21,4.303643751685753,5828.808788886225,True,4.311490170806096,5839.435894513178,,,,,,,,,,,,,
28,XAUUSD,BUY,2026-01-22 12:40:00.132000+00:00,2026-01-22 18:26:14.061000+00:00,346.23215,4828.25,4828.54,0.3400000000001455,0.02,0.01,0.01,True,True,False,FULL_TP2,33.16357071957373,52.1141825593304,0.1,85.17775327890413,5676.313946941173,1.523442647944363,24.116499790765264,26.320294221884232,2026-01,6039.048351725157,12.0,5866.930463977228,2026-01-22,87.46606364103636,5916.274852527261,True,87.62553209003735,5927.061426603215,,,,,,,,,,,,,
21,NAS100,BUY,2026-01-22 14:55:00.080000+00:00,2026-01-22 16:47:34.665000+00:00,112.57641666666667,25572.2,25563.3,2.599999999998545,0.06,0.03,0.03,False,False,False,SL,-25.26127705489962,-25.26127705489962,0.3,-50.82255410979924,5362.734404783984,-0.9388015032575628,37.92356887878744,84.20425684966403,2026-01,5953.870598446253,14.0,5781.752710698323,2026-01-22,-56.0684486915445,5860.206403835717,True,-56.17067289346386,5870.890753709751,,,,,,,,,,,,,
30,XAUUSD,BUY,2026-01-26 08:00:00.172000+00:00,2026-01-26 09:00:57.880000+00:00,60.9618,5079.23,5074.58,0.3299999999999272,0.02,0.01,0.01,True,False,True,TP1_THEN_BE,32.31722635093411,0.3299999999999272,0.1,32.54722635093403,5643.728169444,0.5800423597281634,39.89724224329935,25.648592342011007,2026-01,5909.053125035593,8.0,5792.717086114416,2026-01-26,33.13736598958915,5779.196458095692,True,33.85726677573516,5904.748020485486,,,,,,,,,,,,,
31,XAUUSD,BUY,2026-01-26 11:15:00.035000+00:00,2026-01-26 15:02:51.674000+00:00,227.86065,5093.43,5091.4,0.339999999999236,0.02,0.01,0.01,False,False,False,SL,-23.46717115082265,-23.46717115082265,0.1,-47.0343423016453,5596.693827142354,-0.8333913485822433,43.879861171457314,26.07463461202559,2026-01,5862.018782733948,11.0,5745.68274381277,2026-01-26,-48.56808552225543,5730.6283725734365,True,-49.6232147368123,5855.124805748675,,,,,,,,,,,,,
32,XAUUSD,BUY,2026-01-26 16:35:00.118000+00:00,2026-01-26 20:41:05.692000+00:00,246.0929,5089.04,5085.22,0.3400000000001455,0.03,0.02,0.01,False,False,False,SL,-43.992311183965285,-21.99615559198264,0.15,-66.13846677594793,5530.555360366407,-1.1817417357225333,45.77086307399742,24.44017287998076,2026-01,5795.880315958,16.0,5679.544277036823,2026-01-26,-68.53108766271215,5662.097284910725,True,-70.01990798413806,5785.104897764537,,,,,,,,,,,,,
25,NAS100,BUY,2026-01-26 20:20:00.062000+00:00,2026-01-26 21:00:00.101000+00:00,40.00065,25801.6,25794.7,2.600000000002183,0.07,0.04,0.03,False,False,False,EOD_EXIT,-1.560000000000582,-1.1700000000004365,0.35,-3.0800000000010184,5262.244955591593,-0.0584959148006651,16.31008244841907,74.71099728470112,2026-01,5792.800315957999,20.0,5676.464277036822,2026-01-26,-3.314034178321567,5658.783250732403,True,-3.386030721771581,5781.718867042765,,,,,,,,,,,,,
33,XAUUSD,BUY,2026-01-27 07:40:00.297000+00:00,2026-01-27 21:00:00.129000+00:00,799.9972,5074.56,5070.79,0.3400000000001455,0.02,0.01,0.01,False,False,False,EOD_EXIT,17.100000000000364,17.100000000000364,0.1,34.100000000000726,5564.655360366407,0.6165746073960565,32.1147545998235,33.687074816818786,2026-01,5774.129871337224,7.0,5710.564277036822,2026-01-27,34.6768121929609,5693.460062925364,True,35.43015705346047,5817.149024096226,,,,,,,,,,,,,
27,NAS100,BUY,2026-01-27 16:55:00.168000+00:00,2026-01-27 21:00:00.130000+00:00,244.99936666666665,25948.0,25934.9,2.600000000002183,0.11,0.06,0.05,False,False,False,EOD_EXIT,29.51999999999825,24.59999999999855,0.55,53.56999999999681,5263.044510970814,1.0283186890958358,28.231208786135067,46.57334264198489,2026-01,5827.699871337221,16.0,5764.134277036819,2026-01-27,57.95099299181757,5751.411055917181,True,59.2099634671975,5876.358987563423,,,,,,,,,,,,,
28,NAS100,BUY,2026-01-28 06:10:00.089000+00:00,2026-01-28 08:19:28.095000+00:00,129.46676666666667,26116.1,26119.2,2.600000000002183,0.11,0.06,0.05,True,True,False,FULL_TP2,41.34755849111316,45.9417316567924,0.55,86.73929014790555,5349.78380111872,1.6480820173019155,25.39374217459502,45.94173165679168,2026-01,5914.439161485127,6.0,5850.873567184724,2026-01-28,93.25111647217416,5844.662172389356,True,95.2769730860765,5971.6359606495,,,,,,,,,,,,,
29,NAS100,BUY,2026-01-28 12:25:00.083000+00:00,2026-01-28 16:19:05.713000+00:00,234.0938333333333,26190.5,26181.6,2.399999999997817,0.11,0.06,0.05,False,False,False,SL,-28.249535286365425,-23.54127940530452,0.55,-52.34081469166994,5297.44298642705,-0.9783725219087304,33.13498528998501,47.082558810607566,2026-01,5862.098346793457,12.0,5798.532752493054,2026-01-28,-57.74755490228947,5786.914617487067,True,-59.002105737296375,5912.633854912204,,,,,,,,,,,,,
34,XAUUSD,BUY,2026-01-28 14:40:00.223000+00:00,2026-01-28 17:08:24.499000+00:00,148.4046,5269.53,5270.31,0.3400000000001455,0.02,0.01,0.01,False,False,False,SL,-25.89796903120987,-25.89796903120987,0.1,-51.89593806241974,5512.759422303987,-0.9325993202030508,38.83795055865754,28.775521145788986,2026-01,5810.2024087310365,14.0,5746.636814430634,2026-01-28,-54.47677643007074,5732.437841056996,True,-55.66027044076037,5856.973584471443,,,,,,,,,,,,,
35,XAUUSD,BUY,2026-01-28 17:35:00.096000+00:00,2026-01-28 20:38:59.814000+00:00,183.9953,5274.33,5273.49,0.3400000000001455,0.02,0.01,0.01,True,False,True,TP1_THEN_BE,37.57101426610643,0.3400000000001455,0.1,37.811014266106575,5550.570436570093,0.6858818128926067,37.47805821158101,29.81826529056057,2026-01,5848.013422997143,17.0,5784.447828696741,2026-01-28,39.049912340489605,5771.487753397486,True,39.89826168128161,5896.871846152725,,,,,,,,,,,,,
36,XAUUSD,BUY,2026-01-29 16:10:00.021000+00:00,2026-01-29 16:47:27.076000+00:00,37.45091666666666,5529.11,5537.57,0.3400000000001455,0.02,0.01,0.01,False,False,False,SL,-43.27269980536494,-43.27269980536494,0.1,-86.64539961072987,5463.925036959363,-1.5610179278126832,44.39516912330303,48.08077756151699,2026-01,5708.1432827789495,16.0,5644.577688478548,2026-01-29,-90.59375968316743,5622.317877276258,True,-93.510949382918,5803.360896769807,,,,,,,,,,,,,
31,NAS100,SELL,2026-01-30 07:30:00.151000+00:00,2026-01-30 11:51:17.640000+00:00,261.2914833333333,25750.3,25763.8,2.600000000002183,0.05,0.02,0.03,True,True,False,FULL_TP2,31.845692291818708,63.691384583637046,0.25,95.28707687545575,5339.505322695042,1.816992970332872,35.22092992941124,106.15230763939512,2026-01,6078.253413883082,7.0,6014.687819582682,2026-01-30,100.33405782239532,5722.651935098653,True,103.56489271695428,5906.9257894867615,,,,,,,,,,,,,
37,XAUUSD,SELL,2026-01-30 07:55:00.199000+00:00,2026-01-30 11:13:03.180000+00:00,198.0496833333333,5184.3,5215.8,0.7200000000002547,0.02,0.01,0.01,True,True,False,FULL_TP2,106.91452108893009,168.00853313974767,0.1,274.82305422867773,5738.74809118804,5.029773512076127,38.81105693060008,84.85279451502406,2026-01,5982.966337007627,7.0,5919.400742707226,2026-01-30,274.05222499771367,5996.704160096367,True,282.8769203272044,6189.8027098139655,,,,,,,,,,,,,
38,XAUUSD,SELL,2026-01-30 14:45:00.058000+00:00,2026-01-30 16:34:35.013000+00:00,109.58258333333332,5065.79,5113.67,0.8299999999999272,0.02,0.01,0.01,True,False,True,TP1_THEN_BE,114.8689066420311,0.8299999999999274,0.1,115.59890664203104,5854.346997830071,2.0143575707659207,46.986142628338975,91.16579892224708,2026-01,6141.555787408832,14.0,6077.990193108431,2026-01-30,118.40986614216754,6115.114026238534,True,122.2227561587296,6312.025465972695,,,,,,,,,,,,,
32,NAS100,SELL,2026-01-30 15:35:00.072000+00:00,2026-01-30 16:30:41.804000+00:00,55.69553333333333,25712.2,25710.2,2.5,0.05,0.02,0.03,False,False,False,SL,-20.81861324651254,-31.22791986976881,0.25,-52.29653311628135,5287.208789578761,-0.9794265565014064,38.7124710172383,104.09306623256168,2026-01,6025.956880766801,15.0,5962.391286466401,2026-01-30,-60.48546140514699,6054.628564833387,True,-62.433140424241046,6249.592325548454,,,,,,,,,,,,,
39,XAUUSD,SELL,2026-01-30 16:55:00.049000+00:00,2026-01-30 19:43:38.208000+00:00,168.63598333333331,5032.38,5049.19,1.1200000000008004,0.02,0.01,0.01,True,True,False,FULL_TP2,116.4519644005268,182.99594405797143,0.1,299.3479084584982,6153.694906288569,5.11325872158675,49.40500593009165,92.42219396867222,2026-01,6440.90369586733,16.0,6377.338101566929,2026-01-30,294.5288034224427,6349.15736825583,True,304.0128605432495,6553.605186091703,,,,,,,,,,,,,
33,NAS100,SELL,2026-01-30 17:25:00.014000+00:00,2026-01-30 20:16:30.169000+00:00,171.50258333333335,25691.2,25755.9,2.599999999998545,0.05,0.02,0.03,True,True,False,FULL_TP2,31.998257438729347,63.99651487745796,0.25,95.7447723161873,5382.9535618949485,1.810875570204509,37.10292839534286,106.6608581290966,2026-01,6536.648468183517,17.0,6473.082873883117,2026-01-30,112.930312259521,6462.087680515351,True,116.5667563685328,6670.171942460236,,,,,,,,,,,,,
34,NAS100,SELL,2026-02-02 07:00:00+00:00,2026-02-02 13:45:06.063000+00:00,405.10105,25234.0,25247.5,2.400000000001455,0.04,0.02,0.02,False,False,False,SL,-27.207494301821864,-27.207494301821864,0.2,-54.61498860364373,5328.338573291305,-1.0145914872878403,46.2081134483802,136.03747150911073,2026-02,6482.0334795798735,7.0,6418.467885279473,2026-02-02,-66.2358144424539,6395.851866072897,True,-68.36865931302631,6601.80328314721,,,,,,,,,,,,,
40,XAUUSD,SELL,2026-02-02 19:20:00.105000+00:00,2026-02-02 21:00:00.022000+00:00,99.99861666666668,4672.06,4677.32,0.8200000000006185,0.02,0.01,0.01,False,False,False,EOD_EXIT,18.779999999999745,18.779999999999745,0.1,37.45999999999949,6191.154906288568,0.6087399614452523,57.19616249701931,116.24938140881702,2026-02,6519.493479579873,19.0,6455.927885279472,2026-02-02,38.69853275028365,6434.55039882318,True,39.944655678942304,6641.747938826153,,,,,,,,,,,,,
41,XAUUSD,BUY,2026-02-03 11:45:00.176000+00:00,2026-02-03 21:00:00.017000+00:00,554.99735,4923.09,4921.61,0.3599999999996726,0.02,0.01,0.01,False,False,False,EOD_EXIT,-13.349999999999454,-13.349999999999454,0.1,-26.79999999999891,6164.354906288569,-0.4328756169996204,30.56508461481758,80.94179827058505,2026-02,6441.721855840881,11.0,6378.156261540482,2026-02-03,-27.97469537526683,6406.575703447914,True,-28.875502378837417,6612.872436447316,,,,,,,,,,,,,
35,NAS100,BUY,2026-02-03 14:15:00.057000+00:00,2026-02-03 16:31:45.674000+00:00,136.76028333333335,25882.4,25878.3,2.599999999998545,0.07,0.04,0.03,False,False,False,SL,-28.926642136566805,-21.694981602425106,0.35,-50.97162373899191,5277.366949552313,-0.9566138307068356,27.24491920881432,72.31660534141564,2026-02,6468.521855840881,14.0,6404.956261540481,2026-02-03,-61.8781239457333,6344.697579502181,True,-63.87064778452393,6549.001788662792,,,,,,,,,,,,,
36,NAS100,SELL,2026-02-04 07:05:00.021000+00:00,2026-02-04 16:32:16.864000+00:00,567.2807166666666,25329.6,25336.1,2.600000000002183,0.06,0.03,0.03,True,True,False,FULL_TP2,42.50387302177296,56.67183069569692,0.3,98.87570371746988,5376.242653269783,1.873580227841796,37.40661208767502,94.45305115949527,2026-02,6445.4715032558215,7.0,6477.031965257952,2026-02-04,116.68677894705245,6461.384358449233,True,120.44418421240272,6669.4459728751945,,,,,,,,,,,,,
43,XAUUSD,BUY,2026-02-04 14:30:00.261000+00:00,2026-02-04 16:32:50.026000+00:00,122.82941666666667,5062.57,5047.86,0.4600000000000364,0.02,0.01,0.01,False,False,False,SL,-41.91106563739777,-41.91106563739777,0.1,-83.92213127479553,5985.306718711243,-1.3827478473643084,22.410164438055943,46.5678507082194,2026-02,6361.549371981026,14.0,6393.109833983157,2026-02-04,-90.59738653852064,6370.786971910713,True,-93.5146930258415,6575.931279849353,,,,,,,,,,,,,
37,NAS100,SELL,2026-02-05 07:15:00.062000+00:00,2026-02-05 10:16:50.653000+00:00,181.8431833333333,24890.9,24900.7,2.599999999998545,0.04,0.02,0.02,False,False,False,SL,-26.417822289655305,-26.417822289655305,0.2,-53.03564457931061,5323.207008690472,-0.9864816006222266,46.15532803502602,132.0891114482773,2026-02,6308.513727401715,7.0,6340.074189403846,2026-02-05,-63.47278867441198,6307.314183236301,True,-65.51666196086131,6510.414617888491,,,,,,,,,,,,,
44,XAUUSD,SELL,2026-02-05 10:50:00.062000+00:00,2026-02-05 21:00:00.001000+00:00,609.9989833333333,4904.52,4909.02,0.3499999999994543,0.02,0.01,0.01,True,False,False,EOD_EXIT,76.59078013184262,50.38000000000012,0.1,126.87078013184274,6112.177498843085,2.119703903147015,31.644889868515687,60.78633343797044,2026-02,6561.812518518809,10.0,6593.3729805209405,2026-02-05,130.92124224391236,6438.235425480213,True,135.1370083263465,6645.551626214838,,,,,,,,,,,,,
38,NAS100,SELL,2026-02-05 10:50:00.062000+00:00,2026-02-05 14:35:42.303000+00:00,225.70401666666663,24937.8,24982.0,2.599999999998545,0.04,0.02,0.02,True,True,False,FULL_TP2,35.94719145610797,47.92958860814324,0.2,83.67678006425122,5406.883788754723,1.571924216504141,45.76290937609824,119.82397152035888,2026-02,6392.190507465966,10.0,6423.7509694680975,2026-02-05,99.63794872385364,6537.873374204067,True,102.84636836266796,6748.397994577505,,,,,,,,,,,,,
39,NAS100,SELL,2026-02-05 17:00:00.110000+00:00,2026-02-05 18:28:08.218000+00:00,88.13513333333334,24618.6,24681.9,2.899999999997817,0.04,0.02,0.02,True,False,True,TP1_THEN_BE,42.37123092100083,0.5799999999995634,0.2,42.75123092100039,5449.635019675724,0.7906815199156807,50.24750235619289,141.23743640333532,2026-02,6434.941738386967,17.0,6466.502200389097,2026-02-05,51.28823000874829,6589.161604212815,True,52.93975100559413,6801.3377455831,,,,,,,,,,,,,
40,NAS100,SELL,2026-02-05 20:20:00.037000+00:00,2026-02-05 21:00:00.071000+00:00,40.00056666666667,24644.7,24673.5,2.5,0.03,0.02,0.01,False,False,False,EOD_EXIT,11.359999999999854,5.679999999999927,0.15,16.88999999999978,5466.525019675723,0.3099290124754961,52.78454359399648,160.17352324275785,2026-02,6578.702518518809,20.0,6610.26298052094,2026-02-05,20.358626201212346,6609.520230414028,True,21.01418983896125,6822.351935422061,,,,,,,,,,,,,
41,NAS100,BUY,2026-02-06 15:20:00.424000+00:00,2026-02-06 19:51:57.404000+00:00,271.94966666666664,24761.9,24741.7,2.600000000002183,0.04,0.02,0.02,True,True,False,FULL_TP2,41.36554035832887,55.15405381110468,0.2,96.31959416943356,5562.844613845157,1.7619894507525231,39.2228793479973,137.88513452776203,2026-02,6675.0221126882425,15.0,6706.582574690374,2026-02-06,114.44258296621562,6723.962813380244,True,118.1277233711338,6940.479658793194,,,,,,,,,,,,,
45,XAUUSD,BUY,2026-02-09 07:05:00.162000+00:00,2026-02-09 21:00:00.085000+00:00,834.9987166666667,5019.18,5015.51,0.6300000000001091,0.02,0.01,0.01,True,False,False,EOD_EXIT,53.324846563401486,47.05000000000018,0.1,100.27484656340168,6212.452345406487,1.640574845582965,26.52636182200725,42.32130679635022,2026-02,6775.296959251644,7.0,6806.857421253775,2026-02-09,108.53110847735704,6832.4939218576,True,112.02589479442692,7052.505553587621,,,,,,,,,,,,,
46,XAUUSD,BUY,2026-02-10 06:55:01.077000+00:00,2026-02-10 16:48:02.136000+00:00,593.01765,5031.57,5032.07,0.5,0.02,0.01,0.01,True,False,True,TP1_THEN_BE,43.043120105523485,0.5,0.1,43.44312010552349,6255.89546551201,0.6992909995944759,19.77320827052348,34.161206432955176,2026-02,6818.740079357167,6.0,6850.300541359299,2026-02-10,47.44722089809176,6879.941142755692,True,48.97505840665494,7101.480611994276,,,,,,,,,,,,,
43,NAS100,BUY,2026-02-10 17:00:00.011000+00:00,2026-02-10 18:51:15.487000+00:00,111.25793333333333,25328.3,25320.2,2.600000000002183,0.07,0.04,0.03,False,False,False,SL,-30.108730440906943,-22.581547830680208,0.35,-53.04027827158716,5455.722967826621,-0.9628345946643276,15.936110807500738,75.271826102268,2026-02,6711.618433338631,17.0,6797.260263087712,2026-02-10,-66.88645938510196,6813.054683370589,True,-69.04025553014986,7032.440356464126,,,,,,,,,,,,,
47,XAUUSD,BUY,2026-02-11 11:30:00.149000+00:00,2026-02-11 13:22:50.050000+00:00,112.83168333333332,5057.72,5054.9,0.4499999999998181,0.03,0.02,0.01,True,True,False,FULL_TP2,59.51743971023461,46.76370262946966,0.15,106.13114233970428,6362.026607851714,1.69649801414989,17.00442553008664,23.618031631045213,2026-02,6817.749575678336,11.0,6903.391405427416,2026-02-11,113.65517954241264,6926.709862913002,True,117.31496494312854,7149.755321407255,,,,,,,,,,,,,
48,XAUUSD,BUY,2026-02-11 18:30:00.014000+00:00,2026-02-11 21:00:00.130000+00:00,150.00193333333334,5075.04,5061.31,0.3700000000008003,0.02,0.01,0.01,False,False,False,EOD_EXIT,20.969999999999345,20.969999999999345,0.1,41.83999999999869,6403.866607851713,0.6576520750221592,18.341146547280463,33.64658820161392,2026-02,6859.589575678334,18.0,6945.231405427415,2026-02-11,45.25602396354316,6971.9658868765455,True,46.71330322228928,7196.468624629544,,,,,,,,,,,,,
44,NAS100,SELL,2026-02-13 10:20:00.197000+00:00,2026-02-13 10:48:08.204000+00:00,28.13345,24651.6,24612.4,2.599999999998545,0.06,0.03,0.03,False,False,False,SL,-27.850855252676045,-27.850855252676045,0.3,-56.00171050535209,5399.721257321269,-1.0264764328321696,45.26873065334733,92.83618417558507,2026-02,6803.587865172982,10.0,6889.229694922063,2026-02-13,-72.30780935602291,6899.658077520523,True,-74.63617719728059,7121.832447432264,,,,,,,,,,,,,
45,NAS100,SELL,2026-02-13 12:40:00.049000+00:00,2026-02-13 16:45:28.418000+00:00,245.4728166666667,24688.5,24688.8,2.100000000002183,0.06,0.03,0.03,True,False,True,TP1_THEN_BE,41.72812146200631,0.6300000000006547,0.3,42.058121462006966,5441.779378783276,0.7788943069048614,46.969079223561856,92.72915880445854,2026-02,6845.645986634989,12.0,6931.28781638407,2026-02-13,53.3256931734631,6952.983770693986,True,55.04282207286772,7176.875269505132,,,,,,,,,,,,,
46,NAS100,SELL,2026-02-13 16:55:00.002000+00:00,2026-02-13 17:11:21.377000+00:00,16.35625,24628.4,24660.3,2.900000000001455,0.06,0.03,0.03,False,False,False,SL,-29.541504357149464,-29.541504357149464,0.3,-59.38300871429893,5382.396370068977,-1.091242488547493,48.83771318059202,98.4716811904972,2026-02,6786.26297792069,16.0,6871.904807669771,2026-02-13,-76.71101633122734,6876.272754362759,True,-79.1811708703642,7097.694098634767,,,,,,,,,,,,,
47,NAS100,SELL,2026-02-16 06:40:02.050000+00:00,2026-02-16 19:59:59.161000+00:00,799.9518499999999,24763.0,24766.5,2.200000000000728,0.06,0.03,0.03,True,False,False,EOD,43.084085031918576,0.0,0.3,42.78408503191858,5425.180455100896,0.7948891551324059,34.50991080091943,95.74241118204203,2026-02,6829.047062952609,6.0,6914.688892701689,2026-02-16,54.22769632459164,6930.50045068735,True,55.97387042877434,7153.667969063542,,,,,,,,,,,,,
49,NAS100,SELL,2026-02-17 12:30:00.035000+00:00,2026-02-17 15:51:08.839000+00:00,201.1467333333333,24583.3,24601.2,2.200000000000728,0.07,0.04,0.03,True,False,True,TP1_THEN_BE,45.94985327585164,0.6600000000002182,0.35,46.25985327585185,5417.982867796976,0.8611734661448437,31.002485767453194,76.58308879308633,2026-02,6753.040731872516,12.0,6892.140002201368,2026-02-17,59.17403982257031,6989.67449050992,True,61.07949004416105,7214.7474591077025,,,,,,,,,,,,,
49,XAUUSD,SELL,2026-02-17 12:50:00.004000+00:00,2026-02-17 14:10:39.245000+00:00,80.65401666666666,4911.87,4916.06,0.3899999999994179,0.03,0.02,0.01,False,False,False,SL,-45.772495850782434,-22.886247925391217,0.15,-68.80874377617366,6335.057864075539,-1.0744874618688651,37.055683433759896,25.42916436154578,2026-02,6706.780878596664,12.0,6845.880148925516,2026-02-17,-75.91891525154023,6913.75557525838,True,-78.36356351829248,7136.38389558941,,,,,,,,,,,,,
50,XAUUSD,SELL,2026-02-17 15:10:00.070000+00:00,2026-02-17 15:58:29.401000+00:00,48.48885,4922.13,4924.7,0.3400000000001455,0.03,0.02,0.01,True,True,False,FULL_TP2,62.28443948171844,48.93777387849332,0.15,111.07221336021176,6446.130077435751,1.7532943777841918,38.89084719397273,24.71604741338052,2026-02,6864.112945232728,15.0,7003.212215561579,2026-02-17,119.12979185194024,7032.885367110321,True,122.96586403769888,7259.349759627109,,,,,,,,,,,,,
50,NAS100,SELL,2026-02-17 16:55:00.024000+00:00,2026-02-17 17:18:49.809000+00:00,23.82975,24423.6,24470.8,2.200000000000728,0.06,0.03,0.03,False,False,False,SL,-25.82668184365393,-25.82668184365393,0.3,-51.953363687307856,5366.029504109669,-0.958906016408885,30.11564932703203,86.08893947884589,2026-02,6812.15958154542,16.0,6951.258851874271,2026-02-17,-68.09169628470991,6964.793670825611,True,-70.28430199767497,7189.065457629434,,,,,,,,,,,,,
51,XAUUSD,SELL,2026-02-17 18:55:00.037000+00:00,2026-02-17 20:56:16.218000+00:00,121.26968333333332,4869.15,4876.24,0.3200000000006184,0.02,0.01,0.01,False,False,False,SL,-27.711313611690457,-27.711313611690457,0.1,-55.52262722338092,6390.60745021237,-0.8613327152322627,43.09682061581919,30.79034845743334,2026-02,6697.929046152392,18.0,6837.028316481244,2026-02-17,-60.51124962466008,6904.282421200951,True,-62.45975904453009,7126.605698584904,,,,,,,,,,,,,
52,XAUUSD,BUY,2026-02-18 08:45:00.263000+00:00,2026-02-18 13:45:57.223000+00:00,300.9493333333333,4935.64,4931.32,0.3800000000001091,0.03,0.02,0.01,False,False,False,SL,-44.781657050101785,-22.39082852505089,0.15,-67.32248557515268,6323.284964637218,-1.0534598799823864,31.447178683661487,24.87869836116736,2026-02,6630.60656057724,8.0,6769.70583090609,2026-02-18,-72.69510029658218,6755.214338594187,True,-75.87524712644502,7050.730451458458,,,,,,,,,,,,,
53,XAUUSD,BUY,2026-02-18 14:05:00.186000+00:00,2026-02-18 15:36:00.546000+00:00,91.006,4923.92,4919.23,0.3199999999997089,0.03,0.02,0.01,True,True,False,FULL_TP2,51.76958034753807,40.676098844493936,0.15,92.295679192032,6415.58064382925,1.459616001938752,22.893261922202445,20.54348426489593,2026-02,6722.9022397692725,14.0,6862.001510098123,2026-02-18,97.18170966613718,6852.396048260324,True,101.43305679482322,7152.163508253282,,,,,,,,,,,,,
53,NAS100,BUY,2026-02-18 16:55:00.037000+00:00,2026-02-18 17:06:11.291000+00:00,11.187566666666669,24883.6,24831.2,2.5,0.07,0.04,0.03,True,True,False,FULL_TP2,46.72584238493727,46.725842384938005,0.35,93.10168476987528,5438.958513819567,1.741567119118406,22.512225449687435,77.87640397489616,2026-02,6854.539157648817,16.0,6955.103194867997,2026-02-18,117.29628295242333,6969.692331212747,True,122.42756966726374,7274.591077920546,,,,,,,,,,,,,
54,NAS100,BUY,2026-02-19 07:40:00.176000+00:00,2026-02-19 11:36:50.540000+00:00,236.8394,24924.3,24925.6,2.7999999999992724,0.07,0.04,0.03,False,False,False,SL,-31.25031599364593,-23.437736995234445,0.35,-55.03805298888037,5383.920460830686,-1.0119226474891665,15.095209529278902,78.12578998411391,2026-02,6799.501104659937,7.0,6900.065141879118,2026-02-19,-71.24887869949974,6898.443452513247,True,-74.36575858278053,7200.2253193377655,,,,,,,,,,,,,
55,NAS100,SELL,2026-02-19 15:05:00.149000+00:00,2026-02-19 17:03:35.362000+00:00,118.58688333333332,24790.1,24800.7,2.700000000000728,0.07,0.04,0.03,False,False,False,SL,-30.37142907131929,-22.778571803489463,0.35,-53.50000087480876,5330.420459955878,-0.993699688991212,18.51545495221788,75.9285726783,2026-02,6680.574709889072,15.0,6781.138747108252,2026-02-19,-69.23782720647377,6829.205625306774,True,-72.26673088497398,7127.958588452791,,,,,,,,,,,,,
54,XAUUSD,BUY,2026-02-19 15:35:00.031000+00:00,2026-02-19 16:10:39.429000+00:00,35.65663333333334,4994.61,4988.42,0.3299999999999272,0.04,0.02,0.02,False,False,False,SL,-32.61319694802842,-32.61319694802842,0.2,-65.42639389605684,6350.154249933194,-1.0198047149323333,19.76177542032315,18.118442748904663,2026-02,6734.07471076388,15.0,6834.638747983061,2026-02-19,-70.36211714749902,6758.843508159275,True,-73.4402044309081,7054.518384021883,,,,,,,,,,,,,
57,NAS100,BUY,2026-02-20 10:55:00.117000+00:00,2026-02-20 13:02:39.143000+00:00,127.65043333333332,24881.8,24887.1,2.7999999999992724,0.08,0.04,0.04,False,False,False,SL,-26.26256856543624,-26.26256856543624,0.4,-52.925137130872464,5329.087834989146,-0.9833706719964448,15.70186563598764,65.65642141358983,2026-02,6726.905240954778,10.0,6827.469278173959,2026-02-20,-67.12456814218851,6691.718940017086,True,-70.06102440557342,6984.45735961631,,,,,,,,,,,,,
58,NAS100,BUY,2026-02-20 20:35:00.020000+00:00,2026-02-20 21:00:00.051000+00:00,25.000516666666663,24970.0,24975.2,2.200000000000728,0.05,0.02,0.03,False,False,False,EOD_EXIT,13.61999999999971,20.429999999999563,0.25,33.79999999999927,5362.887834989146,0.6342548865132022,16.398303393232812,110.54154003136284,2026-02,6760.705240954777,20.0,6861.269278173958,2026-02-20,42.175057008819664,6733.893997025906,True,44.02006270106971,7028.47742231738,,,,,,,,,,,,,
56,XAUUSD,BUY,2026-02-23 14:35:00.609000+00:00,2026-02-23 16:45:33.966000+00:00,130.55595,5157.96,5152.01,0.2899999999999636,0.03,0.02,0.01,True,True,False,FULL_TP2,56.59834710651376,44.470129869404445,0.15,100.9184769759182,6498.73588294155,1.5773891402686324,24.40708380010663,22.45966155020412,2026-02,6861.623717930695,14.0,6962.1877551498765,2026-02-23,104.57023312502032,6838.464230150927,True,109.14480134232544,7137.622223659705,,,,,,,,,,,,,
59,NAS100,BUY,2026-02-23 15:40:00.295000+00:00,2026-02-23 16:46:00.243000+00:00,65.99913333333333,24901.8,24891.2,2.600000000002183,0.07,0.04,0.03,False,False,False,SL,-30.66554552668531,-22.99915914501398,0.35,-54.01470467169929,5308.873130317446,-1.007194376121212,15.04190868210617,76.66386381671191,2026-02,6807.609013258996,15.0,6908.173050478177,2026-02-23,-69.57740686816801,6768.886823282759,True,-72.62116592454399,7065.001057735161,,,,,,,,,,,,,
58,XAUUSD,SELL,2026-02-24 14:00:00.045000+00:00,2026-02-24 15:49:21.895000+00:00,109.36416666666668,5169.56,5172.65,0.2800000000006548,0.03,0.02,0.01,True,True,False,FULL_TP2,56.79040353685741,44.621031350387966,0.15,101.26143488724536,6628.857317828796,1.5512822286053287,21.72389500070924,22.53587441938781,2026-02,6937.730448146242,14.0,7038.294485365423,2026-02-24,103.8576620800855,6902.671288005522,True,107.92390155419628,7172.9249592893575,,,,,,,,,,,,,
59,XAUUSD,SELL,2026-02-24 18:50:00.101000+00:00,2026-02-24 19:17:58.184000+00:00,27.96805,5138.05,5135.9,0.2800000000006548,0.03,0.02,0.01,False,False,False,SL,-49.21332550827356,-24.60666275413677,0.15,-73.96998826241034,6554.887329566386,-1.115878419399112,26.43528210255391,27.34073639348536,2026-02,6863.7604598838325,18.0,6964.324497103012,2026-02-24,-77.89462861550383,6824.776659390018,True,-80.94436233137856,7091.980596957979,,,,,,,,,,,,,
60,XAUUSD,BUY,2026-02-25 06:40:00.212000+00:00,2026-02-25 13:16:25.513000+00:00,396.4216833333333,5184.1,5182.72,0.3000000000001819,0.03,0.02,0.01,False,False,False,SL,-46.01394161650387,-23.006970808251936,0.15,-69.17091242475581,6485.716417141631,-1.0552570768494285,20.666153570706253,25.56330089805792,2026-02,6794.589547459077,6.0,6895.153584678255,2026-02-25,-72.78702895141947,6751.989630438598,True,-75.63678971434982,7016.343807243629,,,,,,,,,,,,,
61,XAUUSD,BUY,2026-02-25 14:05:00.375000+00:00,2026-02-25 16:39:57.834000+00:00,154.95765,5180.92,5180.31,0.2800000000006548,0.03,0.02,0.01,False,False,False,SL,-42.00511193269813,-21.002555966349064,0.15,-63.15766789904719,6422.558749242584,-0.9737963215925172,16.090950251863728,23.336173295943347,2026-02,6731.43187956003,14.0,6831.9959167792085,2026-02-25,-66.39720014820288,6685.592430290396,True,-68.99678606998944,6947.347021173639,,,,,,,,,,,,,
60,NAS100,BUY,2026-02-26 14:00:00.070000+00:00,2026-02-26 16:30:32.634000+00:00,150.54273333333333,25334.9,25326.6,2.599999999998545,0.1,0.05,0.05,False,False,False,SL,-25.78233603355875,-25.78233603355875,0.5,-52.0646720671175,5256.808458250329,-0.9807104217614684,33.985599784114015,51.56467206711926,2026-02,6679.367207492913,14.0,6779.931244712091,2026-02-26,-66.21568585234857,6619.376744438047,True,-68.80816511892898,6878.538856054711,,,,,,,,,,,,,
62,XAUUSD,SELL,2026-02-26 15:15:00.030000+00:00,2026-02-26 16:36:29.913000+00:00,81.49804999999999,5171.62,5173.91,0.2799999999997453,0.03,0.02,0.01,True,False,True,TP1_THEN_BE,53.21904759382596,0.2799999999997453,0.15,53.34904759382571,6475.90779683641,0.8306509862617791,16.845105962544604,21.118669680089656,2026-02,6732.716255086739,15.0,6833.280292305917,2026-02-26,54.53095628585108,6673.907700723898,True,56.66595453797382,6935.204810592684,,,,,,,,,,,,,
63,XAUUSD,SELL,2026-02-26 19:35:00.541000+00:00,2026-02-26 21:00:00.017000+00:00,84.99126666666666,5173.86,5176.67,0.2799999999997453,0.03,0.02,0.01,False,False,False,EOD_EXIT,-8.340000000000146,-4.170000000000073,0.15,-12.66000000000022,6463.24779683641,-0.195493827231216,18.527163259796065,24.423768865395697,2026-02,6720.056255086739,19.0,6820.620292305916,2026-02-26,-13.072633782124596,6660.835066941774,True,-13.584454079739997,6921.620356512944,,,,,,,,,,,,,
64,XAUUSD,BUY,2026-02-27 07:20:00.242000+00:00,2026-02-27 15:22:21.297000+00:00,482.35091666666665,5189.01,5186.77,0.2800000000006548,0.03,0.02,0.01,True,True,False,FULL_TP2,53.37791410571116,41.93978965448696,0.15,95.16770376019812,6558.415500596609,1.4724439902610604,19.70712072100829,21.181711946710685,2026-02,6765.096226762146,7.0,6865.660263981323,2026-02-27,96.6538912315924,6757.488958173367,True,100.43808837199452,7022.058444884939,,,,,,,,,,,,,
61,NAS100,SELL,2026-02-27 08:15:00.061000+00:00,2026-02-27 10:01:50.365000+00:00,106.8384,24966.7,24976.5,2.200000000000728,0.07,0.04,0.03,False,False,False,SL,-28.444418334166404,-21.333313750624804,0.35,-50.12773208479121,5206.680726165538,-0.953577298524506,38.38494542281988,71.11104583541581,2026-02,6669.928523001948,8.0,6770.492560221125,2026-02-27,-65.05826146761123,6692.430696705756,True,-67.60542520688958,6954.453019678049,,,,,,,,,,,,,
62,NAS100,SELL,2026-02-27 19:25:00.069000+00:00,2026-02-27 21:00:00.088000+00:00,95.00031666666668,24914.2,24900.0,2.200000000000728,0.06,0.03,0.03,False,False,False,EOD_EXIT,10.260000000000218,10.260000000000218,0.3,20.22000000000044,5226.900726165538,0.3883472227975742,38.60814774068936,87.16075973009644,2026-02,6810.996226762149,19.0,6911.560263981325,2026-02-27,25.889328261006582,6718.3200249667625,True,26.90294831006893,6981.355967988117,,,,,,,,,,,,,
65,XAUUSD,BUY,2026-02-27 19:50:00.215000+00:00,2026-02-27 21:00:00.076000+00:00,69.99768333333333,5234.87,5236.57,0.2799999999997453,0.03,0.02,0.01,False,False,False,EOD_EXIT,17.220000000001164,8.610000000000582,0.15,25.680000000001748,6584.095500596611,0.3915579913725454,23.19578940637421,22.00595869399249,2026-02,6790.776226762148,19.0,6891.340263981325,2026-02-27,26.20351697898745,6744.52354194575,True,27.22943815770924,7008.585406145827,,,,,,,,,,,,,
66,XAUUSD,BUY,2026-03-02 07:40:00.608000+00:00,2026-03-02 09:18:01.325000+00:00,98.01195,5360.49,5358.85,0.2800000000006548,0.02,0.01,0.01,True,True,False,FULL_TP2,37.17308476632661,58.41484748994117,0.1,95.48793225626778,6679.583432852878,1.4502817015277991,43.28192687708285,29.502448227243,2026-03,6906.484159018416,7.0,7007.048196237593,2026-03-02,96.41628307336752,6840.939825019118,True,100.19117736934778,7108.776583515175,,,,,,,,,,,,,
63,NAS100,SELL,2026-03-02 14:20:00.328000+00:00,2026-03-02 15:25:27.623000+00:00,65.45491666666666,24612.9,24602.7,2.200000000000728,0.05,0.02,0.03,False,False,False,SL,-19.39880918730924,-29.09821378096385,0.25,-48.747022968273086,5178.153703197265,-0.9326181139092338,39.6176318989114,96.9940459365455,2026-03,6857.737136050143,14.0,6958.30117326932,2026-03-02,-64.40045427173699,6776.539370747381,True,-66.92186351652119,7041.854719998653,,,,,,,,,,,,,
64,NAS100,SELL,2026-03-02 15:55:00.171000+00:00,2026-03-02 16:31:53.168000+00:00,36.88328333333333,24589.6,24622.7,2.200000000000728,0.05,0.02,0.03,False,False,False,SL,-19.37032281678694,-29.055484225180408,0.25,-48.67580704196735,5129.4778961552975,-0.9400224449095116,38.98057726128023,96.85161408393512,2026-03,6733.854124646675,15.0,6909.625366227353,2026-03-02,-64.30547699016888,6712.233893757212,True,-66.82316768050345,6975.03155231815,,,,,,,,,,,,,
68,XAUUSD,SELL,2026-03-03 10:25:00.086000+00:00,2026-03-03 11:25:36.084000+00:00,60.59996666666667,5312.22,5316.08,0.3500000000003638,0.02,0.01,0.01,True,True,False,FULL_TP2,40.51930143415757,63.67318796796281,0.1,104.09248940212038,6708.468717893497,1.576113864517043,22.713479612071502,32.15817574139524,2026-03,6837.946614048795,10.0,7013.717855629473,2026-03-03,104.15091205342462,6816.384805810637,True,108.2286328626,7083.260185180749,,,,,,,,,,,,,
69,XAUUSD,SELL,2026-03-03 15:05:00.101000+00:00,2026-03-03 16:44:06.095000+00:00,99.0999,5152.35,5174.98,0.3000000000001819,0.02,0.01,0.01,True,True,False,FULL_TP2,64.86183188253563,101.92573581541274,0.1,166.68756769794837,6875.156285591445,2.484733472086449,30.89095972070272,51.477644351218736,2026-03,6950.4733929862405,15.0,7126.24463456692,2026-03-03,165.26265826931427,6981.647464079952,True,171.7330286896784,7254.993213870428,,,,,,,,,,,,,
65,NAS100,SELL,2026-03-03 15:35:00.388000+00:00,2026-03-03 16:30:58.531000+00:00,55.96905,24468.9,24473.3,2.400000000001455,0.05,0.02,0.03,False,False,False,SL,-21.56431550420093,-32.346473256301394,0.25,-54.16078876050233,5075.317107394795,-1.055873323893208,29.35234724191063,107.82157752100416,2026-03,6783.7858252882925,15.0,6959.557066868971,2026-03-03,-74.50402122684886,6907.143442853103,True,-77.42100574224253,7177.572208128186,,,,,,,,,,,,,
66,NAS100,SELL,2026-03-03 16:55:00.095000+00:00,2026-03-03 18:05:14.842000+00:00,70.24578333333334,24460.2,24515.2,2.899999999997817,0.05,0.02,0.03,True,False,True,TP1_THEN_BE,32.9460108808511,0.8699999999993452,0.25,33.56601088085044,5108.883118275646,0.6613579047493285,29.547776705150245,109.82003626950382,2026-03,6984.039403867091,16.0,7159.810645447769,2026-03-03,45.38080958028545,6952.524252433388,True,47.15756091077628,7224.729769038962,,,,,,,,,,,,,
71,XAUUSD,SELL,2026-03-04 06:45:00.147000+00:00,2026-03-04 21:00:00.010000+00:00,854.9977166666666,5155.1,5161.46,0.5500000000001819,0.02,0.01,0.01,False,False,False,EOD_EXIT,27.21000000000004,27.21000000000004,0.1,54.32000000000008,6849.056285591443,0.7994423582735386,39.40226530294213,51.9122486533647,2026-03,7040.14398334199,6.0,7215.91522492267,2026-03-04,54.48798253736148,6924.724714619688,True,57.29947378003006,7282.029242818992,,,,,,,,,,,,,
67,NAS100,BUY,2026-03-04 15:05:00.004000+00:00,2026-03-04 17:22:01.516000+00:00,137.0252,24857.3,24814.0,2.200000000000728,0.04,0.02,0.02,True,True,False,FULL_TP2,35.31624834638642,47.08833112851498,0.2,82.2045794749014,5191.087697750547,1.6090518724305274,15.350866674767536,117.72082782128814,2026-03,6985.82398334199,15.0,7161.59522492267,2026-03-04,109.6579592349092,7034.382673854597,True,115.31613150925348,7397.345374328246,,,,,,,,,,,,,
73,XAUUSD,BUY,2026-03-05 10:45:00.255000+00:00,2026-03-05 15:17:04.513000+00:00,272.07096666666666,5168.04,5161.5,0.2799999999997453,0.03,0.02,0.01,False,False,False,SL,-53.82885601518319,-26.9144280075916,0.15,-80.8932840227748,6712.072079706163,-1.190839047328355,27.57804316714511,29.90492000843504,2026-03,6933.056519033353,10.0,7164.918682476538,2026-03-05,-84.77774207483134,6949.604931779765,True,-89.15213562579774,7308.193238702448,,,,,,,,,,,,,
68,NAS100,BUY,2026-03-05 11:00:00.065000+00:00,2026-03-05 14:51:37.121000+00:00,231.6176,25074.8,25029.5,2.700000000000728,0.05,0.02,0.03,True,False,True,TP1_THEN_BE,29.33674157664281,0.8100000000002182,0.25,29.89674157664304,5220.98443932719,0.5759244173354687,19.168339637706183,97.78913858881012,2026-03,7013.949803056127,11.0,7245.811966499313,2026-03-05,39.79528097041375,6989.400212750179,True,41.84865271841593,7350.041891420864,,,,,,,,,,,,,
74,XAUUSD,SELL,2026-03-05 20:55:00.101000+00:00,2026-03-05 21:00:00.047000+00:00,4.9991,5069.37,5072.61,0.2700000000004365,0.02,0.01,0.01,False,False,False,EOD_EXIT,2.9899999999997817,2.9899999999997817,0.1,5.879999999999564,6717.952079706162,0.0876033500560526,38.244513640654205,34.63302862214075,2026-03,6938.936519033352,20.0,7170.798682476538,2026-03-05,6.117589521830227,6995.517802272009,True,6.433247187354425,7356.475138608218,,,,,,,,,,,,,
76,XAUUSD,SELL,2026-03-06 16:45:00.090000+00:00,2026-03-06 16:56:28.653000+00:00,11.47605,5090.42,5089.08,0.4400000000005093,0.02,0.01,0.01,False,False,False,SL,-26.72864858640878,-26.72864858640878,0.1,-53.55729717281756,6592.852198936022,-0.8058079660028897,26.45785372358202,29.698498429343296,2026-03,6813.836638263212,16.0,7117.24138530372,2026-03-06,-56.82836722389767,6938.689435048112,True,-59.76061850840044,7296.7145200998175,,,,,,,,,,,,,
77,XAUUSD,BUY,2026-03-06 19:15:00.107000+00:00,2026-03-06 21:00:00.106000+00:00,104.99998333333332,5143.37,5136.93,0.2800000000006548,0.02,0.01,0.01,False,False,False,EOD_EXIT,24.14999999999964,24.14999999999964,0.1,48.19999999999927,6641.052198936021,0.73109480609588,23.71733374317224,31.84674600920811,2026-03,6862.036638263211,19.0,7165.44138530372,2026-03-06,50.36021713891906,6989.049652187031,True,52.95872240322894,7349.673242503047,,,,,,,,,,,,,
69,NAS100,SELL,2026-03-06 19:35:00.093000+00:00,2026-03-06 21:00:00.106000+00:00,85.00021666666666,24745.2,24794.3,2.200000000000728,0.04,0.02,0.02,False,False,False,EOD_EXIT,3.619999999999709,3.619999999999709,0.2,7.039999999999417,5228.024439327189,0.13484047083095,23.07599189882826,117.50359912434556,2026-03,6869.07663826321,19.0,7172.481385303719,2026-03-06,9.41137711240782,6998.461029299438,True,9.896988858352769,7359.570231361399,,,,,,,,,,,,,
78,XAUUSD,SELL,2026-03-09 15:40:00.035000+00:00,2026-03-09 21:00:00.025000+00:00,319.99983333333336,5075.88,5098.21,0.3199999999997089,0.02,0.01,0.01,False,False,False,EOD_EXIT,-25.22000000000025,-25.22000000000025,0.1,-50.54000000000051,6590.5121989360205,-0.7610239836406893,15.689087498899116,34.4717901172038,2026-03,6818.536638263209,15.0,7121.941385303719,2026-03-09,-53.668396286088246,6944.792633013351,True,-56.43759821172281,7303.132633149677,,,,,,,,,,,,,
70,NAS100,BUY,2026-03-09 20:20:00.059000+00:00,2026-03-09 21:00:00.027000+00:00,39.99946666666666,24638.3,24640.8,2.200000000000728,0.04,0.02,0.02,False,False,False,EOD_EXIT,-1.3,-1.3,0.2,-2.8000000000000003,5225.2244393271885,-0.0535575155107794,27.88803246851777,135.1240869958635,2026-03,6815.736638263209,20.0,7119.141385303718,2026-03-09,-3.721451508586533,6941.071181504764,True,-3.913472351333511,7299.219160798343,,,,,,,,,,,,,
71,NAS100,BUY,2026-03-10 07:00:00.095000+00:00,2026-03-10 14:09:11.048000+00:00,429.1825500000001,24925.5,24886.9,2.600000000002183,0.04,0.02,0.02,True,False,True,TP1_THEN_BE,37.3475223898371,0.5200000000004366,0.2,37.667522389837536,5262.891961717026,0.720878554160014,31.32328614766972,124.4917412994559,2026-03,6853.404160653046,7.0,7156.808907693556,2026-03-10,49.67857140914734,6990.749752913912,True,52.24190486289254,7351.461065661236,,,,,,,,,,,,,
72,NAS100,BUY,2026-03-10 15:20:00.125000+00:00,2026-03-10 19:19:56.188000+00:00,239.93438333333333,24983.2,24961.7,2.200000000000728,0.05,0.02,0.03,True,True,False,FULL_TP2,32.78916752115765,65.57833504231566,0.25,98.11750256347332,5361.009464280499,1.86432674805398,32.040804979976336,109.29722507052588,2026-03,6951.521663216519,15.0,7254.926410257029,2026-03-10,127.94510275952064,7118.694855673432,True,134.5468618851053,7486.007927546341,,,,,,,,,,,,,
79,XAUUSD,SELL,2026-03-11 17:10:00.089000+00:00,2026-03-11 21:00:00.041000+00:00,229.9992,5170.78,5180.76,0.2600000000002183,0.03,0.02,0.01,False,False,False,EOD_EXIT,15.960000000000946,7.980000000000473,0.15,23.79000000000142,6614.302198936022,0.3609734612712211,17.18691391557561,23.27265519459629,2026-03,6921.749903050016,17.0,7278.7164102570305,2026-03-11,25.60417494134504,7144.299030614778,True,26.92530870829972,7512.933236254641,,,,,,,,,,,,,
80,XAUUSD,BUY,2026-03-12 14:50:00.069000+00:00,2026-03-12 15:23:02.516000+00:00,33.04078333333333,5183.76,5181.55,0.25,0.04,0.02,0.02,False,False,False,SL,-36.37524191691227,-36.37524191691227,0.2,-72.95048383382455,6541.351715102198,-1.1029203329348842,27.798919938531192,20.2084677316184,2026-03,6848.799419216191,14.0,7205.765926423206,2026-03-12,-79.67467484336747,7064.624355771411,True,-83.78575842828451,7429.147477826356,,,,,,,,,,,,,
74,NAS100,SELL,2026-03-12 18:05:00.088000+00:00,2026-03-12 21:00:00.109000+00:00,175.00035,24582.4,24675.8,2.100000000002183,0.05,0.02,0.03,False,False,False,EOD_EXIT,17.959999999999855,26.93999999999978,0.25,44.64999999999964,5352.097704113993,0.8412706537907065,18.386823347347008,103.00328500320444,2026-03,6893.449419216191,18.0,7250.415926423206,2026-03-12,58.93679355717393,7123.561149328584,True,61.97783620989725,7491.125314036253,,,,,,,,,,,,,
81,XAUUSD,SELL,2026-03-13 19:55:00.054000+00:00,2026-03-13 21:00:00.037000+00:00,64.99971666666667,5046.02,5045.74,0.2800000000006548,0.03,0.02,0.01,False,False,False,EOD_EXIT,-1.979999999999564,-0.9899999999997816,0.15,-3.119999999999345,6538.231715102199,-0.0476965638890218,41.354963635306,26.08367827197372,2026-03,6890.329419216192,19.0,7247.295926423207,2026-03-13,-3.399315251333688,7120.16183407725,True,-3.5747143873475995,7487.5505996489055,,,,,,,,,,,,,
75,NAS100,BUY,2026-03-16 17:10:00.068000+00:00,2026-03-16 21:00:00.112000+00:00,230.00073333333333,24704.7,24686.7,2.200000000000728,0.06,0.03,0.03,False,False,False,EOD_EXIT,6.210000000000218,6.210000000000218,0.3,12.120000000000434,5364.217704113994,0.2264532650568797,18.53770224040124,90.29696766793587,2026-03,6828.267789803972,17.0,7185.234297010986,2026-03-16,16.087408488815782,7136.249242566066,True,16.917492591352048,7504.468092240258,,,,,,,,,,,,,
82,XAUUSD,SELL,2026-03-16 19:35:00.039000+00:00,2026-03-16 20:39:07.222000+00:00,64.11971666666666,4986.39,4989.86,0.2899999999999636,0.03,0.02,0.01,False,False,False,SL,-49.35441960814751,-24.677209804073755,0.15,-74.18162941222127,6464.050085689978,-1.1345824474356634,41.884109566227885,27.41912200452677,2026-03,6816.147789803971,19.0,7173.114297010985,2026-03-16,-81.89580676010098,7054.353435805965,True,-86.12149713796408,7418.346595102294,,,,,,,,,,,,,
76,NAS100,SELL,2026-03-17 10:10:00.137000+00:00,2026-03-17 11:28:51.983000+00:00,78.8641,24556.8,24561.8,2.400000000001455,0.07,0.04,0.03,False,False,False,SL,-29.263131118578897,-21.94734833893417,0.35,-51.56047945751307,5312.657224656481,-0.9611928952467692,23.7006919180553,73.15782779644712,2026-03,6776.707310346459,10.0,7133.673817553472,2026-03-17,-68.4640152812473,6985.889420524718,True,-71.99664707338917,7346.349948028905,,,,,,,,,,,,,
85,XAUUSD,SELL,2026-03-17 16:20:00.135000+00:00,2026-03-17 21:00:00.031000+00:00,279.99826666666667,5009.49,5012.73,0.2800000000006548,0.03,0.02,0.01,True,False,False,EOD_EXIT,53.22867132935244,8.779999999999745,0.15,61.85867132935218,6410.294680656815,0.9743922950229964,21.2351234132814,21.12248862275913,2026-03,6726.371905313296,16.0,7198.9524888828255,2026-03-17,67.41310019825158,7053.302520722969,True,70.89150648203288,7417.241454510938,,,,,,,,,,,,,
77,NAS100,BUY,2026-03-17 19:00:00.047000+00:00,2026-03-17 21:00:00.031000+00:00,119.99973333333334,24824.0,24789.7,2.200000000000728,0.06,0.03,0.03,False,False,False,EOD_EXIT,1.860000000000218,1.860000000000218,0.3,3.4200000000004365,5316.077224656481,0.0643745654082091,32.71382120416385,86.52111010528762,2026-03,6664.513233983944,19.0,7137.093817553473,2026-03-17,4.5376117767804605,7057.840132499749,True,4.771745161408905,7422.013199672347,,,,,,,,,,,,,
78,NAS100,BUY,2026-03-18 11:20:00.314000+00:00,2026-03-18 13:26:44.985000+00:00,126.74451666666668,24972.3,24977.4,2.400000000001455,0.1,0.05,0.05,False,False,False,SL,-26.641343317842257,-26.641343317842257,0.5,-53.78268663568451,5262.294538020797,-1.0116987463281233,48.71920488864027,53.28268663568374,2026-03,6783.395368936861,11.0,7145.169802247141,2026-03-18,-72.1338574700457,6985.706275029704,True,-75.85584714800592,7346.157352524341,,,,,,,,,,,,,
87,XAUUSD,SELL,2026-03-18 20:30:00.061000+00:00,2026-03-18 21:00:00.067000+00:00,30.0001,4876.87,4885.6,0.6899999999995998,0.03,0.02,0.01,True,False,False,EOD_EXIT,64.41677429115953,32.5600000000004,0.15,96.82677429115992,6617.927605207225,1.4848225292286732,38.87369288757295,25.562212020301462,2026-03,6880.222143228021,20.0,7241.9965765383,2026-03-18,103.97662446857626,7210.583019283474,True,107.48149002423948,7453.63884254858,,,,,,,,,,,,,
81,NAS100,SELL,2026-03-19 16:25:00.053000+00:00,2026-03-19 16:35:58.241000+00:00,10.9698,24228.7,24245.5,2.599999999998545,0.06,0.03,0.03,False,False,False,SL,-28.6624058154488,-28.6624058154488,0.3,-57.6248116308976,5384.097271917728,-1.0589444066816367,44.89726165860544,95.54135271816116,2026-03,7002.024877124953,16.0,7277.049114508256,2026-03-19,-77.17328778630362,7133.4097314971705,True,-79.7746609272565,7373.864181621324,,,,,,,,,,,,,
88,XAUUSD,SELL,2026-03-19 17:30:00.089000+00:00,2026-03-19 21:00:00.075000+00:00,209.9997666666667,4579.59,4602.96,0.3400000000001455,0.02,0.01,0.01,False,False,False,EOD_EXIT,-20.17000000000008,-20.17000000000008,0.1,-40.44000000000015,6577.487605207224,-0.611067427938929,60.49647584240718,49.24638431294187,2026-03,6961.584877124952,17.0,7236.609114508255,2026-03-19,-43.85794498698385,7089.5517865101865,True,-45.33631766461879,7328.527863956705,,,,,,,,,,,,,
82,NAS100,SELL,2026-03-19 17:30:00.124000+00:00,2026-03-19 21:00:00.360000+00:00,210.0039333333333,24218.4,24262.5,2.7999999999992724,0.05,0.02,0.03,False,False,False,EOD_EXIT,-10.1,-15.15,0.25,-25.5,5358.597271917728,-0.4736170004394686,45.41548922818112,98.53125609543544,2026-03,6936.084877124952,17.0,7211.109114508255,2026-03-19,-33.7371071909853,7055.814679319201,True,-34.87432457562098,7293.653539381084,,,,,,,,,,,,,
83,NAS100,SELL,2026-03-20 10:55:00.186000+00:00,2026-03-20 12:01:57.955000+00:00,66.96281666666667,24361.5,24369.7,2.599999999998545,0.07,0.04,0.03,True,True,False,FULL_TP2,49.410442095011234,49.4104420950116,0.35,98.47088419002284,5457.068156107751,1.8376242735401949,22.695468671675822,82.35073682501948,2026-03,7034.555761314975,10.0,7309.579998698278,2026-03-20,127.31970543117866,7183.13438475038,True,131.6114243863154,7425.264963767399,,,,,,,,,,,,,
89,XAUUSD,SELL,2026-03-20 15:10:00.072000+00:00,2026-03-20 16:15:18.307000+00:00,65.30391666666667,4662.0,4664.79,0.3100000000004002,0.02,0.01,0.01,True,True,False,FULL_TP2,50.24847385873545,78.96188749229805,0.1,129.1103613510335,6706.597966558257,1.9629130315474896,30.51768629823592,39.87974115772638,2026-03,7109.342579924484,15.0,7438.690360049312,2026-03-20,138.28428074451796,7321.418665494897,True,142.94559587133855,7568.210559638738,,,,,,,,,,,,,
85,NAS100,SELL,2026-03-20 15:35:00.085000+00:00,2026-03-20 19:32:23.419000+00:00,237.3889,24191.5,24201.9,2.899999999997817,0.06,0.03,0.03,True,True,False,FULL_TP2,39.423974706571606,52.565299608762864,0.3,91.68927431533449,5494.433887681562,1.6970869599961838,27.74483189477724,87.60883268127142,2026-03,7201.031854239819,15.0,7530.379634364646,2026-03-20,122.17738499010906,7443.596050485006,True,126.29576554459852,7694.506325183337,,,,,,,,,,,,,
90,XAUUSD,SELL,2026-03-20 19:20:00.027000+00:00,2026-03-20 20:55:41.245000+00:00,95.68696666666666,4569.84,4574.85,0.2899999999999636,0.02,0.01,0.01,True,True,False,FULL_TP2,56.89666991564264,89.40905272458167,0.1,146.2057226402243,6852.803689198481,2.1800281360126803,30.89004560770944,45.15608723463723,2026-03,7347.237576880043,19.0,7676.585357004871,2026-03-20,158.81037732314925,7602.406427808156,True,164.16359035739237,7858.66991554073,,,,,,,,,,,,,
91,XAUUSD,SELL,2026-03-23 06:50:00.051000+00:00,2026-03-23 08:29:25.143000+00:00,99.4182,4354.12,4369.04,0.5100000000002183,0.02,0.01,0.01,True,True,False,FULL_TP2,77.24609232376952,121.3867165087804,0.1,198.53280883255,7051.336498031031,2.897103402297677,42.72462158997502,61.30642247918187,2026-03,7545.770385712592,6.0,7875.118165837421,2026-03-23,214.04837259161303,7816.454800399769,True,221.2635593913041,8079.933474932033,,,,,,,,,,,,,
86,NAS100,SELL,2026-03-23 07:30:00.108000+00:00,2026-03-23 13:05:38.416000+00:00,335.63846666666666,23771.1,23796.3,2.7999999999992724,0.05,0.02,0.03,True,False,True,TP1_THEN_BE,33.512914615767656,0.8399999999997818,0.25,34.10291461576744,5528.536802297329,0.6206811349978323,44.91106757458611,111.709715385893,2026-03,7579.87330032836,7.0,7909.221080453189,2026-03-23,48.21599280035015,7864.670793200119,True,49.841267454742535,8129.774742386776,,,,,,,,,,,,,
87,NAS100,BUY,2026-03-23 19:55:00.090000+00:00,2026-03-23 21:00:00.001000+00:00,64.99851666666667,24279.5,24253.2,2.600000000002183,0.03,0.02,0.01,False,False,False,EOD_EXIT,14.740000000000146,7.370000000000073,0.15,21.96000000000022,5550.496802297329,0.3972117901227492,42.23742538406413,186.47927103690293,2026-03,7601.83330032836,19.0,7931.181080453189,2026-03-23,31.11580400284045,7895.786597202959,True,32.164661957632795,8161.939404344409,,,,,,,,,,,,,
88,NAS100,BUY,2026-03-24 12:00:00.098000+00:00,2026-03-24 14:37:22.189000+00:00,157.36818333333335,24217.6,24238.4,2.600000000002183,0.04,0.02,0.02,False,False,False,SL,-26.623102461918464,-26.623102461918464,0.2,-53.44620492383693,5497.050597373492,-0.962908489591702,20.15895361821413,133.1155123095925,2026-03,7548.387095404522,12.0,7877.734875529351,2026-03-24,-76.7684089920197,7819.01818821094,True,-79.35613439486265,8082.583269949547,,,,,,,,,,,,,
93,XAUUSD,BUY,2026-03-24 16:10:00.081000+00:00,2026-03-24 21:00:00.057000+00:00,289.9996,4395.03,4398.17,0.2799999999997453,0.02,0.01,0.01,False,False,False,EOD_EXIT,-9.170000000000073,-9.170000000000073,0.1,-18.440000000000147,6928.382955054936,-0.2654450835915152,17.292953732895327,57.78989429836344,2026-03,7413.513552428428,16.0,7847.374875529353,2026-03-24,-20.810439654669413,7798.20774855627,True,-21.51192225728941,8061.071347692257,,,,,,,,,,,,,
89,NAS100,SELL,2026-03-24 18:40:00.111000+00:00,2026-03-24 21:00:00.025000+00:00,139.99856666666668,24104.2,24064.3,2.600000000002183,0.04,0.02,0.02,False,False,False,EOD_EXIT,-5.859999999999854,-5.859999999999854,0.2,-11.919999999999709,5485.130597373492,-0.2168435561734709,16.569595674543784,135.04822009690247,2026-03,7431.953552428428,18.0,7865.814875529352,2026-03-24,-16.946658737222958,7781.261089819048,True,-17.517900213807174,8043.55344747845,,,,,,,,,,,,,
90,NAS100,BUY,2026-03-25 12:00:00.056000+00:00,2026-03-25 16:00:26.938000+00:00,240.4480333333333,24289.1,24275.7,3.100000000002183,0.05,0.02,0.03,False,False,False,SL,-20.623827407328644,-30.935741110992968,0.25,-51.80956851832161,5433.32102885517,-0.9445457605536356,15.149761442065646,103.11913703664452,2026-03,7361.703983910106,12.0,7795.565307011031,2026-03-25,-74.1984096744739,7707.062680144574,True,-76.69950500895116,7966.853942469499,,,,,,,,,,,,,
91,NAS100,BUY,2026-03-25 16:25:00.053000+00:00,2026-03-25 17:16:25.552000+00:00,51.42498333333333,24297.4,24272.4,2.600000000002183,0.05,0.02,0.03,False,False,False,SL,-21.5580433824638,-32.3370650736957,0.25,-54.1451084561595,5379.1759203990105,-0.9965379952446536,16.490319916297597,107.790216912318,2026-03,7307.558875453947,16.0,7741.420198554872,2026-03-25,-77.57689112050704,7629.485789024067,True,-80.19186900609779,7886.662073463402,,,,,,,,,,,,,
95,XAUUSD,SELL,2026-03-26 07:10:00.113000+00:00,2026-03-26 07:58:40.124000+00:00,48.66685,4508.82,4512.05,0.2799999999997453,0.02,0.01,0.01,True,True,False,FULL_TP2,42.47261706327572,66.74268395657509,0.1,109.11530101985082,6999.138256074786,1.5836710810926584,18.061347591768016,33.70842624069466,2026-03,7378.314176473797,7.0,7850.535499574722,2026-03-26,118.94230518642578,7748.428094210493,True,122.95163700201164,8009.613710465413,,,,,,,,,,,,,
92,NAS100,SELL,2026-03-26 12:35:00.090000+00:00,2026-03-26 18:32:03.251000+00:00,357.05268333333333,23980.0,24016.6,2.600000000002183,0.05,0.02,0.03,True,True,False,FULL_TP2,29.627116417927027,59.25423283585442,0.25,88.63134925378145,5467.807269652792,1.6476752306551643,15.538092934799677,98.7570547264245,2026-03,7401.88256692959,12.0,7939.166848828503,2026-03-26,125.59945929282758,7874.027553503321,True,129.83319183545683,8139.4469023008705,,,,,,,,,,,,,
97,XAUUSD,SELL,2026-03-26 17:30:00.004000+00:00,2026-03-26 18:32:08.401000+00:00,62.13995,4442.52,4454.32,0.2800000000006548,0.02,0.01,0.01,True,True,False,FULL_TP2,46.08442270825981,72.41837854155074,0.1,118.40280124981057,7052.478098526609,1.707549978528652,29.332427368168457,36.57493865734904,2026-03,7520.2853681794,17.0,8057.569650078314,2026-03-26,132.19564902268348,8006.223202526004,True,136.65172729254667,8276.098629593418,,,,,,,,,,,,,
98,XAUUSD,SELL,2026-03-27 15:30:00.002000+00:00,2026-03-27 16:03:18.652000+00:00,33.310833333333335,4418.37,4422.14,0.3099999999994907,0.03,0.02,0.01,False,False,False,SL,-55.643804677716616,-27.821902338858308,0.15,-83.61570701657493,6968.862391510034,-1.1856216474326065,20.66109831301292,30.91322482095329,2026-03,7436.669661162826,15.0,7973.953943061739,2026-03-27,-96.06245266476856,7910.160749861235,True,-99.30054568094482,8176.798083912473,,,,,,,,,,,,,
93,NAS100,SELL,2026-03-27 18:10:00.110000+00:00,2026-03-27 21:00:00.075000+00:00,169.99941666666666,23338.8,23329.2,2.599999999998545,0.05,0.02,0.03,True,False,False,EOD_EXIT,30.773991375068,49.17000000000044,0.25,79.69399137506844,5547.50126102786,1.4575128098860195,34.43086355388525,102.5799712502275,2026-03,7530.583652537894,18.0,8067.867934436807,2026-03-27,113.6353563366374,8023.796106197872,True,117.46580042313651,8294.263884335609,,,,,,,,,,,,,
99,XAUUSD,BUY,2026-03-27 20:30:00.097000+00:00,2026-03-27 21:00:00.074000+00:00,29.999616666666668,4513.85,4509.6,0.2899999999999636,0.02,0.01,0.01,False,False,False,EOD_EXIT,7.159999999999854,7.159999999999854,0.1,14.219999999999708,6983.082391510034,0.2040505207467366,23.247012868229383,35.53879905591087,2026-03,7450.889661162825,20.0,7988.173943061739,2026-03-27,16.339257398545254,8040.135363596418,True,16.89002446521978,8311.153908800829,,,,,,,,,,,,,
100,XAUUSD,BUY,2026-03-30 07:55:00.043000+00:00,2026-03-30 14:45:09.838000+00:00,410.16325,4496.72,4492.48,0.339999999999236,0.02,0.01,0.01,True,True,False,FULL_TP2,48.55770504271004,76.30496506711552,0.1,124.76267010982556,7107.845061619859,1.786641816821621,18.11941651654398,38.53786114500775,2026-03,7655.346322647719,7.0,8192.630604546634,2026-03-30,141.1269867745424,8181.26235037096,True,145.88412442397745,8457.038033224806,,,,,,,,,,,,,
94,NAS100,SELL,2026-03-30 19:05:00.013000+00:00,2026-03-30 21:00:00.012000+00:00,114.99998333333332,23157.4,23160.5,2.599999999998545,0.05,0.02,0.03,False,False,False,EOD_EXIT,22.800000000000004,34.2,0.25,56.75000000000001,5604.25126102786,1.0229830932834283,25.84685604478944,104.78593628577477,2026-03,7712.096322647719,19.0,8249.380604546634,2026-03-30,82.2180844952113,8201.527400998877,True,85.63800694001787,8542.676040164824,,,,,,,,,,,,,
102,XAUUSD,BUY,2026-03-31 08:00:00.004000+00:00,2026-03-31 13:39:49.084000+00:00,339.81800000000004,4569.04,4564.79,0.3100000000004002,0.02,0.01,0.01,False,False,False,SL,-31.094623092190886,-31.094623092190886,0.1,-62.289246184381774,6992.135815435475,-0.882981187556605,21.6956888321682,34.5495812135451,2026-03,7596.387076463335,8.0,8133.6713583622495,2026-03-31,-73.06307727046843,8128.464323728409,True,-76.1021903728719,8466.573849791952,,,,,,,,,,,,,
103,XAUUSD,BUY,2026-03-31 14:20:00.025000+00:00,2026-03-31 17:34:09.099000+00:00,194.15123333333327,4575.76,4567.13,0.4899999999997817,0.03,0.02,0.01,True,True,False,FULL_TP2,77.43284695030161,60.840094032379056,0.15,138.12294098268066,7130.258756418156,1.975404148726168,23.055063560474306,30.72732021837348,2026-03,7734.510017446016,14.0,8271.79429934493,2026-03-31,157.45955882113876,8285.923882549549,True,164.00920641592208,8630.583056207874,,,,,,,,,,,,,
95,NAS100,BUY,2026-03-31 18:10:00.007000+00:00,2026-03-31 19:40:18.450000+00:00,90.30738333333332,23380.1,23314.9,2.600000000002183,0.05,0.02,0.03,True,True,False,FULL_TP2,36.77370486533982,73.54740973067892,0.25,110.07111459601876,5714.322375623879,1.9640645907769472,16.1928144619994,122.57901621779868,2026-03,7844.581132042034,18.0,8381.865413940948,2026-03-31,159.60612952124967,8445.530012070798,True,166.2450653226574,8796.82812153053,,,,,,,,,,,,,
105,XAUUSD,BUY,2026-04-01 15:40:00+00:00,2026-04-01 21:00:00.017000+00:00,320.00028333333336,4747.38,4736.14,0.3200000000006184,0.03,0.02,0.01,True,False,False,EOD_EXIT,75.40384391993211,37.9399999999996,0.15,113.19384391993172,7319.197898612092,1.5708268141512631,47.59586905051589,29.92216028568729,2026-04,8079.696266760659,15.0,8495.059257860881,2026-04-01,130.61294683516067,8576.142958905959,True,136.04588961419014,8932.87401114472,,,,,,,,,,,,,
97,NAS100,BUY,2026-04-01 16:35:00.088000+00:00,2026-04-01 21:00:00.119000+00:00,265.00051666666667,24024.7,23997.6,3.099999999998545,0.05,0.02,0.03,True,False,False,EOD_EXIT,31.936890324766868,32.22000000000043,0.25,63.9068903247673,5824.405258473334,1.1093986360299428,48.34738836853305,106.45630108255594,2026-04,8143.603157085426,16.0,8558.966148185647,2026-04-01,94.09967252656234,8670.242631432522,True,98.01381847265624,9030.887829617375,,,,,,,,,,,,,
106,XAUUSD,SELL,2026-04-02 12:00:00.043000+00:00,2026-04-02 17:11:33.735000+00:00,311.56153333333333,4618.26,4620.41,0.3699999999998908,0.02,0.01,0.01,False,False,False,SL,-36.84875203194224,-36.84875203194224,0.1,-73.79750406388447,7245.400394548207,-1.008273107055602,41.75794841744524,40.94305781326884,2026-04,8113.204870116224,12.0,8528.567861216447,2026-04-02,-88.31013208179006,8581.932499350733,True,-91.9834577821466,8938.904371835231,,,,,,,,,,,,,
98,NAS100,SELL,2026-04-02 12:15:00.103000+00:00,2026-04-02 16:53:18.015000+00:00,278.2985333333333,23668.5,23664.7,3.099999999998545,0.06,0.03,0.03,True,False,True,TP1_THEN_BE,42.7692170946837,0.9299999999995634,0.3,43.39921709468327,5867.804475568017,0.7451270158707821,33.03264530833912,95.0427046548538,2026-04,8187.002374180109,12.0,8602.365365280331,2026-04-02,63.4733405283049,8645.405839879037,True,66.11356139032513,9005.017933225556,,,,,,,,,,,,,
107,XAUUSD,SELL,2026-04-02 19:10:00.007000+00:00,2026-04-02 21:00:00.027000+00:00,110.00033333333334,4654.83,4658.11,0.3699999999998908,0.02,0.01,0.01,False,False,False,EOD_EXIT,9.109999999999673,9.109999999999673,0.1,18.119999999999344,7263.520394548206,0.2500896984745483,34.58198519281499,42.124254564082,2026-04,8131.324870116223,19.0,8546.687861216446,2026-04-02,21.56733172198196,8666.97317160102,True,22.464440944161545,9027.482374169716,,,,,,,,,,,,,
108,XAUUSD,SELL,2026-04-06 06:15:00.057000+00:00,2026-04-06 08:07:38.513000+00:00,112.64093333333334,4626.7,4633.2,0.4899999999997817,0.02,0.01,0.01,False,False,False,SL,-34.022885768204105,-34.022885768204105,0.1,-68.1457715364082,7195.374623011798,-0.9381920588748742,23.459799719505693,37.80320640911558,2026-04,8063.179098579814,6.0,8478.542089680039,2026-04-06,-82.08294975708785,8584.89022184393,True,-85.49725117183975,8941.985122997876,,,,,,,,,,,,,
99,NAS100,BUY,2026-04-06 07:10:00.409000+00:00,2026-04-06 20:12:54.305000+00:00,782.8982666666667,24074.5,24074.6,2.599999999998545,0.05,0.02,0.03,True,False,True,TP1_THEN_BE,33.330128719776255,0.7799999999995634,0.25,33.860128719775815,5901.664604287793,0.5770493693298817,23.74738559548361,111.10042906591993,2026-04,8097.0392272995905,7.0,8512.402218399813,2026-04-06,49.2548301958037,8634.145052039734,True,51.303621533329625,8993.288744531206,,,,,,,,,,,,,
109,XAUUSD,BUY,2026-04-06 17:15:00.049000+00:00,2026-04-06 20:14:04.234000+00:00,179.06975,4683.3,4673.29,0.4099999999998545,0.03,0.02,0.01,False,False,False,SL,-53.235772047359205,-26.617886023679603,0.15,-80.00365807103881,7115.370964940759,-1.1118762019030408,16.614257678414106,29.575428915199065,2026-04,8017.035569228552,17.0,8432.398560328775,2026-04-06,-97.0804181373964,8537.064633902337,True,-101.1185504166594,8892.170194114547,,,,,,,,,,,,,
100,NAS100,SELL,2026-04-07 07:05:00.369000+00:00,2026-04-07 11:02:06.269000+00:00,237.09833333333333,24068.0,24071.7,2.399999999997817,0.07,0.04,0.03,False,False,False,SL,-33.973127189684604,-25.47984539226345,0.35,-59.802972581948055,5841.861631705845,-1.013323809328284,20.667792335236367,84.93281797421274,2026-04,7957.232596646604,7.0,8372.595587746826,2026-04-07,-87.39368961782475,8449.670944284513,True,-91.02889521150244,8801.141298903045,,,,,,,,,,,,,
101,NAS100,SELL,2026-04-07 16:35:00.129000+00:00,2026-04-07 17:06:13.142000+00:00,31.21688333333333,24065.8,24076.0,3.099999999998545,0.06,0.03,0.03,True,True,False,FULL_TP2,41.588352207404384,55.45113627653954,0.3,96.73948848394392,5938.601120189789,1.6559702126271627,15.572066474693404,92.41856046089856,2026-04,8053.972085130548,16.0,8469.335076230771,2026-04-07,137.64467901855036,8587.315623303064,True,143.37011193363062,8944.511410836676,,,,,,,,,,,,,
110,XAUUSD,BUY,2026-04-08 08:00:00.156000+00:00,2026-04-08 13:16:23.163000+00:00,316.38345000000004,4805.86,4803.91,0.4099999999998545,0.02,0.01,0.01,False,False,False,SL,-30.24750457401024,-30.24750457401024,0.1,-60.59500914802047,7054.775955792738,-0.85160716773008,26.90348876704028,33.60833841556694,2026-04,7993.377075982527,8.0,8408.74006708275,2026-04-08,-73.7583265594318,8513.557296743633,True,-76.82635907369772,8867.68505176298,,,,,,,,,,,,,
102,NAS100,BUY,2026-04-08 10:20:00.112000+00:00,2026-04-08 17:08:46.009000+00:00,408.76495,25039.4,25022.1,2.5,0.05,0.02,0.03,False,False,False,SL,-22.863521117938944,-34.29528167690842,0.25,-57.40880279484736,5881.192317394942,-0.9667058223471432,33.17689299758283,114.31760558969592,2026-04,7935.96827318768,10.0,8351.331264287903,2026-04-08,-83.10442943445199,8430.45286730918,True,-86.5612200569856,8781.123831705994,,,,,,,,,,,,,
103,NAS100,BUY,2026-04-08 19:00:00.102000+00:00,2026-04-08 21:00:00.127000+00:00,120.00041666666668,24951.7,24932.1,2.599999999998545,0.05,0.02,0.03,False,False,False,EOD_EXIT,0.4,0.6,0.25,0.75,5881.942317394942,0.0127525161484977,35.14132212281253,108.54426525210742,2026-04,7936.71827318768,19.0,8352.081264287903,2026-04-08,1.074957779130723,8431.527825088311,True,1.1196714483756287,8782.24350315437,,,,,,,,,,,,,
111,XAUUSD,SELL,2026-04-09 06:10:00.322000+00:00,2026-04-09 13:49:09.125000+00:00,459.1467166666667,4712.55,4717.98,0.2800000000006548,0.03,0.02,0.01,False,False,False,SL,-52.145548731399685,-26.072774365699843,0.15,-78.36832309709953,6976.407632695639,-1.1108548816883492,24.58012429579831,28.969749295221813,2026-04,7858.349950090581,6.0,8273.712941190803,2026-04-09,-94.71417548796391,8336.813649600348,True,-98.65388214230104,8683.589621012068,,,,,,,,,,,,,
104,NAS100,BUY,2026-04-09 08:25:00.055000+00:00,2026-04-09 18:55:03.186000+00:00,630.0521833333333,24885.3,24877.7,2.600000000002183,0.07,0.04,0.03,True,True,False,FULL_TP2,47.13258213492082,47.13258213492082,0.35,93.91516426984164,5975.857481664783,1.596669249749389,18.50210954917144,78.55430355820106,2026-04,8060.39707941477,8.0,8475.760070514993,2026-04-09,131.01939358352232,8467.833043183871,True,136.46924281769327,8820.058863829761,,,,,,,,,,,,,
112,XAUUSD,BUY,2026-04-09 16:05:00.107000+00:00,2026-04-09 18:33:29.564000+00:00,148.49095,4749.46,4743.36,0.3599999999996726,0.03,0.02,0.01,True,True,False,FULL_TP2,60.637900430434456,47.64406462391253,0.15,108.13196505434698,7084.539597749987,1.5499662684212374,20.291079240554183,24.06265890096582,2026-04,7966.481915144928,16.0,8381.844906245151,2026-04-09,129.2452973235419,8597.078340507413,True,134.62135170277304,8954.680215532535,,,,,,,,,,,,,
113,XAUUSD,BUY,2026-04-10 06:15:00.030000+00:00,2026-04-10 11:47:12.691000+00:00,332.2110166666667,4761.64,4760.35,0.3400000000001455,0.04,0.02,0.02,False,False,False,SL,-39.54827902106263,-39.54827902106263,0.2,-79.29655804212526,7005.2430397078615,-1.1192902086016914,15.16491558763185,21.97126612281233,2026-04,7981.100521372645,6.0,8396.463512472867,2026-04-10,-97.31549894222849,8499.762841565183,True,-101.3634095826115,8853.316805949924,,,,,,,,,,,,,
114,XAUUSD,BUY,2026-04-14 06:50:00.119000+00:00,2026-04-14 13:39:02.270000+00:00,409.03585,4771.44,4771.4,0.2799999999997453,0.04,0.02,0.02,False,False,False,SL,-35.91003444408125,-35.91003444408125,0.2,-72.0200688881625,6933.222970819699,-1.0280880831675747,16.98463016812394,19.9500191356006,2026-04,7909.080452484482,6.0,8324.443443584705,2026-04-14,-88.29277638393833,8411.470065181245,True,-91.96538016111955,8761.351425788804,,,,,,,,,,,,,
105,NAS100,BUY,2026-04-14 07:20:00.068000+00:00,2026-04-14 16:32:17.539000+00:00,552.2911833333333,25454.9,25456.3,2.599999999998545,0.1,0.05,0.05,True,True,False,FULL_TP2,44.712433238115416,59.61657765082055,0.5,103.82901088893595,6079.686492553719,1.737474683884375,41.745508982496574,59.616577650820254,2026-04,8012.909463373418,7.0,8428.272454473641,2026-04-14,143.65125867252036,8555.121323853766,True,149.62653974085364,8910.977965529657,,,,,,,,,,,,,
115,XAUUSD,BUY,2026-04-14 16:10:00.163000+00:00,2026-04-14 17:33:07.106000+00:00,83.11571666666667,4781.92,4777.21,0.2799999999997453,0.04,0.02,0.02,True,True,False,FULL_TP2,49.977836741945794,78.53660059448703,0.2,128.31443733643283,7061.537408156132,1.8507184591708363,17.69095473721063,19.83247489759767,2026-04,8141.2239007098515,16.0,8556.586891810073,2026-04-14,155.45419015231855,8710.575514006085,True,161.9204229441091,9072.898388473766,,,,,,,,,,,,,
107,NAS100,BUY,2026-04-15 20:30:00.124000+00:00,2026-04-15 21:00:00.181000+00:00,30.00095,26074.9,26055.5,2.599999999998545,0.09,0.04,0.05,False,False,False,EOD_EXIT,0.2399999999994179,0.2999999999992724,0.4499999999999999,0.0899999999986903,6018.097357104544,0.0014955116313116,51.045542370086594,66.66609383881078,2026-04,8079.634765260676,20.0,8494.997756360899,2026-04-15,0.1289306159317372,8621.42891950416,True,0.1356842215233991,9073.034072695287,,,,,,,,,,,,,
116,XAUUSD,BUY,2026-04-16 06:10:00.096000+00:00,2026-04-16 11:05:03.332000+00:00,295.05393333333336,4826.49,4826.16,0.3699999999998908,0.04,0.02,0.02,False,False,False,SL,-32.179950297006144,-32.179950297006144,0.2,-64.55990059401229,6996.97750756212,-0.9142470946828816,16.023920092311187,17.877750165003782,2026-04,8015.074864666664,6.0,8430.437855766886,2026-04-16,-79.54843265109493,8541.880486853066,True,-83.71531524665173,8989.318757448636,,,,,,,,,,,,,
108,NAS100,BUY,2026-04-16 08:35:00.194000+00:00,2026-04-16 13:37:33.211000+00:00,302.5502833333333,26323.3,26319.0,2.599999999998545,0.11,0.06,0.05,False,False,False,SL,-32.95756362721367,-27.4646363560114,0.55,-60.97219998322507,5957.125157121319,-1.0131474511831478,57.89684137887087,54.929272712021096,2026-04,7954.102664683439,8.0,8369.465655783662,2026-04-16,-87.42761508957271,8454.452871763493,True,-92.00722270152436,8897.311534747112,,,,,,,,,,,,,
109,NAS100,BUY,2026-04-16 16:25:00.004000+00:00,2026-04-16 16:41:48.100000+00:00,16.8016,26306.2,26275.0,2.599999999998545,0.12,0.06,0.06,False,False,False,SL,-30.68207893729486,-30.68207893729486,0.6,-61.96415787458972,5895.160999246729,-1.0401688102946096,50.38175470506085,51.13679822882657,2026-04,7892.138506808849,16.0,8307.501497909072,2026-04-16,-88.86492710821145,8365.58794465528,True,-93.5198235754586,8803.791711171654,,,,,,,,,,,,,
110,NAS100,BUY,2026-04-16 20:45:00.132000+00:00,2026-04-16 21:00:00.154000+00:00,15.000366666666668,26372.8,26372.0,2.599999999998545,0.08,0.04,0.04,False,False,False,EOD_EXIT,-17.8,-17.8,0.4,-36.0,5859.160999246729,-0.6106703447895655,41.304032300392144,74.50018466819864,2026-04,7856.138506808849,20.0,8271.501497909072,2026-04-16,-51.40004960544833,8314.187895049832,True,-54.09247188171239,8749.699239289941,,,,,,,,,,,,,
111,NAS100,BUY,2026-04-17 07:15:00.001000+00:00,2026-04-17 15:05:44.597000+00:00,470.7432666666666,26347.3,26344.5,2.599999999998545,0.1,0.05,0.05,True,True,False,FULL_TP2,43.77147448425785,58.36196597900926,0.5,101.6334404632671,5960.794439709996,1.7346074032840777,22.2201402347402,58.36196597900962,2026-04,7889.137771535184,7.0,8373.13493837234,2026-04-17,141.75954715074425,8455.947442200577,True,149.18515404318018,8898.88439333312,,,,,,,,,,,,,
118,XAUUSD,BUY,2026-04-17 18:50:00.020000+00:00,2026-04-17 21:00:00.040000+00:00,130.00033333333334,4869.09,4863.46,0.3199999999997089,0.04,0.02,0.02,False,False,False,EOD_EXIT,-1.780000000000655,-1.780000000000655,0.2,-3.7600000000013103,6924.583331825186,-0.0542698278638969,27.602746796891736,21.28928866522784,2026-04,7885.377771535183,18.0,8369.374938372339,2026-04-17,-4.591519931106796,8451.35592226947,True,-4.832031577288396,8894.052361755832,,,,,,,,,,,,,
119,XAUUSD,SELL,2026-04-21 11:10:00.020000+00:00,2026-04-21 14:42:37.549000+00:00,212.6254833333333,4775.89,4780.34,0.3699999999998908,0.05,0.02,0.03,False,False,False,SL,-29.17695518920846,-43.765432783812685,0.25,-73.19238797302114,6851.390943852165,-1.05699338813111,15.64891227973197,16.209419549560547,2026-04,7923.722141655867,11.0,8296.182550399317,2026-04-21,-90.28457529720905,8361.07134697226,True,-95.0138353582242,8799.038526397608,,,,,,,,,,,,,
120,XAUUSD,SELL,2026-04-21 15:25:00+00:00,2026-04-21 16:39:14.327000+00:00,74.23878333333333,4780.34,4782.6,0.3199999999997089,0.05,0.02,0.03,True,False,True,TP1_THEN_BE,40.06900244748613,0.9599999999991268,0.25,40.77900244748525,6892.16994629965,0.59519304593291,16.297734472479185,15.900397796621167,2026-04,7964.501144103352,15.0,8336.961552846802,2026-04-21,49.47007278960629,8410.541419761867,True,52.061399588112366,8851.09992598572,,,,,,,,,,,,,
113,NAS100,BUY,2026-04-21 17:10:00.071000+00:00,2026-04-21 17:46:09.813000+00:00,36.16236666666667,26736.2,26743.0,2.7999999999992724,0.11,0.06,0.05,False,False,False,SL,-33.62298531627457,-28.019154430228813,0.55,-62.192139746503386,6010.139058057199,-1.024188861256409,15.290896628218892,56.03830886045685,2026-04,8020.1636024947875,17.0,8392.624011238237,2026-04-21,-87.03119216856679,8323.5102275933,True,-91.59003447170004,8759.50989151402,,,,,,,,,,,,,
121,XAUUSD,SELL,2026-04-21 17:15:00.088000+00:00,2026-04-21 17:45:17.115000+00:00,30.283783333333336,4777.6,4778.53,0.3299999999999272,0.04,0.02,0.02,True,True,False,FULL_TP2,45.91012149808739,72.14447663985084,0.2,117.85459813793824,7010.024544437589,1.7099781209140583,17.154771999240285,18.218302181780444,2026-04,8082.35574224129,17.0,8454.816150984741,2026-04-21,139.93730646041976,8463.447534053721,True,147.26746127712806,8906.777352791149,,,,,,,,,,,,,
114,NAS100,BUY,2026-04-22 08:20:00.195000+00:00,2026-04-22 17:22:19.210000+00:00,542.3169166666667,26727.1,26716.6,2.6999999999970896,0.08,0.04,0.04,True,True,False,FULL_TP2,42.6455175753872,56.86069010051724,0.4,99.10620767590444,6109.245265733103,1.6489836045148167,21.784743529010324,71.07586262564591,2026-04,8052.758534504593,8.0,8491.730218914141,2026-04-22,137.29685951041887,8600.74439356414,True,144.48870321182577,9051.266056002974,,,,,,,,,,,,,
123,XAUUSD,SELL,2026-04-22 17:05:00.021000+00:00,2026-04-22 21:00:00.383000+00:00,235.0060333333333,4745.89,4745.45,0.3000000000001819,0.04,0.02,0.02,False,False,False,EOD_EXIT,16.079999999999927,16.079999999999927,0.2,31.95999999999985,6975.4732687714895,0.4602857193884864,20.35610523132077,18.19562873324944,2026-04,8084.718534504593,17.0,8523.690218914142,2026-04-22,39.40661518250218,8640.151008746643,True,41.47080090535578,9092.73685690833,,,,,,,,,,,,,
124,XAUUSD,SELL,2026-04-23 08:35:00.184000+00:00,2026-04-23 11:00:22.778000+00:00,145.37656666666666,4702.89,4706.15,0.4000000000005457,0.04,0.02,0.02,False,False,False,SL,-33.62307338059327,-33.62307338059327,0.2,-67.44614676118654,6908.027122010303,-0.9669042395035234,30.77656881652033,18.679485211441,2026-04,8017.272387743406,8.0,8456.244072152957,2026-04-23,-84.35764403964232,8555.793364707,True,-88.77644133125837,9003.960415577072,,,,,,,,,,,,,
125,XAUUSD,SELL,2026-04-23 11:40:00.169000+00:00,2026-04-23 14:46:25.913000+00:00,186.42906666666667,4703.85,4707.77,0.2799999999997453,0.04,0.02,0.02,True,False,True,TP1_THEN_BE,46.56961745773697,0.5599999999994907,0.2,46.929617457736455,6954.95673946804,0.6793490620239412,32.57536174892521,18.48000692767341,2026-04,8064.202005201143,11.0,8503.173689610692,2026-04-23,57.73150354402495,8613.524868251025,True,60.755578177752014,9064.715993754824,,,,,,,,,,,,,
116,NAS100,BUY,2026-04-23 17:35:00.065000+00:00,2026-04-23 20:09:41.953000+00:00,154.69813333333337,26914.7,26924.2,2.600000000002183,0.08,0.04,0.04,False,False,False,SL,-31.437195615340897,-31.437195615340897,0.4,-63.27439123068179,6157.275889629197,-1.017183181130645,22.28511242266413,78.59298903835395,2026-04,8112.232629097237,17.0,8439.89929838001,2026-04-23,-88.5156930042555,8525.009175246769,True,-93.15229599341576,8971.563697761409,,,,,,,,,,,,,
126,XAUUSD,SELL,2026-04-23 20:05:00.044000+00:00,2026-04-23 20:42:09.382000+00:00,37.15563333333333,4710.93,4725.69,0.2800000000006548,0.04,0.02,0.02,True,True,False,FULL_TP2,49.0091614865687,77.01439662175108,0.2,125.82355810831976,7080.78029757636,1.809120643329028,23.13676371479968,19.44807995498742,2026-04,8238.056187205557,20.0,8565.72285648833,2026-04-23,151.48711614492137,8676.49629139169,True,159.42226969450766,9130.985967455916,,,,,,,,,,,,,
117,NAS100,BUY,2026-04-24 12:10:00.004000+00:00,2026-04-24 14:07:22.201000+00:00,117.36995,26986.4,26985.3,2.599999999998545,0.08,0.04,0.04,True,True,False,FULL_TP2,46.535967172236994,62.04795622964885,0.4,108.18392340188583,6265.459813031083,1.7570095175384592,16.42327636086543,77.55994528706196,2026-04,8273.851746472312,12.0,8673.906779890216,2026-04-24,149.81460869518602,8826.310900086875,True,157.6621534516009,9288.648120907515,,,,,,,,,,,,,
128,XAUUSD,SELL,2026-04-24 12:30:00.033000+00:00,2026-04-24 14:07:41.012000+00:00,97.68298333333334,4682.72,4683.19,0.3300000000008367,0.04,0.02,0.02,False,False,False,SL,-35.810373178732334,-35.810373178732334,0.2,-71.82074635746467,6936.571187083765,-1.0247821046475003,29.39506336275156,19.89465176596244,2026-04,8202.031000114846,12.0,8602.086033532752,2026-04-24,-91.38697193905266,8734.923928147822,True,-96.17397741662988,9192.474143490888,,,,,,,,,,,,,
118,NAS100,BUY,2026-04-24 17:45:00.050000+00:00,2026-04-24 20:54:43.539000+00:00,189.72481666666667,27148.5,27142.4,2.600000000002183,0.07,0.04,0.03,True,True,False,FULL_TP2,54.071255874191415,54.07125587419141,0.35,107.79251174838282,6373.252324779466,1.7204245971571448,18.23834425441459,90.11875979031984,2026-04,8309.82351186323,17.0,8709.878545281135,2026-04-24,147.73609174161876,8882.660019889441,True,155.4747602344827,9347.948903725372,,,,,,,,,,,,,
129,XAUUSD,BUY,2026-04-27 10:10:00.175000+00:00,2026-04-27 12:29:54.395000+00:00,139.90366666666665,4717.09,4717.53,0.2799999999997453,0.04,0.02,0.02,False,False,False,SL,-31.851015664320588,-31.851015664320588,0.2,-63.90203132864118,6872.669155755124,-0.9212336989726264,17.12940842672839,17.695008702400372,2026-04,8245.921480534587,10.0,8645.976513952493,2026-04-27,-82.5909127892942,8800.069107100147,True,-86.91716568433628,9261.031738041036,,,,,,,,,,,,,
119,NAS100,SELL,2026-04-28 12:15:00.153000+00:00,2026-04-28 14:06:59.812000+00:00,111.99431666666666,27230.2,27237.7,2.599999999998545,0.11,0.06,0.05,True,True,False,FULL_TP2,50.87435085385295,56.52705650428107,0.55,106.85140735813404,6480.1037321376,1.6765601283773337,17.13002144246349,56.52705650428135,2026-04,8352.772887892721,12.0,8752.827921310627,2026-04-28,145.10566617616644,8945.174773276314,True,152.70654849094603,9413.73828653198,,,,,,,,,,,,,
130,XAUUSD,SELL,2026-04-28 16:05:00.031000+00:00,2026-04-28 18:50:07.882000+00:00,165.13085,4573.16,4584.05,0.2799999999997453,0.04,0.02,0.02,True,False,True,TP1_THEN_BE,52.5666932269105,0.5599999999994907,0.2,52.92669322690999,6925.595848982034,0.7701039003541958,35.470958091133,20.859798899567647,2026-04,8405.69958111963,16.0,8805.754614537538,2026-04-28,68.3606914711719,9013.535464747489,True,71.94154109973505,9485.679827631717,,,,,,,,,,,,,
120,NAS100,SELL,2026-04-28 17:35:00.072000+00:00,2026-04-28 20:57:07.769000+00:00,202.1282833333333,26967.6,27039.7,2.599999999998545,0.08,0.04,0.04,True,False,True,TP1_THEN_BE,47.99821401496884,1.0399999999994178,0.4,48.638214014968256,6528.741946152568,0.7505777071708065,26.829497970231543,79.99702335828106,2026-04,8454.3377951346,17.0,8854.392828552505,2026-04-28,67.14957806292958,9080.685042810415,True,70.6669875052582,9556.346815136974,,,,,,,,,,,,,
131,XAUUSD,SELL,2026-04-29 06:45:00.077000+00:00,2026-04-29 11:36:08.144000+00:00,291.13445,4592.89,4593.88,0.3299999999999272,0.04,0.02,0.02,True,True,False,FULL_TP2,43.47347065625581,68.31545388840095,0.2,111.58892454465676,7037.184773526691,1.6112537748078206,43.3267706189872,17.251377244545907,2026-04,8565.926719679255,6.0,8965.981753097163,2026-04-29,143.9927912462851,9224.677834056702,True,151.53537927390136,9707.882194410877,,,,,,,,,,,,,
132,XAUUSD,SELL,2026-04-29 12:25:00.022000+00:00,2026-04-29 16:20:06.175000+00:00,235.10255,4565.99,4571.9,0.2800000000006548,0.05,0.02,0.03,True,True,False,FULL_TP2,43.01014850424326,101.38106433143092,0.25,144.1412128356742,7181.325986362365,2.048279496339524,42.93310454799194,17.06751924771578,2026-04,8710.067932514929,12.0,9110.122965932836,2026-04-29,185.15469894339364,9409.832533000095,True,194.8534179099472,9902.735612320825,,,,,,,,,,,,,
133,XAUUSD,SELL,2026-04-29 20:00:00.044000+00:00,2026-04-29 21:00:00.126000+00:00,60.00136666666666,4544.98,4545.45,0.2799999999997453,0.04,0.02,0.02,False,False,False,EOD_EXIT,-5.100000000000364,-5.100000000000364,0.2,-10.400000000000729,7170.925986362365,-0.1448200516137376,50.11156882283864,20.870732780227627,2026-04,8699.667932514927,20.0,9099.722965932837,2026-04-29,-13.647088051016263,9396.185444949078,True,-14.36194580225856,9888.373666518564,,,,,,,,,,,,,
134,XAUUSD,BUY,2026-04-30 15:55:00.035000+00:00,2026-04-30 16:47:01.547000+00:00,52.025200000000005,4639.48,4635.12,0.3199999999997089,0.04,0.02,0.02,False,False,False,SL,-37.77894159822063,-37.77894159822063,0.2,-75.75788319644126,7095.168103165924,-1.0564588637578642,33.78266593060985,20.988300887900696,2026-04,8623.910049318485,15.0,9023.965082736397,2026-04-30,-100.32674477619874,9295.85870017288,True,-105.58203080440256,9782.791635714162,,,,,,,,,,,,,
121,NAS100,BUY,2026-04-30 18:05:00.057000+00:00,2026-04-30 21:00:00.112000+00:00,175.00091666666668,27299.1,27276.4,3.0,0.05,0.02,0.03,False,False,False,EOD_EXIT,32.53999999999942,48.80999999999912,0.25,81.09999999999854,6609.841946152566,1.2421995028887811,16.766779480833467,129.89020726809622,2026-04,8709.010049318484,18.0,9109.065082736392,2026-04-30,114.05630372490693,9409.915003897786,True,120.03076747065258,9902.822403184817,,,,,,,,,,,,,
135,XAUUSD,BUY,2026-04-30 20:15:00.034000+00:00,2026-04-30 21:00:00.077000+00:00,45.00071666666667,4617.69,4616.13,0.2799999999997453,0.04,0.02,0.02,False,False,False,EOD_EXIT,2.100000000000364,2.100000000000364,0.2,4.000000000000727,7099.168103165925,0.0563763950598421,28.96093551325712,20.32155378259672,2026-04,8627.910049318485,20.0,9027.965082736397,2026-04-30,5.30198179119217,9415.216985688978,True,5.579708641507097,9908.402111826324,,,,,,,,,,,,,
136,XAUUSD,BUY,2026-05-01 06:30:00.048000+00:00,2026-05-01 07:41:30.463000+00:00,71.50691666666667,4630.21,4626.56,0.3200000000006184,0.05,0.02,0.03,False,False,False,SL,-29.19391343661846,-43.79087015492769,0.25,-73.23478359154615,7025.933319574378,-1.0315966959408465,23.218168143107587,16.218840798121324,2026-05,8635.775265726938,6.0,9035.830299144847,2026-05-01,-98.13947087903078,9317.077514809947,True,-103.2801837694608,9805.121928056862,,,,,,,,,,,,,
122,NAS100,BUY,2026-05-01 20:10:00.045000+00:00,2026-05-01 21:00:00.129000+00:00,50.0014,27754.0,27745.1,2.599999999998545,0.07,0.04,0.03,False,False,False,EOD_EXIT,14.2,10.65,0.35,24.5,6634.341946152566,0.3706593924573472,20.14503573470373,92.70546825827296,2026-05,8660.275265726938,20.0,9060.330299144847,2026-05-01,34.40708980115544,9351.484604611103,True,36.20939185637037,9841.331319913232,,,,,,,,,,,,,
123,NAS100,BUY,2026-05-04 10:20:00.052000+00:00,2026-05-04 11:05:42.234000+00:00,45.70303333333333,27844.3,27846.5,2.599999999998545,0.09,0.04,0.05,False,False,False,SL,-29.748494643036977,-37.18561830379622,0.4499999999999999,-67.3841129468332,6566.957833205734,-1.0156864613514691,31.73778287987439,74.37123660759345,2026-05,8592.891152780105,10.0,8992.946186198014,2026-05-04,-95.95637901485895,9255.528225596245,True,-100.9827378295372,9740.348582083694,,,,,,,,,,,,,
137,XAUUSD,SELL,2026-05-04 12:50:00.077000+00:00,2026-05-04 13:06:42.257000+00:00,16.703,4579.26,4582.02,0.2799999999997453,0.04,0.02,0.02,True,True,False,FULL_TP2,44.997366108742426,70.710146742309,0.2,115.50751285105144,7141.44083242543,1.6440166394583535,15.961076183336504,17.856097662199232,2026-05,8642.919353957608,12.0,9042.97438737552,2026-05-04,148.19360049943603,9310.505242301708,True,157.54291961789505,9897.89150170159,,,,,,,,,,,,,
138,XAUUSD,SELL,2026-05-04 16:25:00.053000+00:00,2026-05-04 17:22:08.556000+00:00,57.14171666666667,4560.78,4562.65,0.3000000000001819,0.04,0.02,0.02,False,False,False,SL,-35.59532261542336,-35.59532261542336,0.2,-71.39064523084672,7070.050187194584,-0.9996672507136138,20.988920869691352,19.775179230791128,2026-05,8571.52870872676,16.0,8971.583742144672,2026-05-04,-94.01389793201,9216.491344369697,True,-99.94509826977315,9797.946403431815,,,,,,,,,,,,,
139,XAUUSD,SELL,2026-05-04 18:05:00.058000+00:00,2026-05-04 18:21:45.868000+00:00,16.7635,4557.9,4561.13,0.3800000000001091,0.04,0.02,0.02,True,True,False,FULL_TP2,51.69876801433384,81.24092116538122,0.2,132.73968917971507,7202.789876374299,1.877492884281584,22.581704380287565,20.51538413267193,2026-05,8704.268397906475,18.0,9104.323431324388,2026-05-04,169.8500466315135,9386.34139100121,True,180.56563949713933,9978.512042928956,,,,,,,,,,,,,
125,NAS100,BUY,2026-05-05 08:10:00.015000+00:00,2026-05-05 15:11:38.740000+00:00,421.6454166666666,27742.0,27739.3,2.599999999998545,0.09,0.04,0.05,True,True,False,FULL_TP2,41.586612786832845,69.31102131138687,0.4499999999999999,110.44763409821972,6611.926155630406,1.698807951644064,20.50526965246176,69.31102131138691,2026-05,8814.716032004695,8.0,9214.771065422608,2026-05-05,156.792313627319,9543.133704628528,True,166.68411307400902,10145.196156002963,,,,,,,,,,,,,
126,NAS100,BUY,2026-05-06 06:10:00.216000+00:00,2026-05-06 11:52:38.245000+00:00,342.63381666666663,28213.1,28199.3,2.599999999998545,0.09,0.04,0.05,True,True,False,FULL_TP2,44.53550244006329,74.22583740010487,0.4499999999999999,118.31133984016816,6730.237495470575,1.7893626918295171,34.395647287418385,74.22583740010458,2026-05,8933.027371844863,6.0,9333.082405262776,2026-05-06,167.75944914697627,9710.893153775503,True,178.34314925228512,10323.53930525525,,,,,,,,,,,,,
140,XAUUSD,BUY,2026-05-06 16:35:00.008000+00:00,2026-05-06 20:40:00.503000+00:00,245.00825,4694.08,4698.01,0.2800000000006548,0.04,0.02,0.02,False,False,False,SL,-37.82200489658862,-37.82200489658862,0.2,-75.84400979317725,7126.945866581122,-1.052981012842696,44.65164290692275,21.012224942549008,2026-05,8857.183362051685,16.0,9257.238395469598,2026-05-06,-103.34203307324418,9607.55112070226,True,-109.86173191513709,10213.677573340114,,,,,,,,,,,,,
127,NAS100,BUY,2026-05-06 17:35:00.260000+00:00,2026-05-06 21:00:00.046000+00:00,204.99643333333333,28408.7,28397.0,2.599999999998545,0.07,0.04,0.03,False,False,False,EOD_EXIT,44.71999999999972,33.53999999999978,0.35,77.9099999999995,6808.147495470575,1.157611452083714,39.023545298291104,90.2854550600824,2026-05,8935.093362051684,17.0,9335.148395469598,2026-05-06,109.94537182278992,9717.49649252505,True,116.88166572012868,10330.55923906024,,,,,,,,,,,,,
141,XAUUSD,BUY,2026-05-07 08:35:00.148000+00:00,2026-05-07 09:38:04.936000+00:00,63.0798,4705.07,4703.53,0.3299999999999272,0.04,0.02,0.02,True,True,False,FULL_TP2,44.35710949138411,69.70402920074775,0.2,113.86113869213186,7240.807005273254,1.5976147542531058,38.10047765027732,17.602027575946266,2026-05,9048.954500743816,8.0,9449.00953416173,2026-05-07,152.80689225246718,9870.303384777517,True,162.44725725037233,10493.006496310614,,,,,,,,,,,,,
128,NAS100,BUY,2026-05-07 14:05:00.191000+00:00,2026-05-07 17:22:22.667000+00:00,197.3746,28653.4,28657.3,2.599999999998545,0.1,0.05,0.05,True,True,False,FULL_TP2,51.023609977053646,68.03147996940424,0.5,118.55508994645788,6926.702585417032,1.7413707623892103,42.0288870050189,68.03147996940375,2026-05,9167.509590690272,14.0,9567.564624108189,2026-05-07,168.93676192258138,10039.240146700098,True,179.5947369817633,10672.601233292378,,,,,,,,,,,,,
143,XAUUSD,BUY,2026-05-08 11:35:00.245000+00:00,2026-05-08 17:10:31.022000+00:00,335.51295,4721.27,4719.54,0.2799999999997453,0.04,0.02,0.02,True,False,True,TP1_THEN_BE,56.1115563184485,0.5599999999994907,0.2,56.47155631844799,7347.071571229771,0.7745803665397609,21.36040148699336,22.266490602558804,2026-05,9399.260731585722,11.0,9624.036180426636,2026-05-08,77.1642837343293,10116.404430434428,True,82.0324663734461,10754.633699665825,,,,,,,,,,,,,
130,NAS100,BUY,2026-05-11 07:45:00.376000+00:00,2026-05-11 17:31:43.130000+00:00,586.7125666666667,29248.4,29254.3,2.599999999998545,0.09,0.04,0.05,False,False,False,SL,-31.14718684382097,-38.933983554776205,0.4499999999999999,-70.53117039859718,6981.657989957369,-1.0001315732579843,47.254106656006655,77.86796710955419,2026-05,9251.586070479678,7.0,9476.361519320591,2026-05-11,-102.19948409538908,10014.20494633904,True,-108.64710118094136,10645.986598484884,,,,,,,,,,,,,
144,XAUUSD,SELL,2026-05-11 10:50:00.058000+00:00,2026-05-11 15:23:04.379000+00:00,273.0720166666667,4669.11,4667.32,0.2800000000006548,0.04,0.02,0.02,False,False,False,SL,-38.47174535372324,-38.47174535372324,0.2,-77.14349070744647,7269.928080522324,-1.0499896449836,23.75613415358252,21.37319186317985,2026-05,9322.117240878277,10.0,9546.89268971919,2026-05-11,-106.26387464411698,9907.941071694922,True,-112.96790822899206,10533.018690255893,,,,,,,,,,,,,
131,NAS100,BUY,2026-05-11 20:30:00.117000+00:00,2026-05-11 21:00:00.049000+00:00,29.998866666666668,29365.7,29355.4,2.600000000002183,0.08,0.04,0.04,False,False,False,EOD_EXIT,1.239999999999418,1.239999999999418,0.4,2.079999999998836,6983.737989957368,0.029792350226705,39.13491739563526,86.90782990673613,2026-05,9253.666070479676,20.0,9478.441519320591,2026-05-11,2.9509293531270795,9910.892001048049,True,3.1370992020641,10536.155789457956,,,,,,,,,,,,,
146,XAUUSD,SELL,2026-05-12 12:10:00.066000+00:00,2026-05-12 18:17:29.129000+00:00,367.4843833333333,4697.72,4699.37,0.3599999999996726,0.04,0.02,0.02,True,True,False,FULL_TP2,47.3051821504414,74.33671480783596,0.2,121.44189695827735,7395.7299774806,1.6694677969030525,19.70115555647996,18.771897678746303,2026-05,9238.153041686146,12.0,9533.48006384435,2026-05-12,162.83976439356803,10079.67207034104,True,173.0093918539182,10709.165181311875,,,,,,,,,,,,,
133,NAS100,SELL,2026-05-12 17:00:00.041000+00:00,2026-05-12 17:19:06.648000+00:00,19.110116666666663,29031.4,29049.2,2.7999999999992724,0.08,0.04,0.04,False,False,False,SL,-35.18167621725879,-35.18167621725879,0.4,-70.76335243451759,6842.423064205565,-1.0235996567977648,36.17180630154869,87.95419054314779,2026-05,9116.71114472787,17.0,9412.038166886072,2026-05-12,-104.24251474148222,9975.42955559956,True,-110.75264170217196,10598.412539609702,,,,,,,,,,,,,
147,XAUUSD,SELL,2026-05-13 08:40:00.168000+00:00,2026-05-13 19:09:54.374000+00:00,629.9034333333333,4696.86,4701.1,0.2799999999997453,0.05,0.02,0.03,True,False,True,TP1_THEN_BE,44.03759031768277,0.839999999999236,0.25,44.62759031768201,7440.357567798282,0.6034237384757071,17.416864851759417,17.47523425304875,2026-05,9282.780632003827,8.0,9578.107654162031,2026-05-13,59.83306304752358,10035.262618647082,True,63.56974225036448,10661.982281860068,,,,,,,,,,,,,
134,NAS100,BUY,2026-05-13 17:45:00.196000+00:00,2026-05-13 20:01:46.615000+00:00,136.77365,29194.1,29192.7,2.400000000001455,0.07,0.04,0.03,True,True,False,FULL_TP2,60.64257753178826,60.6425775317879,0.35,120.93515506357616,6963.358219269142,1.767431711380408,22.590160464756693,101.07096255298067,2026-05,9403.715787067404,17.0,9699.042809225608,2026-05-13,174.28602732679357,10209.548645973877,True,185.1704938823587,10847.152775742426,,,,,,,,,,,,,
135,NAS100,BUY,2026-05-14 08:50:00.148000+00:00,2026-05-14 12:37:17.867000+00:00,227.29531666666665,29529.7,29513.4,2.600000000002183,0.07,0.04,0.03,False,False,False,SL,-38.32434669928189,-28.743260024461414,0.35,-67.41760672374329,6895.940612545399,-0.9681766268635148,21.549909153332475,95.81086674820396,2026-05,9336.29818034366,8.0,9631.625202501866,2026-05-14,-99.81282817154788,10109.73581780233,True,-106.04631347563668,10741.10646226679,,,,,,,,,,,,,
136,NAS100,BUY,2026-05-14 16:40:00.080000+00:00,2026-05-14 18:20:31.366000+00:00,100.52143333333332,29552.2,29515.5,2.599999999998545,0.08,0.04,0.04,True,True,False,FULL_TP2,52.76965658443515,70.35954211258067,0.4,122.72919869701582,7018.669811242415,1.779731085179902,16.383277246351753,87.94942764072573,2026-05,9459.027379040675,16.0,9754.354401198882,2026-05-14,176.7799040738413,10286.51572187617,True,187.82011758435905,10928.926579851148,,,,,,,,,,,,,
137,NAS100,BUY,2026-05-14 20:55:00.155000+00:00,2026-05-14 21:00:00.037000+00:00,4.998033333333334,29657.5,29665.0,2.599999999998545,0.07,0.04,0.03,False,False,False,EOD_EXIT,-3.8399999999994177,-2.879999999999564,0.35,-7.069999999998981,7011.599811242416,-0.1007313378480113,17.545038547864557,104.26966896206687,2026-05,9451.957379040678,20.0,9747.284401198882,2026-05-14,-10.372192953317947,10276.143528922852,True,-11.01995450391301,10917.906625347236,,,,,,,,,,,,,
148,XAUUSD,SELL,2026-05-15 07:20:00.426000+00:00,2026-05-15 08:32:06.183000+00:00,72.09594999999999,4610.79,4614.13,0.2799999999997453,0.04,0.02,0.02,True,True,False,FULL_TP2,47.91029738976249,75.28761018391378,0.2,122.99790757367629,7563.355475371958,1.6531182332689056,28.795804373553423,19.01202277371559,2026-05,9574.955286614351,7.0,9870.28230877256,2026-05-15,167.11420692839047,10443.257735851244,True,177.55078078443032,11095.457406131663,,,,,,,,,,,,,
149,XAUUSD,SELL,2026-05-15 10:45:00.119000+00:00,2026-05-15 12:50:01.443000+00:00,125.02206666666666,4574.8,4577.56,0.2799999999997453,0.04,0.02,0.02,True,True,False,FULL_TP2,53.73049043925312,84.43362783311204,0.2,137.96411827236517,7701.3195936443235,1.824112574393844,36.38914399359084,21.321623190179743,2026-05,9826.485458360768,10.0,10121.812480518976,2026-05-15,187.08415199478537,10630.341887846029,True,198.7678837700546,11294.22528990172,,,,,,,,,,,,,
138,NAS100,SELL,2026-05-15 11:00:00.017000+00:00,2026-05-15 12:49:09.383000+00:00,109.1561,29271.2,29333.6,2.600000000002183,0.06,0.03,0.03,True,True,False,FULL_TP2,48.799737203164845,65.06631627088572,0.3,113.56605347405058,7125.165864716467,1.6196881814612194,24.660711479250374,108.4438604514767,2026-05,9688.521340088404,11.0,9983.84836224661,2026-05-15,169.434087318696,10799.775975164725,True,180.0155417535664,11474.240831655286,,,,,,,,,,,,,
150,XAUUSD,SELL,2026-05-15 14:45:00.092000+00:00,2026-05-15 17:17:19.730000+00:00,152.3273,4556.52,4551.23,0.2800000000006548,0.04,0.02,0.02,True,False,True,TP1_THEN_BE,57.288094237699625,0.5600000000013097,0.2,57.64809423770093,7758.967687882025,0.7485482654852583,43.435013599970425,22.73337072924622,2026-05,9938.597966824182,14.0,10233.924988982388,2026-05-15,80.24089391875052,10880.016869083474,True,85.2520777734933,11559.49290942878,,,,,,,,,,,,,
139,NAS100,SELL,2026-05-15 14:55:00.120000+00:00,2026-05-15 17:13:25.747000+00:00,138.42711666666668,29182.1,29223.3,2.600000000002183,0.06,0.03,0.03,True,False,True,TP1_THEN_BE,53.98441422571159,0.7800000000006547,0.3,54.46441422571225,7179.630278942179,0.7643950366884485,30.30399916344909,119.96536494602567,2026-05,9880.94987258648,14.0,10176.276894744688,2026-05-15,82.5354123426822,10962.552281426157,True,87.68989287719603,11647.182802305975,,,,,,,,,,,,,
151,XAUUSD,SELL,2026-05-15 18:30:00+00:00,2026-05-15 21:00:00.029000+00:00,150.00048333333334,4543.82,4546.79,0.2799999999997453,0.03,0.02,0.01,False,False,False,EOD_EXIT,-26.10000000000036,-13.05000000000018,0.15,-39.30000000000054,7719.667687882024,-0.5065106800403277,48.219658846755415,25.072554961422355,2026-05,9831.341485571107,18.0,10126.668507729317,2026-05-15,-55.80917755518778,10906.74310387097,True,-59.29455808689293,11587.888244219082,,,,,,,,,,,,,
140,NAS100,SELL,2026-05-15 19:00:00.047000+00:00,2026-05-15 20:25:15.406000+00:00,85.25598333333333,29208.1,29210.3,2.7999999999992724,0.05,0.02,0.03,False,False,False,SL,-27.08259250122865,-40.62388875184297,0.25,-67.95648125307162,7111.673797689107,-0.9465178374489234,34.522468115508126,135.412962506145,2026-05,9870.64148557111,19.0,10165.968507729318,2026-05-15,-104.22073682725978,10802.52236704371,True,-110.7295037192014,11477.15874049988,,,,,,,,,,,,,
142,NAS100,SELL,2026-05-19 06:55:00.141000+00:00,2026-05-19 17:16:06.794000+00:00,621.1108833333333,28928.0,28937.8,3.0,0.05,0.02,0.03,True,True,False,FULL_TP2,42.63413704862106,85.26827409724174,0.25,127.6524111458628,7172.731603623274,1.811937206925472,21.243149718375488,142.11379016206956,2026-05,9947.072777419631,6.0,10308.994404789535,2026-05-19,192.2514465637698,10994.77381360748,True,204.2578849023908,11681.416625402271,,,,,,,,,,,,,
152,XAUUSD,SELL,2026-05-19 10:40:00.127000+00:00,2026-05-19 11:00:00.339000+00:00,20.003533333333333,4542.41,4543.37,0.2899999999999636,0.04,0.02,0.02,False,False,False,SL,-34.86306397877706,-34.86306397877706,0.2,-69.92612795755413,7649.7415599244705,-0.9058178510367864,18.395897434696188,19.368368877098288,2026-05,9694.820752401858,10.0,10056.742379771764,2026-05-19,-100.50299798131653,10894.270815626163,True,-106.77958559445038,11574.637039807822,,,,,,,,,,,,,
153,XAUUSD,SELL,2026-05-19 11:20:00.211000+00:00,2026-05-19 16:23:41.733000+00:00,303.69203333333337,4540.58,4544.35,0.2799999999997453,0.04,0.02,0.02,True,True,False,FULL_TP2,48.53318317241065,76.26643069950114,0.2,124.5996138719118,7774.3411737963825,1.628808148561061,17.54432728790855,19.25919967159121,2026-05,9819.42036627377,11.0,10181.341993643677,2026-05-19,174.6028257183108,11068.873641344477,True,185.5070768862755,11760.144116694097,,,,,,,,,,,,,
154,XAUUSD,SELL,2026-05-19 20:45:00.219000+00:00,2026-05-19 21:00:00.141000+00:00,14.9987,4500.73,4504.49,0.2800000000006548,0.04,0.02,0.02,False,False,False,EOD_EXIT,6.299999999999272,6.299999999999272,0.2,12.399999999998546,7786.741173796381,0.1594990459357902,25.36208318305772,22.62668425560064,2026-05,9959.472777419627,20.0,10321.394404789537,2026-05-19,17.626633541453383,11086.500274885928,True,18.727447566604187,11778.8715642607,,,,,,,,,,,,,
156,XAUUSD,SELL,2026-05-20 12:25:00.020000+00:00,2026-05-20 13:36:00.800000+00:00,71.01299999999999,4474.32,4479.2,0.2799999999997453,0.04,0.02,0.02,False,False,False,SL,-35.69173872694046,-35.69173872694046,0.2,-71.58347745388092,7639.317005339564,-0.9283413475976828,31.851201138958697,19.82874373718936,2026-05,9812.04860896281,12.0,10249.810927335657,2026-05-20,-103.8849732135793,10982.61530167235,True,-110.3727710819007,11668.4987931788,,,,,,,,,,,,,
143,NAS100,BUY,2026-05-20 19:40:00.097000+00:00,2026-05-20 21:00:00.020000+00:00,79.99871666666667,29228.7,29176.6,2.599999999998545,0.06,0.03,0.03,False,False,False,EOD_EXIT,17.01000000000022,17.01000000000022,0.3,33.72000000000044,7206.451603623274,0.470113784586153,15.915756260009912,128.10664450310554,2026-05,9845.768608962811,19.0,10283.530927335656,2026-05-20,51.389200724833735,11034.004502397183,True,54.59854599011929,11723.09733916892,,,,,,,,,,,,,
144,NAS100,BUY,2026-05-21 11:05:00.100000+00:00,2026-05-21 13:30:28.352000+00:00,145.47086666666667,29311.3,29289.4,2.600000000002183,0.07,0.04,0.03,False,False,False,SL,-43.44649264220352,-32.58486948165264,0.35,-76.38136212385615,7130.070241499418,-1.059902519645771,17.643881699944533,108.61623160551012,2026-05,9769.387246838956,11.0,10207.1495652118,2026-05-21,-118.20252326106444,10915.801979136118,True,-125.58447711561,11597.512862053309,,,,,,,,,,,,,
157,XAUUSD,SELL,2026-05-21 17:40:00.071000+00:00,2026-05-21 20:10:28.735000+00:00,150.47773333333333,4504.73,4508.72,0.2799999999997453,0.04,0.02,0.02,False,False,False,SL,-35.99025175989118,-35.99025175989118,0.2,-72.18050351978236,7567.136501819782,-0.9448554559174752,20.60832751706902,19.99458431105104,2026-05,9697.206743319171,17.0,10134.969061692018,2026-05-21,-104.12235632154936,10811.679622814569,True,-110.6249791792241,11486.887882874084,,,,,,,,,,,,,
145,NAS100,BUY,2026-05-22 06:00:00.143000+00:00,2026-05-22 13:32:49.753000+00:00,452.82683333333335,29495.2,29495.5,2.400000000001455,0.06,0.03,0.03,False,False,False,SL,-33.74481533501603,-33.74481533501603,0.3,-67.78963067003205,7062.280610829386,-0.950756842134226,21.63399951079373,112.48271778338578,2026-05,9629.41711264914,6.0,10067.179431021985,2026-05-22,-103.779474215375,10707.900148599194,True,-110.26068348715076,11376.627199386934,,,,,,,,,,,,,
158,XAUUSD,SELL,2026-05-22 10:10:00.257000+00:00,2026-05-22 19:30:34.298000+00:00,560.5673499999999,4522.43,4525.34,0.2799999999997453,0.05,0.02,0.03,True,False,True,TP1_THEN_BE,43.64085767011966,0.839999999999236,0.25,44.230857670118894,7611.367359489901,0.5845124857927704,15.09594901359349,17.317800662745903,2026-05,9673.64797031926,10.0,10111.410288692105,2026-05-22,62.22529869459316,10770.125447293787,True,66.11137718831773,11442.738576575251,,,,,,,,,,,,,
146,NAS100,BUY,2026-05-22 17:35:00.053000+00:00,2026-05-22 21:00:00.057000+00:00,205.00006666666667,29550.1,29541.4,2.600000000002183,0.07,0.04,0.03,True,False,False,EOD_EXIT,58.79488444498275,24.62999999999956,0.35,83.07488444498232,7145.355495274369,1.1763180907537756,22.85614060479899,97.99147407497138,2026-05,9756.722854764244,17.0,10194.485173137087,2026-05-22,125.21797237151164,10895.343419665298,True,133.03805326576392,11575.776629841015,,,,,,,,,,,,,
147,NAS100,BUY,2026-05-25 10:55:00.097000+00:00,2026-05-25 19:59:59.958000+00:00,544.9976833333334,29922.9,29921.4,2.8000000000029104,0.09,0.04,0.05,False,False,False,EOD,0.0,0.0,0.4499999999999999,-0.4499999999999999,7144.905495274369,-0.0062977972236316,32.08672788736872,82.41892345897104,2026-05,9756.272854764242,10.0,10194.035173137088,2026-05-25,-0.6862098514937892,10894.657209813804,True,-0.7290648542340759,11575.04756498678,,,,,,,,,,,,,
159,XAUUSD,BUY,2026-05-25 12:30:00.119000+00:00,2026-05-25 21:00:00.049000+00:00,509.9988333333333,4564.9,4558.84,0.2600000000002183,0.05,0.02,0.03,True,False,False,EOD_EXIT,38.989423830340456,18.66000000000076,0.25,57.39942383034122,7668.766783320242,0.754127624109159,21.61284960762468,15.471993583468134,2026-05,9813.672278594582,12.0,10251.434596967429,2026-05-25,81.54466869856189,10976.201878512366,True,86.63727556353963,11661.68484055032,,,,,,,,,,,,,
160,XAUUSD,SELL,2026-05-26 07:20:00.239000+00:00,2026-05-26 13:34:50.157000+00:00,374.8319666666667,4535.47,4538.06,0.3899999999994179,0.06,0.03,0.03,True,False,True,TP1_THEN_BE,53.52580558864156,1.1699999999982538,0.3,54.39580558863982,7723.162588908882,0.7093162059244263,20.47743962463654,14.160266028741033,2026-05,9797.687365403424,7.0,10235.44968377627,2026-05-26,77.30762321935961,11053.509501731724,True,82.13561920003332,11743.820459750354,,,,,,,,,,,,,
148,NAS100,SELL,2026-05-26 07:40:00.318000+00:00,2026-05-26 13:19:27.493000+00:00,339.4529166666667,29765.3,29765.4,2.599999999998545,0.11,0.06,0.05,False,False,False,SL,-38.089482970798414,-31.741235808998685,0.55,-70.38071877979709,7074.524776494572,-0.985047581473916,22.57835379316256,63.48247161799817,2026-05,9743.291559814785,7.0,10181.053878187631,2026-05-26,-109.9655409160461,10943.54396081568,True,-116.83308084867107,11626.987378901682,,,,,,,,,,,,,
161,XAUUSD,SELL,2026-05-26 14:30:00.010000+00:00,2026-05-26 15:53:37.668000+00:00,83.62763333333334,4519.27,4523.53,0.2800000000006548,0.06,0.03,0.03,True,False,True,TP1_THEN_BE,57.2714603578388,0.8400000000019645,0.3,57.811460357840765,7780.974049266722,0.7485464625704363,25.33389220658468,15.15117998884649,2026-05,9855.498825761266,14.0,10293.26114413411,2026-05-26,81.30887647988048,11024.85283729556,True,86.38675770931725,11713.374136611,,,,,,,,,,,,,
149,NAS100,BUY,2026-05-26 16:40:00.077000+00:00,2026-05-26 16:48:43.954000+00:00,8.731283333333332,29887.5,29817.0,2.599999999998545,0.12,0.06,0.06,True,True,False,FULL_TP2,54.64438179190256,72.85917572253601,0.6,126.90355751443856,7201.4283340090105,1.793810348026222,18.89133066372152,60.71597976877956,2026-05,9982.402383275705,16.0,10420.164701648551,2026-05-26,194.2799374283418,11219.132774723905,True,206.4130585614033,11919.787195172405,,,,,,,,,,,,,
162,XAUUSD,SELL,2026-05-26 17:05:00.118000+00:00,2026-05-26 21:00:00.017000+00:00,234.99831666666665,4515.48,4517.26,0.2799999999997453,0.05,0.02,0.03,True,False,False,EOD_EXIT,43.06304611423002,78.0,0.25,120.81304611423002,7901.787095380952,1.552672523379196,26.28342206020092,17.088510362789982,2026-05,10103.215429389937,17.0,10540.97774776278,2026-05-26,171.5330454887487,11390.665820212653,True,182.24558352426035,12102.032778696665,,,,,,,,,,,,,
150,NAS100,BUY,2026-05-26 20:40:00.022000+00:00,2026-05-26 21:00:00.017000+00:00,19.999916666666664,29939.3,29937.6,2.5,0.09,0.04,0.05,False,False,False,EOD_EXIT,5.1200000000011645,6.400000000001455,0.4499999999999999,11.07000000000262,7212.498334009013,0.1537195051671088,20.97715021337819,82.69150869887847,2026-05,10114.285429389938,20.0,10552.047747762785,2026-05-26,17.482800659406895,11408.148620872058,True,18.5746320700691,12120.607410766732,,,,,,,,,,,,,
163,XAUUSD,SELL,2026-05-27 08:30:00.095000+00:00,2026-05-27 13:30:54.889000+00:00,300.9132333333334,4496.56,4507.34,0.2799999999997453,0.05,0.02,0.03,True,True,False,FULL_TP2,42.27163534123429,99.64028330433756,0.25,141.66191864557186,8043.449014026524,1.79278328985074,20.1970790652963,16.774458468743752,2026-05,10382.159051521134,8.0,10819.921369893978,2026-05-27,200.9212986877076,11609.069919559766,True,213.46918442134975,12334.076595188082,,,,,,,,,,,,,
151,NAS100,BUY,2026-05-27 10:10:00.135000+00:00,2026-05-27 13:15:14.844000+00:00,185.24515,30071.5,30070.6,2.599999999998545,0.11,0.06,0.05,True,True,False,FULL_TP2,60.04501744055815,66.71668604506522,0.55,126.21170348562336,7338.710037494637,1.7499027055645715,28.601136233244848,66.71668604506444,2026-05,10240.497132875562,10.0,10678.259451248408,2026-05-27,199.6536834055855,11808.723602965352,True,212.12240435272585,12546.198999540808,,,,,,,,,,,,,
164,XAUUSD,SELL,2026-05-27 18:10:00.101000+00:00,2026-05-27 19:35:30.597000+00:00,85.50826666666667,4431.99,4429.51,0.2799999999997453,0.04,0.02,0.02,False,False,False,SL,-40.901230883093376,-40.901230883093376,0.2,-82.00246176618676,7961.446552260338,-1.0194937721764286,25.55706288207348,22.722906046163413,2026-05,10300.156589754946,18.0,10737.918908127793,2026-05-27,-121.62920386430407,11687.094399101048,True,-129.22515990247064,12416.973839638336,,,,,,,,,,,,,
152,NAS100,SELL,2026-05-27 20:05:00.030000+00:00,2026-05-27 21:00:00.014000+00:00,54.99973333333333,29854.1,29932.5,2.5,0.07,0.04,0.03,False,False,False,EOD_EXIT,-0.080000000000291,-0.0600000000002182,0.35,-0.4900000000005093,7338.220037494636,-0.0066769227493254,28.23425190090325,99.6429281096268,2026-05,10299.666589754946,20.0,10737.428908127791,2026-05-27,-0.7803903707309147,11686.314008730316,True,-0.8291271112533135,12416.144712527082,,,,,,,,,,,,,
153,NAS100,SELL,2026-05-28 16:45:00.039000+00:00,2026-05-28 17:10:04.500000+00:00,25.07435,29892.0,29915.3,2.600000000002183,0.08,0.04,0.04,False,False,False,SL,-37.73199267833843,-37.73199267833843,0.4,-75.86398535667686,7262.356052137959,-1.0338199858964412,15.089608792154726,94.32998169584717,2026-05,10138.35158181406,16.0,10661.564922771116,2026-05-28,-122.07751154955392,11564.236497180762,True,-129.70146518501238,12286.44324734207,,,,,,,,,,,,,
166,XAUUSD,BUY,2026-05-29 07:10:00.051000+00:00,2026-05-29 12:50:31.193000+00:00,340.5190333333333,4502.31,4503.6,0.3000000000001819,0.05,0.02,0.03,True,True,False,FULL_TP2,45.040427804497085,106.16672268203,0.25,150.9571504865271,8026.952680162654,1.9166738975121624,32.90334858895939,17.873185636705227,2026-05,10289.308732300588,7.0,10812.522073257642,2026-05-29,217.4803139777985,11781.71681115856,True,231.0623391136782,12517.505586455747,,,,,,,,,,,,,
154,NAS100,BUY,2026-05-29 11:35:00.251000+00:00,2026-05-29 16:45:00.726000+00:00,310.00791666666663,30282.5,30281.1,2.599999999998545,0.1,0.05,0.05,True,True,False,FULL_TP2,53.6631399661801,71.55085328823952,0.5,124.71399325441962,7387.070045392379,1.7172663025479886,24.849032686125486,71.55085328824015,2026-05,10334.630627423629,11.0,10857.843968380685,2026-05-29,198.9076781299512,11980.624489288512,True,211.32980974576373,12728.835396201512,,,,,,,,,,,,,
168,XAUUSD,BUY,2026-05-29 16:35:00.071000+00:00,2026-05-29 17:30:38.349000+00:00,55.63796666666666,4531.4,4525.21,0.2799999999997453,0.05,0.02,0.03,True,False,True,TP1_THEN_BE,45.34721309772249,0.839999999999236,0.25,45.93721309772173,7993.497795128997,0.5780039374796545,40.93910943621355,17.994925832429303,2026-05,10380.567840521351,16.0,10903.781181478404,2026-05-29,68.16274076147273,11929.10686960337,True,73.15035783677175,12801.985754038284,,,,,,,,,,,,,
155,NAS100,BUY,2026-05-29 18:30:00.059000+00:00,2026-05-29 20:57:10.145000+00:00,147.16809999999998,30361.9,30360.6,2.599999999998545,0.08,0.04,0.04,False,False,False,SL,-35.3025385196248,-35.3025385196248,0.4,-71.0050770392496,7316.064968353129,-0.9612075776043086,28.94438645976184,88.25634629906293,2026-05,10309.5627634821,18.0,10832.776104439155,2026-05-29,-115.77633002844938,11813.33053957492,True,-124.24793774425495,12677.73781629403,,,,,,,,,,,,,
156,NAS100,BUY,2026-06-02 14:35:00.007000+00:00,2026-06-02 16:08:33.362000+00:00,93.55591666666666,30536.8,30540.8,2.599999999998545,0.1,0.05,0.05,False,False,False,SL,-35.590780940718105,-35.590780940718105,0.5,-71.68156188143621,7244.383406471693,-0.9797830143869264,17.16484297407088,71.18156188143692,2026-06,10305.611784341369,14.0,10761.09454255772,2026-06-02,-116.89027714103618,11696.440262433884,True,-125.44339480755164,12552.294421486478,,,,,,,,,,,,,
157,NAS100,BUY,2026-06-02 16:55:00.078000+00:00,2026-06-02 19:06:30.185000+00:00,131.50178333333332,30573.6,30534.0,2.599999999998545,0.11,0.06,0.05,True,True,False,FULL_TP2,61.782630419217455,68.64736713246384,0.55,129.8799975516813,7374.263404023374,1.79283715761999,15.729853096636171,68.64736713246369,2026-06,10435.49178189305,16.0,10890.9745401094,2026-06-02,206.00479660374828,11902.445059037636,True,221.0786188951651,12773.373040381644,,,,,,,,,,,,,
171,XAUUSD,SELL,2026-06-03 07:25:00.658000+00:00,2026-06-03 11:23:57.066000+00:00,238.9401333333333,4477.07,4480.62,0.2799999999997453,0.06,0.03,0.03,True,True,False,FULL_TP2,56.5920978580907,88.93043949128423,0.3,145.22253734937493,8206.450915219077,1.8014938982258693,26.86336205857166,14.971454459812344,2026-06,10580.714319242425,7.0,11036.197077458775,2026-06-03,210.62738204275635,12113.07244108039,True,226.0394490380988,12999.41248941974,,,,,,,,,,,,,
172,XAUUSD,SELL,2026-06-03 15:20:00.004000+00:00,2026-06-03 17:11:18.030000+00:00,111.30043333333332,4457.93,4456.19,0.2800000000006548,0.06,0.03,0.03,True,False,True,TP1_THEN_BE,62.56549856008496,0.8400000000019645,0.3,63.10549856008693,8269.556413779164,0.7689743009740805,37.42681324579497,16.551719195789705,2026-06,10643.819817802512,15.0,11099.30257601886,2026-06-03,92.43560805935634,12205.508049139748,True,99.19932401285392,13098.611813432595,,,,,,,,,,,,,
173,XAUUSD,SELL,2026-06-03 18:10:00.074000+00:00,2026-06-03 21:00:00.040000+00:00,169.99943333333334,4445.84,4449.23,0.2800000000006548,0.05,0.02,0.03,False,False,False,EOD_EXIT,20.859999999998763,31.28999999999814,0.25,51.89999999999691,8321.45641377916,0.6276031917929533,41.42808359546257,18.31259732986515,2026-06,10695.71981780251,18.0,11151.20257601886,2026-06-03,76.12439893350698,12281.632448073256,True,81.6945879799873,13180.306401412585,,,,,,,,,,,,,
174,XAUUSD,BUY,2026-06-04 12:05:00.046000+00:00,2026-06-04 14:48:06.166000+00:00,163.102,4468.42,4467.3,0.2799999999997453,0.05,0.02,0.03,True,True,False,FULL_TP2,43.94228155660312,103.57823509770697,0.25,147.2705166543101,8468.72693043347,1.7697685276636292,30.846360345981765,17.437413316112295,2026-06,10842.99033445682,12.0,11298.473092673168,2026-06-04,213.57665335579648,12495.20910142905,True,229.20452499450096,13409.510926407083,,,,,,,,,,,,,
158,NAS100,SELL,2026-06-04 16:45:00.030000+00:00,2026-06-04 17:24:59.671000+00:00,39.99401666666667,30221.6,30200.6,2.600000000002183,0.07,0.04,0.03,False,False,False,SL,-39.91757473013422,-29.938181047600665,0.35,-70.20575577773488,7304.057648245639,-0.9520375382771228,35.68208118535239,99.79393682533627,2026-06,10772.784578679084,16.0,11228.267336895433,2026-06-04,-120.1025020356132,12375.106599393435,True,-128.89066523514143,13280.620261171942,,,,,,,,,,,,,
159,NAS100,SELL,2026-06-05 06:35:00.051000+00:00,2026-06-05 16:39:04.639000+00:00,604.0764666666668,30159.9,30165.1,2.8000000000029104,0.07,0.04,0.03,True,True,False,FULL_TP2,65.37060039642529,65.37060039642529,0.35,130.39120079285058,7434.448849038489,1.7851885496025517,34.197867257043725,108.9510006607094,2026-06,10957.987282267824,6.0,11497.60309695784,2026-06-05,216.8712021763956,12582.106353061685,True,232.92594492085732,13513.546206092798,,,,,,,,,,,,,
177,XAUUSD,SELL,2026-06-05 15:30:00.046000+00:00,2026-06-05 15:50:26.068000+00:00,20.4337,4452.98,4464.75,1.4600000000000364,0.06,0.03,0.03,True,True,False,FULL_TP2,56.77566193815983,89.21889733139597,0.3,145.69455926955578,8523.53843322936,1.7390460058871084,21.35605714051517,15.020016385756849,2026-06,10827.596081474972,15.0,11367.211896164989,2026-06-05,215.0684782091686,12797.174831270851,True,230.98976722974885,13744.535973322549,,,,,,,,,,,,,
178,XAUUSD,SELL,2026-06-05 20:45:00.019000+00:00,2026-06-05 21:00:00.030000+00:00,15.000183333333332,4339.98,4341.22,0.2799999999997453,0.04,0.02,0.02,False,False,False,EOD_EXIT,-1.639999999999418,-1.639999999999418,0.2,-3.479999999998836,8520.05843322936,-0.040828114136635,33.95972183684867,23.579853528137143,2026-06,10954.507282267825,20.0,11494.12309695784,2026-06-05,-5.226979223419231,12791.947852047431,True,-5.6139268952193175,13738.922046427328,,,,,,,,,,,,,
179,XAUUSD,SELL,2026-06-08 07:40:00.289000+00:00,2026-06-08 09:22:36.230000+00:00,102.59901666666666,4307.63,4311.28,0.2800000000006548,0.04,0.02,0.02,True,False,True,TP1_THEN_BE,58.14243221636208,0.5600000000013097,0.2,58.50243221636338,8578.560865445723,0.6866435562014002,45.77175654965336,23.072393736651616,2026-06,11013.009714484186,7.0,11552.625529174202,2026-06-08,87.23608468455821,12879.18393673199,True,93.69407857028168,13832.616124997608,,,,,,,,,,,,,
180,XAUUSD,SELL,2026-06-08 10:50:00+00:00,2026-06-08 14:15:00.405000+00:00,205.00675,4296.51,4298.39,0.2799999999997453,0.04,0.02,0.02,False,False,False,SL,-42.99618741653103,-42.99618741653103,0.2,-86.19237483306206,8492.36849061266,-1.0047416598772794,48.072626992748816,23.886770786961947,2026-06,10860.321832279064,10.0,11466.43315434114,2026-06-08,-130.7158834011772,12748.468053330813,True,-140.392640202267,13692.223484795342,,,,,,,,,,,,,
181,XAUUSD,BUY,2026-06-09 08:30:00.012000+00:00,2026-06-09 16:55:03.457000+00:00,505.05741666666665,4342.71,4332.82,0.2799999999997453,0.06,0.03,0.03,True,False,True,TP1_THEN_BE,64.40831820992844,0.839999999999236,0.3,64.94831820992768,8557.316808822588,0.764784503660205,24.524144331875515,17.03923762167414,2026-06,10925.270150488994,8.0,11531.381472551067,2026-06-09,96.75831552282465,12845.226368853637,True,103.92122995552512,13796.144714750868,,,,,,,,,,,,,
161,NAS100,BUY,2026-06-09 11:15:00.015000+00:00,2026-06-09 17:11:20.088000+00:00,356.33455,29631.4,29650.3,2.7999999999992724,0.06,0.03,0.03,False,False,False,SL,-38.45400669526025,-38.45400669526025,0.3,-77.20801339052049,7290.745328275912,-1.0478895537231798,18.70829033976991,128.18002231753565,2026-06,10848.062137098474,11.0,11454.17345916055,2026-06-09,-136.02922127102264,12709.197147582614,True,-146.09931878198407,13650.045395968884,,,,,,,,,,,,,
162,NAS100,SELL,2026-06-10 10:40:00.118000+00:00,2026-06-10 15:33:15.716000+00:00,293.2599666666667,28930.7,28937.9,4.5,0.04,0.02,0.02,True,False,True,TP1_THEN_BE,52.290782275960375,0.8999999999999999,0.2,52.99078227596037,7343.736110551872,0.726822566006313,29.758197899587927,174.3026075865348,2026-06,11050.946619751834,10.0,11657.05794181391,2026-06-10,93.28548956748308,13021.27011073469,True,98.49572108064288,13748.541117049526,,,,,,,,,,,,,
183,XAUUSD,SELL,2026-06-10 17:40:00+00:00,2026-06-10 20:44:42.403000+00:00,184.7067166666667,4149.94,4157.78,0.2800000000006548,0.04,0.02,0.02,True,True,False,FULL_TP2,68.33618316288266,107.38543068452964,0.2,175.5216138474123,8882.7321230474,2.0158191152259057,42.00312410755432,27.11753300114395,2026-06,11226.468233599246,17.0,11832.579555661325,2026-06-10,257.29857801848624,13278.568688753176,True,271.6693570721068,14020.210474121634,,,,,,,,,,,,,
163,NAS100,SELL,2026-06-10 18:05:00.053000+00:00,2026-06-10 21:00:00.147000+00:00,175.00156666666666,28809.1,28884.7,2.899999999997817,0.03,0.02,0.01,False,False,False,EOD_EXIT,23.92000000000044,11.96000000000022,0.15,35.73000000000066,7379.466110551873,0.4865370904145356,29.815034101641263,211.01997298965205,2026-06,11262.198233599249,18.0,11868.309555661324,2026-06-10,64.29235559070526,13342.86104434388,True,67.88324693626275,14088.093721057896,,,,,,,,,,,,,
164,NAS100,BUY,2026-06-11 14:50:00.012000+00:00,2026-06-11 15:22:43.248000+00:00,32.720600000000005,28887.0,28886.9,2.600000000002183,0.05,0.02,0.03,False,False,False,SL,-30.48714693310176,-45.73072039965264,0.25,-76.4678673327544,7302.998243219118,-1.0362249272127324,17.841001880682757,152.43573466550987,2026-06,11185.730366266493,14.0,11791.841688328568,2026-06-11,-139.70975949852104,13203.15128484536,True,-147.51290439286808,13940.580816665028,,,,,,,,,,,,,
165,NAS100,BUY,2026-06-11 16:50:00.002000+00:00,2026-06-11 17:57:35.557000+00:00,67.59258333333334,28963.9,28813.6,3.2999999999992724,0.05,0.02,0.03,False,False,False,SL,-31.6038154678281,-47.40572320174215,0.25,-79.25953866957025,7223.738704549548,-1.085301351991468,16.65291004111932,158.0190773391388,2026-06,11106.470827596922,16.0,11712.582149659,2026-06-11,-144.86621438318514,13058.285070462176,True,-152.95736037889134,13787.623456286135,,,,,,,,,,,,,
184,XAUUSD,SELL,2026-06-11 17:05:00.035000+00:00,2026-06-11 19:14:19.840000+00:00,129.3300833333333,4062.77,4077.57,0.2799999999997453,0.04,0.02,0.02,False,False,False,SL,-48.115546683086905,-48.115546683086905,0.2,-96.4310933661738,8786.301029681226,-1.0856017273781209,32.30624249355761,26.73085926838176,2026-06,11010.039734230748,17.0,11616.151056292823,2026-06-11,-143.31681814429447,12914.968252317882,True,-151.32142642499622,13636.30202986114,,,,,,,,,,,,,
168,NAS100,BUY,2026-06-12 17:15:00.094000+00:00,2026-06-12 17:47:21.736000+00:00,32.3607,29604.1,29565.9,6.5,0.04,0.02,0.02,False,False,False,SL,-36.09543700814902,-36.09543700814902,0.2,-72.39087401629804,7216.574437527005,-0.9931570658136472,21.0783765871123,180.4771850407452,2026-06,11002.875467208203,17.0,11608.986789270282,2026-06-12,-128.33225857249974,12664.98332587398,True,-136.78842099356825,13499.513608867572,,,,,,,,,,,,,
169,NAS100,BUY,2026-06-12 17:50:00.019000+00:00,2026-06-12 18:24:07.548000+00:00,34.125483333333335,29619.1,29399.1,8.399999999997817,0.04,0.02,0.02,True,True,False,FULL_TP2,54.1431555122239,72.19087401629804,0.2,126.13402952852194,7342.708467055527,1.7478379890687563,21.0783765871123,180.4771850407452,2026-06,11129.009496736726,17.0,11735.120818798803,2026-06-12,217.56077991812583,12882.544105792103,True,231.89645289627015,13731.41006176384,,,,,,,,,,,,,
185,XAUUSD,BUY,2026-06-12 18:00:00.051000+00:00,2026-06-12 21:00:00.045000+00:00,179.9999,4203.26,4204.23,0.2799999999997453,0.04,0.02,0.02,False,False,False,EOD_EXIT,34.36000000000058,34.36000000000058,0.2,68.52000000000116,8854.821029681227,0.7798503576024998,20.146934506310263,26.59325106972104,2026-06,11233.529496736726,18.0,11803.640818798804,2026-06-12,99.68715563759596,12982.2312614297,True,106.25581412411064,13837.665875887951,,,,,,,,,,,,,
170,NAS100,BUY,2026-06-12 19:25:00.072000+00:00,2026-06-12 21:00:00.045000+00:00,94.99955,29610.5,29611.4,9.100000000002185,0.04,0.02,0.02,False,False,False,EOD_EXIT,18.1,18.1,0.2,36.0,7378.708467055527,0.4902823006186467,19.176631198771627,201.4415524075814,2026-06,11165.009496736726,19.0,11839.640818798804,2026-06-12,63.33904198792249,13045.570303417624,True,67.51262416127891,13905.178500049233,,,,,,,,,,,,,
171,NAS100,BUY,2026-06-15 07:20:00.228000+00:00,2026-06-15 18:05:55.888000+00:00,645.9276666666667,30241.5,30238.9,2.8000000000029104,0.05,0.02,0.03,True,True,False,FULL_TP2,47.60460282430577,95.20920564861188,0.25,142.56380847291766,7521.272275528445,1.9320970480055804,26.68783168007168,158.68200941435288,2026-06,11529.523302834608,7.0,12135.634624896687,2026-06-15,247.2754765450558,13292.84577996268,True,263.5691319024173,14168.747631951648,,,,,,,,,,,,,
186,XAUUSD,BUY,2026-06-15 10:25:00.068000+00:00,2026-06-15 16:32:08.247000+00:00,367.1363166666667,4316.66,4316.71,0.2799999999997453,0.04,0.02,0.02,True,True,False,FULL_TP2,59.74499907637437,93.88499854858856,0.2,153.42999762496294,9008.251027306187,1.732728387289454,33.913837300318505,23.70833296681552,2026-06,11386.959494361688,10.0,11993.07081642377,2026-06-15,226.40591278666528,13519.251692749343,True,241.32441568617384,14410.072047637825,,,,,,,,,,,,,
187,XAUUSD,BUY,2026-06-15 18:50:00.017000+00:00,2026-06-15 19:38:09.103000+00:00,48.15143333333333,4356.6,4357.27,0.2800000000006548,0.05,0.02,0.03,False,False,False,SL,-38.166756379994695,-57.25013456999204,0.25,-95.66689094998674,8912.584136356203,-1.061991841257501,40.724584261394696,21.20375354444177,2026-06,11433.85641188462,18.0,12039.9677339467,2026-06-15,-145.11445363414464,13374.1372391152,True,-154.67644064524134,14255.39560699258,,,,,,,,,,,,,
172,NAS100,BUY,2026-06-16 06:15:00.094000+00:00,2026-06-16 14:19:03.341000+00:00,484.0541166666666,30541.5,30527.4,2.600000000002183,0.08,0.04,0.04,True,True,False,FULL_TP2,54.21473212936398,72.2863095058201,0.4,126.10104163518407,7647.373317163629,1.6765918984939847,44.30331589907528,90.35788688227444,2026-06,11559.957453519804,6.0,12166.068775581884,2026-06-16,220.5322751851538,13594.669514300354,True,235.0637480883593,14490.45935508094,,,,,,,,,,,,,
188,XAUUSD,BUY,2026-06-16 10:00:00.054000+00:00,2026-06-16 17:18:59.632000+00:00,438.9929666666667,4326.79,4324.09,0.2799999999997453,0.06,0.03,0.03,True,False,True,TP1_THEN_BE,60.75635996947676,0.839999999999236,0.3,61.296359969476,8973.880496325679,0.6877507020599779,21.04342201146876,16.07311110303643,2026-06,11621.253813489278,10.0,12227.36513555136,2026-06-16,92.85879799221853,13687.528312292572,True,98.97751737565233,14589.436872456592,,,,,,,,,,,,,
189,XAUUSD,BUY,2026-06-16 18:55:00.059000+00:00,2026-06-16 21:00:00.001000+00:00,124.99903333333332,4335.1,4338.09,0.2799999999997453,0.06,0.03,0.03,False,False,False,EOD_EXIT,6.510000000000218,6.510000000000218,0.3,12.720000000000436,8986.60049632568,0.1417447001351153,19.979122177603845,16.29009840279852,2026-06,11633.97381348928,18.0,12240.08513555136,2026-06-16,19.3738845076682,13706.90219680024,True,20.65048258165373,14610.087355038246,,,,,,,,,,,,,
173,NAS100,SELL,2026-06-17 16:35:00.034000+00:00,2026-06-17 16:43:58.601000+00:00,8.976116666666666,30154.8,30185.9,3.399999999997817,0.09,0.04,0.05,False,False,False,SL,-34.33383884803625,-42.91729856004531,0.4499999999999999,-77.70113740808156,7569.672179755547,-1.0160500107100894,27.22245902192456,85.83459712009187,2026-06,11556.272676081198,16.0,12162.38399814328,2026-06-17,-140.69854885936482,13566.203647940874,True,-149.96955986468652,14460.11779517356,,,,,,,,,,,,,
174,NAS100,SELL,2026-06-17 16:45:00.097000+00:00,2026-06-17 17:00:00.366000+00:00,15.004483333333331,30197.0,30264.7,3.700000000000728,0.09,0.04,0.05,True,True,False,FULL_TP2,51.50075827205583,85.83459712009244,0.4499999999999999,136.88535539214828,7706.557535147695,1.808339279978817,27.22245902192456,85.83459712009187,2026-06,11693.158031473347,16.0,12299.269353535426,2026-06-17,240.9655153032029,13807.169163244078,True,256.843390109943,14716.961185283502,,,,,,,,,,,,,
175,NAS100,SELL,2026-06-17 17:35:00.058000+00:00,2026-06-17 18:18:25.538000+00:00,43.42466666666667,30168.8,30204.7,4.200000000000728,0.08,0.04,0.04,True,False,True,TP1_THEN_BE,56.11927553833666,1.680000000000291,0.4,57.39927553833695,7763.956810686032,0.7448108351433582,27.372285624839066,93.53212589722806,2026-06,11750.557307011684,17.0,12356.668629073763,2026-06-17,102.07701131395756,13909.246174558037,True,108.8031439070377,14825.76432919054,,,,,,,,,,,,,
176,NAS100,SELL,2026-06-17 19:45:00.049000+00:00,2026-06-17 21:00:00.010000+00:00,74.99935,30151.3,30176.0,2.900000000001455,0.07,0.04,0.03,False,False,False,EOD_EXIT,-21.119999999999703,-15.83999999999978,0.35,-37.30999999999949,7726.646810686033,-0.4805539354449698,28.59656134736488,105.49300651342624,2026-06,11713.247307011685,19.0,12319.358629073764,2026-06-17,-67.16419004101941,13842.081984517015,True,-71.58982164903414,14754.174507541506,,,,,,,,,,,,,
190,XAUUSD,SELL,2026-06-18 08:45:00.012000+00:00,2026-06-18 12:00:29.149000+00:00,195.4856166666667,4303.16,4310.49,0.2800000000006548,0.04,0.02,0.02,True,True,False,FULL_TP2,61.26929275504699,96.28031718650163,0.2,157.34960994154864,9143.950106267228,1.7509358517259517,19.77711895068157,24.313211410732617,2026-06,11870.596916953233,8.0,12476.708239015312,2026-06-18,238.19532868512323,14080.27731320214,True,253.89066834255863,15008.065175884063,,,,,,,,,,,,,
177,NAS100,BUY,2026-06-18 15:20:00.111000+00:00,2026-06-18 16:36:06.547000+00:00,76.10726666666666,30211.4,30190.0,3.2999999999992724,0.07,0.04,0.03,True,False,True,TP1_THEN_BE,67.29564849775925,0.9899999999997816,0.35,67.93564849775903,7794.582459183792,0.8792384350194877,24.79730937676422,112.15941416293234,2026-06,11938.532565450992,15.0,12544.643887513072,2026-06-18,122.72020667042077,14202.99751987256,True,130.80657569014716,15138.871751574212,,,,,,,,,,,,,
191,XAUUSD,SELL,2026-06-18 17:05:00.017000+00:00,2026-06-18 21:00:00.051000+00:00,235.00056666666663,4243.49,4247.46,0.2799999999997453,0.04,0.02,0.02,True,False,False,EOD_EXIT,58.74160489789756,33.57999999999993,0.2,92.12160489789748,9236.071711165125,1.0074596189534946,23.542116285940665,23.310160673768664,2026-06,12030.65417034889,17.0,12636.76549241097,2026-06-18,141.66227448297536,14344.659794355535,True,150.99678799727843,15289.868539571493,,,,,,,,,,,,,
178,NAS100,BUY,2026-06-19 15:55:00.101000+00:00,2026-06-19 19:59:59.997000+00:00,244.99826666666667,30403.6,30390.6,3.899999999997817,0.09,0.04,0.05,False,False,False,EOD,0.0,0.0,0.4499999999999999,-0.4499999999999999,7794.132459183792,-0.0057732406111092,15.9706554820608,90.713286489813,2026-06,11848.4302642739,15.0,12636.06549241097,2026-06-19,-0.8281995387253109,14343.83159481681,True,-0.8827718644555465,15288.985767707036,,,,,,,,,,,,,
194,XAUUSD,SELL,2026-06-19 16:55:00.049000+00:00,2026-06-19 19:59:59.873000+00:00,184.99706666666668,4151.38,4158.1,0.2799999999997453,0.05,0.02,0.03,False,False,False,EOD,0.0,0.0,0.25,-0.25,9054.297805090137,-0.0027610434599446,40.81366557725888,19.91657619246173,2026-06,11848.8802642739,16.0,12636.51549241097,2026-06-19,-0.3960503592767019,14343.435544457532,True,-0.4221471972987206,15288.563620509738,,,,,,,,,,,,,
195,XAUUSD,BUY,2026-06-22 11:55:00.095000+00:00,2026-06-22 18:46:24.137000+00:00,411.4007,4197.31,4195.84,0.2799999999997453,0.05,0.02,0.03,False,False,False,SL,-37.05406060771384,-55.58109091157076,0.25,-92.8851515192846,8961.412653570853,-1.0258680851768152,26.33190020740401,20.58558922650747,2026-06,11755.545112754617,11.0,12543.180340891686,2026-06-22,-148.66988446549797,14194.765659992034,True,-158.46614850811608,15130.097472001622,,,,,,,,,,,,,
196,XAUUSD,SELL,2026-06-23 15:00:00.056000+00:00,2026-06-23 16:53:36.686000+00:00,113.6105,4122.42,4123.12,0.2799999999997453,0.05,0.02,0.03,False,False,False,SL,-34.39769909311144,-51.59654863966716,0.25,-86.2442477327786,8875.168405838074,-0.9623956742848224,32.335578123182195,19.109832829506505,2026-06,11729.555669220606,15.0,12517.190897357676,2026-06-23,-137.93731342425042,14056.828346567783,True,-147.02637909811878,14983.071092903505,,,,,,,,,,,,,
179,NAS100,SELL,2026-06-23 15:15:00.350000+00:00,2026-06-23 16:47:46.043000+00:00,92.76155,29565.1,29583.3,4.0,0.06,0.03,0.03,True,False,True,TP1_THEN_BE,59.35480419877094,1.2,0.3,60.25480419877095,7854.387263382563,0.7730790375235794,39.96283223276775,131.89956488615772,2026-06,11815.799916953383,15.0,12603.435145090456,2026-06-23,107.83673013258202,14164.665076700365,True,114.94238630275606,15098.01347920626,,,,,,,,,,,,,
198,XAUUSD,SELL,2026-06-24 10:50:00.070000+00:00,2026-06-24 14:15:45.246000+00:00,205.7529333333333,4078.77,4084.34,0.2799999999997453,0.05,0.02,0.03,True,True,False,FULL_TP2,53.02571787114629,124.98919212484545,0.25,177.76490999599173,9049.283315834064,2.003770965283802,36.73513483079949,21.041951536169258,2026-06,11949.770579216598,10.0,12737.405807353667,2026-06-24,279.76038919517987,14521.215704714252,True,296.58669240172844,15394.600171607988,,,,,,,,,,,,,
181,NAS100,SELL,2026-06-24 14:05:00.029000+00:00,2026-06-24 17:20:16.296000+00:00,195.27111666666667,29539.3,29575.9,3.2999999999992724,0.06,0.03,0.03,True,True,False,FULL_TP2,58.7227004224671,78.29693389662316,0.3,136.71963431909023,8037.206897701653,1.7305215458388608,41.00792450206404,130.49488982770507,2026-06,12086.490213535688,14.0,12874.125441672755,2026-06-24,247.0180656398053,14768.233770354058,True,261.8750683838595,15656.475239991849,,,,,,,,,,,,,
199,XAUUSD,SELL,2026-06-24 17:55:00.051000+00:00,2026-06-24 21:00:00.099000+00:00,185.0008,4007.93,4006.27,0.2800000000002001,0.04,0.02,0.02,True,False,False,EOD_EXIT,66.70811508375664,66.73999999999978,0.2,133.24811508375643,9182.53143091782,1.4724714702058708,39.39776951861258,26.47147423958597,2026-06,12363.437455668289,17.0,13151.07268380536,2026-06-24,214.30248595612645,14982.536256310184,True,227.19179675880463,15883.667036750652,,,,,,,,,,,,,
200,XAUUSD,SELL,2026-06-25 08:40:00.183000+00:00,2026-06-25 15:30:36.868000+00:00,410.6114166666667,3983.18,3984.83,0.2800000000002001,0.04,0.02,0.02,False,False,False,SL,-48.77158634770694,-48.77158634770694,0.2,-97.74317269541388,9084.788258222408,-1.0644469167435693,48.03872100439353,27.09532574872616,2026-06,12265.694282972874,8.0,13053.329511109949,2026-06-25,-164.0284568876917,15081.67881917212,True,-170.89226144642674,15712.774775304226,,,,,,,,,,,,,
184,NAS100,SELL,2026-06-25 19:50:00.029000+00:00,2026-06-25 21:00:00.001000+00:00,69.99953333333333,29456.0,29466.5,3.900000000001455,0.04,0.02,0.02,False,False,False,EOD_EXIT,-19.58000000000029,-19.58000000000029,0.2,-39.36000000000058,8058.206363338978,-0.4860719657476292,25.31594472626385,213.1086695731932,2026-06,12142.994621561353,19.0,13013.969511109946,2026-06-25,-73.66588190435155,15008.012937267767,True,-76.74844590350278,15636.026329400724,,,,,,,,,,,,,
201,XAUUSD,BUY,2026-06-26 15:55:00.048000+00:00,2026-06-26 17:15:57.807000+00:00,80.96265,4058.93,4046.51,0.2900000000004183,0.05,0.02,0.03,True,True,False,FULL_TP2,49.42671699794028,116.5058329237154,0.25,165.68254992165566,9250.470808144062,1.823735955229344,19.32647532778202,19.61377658648414,2026-06,12308.677171483008,15.0,13179.652061031602,2026-06-26,266.1589378743777,15126.477579142163,True,280.0524175068466,15916.07874690757,,,,,,,,,,,,,
202,XAUUSD,SELL,2026-06-29 16:35:00.074000+00:00,2026-06-29 17:15:07.243000+00:00,40.11948333333333,4036.04,4043.31,0.2800000000002001,0.06,0.03,0.03,True,True,False,FULL_TP2,70.30923027983408,110.4859332968831,0.3,180.4951635767172,9430.96597172078,1.9511997531824028,17.138866957376617,18.600325470855733,2026-06,12410.644088404006,16.0,13281.6189779526,2026-06-29,289.4990877046549,15415.976666846818,True,304.61092167410567,16220.689668581676,,,,,,,,,,,,,
203,XAUUSD,SELL,2026-06-29 19:10:00.085000+00:00,2026-06-29 21:00:00.166000+00:00,110.00135,4023.63,4027.43,0.2800000000002001,0.05,0.02,0.03,False,False,False,EOD_EXIT,12.479999999999563,18.719999999999345,0.25,30.94999999999891,9461.91597172078,0.3281742304320048,19.8806770199912,19.73418187298473,2026-06,12441.594088404005,19.0,13312.568977952598,2026-06-29,50.42577837986449,15466.402445226682,True,53.05800080480782,16273.747669386485,,,,,,,,,,,,,
204,XAUUSD,BUY,2026-06-30 16:50:00.070000+00:00,2026-06-30 18:21:29.329000+00:00,91.48765,4028.83,4023.96,0.2800000000002001,0.05,0.02,0.03,True,False,True,TP1_THEN_BE,50.497585179139605,0.8400000000006002,0.25,51.087585179140206,9513.00355689992,0.5399285444071559,22.36598951739347,20.03872427743642,2026-06,12492.681673583143,16.0,13363.65656313174,2026-06-30,83.05906201015553,15549.461507236838,True,87.39473976550757,16361.142409151991,,,,,,,,,,,,,
1,NAS100,SELL,2026-07-01 14:30:00+00:00,2026-07-01 15:25:00+00:00,55.0,,,,0.05,,,False,False,False,SL,-29.03,-19.35,0.25,-48.63,,,,,,,,,,,,,,,30019.9,30116.653060436453,29874.770409345325,29826.393879127096,30116.653060436453,96.7530604364522,145.1295906546783,193.5061208729044,0.03,0.02,5000.0,30116.653060436453,4951.37
2,NAS100,SELL,2026-07-01 16:00:00+00:00,2026-07-01 20:00:00+00:00,240.0,,,,0.05,,,True,True,True,FULL_TP2,48.59,43.19,0.25,91.53,,,,,,,,,,,,,,,30026.4,30134.38146537633,29864.427801935508,29810.437069247346,30026.4,107.9814653763284,161.97219806449257,215.9629307526568,0.03,0.02,4951.37,29810.437069247346,5042.91
4,NAS100,SELL,2026-07-02 10:05:00+00:00,2026-07-02 11:40:00+00:00,95.0,,,,0.04,,,False,False,False,SL,-23.44,-23.44,0.2,-47.08,,,,,,,,,,,,,,,29725.7,29842.90769740085,29549.88845389873,29491.284605198303,29842.90769740085,117.2076974008489,175.81154610127334,234.4153948016978,0.02,0.02,5042.91,29842.90769740085,4995.82
3,XAUUSD,BUY,2026-07-02 07:40:00+00:00,2026-07-02 12:30:00+00:00,290.0,,,,0.03,,,True,True,True,FULL_TP2,24.01,75.47,0.15,99.33,,,,,,,,,,,,,,,4074.41,4057.257591372064,4098.423372079111,4112.14529898146,4074.41,17.1524086279362,24.01337207911068,37.73529898145964,0.01,0.02,5042.91,4112.14529898146,5095.16
5,XAUUSD,BUY,2026-07-02 12:30:00+00:00,2026-07-02 13:25:00+00:00,55.0,,,,0.03,,,False,False,False,SL,-15.64,-31.29,0.15,-47.08,,,,,,,,,,,,,,,4127.09,4111.447166502997,4148.989966895805,4161.504233693408,4111.447166502997,15.642833497003332,21.899966895804663,34.41423369340733,0.01,0.02,5095.16,4111.447166502997,5048.08
6,NAS100,SELL,2026-07-02 14:25:00+00:00,2026-07-02 15:05:00+00:00,40.0,,,,0.04,,,True,True,True,FULL_TP2,41.0,54.66,0.2,95.46,,,,,,,,,,,,,,,29720.0,29856.65664685198,29515.01502972203,29446.68670629604,29720.0,136.6566468519797,204.98497027796955,273.3132937039594,0.02,0.02,5048.08,29446.68670629604,5143.54
8,NAS100,SELL,2026-07-02 19:00:00+00:00,2026-07-02 19:55:00+00:00,55.0,,,,0.03,,,False,False,False,SL,-17.75,-35.49,0.15,-53.39,,,,,,,,,,,,,,,29188.6,29366.06204944296,28922.40692583556,28833.67590111407,29366.06204944296,177.46204944296292,266.1930741644444,354.92409888592584,0.01,0.02,5143.54,29366.06204944296,5090.15
7,XAUUSD,BUY,2026-07-02 18:20:00+00:00,2026-07-02 22:00:00+00:00,220.0,,,,0.03,,,False,False,False,EOD_EXIT,7.58,15.16,0.15,22.59,,,,,,,,,,,,,,,4117.94,4097.808766799862,4146.123726480193,4162.228713040304,4097.808766799862,20.131233200138336,28.18372648019367,44.28871304030434,0.01,0.02,5143.54,4125.52,5112.74
9,XAUUSD,BUY,2026-07-03 07:05:00+00:00,2026-07-03 14:00:00+00:00,415.0,,,,0.03,,,False,False,False,SL,-16.93,-33.86,0.15,-50.94,,,,,,,,,,,,,,,4180.27,4163.340448960881,4203.971371454767,4217.515012286063,4163.340448960881,16.92955103911928,23.70137145476699,37.24501228606242,0.01,0.02,5112.74,4163.340448960881,5061.8
10,XAUUSD,BUY,2026-07-03 15:00:00+00:00,2026-07-05 22:00:00+00:00,3300.0,,,,0.03,,,False,False,False,EOD_EXIT,8.54,17.08,0.15,25.47,,,,,,,,,,,,,,,4171.64,4157.161392585487,4191.910050380318,4203.492936311929,4157.161392585487,14.478607414513164,20.270050380318427,31.852936311928964,0.01,0.02,5061.8,4180.18,5087.27
11,NAS100,BUY,2026-07-03 16:40:00+00:00,2026-07-05 22:00:00+00:00,3200.0,,,,0.06,,,False,False,False,EOD_EXIT,-7.86,-7.86,0.3,-16.02,,,,,,,,,,,,,,,29711.4,29622.387198426037,29844.919202360958,29889.425603147934,29622.387198426037,89.01280157396779,133.51920236095168,178.02560314793558,0.03,0.03,5061.8,29685.2,5071.25
12,XAUUSD,SELL,2026-07-06 08:30:00+00:00,2026-07-06 16:50:00+00:00,500.0,,,,0.03,,,True,False,True,TP1_THEN_BE,21.27,0.0,0.15,21.12,,,,,,,,,,,,,,,4154.28,4169.472705680687,4133.010212047038,4120.856047502489,4154.28,15.192705680686688,21.26978795296136,33.42395249751072,0.01,0.02,5071.25,4154.28,5092.37
13,XAUUSD,SELL,2026-07-07 07:55:00+00:00,2026-07-07 08:10:00+00:00,15.0,,,,0.04,,,False,False,False,SL,-25.74,-25.74,0.2,-51.68,,,,,,,,,,,,,,,4124.68,4137.550058503303,4106.661918095377,4096.365871292735,4137.550058503303,12.870058503302785,18.01808190462389,28.314128707266125,0.02,0.02,5092.37,4137.550058503303,5040.69
15,XAUUSD,SELL,2026-07-07 08:50:00+00:00,2026-07-07 10:15:00+00:00,85.0,,,,0.04,,,False,False,False,SL,-25.09,-25.09,0.2,-50.37,,,,,,,,,,,,,,,4123.94,4136.4828400387805,4106.380023945706,4096.345751914681,4136.4828400387805,12.542840038781158,17.55997605429362,27.59424808531855,0.02,0.02,5040.69,4136.4828400387805,4990.32
14,NAS100,SELL,2026-07-07 07:55:00+00:00,2026-07-07 13:55:00+00:00,360.0,,,,0.05,,,True,True,True,FULL_TP2,47.06,41.83,0.25,88.64,,,,,,,,,,,,,,,29446.2,29550.770871388973,29289.343692916544,29237.05825722206,29446.2,104.57087138897124,156.85630708345684,209.14174277794243,0.03,0.02,5092.37,29237.05825722206,5078.96
16,XAUUSD,BUY,2026-07-07 17:35:00+00:00,2026-07-07 18:45:00+00:00,70.0,,,,0.04,,,False,False,False,SL,-28.74,-28.74,0.2,-57.68,,,,,,,,,,,,,,,4146.03,4131.658912571832,4166.149522399435,4177.64639234197,4131.658912571832,14.371087428168254,20.119522399435557,31.61639234197016,0.02,0.02,5078.96,4131.658912571832,5021.27
17,NAS100,SELL,2026-07-07 18:40:00+00:00,2026-07-07 22:00:00+00:00,200.0,,,,0.04,,,True,False,True,EOD_EXIT,36.47,22.82,0.2,59.09,,,,,,,,,,,,,,,29272.1,29393.68160322324,29089.72759516513,29028.936793553512,29272.1,121.58160322324385,182.37240483486573,243.1632064464877,0.02,0.02,5078.96,29158.0,5080.37
18,NAS100,SELL,2026-07-08 08:15:00+00:00,2026-07-08 08:35:00+00:00,20.0,,,,0.04,,,True,True,True,FULL_TP2,36.0,48.01,0.2,83.81,,,,,,,,,,,,,,,29064.9,29184.9158386084,28884.876242087408,28824.868322783208,29064.9,120.01583860839672,180.02375791259507,240.03167721679344,0.02,0.02,5080.37,28824.868322783208,5164.18
19,NAS100,SELL,2026-07-08 11:00:00+00:00,2026-07-08 12:05:00+00:00,65.0,,,,0.04,,,False,False,False,SL,-28.41,-28.41,0.2,-57.02,,,,,,,,,,,,,,,28796.1,28938.14362150971,28583.03456773543,28512.012756980577,28938.14362150971,142.0436215097109,213.0654322645664,284.0872430194218,0.02,0.02,5164.18,28938.14362150971,5107.16
20,XAUUSD,SELL,2026-07-08 14:05:00+00:00,2026-07-08 15:30:00+00:00,85.0,,,,0.03,,,True,True,True,FULL_TP2,26.2,82.33,0.15,108.37,,,,,,,,,,,,,,,4063.63,4082.34113468204,4037.434411445144,4022.465503699512,4063.63,18.71113468203994,26.19558855485592,41.16449630048787,0.01,0.02,5107.16,4022.465503699512,5215.53
21,NAS100,SELL,2026-07-08 14:55:00+00:00,2026-07-08 16:50:00+00:00,115.0,,,,0.03,,,False,False,False,SL,-15.27,-30.54,0.15,-45.96,,,,,,,,,,,,,,,29012.9,29165.61477276124,28783.827840858143,28707.470454477527,29165.61477276124,152.7147727612372,229.07215914185585,305.4295455224744,0.01,0.02,5107.16,29165.61477276124,5169.57
22,NAS100,BUY,2026-07-09 11:35:00+00:00,2026-07-09 13:50:00+00:00,135.0,,,,0.04,,,True,True,True,FULL_TP2,36.15,48.2,0.2,84.14,,,,,,,,,,,,,,,29471.2,29350.70765310436,29651.93852034346,29712.18469379128,29471.2,120.49234689563954,180.7385203434593,240.98469379127908,0.02,0.02,5169.57,29712.18469379128,5253.71
23,XAUUSD,BUY,2026-07-09 11:45:00+00:00,2026-07-09 22:00:00+00:00,615.0,,,,0.03,,,True,False,True,EOD_EXIT,21.48,37.64,0.15,58.97,,,,,,,,,,,,,,,4106.16,4090.8193216637496,4127.63694967075,4139.909492339751,4106.16,15.340678336250162,21.476949670750223,33.74949233975036,0.01,0.02,5169.57,4124.98,5312.68
24,NAS100,BUY,2026-07-09 15:00:00+00:00,2026-07-09 22:00:00+00:00,420.0,,,,0.04,,,False,False,False,EOD_EXIT,24.68,24.68,0.2,49.16,,,,,,,,,,,,,,,29626.1,29482.931541032736,29840.85268845089,29912.436917934523,29482.931541032736,143.16845896726227,214.7526884508934,286.33691793452454,0.02,0.02,5253.71,29749.5,5361.84
25,XAUUSD,SELL,2026-07-10 11:25:00+00:00,2026-07-10 12:10:00+00:00,45.0,,,,0.05,,,False,False,False,SL,-34.43,-22.96,0.25,-57.64,,,,,,,,,,,,,,,4100.15,4111.627729816239,4084.081178257265,4074.8989944042737,4111.627729816239,11.4777298162391,16.068821742734738,25.25100559572602,0.03,0.02,5361.84,4111.627729816239,5304.2
26,XAUUSD,SELL,2026-07-10 12:35:00+00:00,2026-07-10 14:30:00+00:00,115.0,,,,0.05,,,True,True,True,FULL_TP2,48.04,50.33,0.25,98.13,,,,,,,,,,,,,,,4101.14,4112.578963400793,4085.1254512388896,4075.974280518255,4101.14,11.438963400793426,16.014548761110795,25.16571948174554,0.03,0.02,5304.2,4075.974280518255,5402.33
27,XAUUSD,SELL,2026-07-10 14:30:00+00:00,2026-07-10 14:45:00+00:00,15.0,,,,0.04,,,False,False,False,SL,-24.81,-24.81,0.2,-49.83,,,,,,,,,,,,,,,4089.94,4102.346422524153,4072.571008466185,4062.6458704468623,4102.346422524153,12.40642252415346,17.368991533814846,27.294129553137616,0.02,0.02,5402.33,4102.346422524153,5352.5
28,XAUUSD,SELL,2026-07-10 14:55:00+00:00,2026-07-10 15:20:00+00:00,25.0,,,,0.04,,,False,False,False,SL,-24.81,-24.81,0.2,-49.83,,,,,,,,,,,,,,,4092.73,4105.136422524153,4075.361008466185,4065.4358704468623,4105.136422524153,12.40642252415346,17.368991533814846,27.294129553137616,0.02,0.02,5352.5,4105.136422524153,5302.68
30,XAUUSD,SELL,2026-07-10 17:00:00+00:00,2026-07-10 20:50:00+00:00,230.0,,,,0.04,,,False,False,False,SL,-27.99,-27.99,0.2,-56.18,,,,,,,,,,,,,,,4102.89,4116.884706736722,4083.297410568589,4072.101645179212,4116.884706736722,13.994706736721977,19.592589431410765,30.788354820788346,0.02,0.02,5302.68,4116.884706736722,5246.5
29,NAS100,BUY,2026-07-10 15:15:00+00:00,2026-07-12 22:00:00+00:00,3285.0,,,,0.05,,,False,False,False,EOD_EXIT,-1.14,-0.76,0.25,-2.15,,,,,,,,,,,,,,,29737.4,29626.06595411252,29904.401068831223,29960.068091774967,29626.06595411252,111.33404588748314,167.0010688312247,222.66809177496629,0.03,0.02,5352.5,29733.6,5244.35
31,XAUUSD,SELL,2026-07-13 06:45:00+00:00,2026-07-13 08:10:00+00:00,85.0,,,,0.03,,,False,False,False,SL,-15.77,-31.54,0.15,-47.46,,,,,,,,,,,,,,,4056.4,4072.1684052078704,4034.3242327089815,4021.709508542685,4072.1684052078704,15.76840520787044,22.07576729101861,34.69049145731497,0.01,0.02,5244.35,4072.1684052078704,5196.89
32,NAS100,SELL,2026-07-13 12:00:00+00:00,2026-07-13 13:45:00+00:00,105.0,,,,0.05,,,True,True,True,FULL_TP2,42.7,37.96,0.25,80.41,,,,,,,,,,,,,,,29547.9,29642.78959014145,29405.56561478783,29358.120819717104,29547.9,94.88959014144916,142.33438521217374,189.77918028289832,0.03,0.02,5196.89,29358.120819717104,5277.3
33,NAS100,SELL,2026-07-13 14:50:00+00:00,2026-07-13 15:00:00+00:00,10.0,,,,0.05,,,False,False,False,SL,-31.45,-20.97,0.25,-52.67,,,,,,,,,,,,,,,29457.2,29562.047146601555,29299.929280097665,29247.50570679689,29562.047146601555,104.8471466015558,157.27071990233372,209.6942932031116,0.03,0.02,5277.3,29562.047146601555,5224.63
34,NAS100,SELL,2026-07-13 15:45:00+00:00,2026-07-13 19:25:00+00:00,220.0,,,,0.05,,,True,True,True,FULL_TP2,51.27,45.57,0.25,96.6,,,,,,,,,,,,,,,29455.3,29569.236636130016,29284.395045804977,29227.426727739967,29455.3,113.93663613001624,170.90495419502437,227.8732722600325,0.03,0.02,5224.63,29227.426727739967,5321.22
35,XAUUSD,SELL,2026-07-13 19:35:00+00:00,2026-07-13 22:00:00+00:00,145.0,,,,0.03,,,False,False,False,EOD_EXIT,-6.17,-12.34,0.15,-18.66,,,,,,,,,,,,,,,3995.26,4012.492746130205,3971.134155417713,3957.3479585135487,4012.492746130205,17.232746130205204,24.12584458228728,37.91204148645145,0.01,0.02,5321.22,4001.43,5302.56
36,NAS100,BUY,2026-07-14 12:20:00+00:00,2026-07-14 12:30:00+00:00,10.0,,,,0.05,,,True,True,True,FULL_TP2,48.21,42.85,0.25,90.8,,,,,,,,,,,,,,,29472.5,29365.37777579894,29633.18333630159,29686.74444840212,29472.5,107.12222420105904,160.68333630158855,214.24444840211808,0.03,0.02,5302.56,29686.74444840212,5393.37
37,NAS100,BUY,2026-07-14 14:40:00+00:00,2026-07-14 22:00:00+00:00,440.0,,,,0.04,,,False,False,False,EOD_EXIT,12.3,12.3,0.2,24.4,,,,,,,,,,,,,,,29548.9,29423.64716382664,29736.779254260044,29799.40567234673,29423.64716382664,125.2528361733623,187.87925426004344,250.5056723467246,0.02,0.02,5393.37,29610.4,5417.77
38,XAUUSD,SELL,2026-07-15 07:20:00+00:00,2026-07-15 11:50:00+00:00,270.0,,,,0.04,,,False,False,False,SL,-27.29,-27.29,0.2,-54.78,,,,,,,,,,,,,,,4025.89,4039.5359284639662,4006.785700150447,3995.868957379274,4039.5359284639662,13.645928463966277,19.104299849552785,30.021042620725808,0.02,0.02,5417.77,4039.5359284639662,5362.98
39,NAS100,BUY,2026-07-15 12:40:00+00:00,2026-07-15 13:35:00+00:00,55.0,,,,0.06,,,False,False,False,SL,-26.66,-26.66,0.3,-53.62,,,,,,,,,,,,,,,29774.5,29685.630185900423,29907.804721149365,29952.23962819915,29685.630185900423,88.86981409957548,133.30472114936322,177.73962819915096,0.03,0.03,5362.98,29685.630185900423,5309.36
40,XAUUSD,BUY,2026-07-15 17:30:00+00:00,2026-07-15 19:20:00+00:00,110.0,,,,0.04,,,True,False,True,TP1_THEN_BE,42.11,0.0,0.2,41.91,,,,,,,,,,,,,,,4054.81,4039.772180694119,4075.8629470282335,4087.8932024729374,4054.81,15.037819305881117,21.05294702823356,33.08320247293846,0.02,0.02,5309.36,4054.81,5351.27
41,NAS100,SELL,2026-07-15 19:15:00+00:00,2026-07-15 22:00:00+00:00,165.0,,,,0.04,,,False,False,False,EOD_EXIT,-23.9,-23.9,0.2,-48.0,,,,,,,,,,,,,,,29441.4,29575.11050780945,29240.834238285817,29173.97898438109,29575.11050780945,133.71050780945532,200.565761714183,267.42101561891064,0.02,0.02,5309.36,29560.9,5303.27
42,XAUUSD,BUY,2026-07-15 20:20:00+00:00,2026-07-15 22:00:00+00:00,100.0,,,,0.03,,,False,False,False,EOD_EXIT,0.72,1.44,0.15,2.01,,,,,,,,,,,,,,,4060.31,4044.0420874580823,4083.085077558684,4096.099407592218,4044.0420874580823,16.26791254191722,22.775077558684107,35.789407592217884,0.01,0.02,5351.27,4061.03,5305.28
43,XAUUSD,SELL,2026-07-16 08:10:00+00:00,2026-07-16 11:45:00+00:00,215.0,,,,0.04,,,False,False,False,SL,-25.3,-25.3,0.2,-50.81,,,,,,,,,,,,,,,4025.77,4038.422152118672,4008.056987033859,3997.9352653389215,4038.422152118672,12.652152118672042,17.71301296614086,27.834734661078496,0.02,0.02,5305.28,4038.422152118672,5254.47
44,NAS100,SELL,2026-07-16 15:05:00+00:00,2026-07-16 19:25:00+00:00,260.0,,,,0.04,,,True,True,True,FULL_TP2,38.39,51.18,0.2,89.37,,,,,,,,,,,,,,,29218.8,29346.752607611343,29026.87108858298,28962.894784777305,29218.8,127.95260761134791,191.92891141702188,255.90521522269583,0.02,0.02,5254.47,28962.894784777305,5343.83
45,XAUUSD,SELL,2026-07-16 16:10:00+00:00,2026-07-16 22:00:00+00:00,350.0,,,,0.03,,,False,False,False,EOD_EXIT,10.88,21.76,0.15,32.49,,,,,,,,,,,,,,,3989.74,4006.343427472816,3966.4952015380577,3953.212459559805,4006.343427472816,16.60342747281564,23.24479846194189,36.52754044019441,0.01,0.02,5254.47,3978.86,5376.32
46,NAS100,SELL,2026-07-17 12:00:00+00:00,2026-07-17 13:35:00+00:00,95.0,,,,0.05,,,True,True,True,FULL_TP2,53.12,47.22,0.25,100.08,,,,,,,,,,,,,,,28535.2,28653.24051190764,28358.13923213855,28299.11897618473,28535.2,118.04051190763349,177.06076786145022,236.08102381526692,0.03,0.02,5376.32,28299.11897618473,5476.41
47,NAS100,BUY,2026-07-20 15:40:00+00:00,2026-07-20 18:30:00+00:00,170.0,,,,0.04,,,False,False,False,SL,-26.07,-26.07,0.2,-52.35,,,,,,,,,,,,,,,28873.1,28742.73012229777,29068.654816553342,29133.83975540446,28742.73012229777,130.369877702231,195.5548165533465,260.739755404462,0.02,0.02,5476.41,28742.73012229777,5424.06
49,XAUUSD,BUY,2026-07-21 10:15:00+00:00,2026-07-21 12:35:00+00:00,140.0,,,,0.04,,,False,False,False,SL,-26.57,-26.57,0.2,-53.34,,,,,,,,,,,,,,,4067.37,4054.084197521879,4085.97012346937,4096.598765451866,4054.084197521879,13.28580247812102,18.600123469369425,29.228765451866245,0.02,0.02,5424.06,4054.084197521879,5370.72
48,NAS100,BUY,2026-07-21 08:00:00+00:00,2026-07-21 17:05:00+00:00,545.0,,,,0.05,,,True,True,True,FULL_TP2,49.7,44.18,0.25,93.63,,,,,,,,,,,,,,,28982.3,28871.8542450186,29147.968632472104,29203.19150996281,28982.3,110.44575498140416,165.66863247210622,220.8915099628083,0.03,0.02,5424.06,29203.19150996281,5464.35
50,XAUUSD,BUY,2026-07-21 14:10:00+00:00,2026-07-21 22:00:00+00:00,470.0,,,,0.04,,,True,False,True,EOD_EXIT,36.06,25.52,0.2,61.38,,,,,,,,,,,,,,,4065.83,4052.9506876932105,4083.8610372295047,4094.164487074936,4065.83,12.879312306789206,18.03103722950489,28.334487074936256,0.02,0.02,5370.72,4078.59,5525.73
51,NAS100,BUY,2026-07-21 19:50:00+00:00,2026-07-21 22:00:00+00:00,130.0,,,,0.06,,,False,False,False,EOD_EXIT,-12.96,-12.96,0.3,-26.22,,,,,,,,,,,,,,,29188.4,29089.51984121149,29336.72023818277,29386.160317577025,29089.51984121149,98.88015878851132,148.32023818276696,197.76031757702265,0.03,0.03,5464.35,29145.2,5499.51
52,XAUUSD,BUY,2026-07-22 10:20:00+00:00,2026-07-22 12:55:00+00:00,155.0,,,,0.05,,,False,False,False,SL,-36.32,-24.22,0.25,-60.79,,,,,,,,,,,,,,,4121.41,4109.302349159349,4138.36071117691,4148.0468318494295,4109.302349159349,12.107650840650027,16.950711176910037,26.636831849430063,0.03,0.02,5499.51,4109.302349159349,5438.72
53,NAS100,SELL,2026-07-22 11:20:00+00:00,2026-07-22 13:30:00+00:00,130.0,,,,0.07,,,True,False,True,TP1_THEN_BE,47.86,0.0,0.35,47.51,,,,,,,,,,,,,,,28973.5,29053.26892259036,28853.84661611446,28813.96215481928,28973.5,79.76892259035967,119.6533838855395,159.53784518071933,0.04,0.03,5499.51,28973.5,5486.23
54,NAS100,SELL,2026-07-23 10:05:00+00:00,2026-07-23 12:30:00+00:00,145.0,,,,0.05,,,True,True,True,FULL_TP2,48.16,42.81,0.25,90.72,,,,,,,,,,,,,,,28904.7,29011.71833799501,28744.17249300748,28690.663324009976,28904.7,107.01833799501168,160.52750699251754,214.03667599002335,0.03,0.02,5486.23,28690.663324009976,5576.95
55,NAS100,SELL,2026-07-23 17:35:00+00:00,2026-07-23 20:10:00+00:00,155.0,,,,0.04,,,False,False,False,SL,-27.61,-27.61,0.2,-55.42,,,,,,,,,,,,,,,28446.1,28584.15460643725,28239.01809034412,28169.99078712549,28584.15460643725,138.05460643725246,207.0819096558787,276.1092128745049,0.02,0.02,5576.95,28584.15460643725,5521.52
56,NAS100,SELL,2026-07-24 06:05:00+00:00,2026-07-24 07:10:00+00:00,65.0,,,,0.05,,,False,False,False,SL,-34.81,-23.21,0.25,-58.27,,,,,,,,,,,,,,,28375.0,28491.04934764591,28200.925978531137,28142.90130470818,28491.04934764591,116.04934764590966,174.0740214688645,232.09869529181933,0.03,0.02,5521.52,28491.04934764591,5463.25
57,NAS100,SELL,2026-07-24 17:00:00+00:00,2026-07-26 22:00:00+00:00,3180.0,,,,0.04,,,True,False,True,EOD_EXIT,41.26,-28.98,0.2,12.08,,,,,,,,,,,,,,,28336.3,28473.83815437149,28129.99276844277,28061.223691257022,28336.3,137.53815437148597,206.30723155722896,275.07630874297195,0.02,0.02,5463.25,28481.2,5475.33
59,XAUUSD,BUY,2026-07-27 10:35:00+00:00,2026-07-27 12:15:00+00:00,100.0,,,,0.04,,,False,False,False,SL,-24.35,-24.35,0.2,-48.9,,,,,,,,,,,,,,,4097.98,4085.805516414729,4115.024277019379,4124.763863887596,4085.805516414729,12.174483585271068,17.044277019379493,26.78386388759635,0.02,0.02,5475.33,4085.805516414729,5426.43
58,NAS100,BUY,2026-07-27 08:25:00+00:00,2026-07-27 13:25:00+00:00,300.0,,,,0.05,,,False,False,False,SL,-35.05,-23.37,0.25,-58.67,,,,,,,,,,,,,,,28587.1,28470.250962321657,28762.373556517512,28820.79807535668,28470.250962321657,116.84903767834112,175.2735565175117,233.69807535668227,0.03,0.02,5475.33,28470.250962321657,5367.76
60,NAS100,SELL,2026-07-27 18:30:00+00:00,2026-07-27 18:55:00+00:00,25.0,,,,0.04,,,False,False,False,SL,-29.4,-29.4,0.2,-59.01,,,,,,,,,,,,,,,27907.9,28054.917719702004,27687.373420447,27613.864560596,28054.917719702004,147.0177197020025,220.52657955300373,294.035439404005,0.02,0.02,5367.76,28054.917719702004,5308.75
61,NAS100,SELL,2026-07-28 08:05:00+00:00,2026-07-28 08:35:00+00:00,30.0,,,,0.04,,,False,False,False,SL,-24.33,-24.33,0.2,-48.86,,,,,,,,,,,,,,,27767.0,27888.654607552475,27584.518088671288,27523.69078489505,27888.654607552475,121.65460755247553,182.48191132871327,243.30921510495105,0.02,0.02,5308.75,27888.654607552475,5259.89
62,XAUUSD,SELL,2026-07-28 08:10:00+00:00,2026-07-28 09:55:00+00:00,105.0,,,,0.05,,,True,True,True,FULL_TP2,43.76,45.84,0.25,89.35,,,,,,,,,,,,,,,4044.36,4054.7781010201375,4029.774658571808,4021.440177755698,4044.36,10.418101020137165,14.585341428192027,22.91982224430176,0.03,0.02,5308.75,4021.440177755698,5349.24
63,XAUUSD,SELL,2026-07-28 17:15:00+00:00,2026-07-28 22:00:00+00:00,285.0,,,,0.04,,,False,False,False,EOD_EXIT,18.08,18.08,0.2,35.96,,,,,,,,,,,,,,,4035.4,4048.0576175441097,4017.679335438247,4007.553241402959,4048.0576175441097,12.657617544109565,17.720664561753388,27.846758597041045,0.02,0.02,5349.24,4026.36,5385.2
64,NAS100,SELL,2026-07-28 19:55:00+00:00,2026-07-28 22:00:00+00:00,125.0,,,,0.04,,,False,False,False,EOD_EXIT,-15.3,-15.3,0.2,-30.8,,,,,,,,,,,,,,,27791.1,27939.518786217974,27568.47182067304,27494.26242756405,27939.518786217974,148.41878621797545,222.6281793269632,296.8375724359509,0.02,0.02,5349.24,27867.6,5354.4
65,NAS100,SELL,2026-07-29 08:20:00+00:00,2026-07-29 09:35:00+00:00,75.0,,,,0.03,,,False,False,False,SL,-16.0,-32.0,0.15,-48.15,,,,,,,,,,,,,,,27704.5,27864.487287723583,27464.519068414626,27384.525424552838,27864.487287723583,159.98728772358308,239.9809315853746,319.97457544716616,0.01,0.02,5354.4,27864.487287723583,5306.25
66,NAS100,SELL,2026-07-29 19:30:00+00:00,2026-07-29 20:00:00+00:00,30.0,,,,0.03,,,True,True,True,FULL_TP2,28.54,76.1,0.15,104.49,,,,,,,,,,,,,,,27481.6,27671.847359139774,27196.22896129033,27101.10528172044,27481.6,190.24735913978083,285.3710387096712,380.49471827956165,0.01,0.02,5306.25,27101.10528172044,5410.74
67,XAUUSD,BUY,2026-07-30 12:35:00+00:00,2026-07-30 14:00:00+00:00,85.0,,,,0.03,,,True,True,True,FULL_TP2,25.57,80.36,0.15,105.78,,,,,,,,,,,,,,,4077.93,4059.6670000152167,4103.498199978696,4118.108599966523,4077.93,18.262999984783225,25.568199978696512,40.178599966523095,0.01,0.02,5410.74,4118.108599966523,5516.51
68,XAUUSD,BUY,2026-07-30 19:15:00+00:00,2026-07-30 22:00:00+00:00,165.0,,,,0.03,,,False,False,False,EOD_EXIT,-7.42,-14.84,0.15,-22.41,,,,,,,,,,,,,,,4110.7,4091.860032439808,4137.075954584268,4152.147928632422,4091.860032439808,18.839967560192047,26.375954584268865,41.44792863242251,0.01,0.02,5516.51,4103.28,5494.1
69,NAS100,BUY,2026-07-31 07:35:00+00:00,2026-07-31 13:40:00+00:00,365.0,,,,0.04,,,False,False,False,SL,-27.2,-27.2,0.2,-54.59,,,,,,,,,,,,,,,28438.3,28302.31716782617,28642.27424826074,28710.26566434765,28302.31716782617,135.9828321738274,203.9742482607411,271.9656643476548,0.02,0.02,5494.1,28302.31716782617,5439.51
70,XAUUSD,SELL,2026-07-31 11:35:00+00:00,2026-07-31 13:40:00+00:00,125.0,,,,0.04,,,True,True,True,FULL_TP2,38.14,59.94,0.2,97.88,,,,,,,,,,,,,,,4053.15,4066.7727501266095,4034.0781498227457,4023.1799497214574,4053.15,13.622750126610349,19.07185017725449,29.970050278542764,0.02,0.02,5494.1,4023.1799497214574,5537.39
71,XAUUSD,SELL,2026-07-31 17:05:00+00:00,2026-08-02 22:00:00+00:00,3175.0,,,,0.04,,,False,False,False,EOD_EXIT,-66.44,-66.44,0.2,-133.08,,,,,,,,,,,,,,,4041.91,4056.4847600725834,4021.505335898384,4009.845527840318,4056.4847600725834,14.57476007258268,20.40466410161575,32.0644721596819,0.02,0.02,5537.39,4075.13,5404.31
72,XAUUSD,SELL,2026-08-03 17:05:00+00:00,2026-08-03 19:05:00+00:00,120.0,,,,0.04,,,False,False,False,SL,-27.29,-27.29,0.2,-54.79,,,,,,,,,,,,,,,4034.8,4048.4474870303766,4015.693518157473,4004.775528533172,4048.4474870303766,13.647487030376496,19.10648184252709,30.02447146682829,0.02,0.02,5404.31,4048.4474870303766,5349.52
73,NAS100,BUY,2026-08-03 20:10:00+00:00,2026-08-03 22:00:00+00:00,110.0,,,,0.04,,,False,False,False,EOD_EXIT,3.96,3.96,0.2,7.72,,,,,,,,,,,,,,,28801.4,28679.795344794755,28983.80698280787,29044.60931041049,28679.795344794755,121.60465520524576,182.40698280786864,243.20931041049155,0.02,0.02,5349.52,28821.2,5357.24
74,XAUUSD,BUY,2026-08-04 15:40:00+00:00,2026-08-04 18:30:00+00:00,170.0,,,,0.04,,,True,False,True,TP1_THEN_BE,40.96,0.0,0.2,40.76,,,,,,,,,,,,,,,4084.01,4069.382256633306,4104.488840713372,4116.191035406728,4084.01,14.627743366694304,20.478840713372023,32.181035406727474,0.02,0.02,5357.24,4084.01,5398.0
75,XAUUSD,BUY,2026-08-05 11:00:00+00:00,2026-08-05 12:05:00+00:00,65.0,,,,0.04,,,True,True,True,FULL_TP2,42.14,66.21,0.2,108.15,,,,,,,,,,,,,,,4163.97,4148.921537017299,4185.037848175783,4197.076618561943,4163.97,15.048462982701508,21.067848175782107,33.106618561943314,0.02,0.02,5398.0,4197.076618561943,5506.15
76,NAS100,BUY,2026-08-05 11:00:00+00:00,2026-08-05 14:30:00+00:00,210.0,,,,0.06,,,True,False,True,TP1_THEN_BE,40.37,0.0,0.3,40.07,,,,,,,,,,,,,,,29790.6,29700.884288114456,29925.173567828315,29970.031423771088,29790.6,89.71571188554472,134.5735678283171,179.43142377108944,0.03,0.03,5398.0,29790.6,5546.22
77,XAUUSD,BUY,2026-08-05 16:35:00+00:00,2026-08-05 22:00:00+00:00,325.0,,,,0.03,,,False,False,False,EOD_EXIT,5.53,11.06,0.15,16.44,,,,,,,,,,,,,,,4243.57,4224.059950254663,4270.884069643472,4286.492109439741,4224.059950254663,19.51004974533706,27.31406964347188,42.92210943974153,0.01,0.02,5546.22,4249.1,5562.66
78,NAS100,SELL,2026-08-06 06:00:00+00:00,2026-08-06 13:05:00+00:00,425.0,,,,0.06,,,True,True,True,FULL_TP2,44.15,58.87,0.3,102.72,,,,,,,,,,,,,,,29446.5,29544.61048643437,29299.33427034845,29250.279027131262,29446.5,98.11048643436835,147.16572965155257,196.22097286873677,0.03,0.03,5562.66,29250.279027131262,5665.38
79,NAS100,SELL,2026-08-06 15:55:00+00:00,2026-08-06 22:00:00+00:00,365.0,,,,0.05,,,False,False,False,EOD_EXIT,-1.83,-1.22,0.25,-3.3,,,,,,,,,,,,,,,29411.6,29527.486938323626,29237.76959251456,29179.826123352745,29527.486938323626,115.886938323627,173.8304074854405,231.773876647254,0.03,0.02,5665.38,29417.7,5662.08
80,NAS100,BUY,2026-08-07 11:05:00+00:00,2026-08-07 12:40:00+00:00,95.0,,,,0.07,,,True,True,True,FULL_TP2,48.06,48.06,0.35,95.78,,,,,,,,,,,,,,,29537.0,29456.895383493003,29657.156924760497,29697.209233014,29537.0,80.10461650699813,120.1569247604972,160.20923301399625,0.04,0.03,5662.08,29697.209233014,5757.85
81,XAUUSD,BUY,2026-08-07 12:30:00+00:00,2026-08-07 13:15:00+00:00,45.0,,,,0.03,,,False,False,False,SL,-16.22,-32.44,0.15,-48.82,,,,,,,,,,,,,,,4359.81,4343.5878568446615,4382.521000417475,4395.498714941747,4343.5878568446615,16.222143155339165,22.71100041747483,35.68871494174616,0.01,0.02,5662.08,4343.5878568446615,5709.04
82,XAUUSD,BUY,2026-08-07 14:20:00+00:00,2026-08-07 16:55:00+00:00,155.0,,,,0.03,,,False,False,False,SL,-20.09,-40.17,0.15,-60.41,,,,,,,,,,,,,,,4351.25,4331.163662279325,4379.370872808945,4395.439942985485,4331.163662279325,20.0863377206751,28.120872808945137,44.18994298548522,0.01,0.02,5709.04,4331.163662279325,5648.63
83,NAS100,BUY,2026-08-07 15:05:00+00:00,2026-08-09 22:00:00+00:00,3295.0,,,,0.05,,,False,False,False,EOD_EXIT,34.89,23.26,0.25,57.9,,,,,,,,,,,,,,,29654.5,29546.258505517068,29816.8622417244,29870.98298896587,29546.258505517068,108.2414944829336,162.3622417244004,216.4829889658672,0.03,0.02,5709.04,29770.8,5706.53
84,XAUUSD,BUY,2026-08-07 18:05:00+00:00,2026-08-09 22:00:00+00:00,3115.0,,,,0.03,,,False,False,False,EOD_EXIT,-1.76,-3.52,0.15,-5.43,,,,,,,,,,,,,,,4341.87,4322.361046578503,4369.182534790095,4384.789697527292,4322.361046578503,19.5089534214963,27.31253479009482,42.919697527291866,0.01,0.02,5648.63,4340.11,5701.1
85,NAS100,BUY,2026-08-10 07:15:00+00:00,2026-08-10 11:45:00+00:00,270.0,,,,0.07,,,False,False,False,SL,-33.43,-25.07,0.35,-58.85,,,,,,,,,,,,,,,29835.7,29752.133212464872,29961.05018130269,30002.833575070254,29752.133212464872,83.566787535127,125.35018130269052,167.133575070254,0.04,0.03,5701.1,29752.133212464872,5642.25
86,NAS100,BUY,2026-08-10 14:05:00+00:00,2026-08-10 14:55:00+00:00,50.0,,,,0.07,,,False,False,False,SL,-32.91,-24.68,0.35,-57.94,,,,,,,,,,,,,,,29779.6,29697.32359791224,29903.014603131636,29944.152804175512,29697.32359791224,82.27640208775674,123.4146031316351,164.55280417551347,0.04,0.03,5642.25,29697.32359791224,5584.31
87,XAUUSD,BUY,2026-08-10 14:25:00+00:00,2026-08-10 18:30:00+00:00,245.0,,,,0.04,,,True,True,True,FULL_TP2,41.99,65.99,0.2,107.78,,,,,,,,,,,,,,,4345.39,4330.3931033035005,4366.3856553751,4378.3831727323,4345.39,14.996896696499652,20.995655375099517,32.99317273229924,0.02,0.02,5642.25,4378.3831727323,5692.08
88,NAS100,SELL,2026-08-10 19:50:00+00:00,2026-08-10 22:00:00+00:00,130.0,,,,0.07,,,False,False,False,EOD_EXIT,-15.68,-11.76,0.35,-27.79,,,,,,,,,,,,,,,29641.6,29726.45479796433,29514.3178030535,29471.89040407133,29726.45479796433,84.85479796433322,127.28219694649982,169.70959592866643,0.04,0.03,5692.08,29680.8,5664.29
89,XAUUSD,BUY,2026-08-11 14:50:00+00:00,2026-08-11 15:30:00+00:00,40.0,,,,0.04,,,False,False,False,SL,-32.16,-32.16,0.2,-64.51,,,,,,,,,,,,,,,4395.16,4379.08224079684,4417.668862884424,4430.531070246952,4379.08224079684,16.077759203159925,22.50886288442389,35.37107024695184,0.02,0.02,5664.29,4379.08224079684,5599.78
90,XAUUSD,SELL,2026-08-11 20:15:00+00:00,2026-08-11 22:00:00+00:00,105.0,,,,0.04,,,False,False,False,EOD_EXIT,-8.56,-8.56,0.2,-17.32,,,,,,,,,,,,,,,4368.17,4383.602776944508,4346.564112277689,4334.217890722081,4383.602776944508,15.432776944508303,21.605887722311625,33.95210927791827,0.02,0.02,5599.78,4372.45,5582.46
91,XAUUSD,BUY,2026-08-12 06:50:00+00:00,2026-08-12 12:30:00+00:00,340.0,,,,0.04,,,True,False,True,TP1_THEN_BE,40.24,0.0,0.2,40.04,,,,,,,,,,,,,,,4401.2,4386.828089264842,4421.32067502922,4432.818203617347,4401.2,14.371910735157687,20.12067502922076,31.618203617346914,0.02,0.02,5582.46,4401.2,5622.5
92,NAS100,BUY,2026-08-12 14:20:00+00:00,2026-08-12 14:30:00+00:00,10.0,,,,0.08,,,False,False,False,SL,-27.67,-27.67,0.4,-55.74,,,,,,,,,,,,,,,29832.8,29763.625843478138,29936.561234782792,29971.14831304372,29763.625843478138,69.1741565218608,103.7612347827912,138.3483130437216,0.04,0.04,5622.5,29763.625843478138,5566.76
93,NAS100,BUY,2026-08-12 14:35:00+00:00,2026-08-12 14:55:00+00:00,20.0,,,,0.08,,,False,False,False,SL,-27.67,-27.67,0.4,-55.74,,,,,,,,,,,,,,,29832.3,29763.125843478138,29936.061234782792,29970.64831304372,29763.125843478138,69.1741565218608,103.7612347827912,138.3483130437216,0.04,0.04,5566.76,29763.125843478138,5511.03
94,XAUUSD,BUY,2026-08-12 16:20:00+00:00,2026-08-12 16:45:00+00:00,25.0,,,,0.03,,,False,False,False,SL,-17.7,-35.4,0.15,-53.25,,,,,,,,,,,,,,,4426.26,4408.558542228983,4451.042040879423,4465.203207096237,4408.558542228983,17.701457771016575,24.782040879423203,38.94320709623647,0.01,0.02,5511.03,4408.558542228983,5457.77
95,NAS100,BUY,2026-08-12 16:35:00+00:00,2026-08-12 20:30:00+00:00,235.0,,,,0.08,,,False,False,False,SL,-28.85,-28.85,0.4,-58.1,,,,,,,,,,,,,,,29796.3,29724.17381401941,29904.48927897088,29940.552371961167,29724.17381401941,72.12618598058395,108.18927897087592,144.2523719611679,0.04,0.04,5511.03,29724.17381401941,5399.67
96,NAS100,BUY,2026-08-13 11:30:00+00:00,2026-08-13 12:15:00+00:00,45.0,,,,0.1,,,False,False,False,SL,-27.0,-27.0,0.5,-54.49,,,,,,,,,,,,,,,29785.0,29731.00715213159,29865.989271802613,29892.985695736817,29731.00715213159,53.99284786840911,80.98927180261366,107.98569573681822,0.05,0.05,5399.67,29731.00715213159,5345.18
97,NAS100,BUY,2026-08-13 12:55:00+00:00,2026-08-13 13:35:00+00:00,40.0,,,,0.1,,,True,True,True,FULL_TP2,39.68,52.91,0.5,92.09,,,,,,,,,,,,,,,29794.2,29741.29235555076,29873.56146667385,29900.015288898478,29794.2,52.90764444923698,79.36146667385547,105.81528889847397,0.05,0.05,5345.18,29900.015288898478,5437.27
98,NAS100,BUY,2026-08-13 16:25:00+00:00,2026-08-13 22:00:00+00:00,335.0,,,,0.07,,,False,False,False,EOD_EXIT,6.16,4.62,0.35,10.43,,,,,,,,,,,,,,,30099.6,30020.062176355823,30218.906735466266,30258.67564728835,30020.062176355823,79.53782364417548,119.3067354662632,159.07564728835095,0.04,0.03,5437.27,30115.0,5447.7
99,XAUUSD,SELL,2026-08-13 17:30:00+00:00,2026-08-13 22:00:00+00:00,270.0,,,,0.03,,,False,False,False,EOD_EXIT,8.14,16.28,0.15,24.27,,,,,,,,,,,,,,,4361.07,4378.8875536989735,4336.125424821435,4321.871381862256,4378.8875536989735,17.817553698974216,24.944575178563905,39.19861813774328,0.01,0.02,5437.27,4352.93,5471.97
100,NAS100,BUY,2026-08-14 12:30:00+00:00,2026-08-14 13:30:00+00:00,60.0,,,,0.11,,,False,False,False,SL,-30.74,-25.61,0.55,-56.9,,,,,,,,,,,,,,,30187.0,30135.774312081947,30263.83853187708,30289.45137583611,30135.774312081947,51.22568791805454,76.8385318770818,102.45137583610908,0.06,0.05,5471.97,30135.774312081947,5415.07
102,NAS100,BUY,2026-08-17 10:25:00+00:00,2026-08-17 12:00:00+00:00,95.0,,,,0.11,,,False,False,False,SL,-30.54,-25.45,0.55,-56.54,,,,,,,,,,,,,,,30260.5,30209.596601424124,30336.85509786381,30362.306797151752,30209.596601424124,50.90339857587531,76.35509786381296,101.80679715175062,0.06,0.05,5415.07,30209.596601424124,5358.52
101,XAUUSD,BUY,2026-08-17 10:25:00+00:00,2026-08-17 12:10:00+00:00,105.0,,,,0.04,,,False,False,False,SL,-26.38,-26.38,0.2,-52.95,,,,,,,,,,,,,,,4405.1,4391.912469185274,4423.562543140618,4434.112567792399,4391.912469185274,13.187530814726676,18.462543140617345,29.01256779239869,0.02,0.02,5415.07,4391.912469185274,5305.57
103,NAS100,BUY,2026-08-17 15:00:00+00:00,2026-08-17 15:40:00+00:00,40.0,,,,0.09,,,False,False,False,SL,-24.05,-30.06,0.45,-54.56,,,,,,,,,,,,,,,30193.4,30133.27399843177,30283.58900235235,30313.652003136463,30133.27399843177,60.12600156823136,90.18900235234705,120.25200313646272,0.04,0.05,5305.57,30133.27399843177,5251.01
104,NAS100,SELL,2026-08-18 07:20:00+00:00,2026-08-18 09:30:00+00:00,130.0,,,,0.07,,,True,True,True,FULL_TP2,42.23,42.23,0.35,84.11,,,,,,,,,,,,,,,29786.6,29856.98230952392,29681.02653571412,29645.83538095216,29786.6,70.38230952391952,105.57346428587928,140.76461904783903,0.04,0.03,5251.01,29645.83538095216,5335.12
105,XAUUSD,SELL,2026-08-18 08:05:00+00:00,2026-08-18 13:40:00+00:00,335.0,,,,0.04,,,False,False,False,SL,-26.17,-26.17,0.2,-52.54,,,,,,,,,,,,,,,4390.81,4403.89465394497,4372.491484477044,4362.023761321068,4403.89465394497,13.084653944969215,18.318515522956904,28.78623867893228,0.02,0.02,5251.01,4403.89465394497,5282.58
106,NAS100,SELL,2026-08-18 12:15:00+00:00,2026-08-18 14:10:00+00:00,115.0,,,,0.08,,,True,True,True,FULL_TP2,41.8,55.73,0.4,97.14,,,,,,,,,,,,,,,29660.7,29730.368696172103,29556.19695574185,29521.3626076558,29660.7,69.66869617210241,104.50304425815362,139.33739234420483,0.04,0.04,5335.12,29521.3626076558,5379.72
107,XAUUSD,SELL,2026-08-18 14:30:00+00:00,2026-08-18 15:10:00+00:00,40.0,,,,0.04,,,True,True,True,FULL_TP2,36.68,57.64,0.2,94.11,,,,,,,,,,,,,,,4389.75,4402.848959591861,4371.411456571394,4360.932288897906,4389.75,13.09895959186112,18.338543428605565,28.817711102094464,0.02,0.02,5379.72,4360.932288897906,5473.83
108,NAS100,SELL,2026-08-18 17:20:00+00:00,2026-08-18 22:00:00+00:00,280.0,,,,0.06,,,False,False,False,EOD_EXIT,8.67,8.67,0.3,17.04,,,,,,,,,,,,,,,29527.7,29614.155785178475,29398.016322232288,29354.78842964305,29614.155785178475,86.45578517847554,129.6836777677133,172.91157035695107,0.03,0.03,5473.83,29498.8,5490.87
109,XAUUSD,BUY,2026-08-19 18:50:00+00:00,2026-08-19 22:00:00+00:00,190.0,,,,0.03,,,True,False,True,EOD_EXIT,25.83,53.96,0.15,79.64,,,,,,,,,,,,,,,4494.28,4475.827477392849,4520.113531650011,4534.875549735732,4494.28,18.452522607150843,25.833531650011174,40.59554973573186,0.01,0.02,5490.87,4521.26,5570.51
110,NAS100,SELL,2026-08-19 19:45:00+00:00,2026-08-19 22:00:00+00:00,135.0,,,,0.05,,,False,False,False,EOD_EXIT,-27.96,-18.64,0.25,-46.85,,,,,,,,,,,,,,,29441.3,29551.231978394604,29276.40203240809,29221.43604321079,29551.231978394604,109.9319783946052,164.8979675919078,219.8639567892104,0.03,0.02,5490.87,29534.5,5523.66
111,NAS100,BUY,2026-08-20 06:05:00+00:00,2026-08-20 08:00:00+00:00,115.0,,,,0.06,,,False,False,False,SL,-26.24,-26.24,0.3,-52.77,,,,,,,,,,,,,,,29585.9,29498.44827685888,29717.07758471168,29760.80344628224,29498.44827685888,87.45172314111853,131.1775847116778,174.90344628223707,0.03,0.03,5523.66,29498.44827685888,5470.89
112,NAS100,SELL,2026-08-20 10:35:00+00:00,2026-08-20 12:00:00+00:00,85.0,,,,0.06,,,True,True,True,FULL_TP2,40.55,54.07,0.3,94.32,,,,,,,,,,,,,,,29455.9,29546.013280004,29320.73007999401,29275.67343999201,29455.9,90.11328000399584,135.16992000599373,180.22656000799165,0.03,0.03,5470.89,29275.67343999201,5565.21
113,NAS100,SELL,2026-08-20 14:15:00+00:00,2026-08-20 14:40:00+00:00,25.0,,,,0.05,,,False,False,False,SL,-31.38,-20.92,0.25,-52.55,,,,,,,,,,,,,,,29246.0,29350.59406992384,29089.108895114245,29036.811860152327,29350.59406992384,104.594069923837,156.8911048857555,209.188139847674,0.03,0.02,5565.21,29350.59406992384,5512.66
114,NAS100,SELL,2026-08-20 15:20:00+00:00,2026-08-20 22:00:00+00:00,400.0,,,,0.05,,,False,False,False,EOD_EXIT,12.21,8.14,0.25,20.1,,,,,,,,,,,,,,,29250.8,29356.91592207213,29091.6261168918,29038.56815585573,29356.91592207213,106.1159220721342,159.17388310820132,212.2318441442684,0.03,0.02,5512.66,29210.1,5532.76
115,XAUUSD,BUY,2026-08-20 17:30:00+00:00,2026-08-20 22:00:00+00:00,270.0,,,,0.03,,,False,False,False,EOD_EXIT,1.48,2.96,0.15,4.29,,,,,,,,,,,,,,,4518.15,4499.866462878196,4543.746951970525,4558.373781667967,4499.866462878196,18.283537121803235,25.59695197052453,40.22378166796712,0.01,0.02,5512.66,4519.63,5537.05
116,XAUUSD,BUY,2026-08-21 14:00:00+00:00,2026-08-21 16:55:00+00:00,175.0,,,,0.03,,,True,True,True,FULL_TP2,25.49,80.11,0.15,105.45,,,,,,,,,,,,,,,4588.48,4570.273836162145,4613.9686293729965,4628.53356044328,4588.48,18.20616383785498,25.48862937299697,40.05356044328096,0.01,0.02,5537.05,4628.53356044328,5642.5
117,NAS100,SELL,2026-08-21 20:10:00+00:00,2026-08-23 22:00:00+00:00,2990.0,,,,0.07,,,False,False,False,EOD_EXIT,20.16,15.12,0.35,34.93,,,,,,,,,,,,,,,29312.0,29396.842414402523,29184.736378396217,29142.31517119496,29396.842414402523,84.84241440252187,127.2636216037828,169.68482880504374,0.04,0.03,5642.5,29261.6,5677.43
119,NAS100,SELL,2026-08-24 10:45:00+00:00,2026-08-24 13:40:00+00:00,175.0,,,,0.07,,,True,True,True,FULL_TP2,52.17,52.17,0.35,103.98,,,,,,,,,,,,,,,29137.4,29224.34195874352,29006.987061884724,28963.51608251296,29137.4,86.94195874351959,130.4129381152794,173.88391748703918,0.04,0.03,5677.43,28963.51608251296,5781.41
118,XAUUSD,BUY,2026-08-24 06:00:00+00:00,2026-08-24 15:55:00+00:00,595.0,,,,0.03,,,True,False,True,TP1_THEN_BE,26.09,0.0,0.15,25.94,,,,,,,,,,,,,,,4644.88,4626.245666630882,4670.968066716766,4685.87553341206,4644.88,18.634333369118117,26.08806671676536,40.99553341205986,0.01,0.02,5677.43,4644.88,5807.35
120,NAS100,SELL,2026-08-24 17:30:00+00:00,2026-08-24 22:00:00+00:00,270.0,,,,0.05,,,False,False,False,EOD_EXIT,-0.09,-0.06,0.25,-0.4,,,,,,,,,,,,,,,29068.1,29175.61278688479,28906.83081967281,28853.074426230414,29175.61278688479,107.51278688479104,161.26918032718658,215.0255737695821,0.03,0.02,5807.35,29068.4,5806.95
122,NAS100,BUY,2026-08-25 08:20:00+00:00,2026-08-25 14:20:00+00:00,360.0,,,,0.07,,,False,False,False,SL,-33.17,-24.87,0.35,-58.39,,,,,,,,,,,,,,,29258.1,29175.185107022608,29382.472339466087,29423.92978595478,29175.185107022608,82.91489297739163,124.37233946608744,165.82978595478326,0.04,0.03,5806.95,29175.185107022608,5748.56
121,XAUUSD,SELL,2026-08-25 07:05:00+00:00,2026-08-25 15:20:00+00:00,495.0,,,,0.03,,,True,False,True,TP1_THEN_BE,27.4,0.0,0.15,27.25,,,,,,,,,,,,,,,4641.08,4660.649784674352,4613.682301455907,4598.026473716424,4641.08,19.569784674352444,27.39769854409342,43.05352628357538,0.01,0.02,5806.95,4641.08,5775.8
123,XAUUSD,SELL,2026-08-25 17:05:00+00:00,2026-08-25 19:00:00+00:00,115.0,,,,0.03,,,False,False,False,SL,-19.21,-38.42,0.15,-57.78,,,,,,,,,,,,,,,4636.11,4655.318576815012,4609.217992458982,4593.851131006972,4655.318576815012,19.208576815012563,26.892007541017588,42.25886899302764,0.01,0.02,5775.8,4655.318576815012,5718.03
124,NAS100,BUY,2026-08-25 18:45:00+00:00,2026-08-25 22:00:00+00:00,195.0,,,,0.06,,,False,False,False,EOD_EXIT,10.71,10.71,0.3,21.12,,,,,,,,,,,,,,,29211.8,29122.35335815829,29345.969962762563,29390.693283683417,29122.35335815829,89.44664184170847,134.1699627625627,178.89328368341694,0.03,0.03,5775.8,29247.5,5739.15
125,NAS100,SELL,2026-08-26 10:10:00+00:00,2026-08-26 11:15:00+00:00,65.0,,,,0.08,,,False,False,False,SL,-29.53,-29.53,0.4,-59.46,,,,,,,,,,,,,,,29143.4,29217.222052713165,29032.666920930256,28995.755894573675,29217.222052713165,73.82205271316334,110.73307906974502,147.6441054263267,0.04,0.04,5739.15,29217.222052713165,5679.69
126,NAS100,SELL,2026-08-26 11:45:00+00:00,2026-08-26 13:30:00+00:00,105.0,,,,0.08,,,False,False,False,SL,-28.93,-28.93,0.4,-58.27,,,,,,,,,,,,,,,29137.7,29210.03476323365,29029.197855149523,28993.030473532697,29210.03476323365,72.33476323365169,108.50214485047752,144.66952646730337,0.04,0.04,5679.69,29210.03476323365,5621.42
127,XAUUSD,SELL,2026-08-26 12:50:00+00:00,2026-08-26 13:55:00+00:00,65.0,,,,0.04,,,False,False,False,SL,-28.99,-28.99,0.2,-58.19,,,,,,,,,,,,,,,4616.25,4630.746418468181,4595.955014144547,4584.357879370003,4630.746418468181,14.496418468180789,20.294985855453103,31.892120629997734,0.02,0.02,5679.69,4630.746418468181,5563.24
128,NAS100,BUY,2026-08-27 11:05:00+00:00,2026-08-27 11:45:00+00:00,40.0,,,,0.06,,,False,False,False,SL,-26.42,-26.42,0.3,-53.13,,,,,,,,,,,,,,,29556.5,29468.447812091064,29688.578281863407,29732.604375817875,29468.447812091064,88.05218790893721,132.07828186340583,176.10437581787443,0.03,0.03,5563.24,29468.447812091064,5510.11
129,XAUUSD,SELL,2026-08-27 12:40:00+00:00,2026-08-27 14:35:00+00:00,115.0,,,,0.03,,,True,False,True,TP1_THEN_BE,22.52,0.0,0.15,22.37,,,,,,,,,,,,,,,4587.64,4603.723562912673,4565.12301192226,4552.256161592122,4587.64,16.0835629126719,22.51698807774066,35.38383840787819,0.01,0.02,5510.11,4587.64,5532.47
130,NAS100,BUY,2026-08-27 14:15:00+00:00,2026-08-27 22:00:00+00:00,465.0,,,,0.06,,,False,False,False,EOD_EXIT,12.21,12.21,0.3,24.12,,,,,,,,,,,,,,,29525.7,29430.48292389361,29668.525614159586,29716.13415221278,29430.48292389361,95.21707610639032,142.82561415958548,190.43415221278065,0.03,0.03,5510.11,29566.4,5556.59
131,XAUUSD,SELL,2026-08-31 08:30:00+00:00,2026-08-31 11:20:00+00:00,170.0,,,,0.03,,,False,False,False,SL,-21.77,-43.54,0.15,-65.47,,,,,,,,,,,,,,,4435.93,4457.701882143005,4405.449364999794,4388.03185928539,4457.701882143005,21.77188214300453,30.480635000206338,47.898140714609966,0.01,0.02,5556.59,4457.701882143005,5491.13
132,XAUUSD,SELL,2026-08-31 15:30:00+00:00,2026-08-31 19:50:00+00:00,260.0,,,,0.03,,,False,False,False,SL,-19.84,-39.68,0.15,-59.66,,,,,,,,,,,,,,,4430.16,4449.997614271814,4402.387340019461,4386.517248602009,4449.997614271814,19.83761427181402,27.772659980539625,43.64275139799084,0.01,0.02,5491.13,4449.997614271814,5431.47
133,XAUUSD,SELL,2026-09-01 06:25:00+00:00,2026-09-01 08:05:00+00:00,100.0,,,,0.03,,,True,True,True,FULL_TP2,22.51,70.73,0.15,93.09,,,,,,,,,,,,,,,4428.98,4445.055234507988,4406.474671688816,4393.6144840824245,4428.98,16.075234507988608,22.505328311184048,35.36551591757494,0.01,0.02,5431.47,4393.6144840824245,5524.55
134,XAUUSD,SELL,2026-09-01 10:50:00+00:00,2026-09-01 13:05:00+00:00,135.0,,,,0.03,,,True,True,True,FULL_TP2,24.98,78.5,0.15,103.33,,,,,,,,,,,,,,,4375.74,4393.581193116999,4350.7623296362,4336.489375142601,4375.74,17.841193116999754,24.977670363799653,39.250624857399465,0.01,0.02,5524.55,4336.489375142601,5627.88
135,XAUUSD,SELL,2026-09-01 15:10:00+00:00,2026-09-01 22:00:00+00:00,410.0,,,,0.03,,,True,False,True,EOD_EXIT,27.14,52.02,0.15,79.01,,,,,,,,,,,,,,,4357.24,4376.6253030972775,4330.100575663812,4314.592333185989,4357.24,19.38530309727757,27.139424336188604,42.64766681401067,0.01,0.02,5627.88,4331.23,5706.89
136,NAS100,SELL,2026-09-01 16:30:00+00:00,2026-09-01 22:00:00+00:00,330.0,,,,0.06,,,False,False,False,EOD_EXIT,3.03,3.03,0.3,5.76,,,,,,,,,,,,,,,29096.6,29187.045099739407,28960.93235039089,28915.709800521185,29187.045099739407,90.44509973940724,135.66764960911084,180.89019947881445,0.03,0.03,5627.88,29086.5,5712.65
137,NAS100,SELL,2026-09-02 06:05:00+00:00,2026-09-02 11:30:00+00:00,325.0,,,,0.08,,,True,False,True,TP1_THEN_BE,44.9,0.0,0.4,44.5,,,,,,,,,,,,,,,29015.8,29090.63066800875,28903.55399798687,28866.13866398249,29015.8,74.83066800875302,112.24600201312953,149.66133601750604,0.04,0.04,5712.65,29015.8,5757.15
138,XAUUSD,BUY,2026-09-02 17:40:00+00:00,2026-09-02 22:00:00+00:00,260.0,,,,0.03,,,False,False,False,EOD_EXIT,14.76,29.52,0.15,44.13,,,,,,,,,,,,,,,4376.44,4358.1900162375305,4401.989977267456,4416.589964277432,4358.1900162375305,18.24998376246928,25.54997726745699,40.14996427743241,0.01,0.02,5757.15,4391.2,5801.28
139,NAS100,BUY,2026-09-02 18:00:00+00:00,2026-09-02 22:00:00+00:00,240.0,,,,0.06,,,False,False,False,EOD_EXIT,1.77,1.77,0.3,3.24,,,,,,,,,,,,,,,29123.9,29034.84453886346,29257.48319170481,29302.01092227308,29034.84453886346,89.0554611365395,133.58319170480925,178.110922273079,0.03,0.03,5757.15,29129.8,5804.52
140,NAS100,BUY,2026-09-03 07:00:00+00:00,2026-09-03 09:55:00+00:00,175.0,,,,0.08,,,False,False,False,SL,-30.23,-30.23,0.4,-60.86,,,,,,,,,,,,,,,29172.6,29097.020864619717,29285.968703070423,29323.75827076057,29097.020864619717,75.57913538028582,113.36870307042872,151.15827076057164,0.04,0.04,5804.52,29097.020864619717,5743.66
141,XAUUSD,BUY,2026-09-03 07:50:00+00:00,2026-09-03 12:30:00+00:00,280.0,,,,0.04,,,True,True,True,FULL_TP2,42.8,67.26,0.2,109.86,,,,,,,,,,,,,,,4430.39,4415.1032446783765,4451.791457450273,4464.020861707572,4430.39,15.286755321623552,21.40145745027297,33.63086170757182,0.02,0.02,5804.52,4464.020861707572,5853.52
142,NAS100,BUY,2026-09-03 12:30:00+00:00,2026-09-03 13:45:00+00:00,75.0,,,,0.08,,,True,True,True,FULL_TP2,46.0,61.33,0.4,106.93,,,,,,,,,,,,,,,29174.3,29097.635157202443,29289.29726419633,29327.62968559511,29174.3,76.66484279755552,114.99726419633328,153.32968559511104,0.04,0.04,5853.52,29327.62968559511,5960.45
143,XAUUSD,BUY,2026-09-03 17:30:00+00:00,2026-09-03 19:10:00+00:00,100.0,,,,0.03,,,False,False,False,SL,-18.77,-37.55,0.15,-56.47,,,,,,,,,,,,,,,4491.71,4472.935176891688,4517.9947523516375,4533.014610838287,4472.935176891688,18.77482310831224,26.28475235163713,41.304610838286926,0.01,0.02,5960.45,4472.935176891688,5903.98
144,NAS100,BUY,2026-09-04 07:20:00+00:00,2026-09-04 12:30:00+00:00,310.0,,,,0.09,,,False,False,False,SL,-25.06,-31.32,0.45,-56.83,,,,,,,,,,,,,,,29583.8,29521.16061538853,29677.75907691721,29709.078769222942,29521.16061538853,62.63938461147218,93.95907691720828,125.27876922294436,0.04,0.05,5903.98,29521.16061538853,5847.15
145,XAUUSD,SELL,2026-09-04 17:00:00+00:00,2026-09-06 22:00:00+00:00,3180.0,,,,0.03,,,False,False,False,EOD_EXIT,9.08,18.16,0.15,27.09,,,,,,,,,,,,,,,4431.32,4452.884392467987,4401.1298505448185,4383.8783365704285,4452.884392467987,21.564392467986853,30.19014945518159,47.44166342957108,0.01,0.02,5847.15,4422.24,5874.24
146,XAUUSD,SELL,2026-09-07 07:25:00+00:00,2026-09-07 08:00:00+00:00,35.0,,,,0.03,,,False,False,False,SL,-17.32,-34.63,0.15,-52.1,,,,,,,,,,,,,,,4395.11,4412.4259206222205,4370.867711128891,4357.0149746311145,4412.4259206222205,17.315920622220418,24.242288871108585,38.09502536888492,0.01,0.02,5874.24,4412.4259206222205,5822.14
147,NAS100,BUY,2026-09-07 16:15:00+00:00,2026-09-07 22:00:00+00:00,345.0,,,,0.1,,,False,False,False,EOD_EXIT,-6.9,-6.9,0.5,-14.3,,,,,,,,,,,,,,,29584.0,29524.48234282332,29673.27648576502,29703.035314353365,29524.48234282332,59.517657176682086,89.27648576502312,119.03531435336416,0.05,0.05,5822.14,29570.2,5807.84
149,NAS100,SELL,2026-09-08 11:10:00+00:00,2026-09-08 12:30:00+00:00,80.0,,,,0.08,,,False,False,False,SL,-29.82,-29.82,0.4,-60.04,,,,,,,,,,,,,,,29526.4,29600.95249690481,29414.571254642786,29377.295006190376,29600.95249690481,74.55249690481259,111.82874535721888,149.10499380962517,0.04,0.04,5807.84,29600.95249690481,5747.8
148,XAUUSD,SELL,2026-09-08 10:35:00+00:00,2026-09-08 12:55:00+00:00,140.0,,,,0.04,,,False,False,False,SL,-28.73,-28.73,0.2,-57.66,,,,,,,,,,,,,,,4394.85,4409.214364312204,4374.739889962916,4363.248398513153,4409.214364312204,14.364364312203344,20.11011003708468,31.60160148684736,0.02,0.02,5807.84,4409.214364312204,5690.14
