trade_id,symbol,direction,entry_time,exit_time,entry_price,sl_price,tp1_price,tp2_price,sl_dist,entry_spread,total_lots,partial_lots,runner_lots,tp1_hit,tp2_hit,be_hit,exit_reason,partial_pnl,runner_pnl,commission,net_pnl,account_balance,duration_m
1,NAS100,BUY,2026-01-02 10:00:00.057000+00:00,2026-01-02 11:10:06.745000+00:00,25471.6,25427.11908243223,25538.32137635165,25560.561835135537,44.48091756776897,2.599999999998545,0.11,0.06,0.05,True,True,False,FULL_TP2,40.0328258109912,44.48091756776921,0.55,83.96374337876041,5083.96374337876,70.11146666666667
2,NAS100,BUY,2026-01-02 16:45:00.112000+00:00,2026-01-02 16:50:30.982000+00:00,25524.7,25481.32287386044,25589.765689209344,25611.454252279123,43.37712613956099,2.600000000002183,0.12,0.06,0.06,True,True,False,FULL_TP2,39.03941352560578,52.05255136747364,0.6,90.49196489307944,5174.455708271839,5.5145
2,XAUUSD,BUY,2026-01-05 06:25:00.296000+00:00,2026-01-05 14:50:29.192000+00:00,4405.28,4387.465895620945,4430.219746130676,4444.47102963392,17.814104379054704,0.2899999999999636,0.03,0.02,0.01,True,False,True,TP1_THEN_BE,49.879492261352425,0.2899999999999636,0.15,50.01949226135239,5096.549201998514,505.4816
3,NAS100,BUY,2026-01-05 15:50:00.061000+00:00,2026-01-05 16:36:00.430000+00:00,25407.9,25349.15331017118,25496.020034743236,25525.393379657646,58.74668982882248,2.600000000002183,0.09,0.04,0.05,True,False,True,TP1_THEN_BE,35.248013897294,1.3000000000010914,0.4499999999999999,36.09801389729509,5210.553722169135,46.006150000000005
3,XAUUSD,BUY,2026-01-05 16:00:00.016000+00:00,2026-01-05 17:04:17.926000+00:00,4417.08,4401.07429951936,4439.487980672897,4452.292541057409,16.00570048064032,0.2899999999999636,0.03,0.02,0.01,True,True,False,FULL_TP2,44.81596134579377,35.212541057409,0.15,79.87850240320276,5176.427704401717,64.2985
4,XAUUSD,BUY,2026-01-05 19:15:00.027000+00:00,2026-01-06 12:00:00+00:00,4442.67,4426.158770788642,4465.785720895901,4478.994704264988,16.511229211358234,0.2600000000002183,0.03,0.02,0.01,False,False,False,TP1_THEN_BE,46.23,0.26,0.15,46.34,5193.947704401719,1005.0
5,XAUUSD,BUY,2026-01-06 08:50:00.133000+00:00,2026-01-06 11:47:11.001000+00:00,4463.37,4448.498204777216,4484.190513311897,4496.087949490125,14.871795222783767,0.2899999999999636,0.03,0.02,0.01,False,False,False,SL,-29.74359044556695,-14.871795222783476,0.15,-44.765385668350426,5149.182318733368,177.18113333333335
4,NAS100,BUY,2026-01-06 16:25:00.105000+00:00,2026-01-06 16:50:21.405000+00:00,25465.2,25416.372826994608,25538.44075950809,25562.854346010783,48.82717300539127,2.600000000002183,0.11,0.06,0.05,True,True,False,FULL_TP2,43.944455704852594,48.82717300539117,0.55,92.22162871024376,5302.7753508793785,25.355
5,NAS100,BUY,2026-01-06 19:10:00.048000+00:00,2026-01-06 22:40:00+00:00,25553.8,25492.74176417899,25645.387353731512,25675.916471642013,61.05823582100738,2.599999999998545,0.09,0.04,0.05,True,False,False,FULL_TP2,36.63,6.11,0.4499999999999999,42.29,5385.910292371985,210.0
7,XAUUSD,SELL,2026-01-07 11:40:00.269000+00:00,2026-01-07 15:10:01.645000+00:00,4462.7,4478.1157366964335,4441.1179686249925,4428.785379267845,15.41573669643405,0.2600000000002183,0.03,0.02,0.01,True,True,False,FULL_TP2,43.16406275001464,33.91462073215462,0.15,76.92868348216925,5301.151215432622,210.02293333333333
8,XAUUSD,SELL,2026-01-07 16:35:00.014000+00:00,2026-01-07 17:32:32.112000+00:00,4449.32,4464.50761721721,4428.0573358959045,4415.907242122136,15.187617217210589,0.2899999999999636,0.03,0.02,0.01,True,False,True,TP1_THEN_BE,42.52532820819033,0.2899999999999636,0.15,42.665328208190296,5343.816543640813,57.53496666666667
9,XAUUSD,SELL,2026-01-07 19:55:00.021000+00:00,2026-01-08 07:40:00+00:00,4454.58,4471.082372822963,4431.476678047851,4418.274779789481,16.502372822963412,0.2899999999999636,0.03,0.02,0.01,False,False,False,FULL_TP2,46.21,36.31,0.15,82.36,5350.626543640812,705.0
6,NAS100,BUY,2026-01-07 20:40:00.061000+00:00,2026-01-07 21:10:00+00:00,25801.8,25751.123812313424,25877.81428152986,25903.152375373145,50.67618768657324,2.599999999998545,0.11,0.06,0.05,False,False,False,SL,-3.04,-2.53,0.55,-6.12,5386.130292371986,30.0
10,XAUUSD,SELL,2026-01-08 10:00:00.018000+00:00,2026-01-08 14:42:40.063000+00:00,4430.78,4444.828170452624,4411.112561366325,4399.874025004226,14.048170452624438,0.2899999999999636,0.04,0.02,0.02,True,False,True,TP1_THEN_BE,39.33487726734893,0.5799999999999272,0.2,39.71487726734885,5390.341420908161,282.6674166666666
7,NAS100,SELL,2026-01-08 11:40:00.019000+00:00,2026-01-08 15:20:40.755000+00:00,25606.3,25659.14813547876,25527.02779678186,25500.603729042476,52.84813547876163,2.600000000002183,0.1,0.05,0.05,False,False,False,SL,-26.42406773938092,-26.42406773938092,0.5,-53.34813547876183,5332.782156893224,220.67893333333333
11,XAUUSD,SELL,2026-01-08 15:05:00.016000+00:00,2026-01-08 16:47:49.515000+00:00,4423.82,4437.5160566893,4404.645520634979,4393.688675283539,13.696056689300395,0.2899999999999636,0.04,0.02,0.02,False,False,False,SL,-27.392113378600698,-27.392113378600698,0.2,-54.9842267572014,5335.35719415096,102.82498333333334
8,NAS100,SELL,2026-01-08 16:30:00.067000+00:00,2026-01-08 16:38:26.472000+00:00,25632.9,25682.68346534613,25558.22480198081,25533.333069307748,49.78346534612771,2.599999999998545,0.11,0.06,0.05,True,True,False,FULL_TP2,44.80511881151469,49.78346534612683,0.55,94.03858415764152,5426.820741050866,8.440083333333332
9,NAS100,SELL,2026-01-08 20:10:00.118000+00:00,2026-01-08 23:35:00+00:00,25500.9,25571.074707250908,25395.637939123644,25360.550585498193,70.1747072509045,2.599999999998545,0.08,0.04,0.04,False,False,False,SL,-2.81,-2.81,0.4,-6.01,5442.100741050867,205.0
12,XAUUSD,BUY,2026-01-09 07:30:00.004000+00:00,2026-01-09 16:11:07.517000+00:00,4465.17,4452.217518849606,4483.303473610552,4493.665458530867,12.9524811503939,0.2899999999999636,0.04,0.02,0.02,True,True,False,FULL_TP2,36.26694722110369,56.99091706173386,0.2,93.05786428283754,5428.415058433798,521.1252166666667
11,NAS100,BUY,2026-01-09 14:55:00.210000+00:00,2026-01-09 16:18:22.700000+00:00,25590.9,25541.562221919477,25664.906667120787,25689.57555616105,49.33777808052425,2.600000000002183,0.11,0.06,0.05,True,False,True,TP1_THEN_BE,44.404000272471606,1.3000000000010914,0.55,45.1540002724727,5432.943411514044,83.37483333333333
12,NAS100,SELL,2026-01-12 10:15:00.050000+00:00,2026-01-12 16:30:03.480000+00:00,25574.4,25634.695968676344,25483.956046985488,25453.808062647317,60.29596867634267,2.399999999997817,0.09,0.04,0.05,False,False,False,SL,-24.118387470536984,-30.14798433817123,0.4499999999999999,-54.71637180870822,5378.227039705335,375.05716666666666
14,XAUUSD,BUY,2026-01-12 16:35:00.075000+00:00,2026-01-12 22:40:00+00:00,4598.41,4582.309269900082,4620.951022139885,4633.831606219819,16.10073009991776,0.2899999999999636,0.03,0.02,0.01,True,False,False,TP1_THEN_BE,45.08,0.29,0.15,45.22,5531.446671967153,365.0
13,NAS100,BUY,2026-01-13 10:20:00.231000+00:00,2026-01-13 15:31:39.504000+00:00,25773.8,25728.01587154562,25842.476192681566,25865.368256908758,45.78412845437877,2.599999999998545,0.12,0.06,0.06,True,True,False,FULL_TP2,41.205715608940224,54.94095414525509,0.6,95.54666975419532,5473.77370945953,311.65455000000003
16,XAUUSD,BUY,2026-01-13 17:55:00.002000+00:00,2026-01-13 18:27:12.900000+00:00,4615.94,4600.505068431655,4637.548904195683,4649.896849450359,15.434931568344949,0.2899999999999636,0.04,0.02,0.02,False,False,False,SL,-30.86986313668968,-30.86986313668968,0.2,-61.93972627337935,5570.720544998165,32.21496666666666
14,NAS100,BUY,2026-01-13 18:30:00.050000+00:00,2026-01-13 19:53:04.432000+00:00,25764.1,25702.114062094217,25857.07890685867,25888.07187581156,61.98593790578098,2.599999999998545,0.09,0.04,0.05,True,False,True,TP1_THEN_BE,37.19156274346896,1.2999999999992726,0.4499999999999999,38.04156274346823,5511.815272202999,83.07303333333333
17,XAUUSD,BUY,2026-01-14 08:15:00.062000+00:00,2026-01-14 16:39:56.161000+00:00,4633.89,4618.662885909935,4655.207959726092,4667.389650998144,15.227114090065243,0.2800000000006548,0.04,0.02,0.02,False,False,False,SL,-30.454228180131395,-30.454228180131395,0.2,-61.10845636026279,5509.612088637902,504.9349833333333
18,XAUUSD,SELL,2026-01-15 10:00:00.032000+00:00,2026-01-15 12:37:16.524000+00:00,4601.56,4617.753116879474,4578.889636368737,4565.935142865158,16.193116879473877,0.3099999999994907,0.03,0.02,0.01,False,False,False,SL,-32.38623375894713,-16.193116879473564,0.15,-48.72935063842069,5460.882737999482,157.27486666666667
15,NAS100,BUY,2026-01-15 14:40:00.087000+00:00,2026-01-15 17:46:35.294000+00:00,25686.0,25616.329722862032,25790.50541570695,25825.340554275932,69.67027713796634,2.599999999998545,0.08,0.04,0.04,True,False,True,TP1_THEN_BE,41.80216628277995,1.0399999999994178,0.4,42.44216628277937,5554.257438485778,186.58678333333333
16,NAS100,BUY,2026-01-15 18:05:00.008000+00:00,2026-01-15 21:05:00+00:00,25777.0,25701.78454067739,25889.82318898392,25927.430918645223,75.21545932261171,2.599999999998545,0.07,0.04,0.03,False,False,False,SL,-3.01,-2.26,0.35,-5.62,5531.437438485779,180.0
19,XAUUSD,SELL,2026-01-16 08:45:00.111000+00:00,2026-01-16 09:12:08.398000+00:00,4595.86,4609.133599701883,4577.276960417364,4566.658080655857,13.273599701883127,0.3100000000004002,0.04,0.02,0.02,False,False,False,SL,-26.54719940376708,-26.54719940376708,0.2,-53.294398807534165,5407.588339191948,27.13811666666667
20,XAUUSD,SELL,2026-01-16 10:40:00.283000+00:00,2026-01-16 16:05:30.954000+00:00,4605.12,4618.6950630082565,4586.114911788441,4575.254861381836,13.575063008256333,0.3100000000004002,0.04,0.02,0.02,True,False,True,TP1_THEN_BE,38.01017642311854,0.6200000000008004,0.2,38.430176423119335,5446.018515615067,325.5111833333333
17,NAS100,BUY,2026-01-16 11:00:00.071000+00:00,2026-01-16 16:55:50.305000+00:00,25683.7,25631.397743081925,25762.153385377114,25788.304513836152,52.30225691807488,2.600000000002183,0.11,0.06,0.05,False,False,False,SL,-31.381354150845432,-26.151128459037864,0.55,-58.08248260988329,5473.354955875896,355.83723333333336
21,XAUUSD,SELL,2026-01-16 17:25:00.051000+00:00,2026-01-16 17:31:49.275000+00:00,4588.43,4602.226484191766,4569.114922131528,4558.077734778115,13.796484191765924,1.1300000000001091,0.04,0.02,0.02,True,True,False,FULL_TP2,38.63015573694429,60.70453044377063,0.2,99.13468618071492,5545.153201795783,6.8204
18,NAS100,SELL,2026-01-16 19:05:00.002000+00:00,2026-01-20 01:00:00+00:00,25574.4,25641.937965858793,25473.093051211814,25439.324068282414,67.53796585879283,2.599999999998545,0.08,0.04,0.04,False,False,False,FULL_TP2,4.05,5.4,0.4,9.06,5466.234955875898,4675.0
22,XAUUSD,SELL,2026-01-16 19:20:00.012000+00:00,2026-01-19 01:00:00+00:00,4584.37,4603.356249124533,4557.789251225654,4542.600251926027,18.986249124532872,0.3199999999997089,0.03,0.02,0.01,False,False,False,SL,-37.97,-18.99,0.15,-57.11,5549.623201795783,3220.0
23,XAUUSD,BUY,2026-01-19 11:15:00.068000+00:00,2026-01-20 07:50:00+00:00,4670.97,4653.498270706116,4695.430421011438,4709.407804446546,17.471729293884245,0.3000000000001819,0.03,0.02,0.01,False,False,False,FULL_TP2,48.92,38.44,0.15,87.21,5566.093201795783,1235.0
19,NAS100,SELL,2026-01-20 15:40:00.091000+00:00,2026-01-20 16:30:04.962000+00:00,25087.7,25168.168567117307,24966.997149324037,24926.762865765384,80.46856711730778,2.599999999998545,0.07,0.04,0.03,False,False,False,SL,-32.187426846922605,-24.14057013519196,0.35,-56.67799698211456,5409.556958893783,50.081183333333335
25,XAUUSD,BUY,2026-01-20 15:50:00.066000+00:00,2026-01-20 16:34:28.653000+00:00,4730.71,4718.426096642461,4747.907464700555,4757.734587386586,12.283903357539243,0.3299999999999272,0.04,0.02,0.02,True,False,True,TP1_THEN_BE,34.39492940110904,0.6599999999998545,0.2,34.85492940110889,5550.282496686178,44.47645
26,XAUUSD,BUY,2026-01-20 18:10:00.137000+00:00,2026-01-20 20:21:13.354000+00:00,4735.0,4720.795893339463,4754.8857493247515,4766.249034653181,14.204106660537095,0.3400000000001455,0.04,0.02,0.02,True,True,False,FULL_TP2,39.77149864950297,62.4980693063626,0.2,102.06956795586557,5652.352064642044,131.22028333333333
27,XAUUSD,BUY,2026-01-21 10:10:00.039000+00:00,2026-01-21 16:12:07.211000+00:00,4860.07,4839.714709673408,4888.567406457229,4904.851638718502,20.355290326591973,0.3199999999997089,0.03,0.02,0.01,False,False,False,SL,-40.71058065318357,-20.355290326591785,0.15,-61.21587097977535,5591.136193662269,362.1195333333333
20,NAS100,BUY,2026-01-21 20:50:00.109000+00:00,2026-01-21 21:35:00+00:00,25152.6,25044.191695106358,25315.212457340458,25369.416609787277,108.40830489363918,2.599999999998545,0.05,0.02,0.03,False,False,False,FULL_TP2,3.25,6.5,0.25,9.51,5413.556958893783,45.0
28,XAUUSD,BUY,2026-01-22 12:40:00.132000+00:00,2026-01-22 18:26:14.061000+00:00,4828.54,4804.851735200305,4861.703570719574,4880.65418255933,23.68826479969581,0.3400000000001455,0.02,0.01,0.01,True,True,False,FULL_TP2,33.16357071957373,52.1141825593304,0.1,85.17775327890413,5676.313946941173,346.23215
21,NAS100,BUY,2026-01-22 14:55:00.080000+00:00,2026-01-22 16:47:34.665000+00:00,25563.3,25479.095743150334,25689.606385274496,25731.708513699326,84.20425684966403,2.599999999998545,0.06,0.03,0.03,False,False,False,SL,-25.26127705489962,-25.26127705489962,0.3,-50.82255410979924,5362.734404783984,112.57641666666667
30,XAUUSD,BUY,2026-01-26 08:00:00.172000+00:00,2026-01-26 09:00:57.880000+00:00,5074.58,5051.49626689219,5106.897226350934,5125.364212837182,23.083733107809906,0.3299999999999272,0.02,0.01,0.01,True,False,True,TP1_THEN_BE,32.31722635093411,0.3299999999999272,0.1,32.54722635093403,5643.728169444,60.9618
31,XAUUSD,BUY,2026-01-26 11:15:00.035000+00:00,2026-01-26 15:02:51.674000+00:00,5091.4,5067.932828849177,5124.254039611152,5143.027776531811,23.46717115082303,0.339999999999236,0.02,0.01,0.01,False,False,False,SL,-23.46717115082265,-23.46717115082265,0.1,-47.0343423016453,5596.693827142354,227.86065
32,XAUUSD,BUY,2026-01-26 16:35:00.118000+00:00,2026-01-26 20:41:05.692000+00:00,5085.22,5063.223844408018,5116.014617828776,5133.611542302362,21.996155591982685,0.3400000000001455,0.03,0.02,0.01,False,False,False,SL,-43.992311183965285,-21.99615559198264,0.15,-66.13846677594793,5530.555360366407,246.0929
25,NAS100,BUY,2026-01-26 20:20:00.062000+00:00,2026-01-27 16:55:00+00:00,25794.7,25719.989002715298,25906.76649592705,25944.121994569403,74.71099728470112,2.600000000002183,0.07,0.04,0.03,False,False,False,FULL_TP2,4.48,4.48,0.35,8.62,5262.244955591593,1235.0
33,XAUUSD,BUY,2026-01-27 07:40:00.297000+00:00,2026-01-27 22:10:00+00:00,5070.79,5040.471632664863,5113.235714269192,5137.4904081373015,30.31836733513691,0.3400000000001455,0.02,0.01,0.01,False,False,False,FULL_TP2,42.45,66.7,0.1,109.05,5564.655360366407,870.0
27,NAS100,BUY,2026-01-27 16:55:00.168000+00:00,2026-01-28 01:00:00+00:00,25934.9,25888.326657358015,26004.76001396298,26028.04668528397,46.57334264198489,2.600000000002183,0.11,0.06,0.05,False,False,False,FULL_TP2,4.19,4.66,0.55,8.3,5263.044510970814,485.0
28,NAS100,BUY,2026-01-28 06:10:00.089000+00:00,2026-01-28 08:19:28.095000+00:00,26119.2,26073.25826834321,26188.11259748519,26211.083463313586,45.94173165679168,2.600000000002183,0.11,0.06,0.05,True,True,False,FULL_TP2,41.34755849111316,45.9417316567924,0.55,86.73929014790555,5349.78380111872,129.46676666666667
29,NAS100,BUY,2026-01-28 12:25:00.083000+00:00,2026-01-28 16:19:05.713000+00:00,26181.6,26134.51744118939,26252.22383821591,26275.765117621213,47.082558810607566,2.399999999997817,0.11,0.06,0.05,False,False,False,SL,-28.249535286365425,-23.54127940530452,0.55,-52.34081469166994,5297.44298642705,234.0938333333333
34,XAUUSD,BUY,2026-01-28 14:40:00.223000+00:00,2026-01-28 17:08:24.499000+00:00,5270.31,5244.4120309687905,5306.567156643695,5327.2855318686625,25.89796903121009,0.3400000000001455,0.02,0.01,0.01,False,False,False,SL,-25.89796903120987,-25.89796903120987,0.1,-51.89593806241974,5512.759422303987,148.4046
35,XAUUSD,BUY,2026-01-28 17:35:00.096000+00:00,2026-01-28 20:38:59.814000+00:00,5273.49,5246.653561238495,5311.061014266106,5332.53016527531,26.836438761504514,0.3400000000001455,0.02,0.01,0.01,True,False,True,TP1_THEN_BE,37.57101426610643,0.3400000000001455,0.1,37.811014266106575,5550.570436570093,183.9953
36,XAUUSD,BUY,2026-01-29 16:10:00.021000+00:00,2026-01-29 16:47:27.076000+00:00,5537.57,5494.297300194635,5598.151779727511,5632.769939571804,43.27269980536529,0.3400000000001455,0.02,0.01,0.01,False,False,False,SL,-43.27269980536494,-43.27269980536494,0.1,-86.64539961072987,5463.925036959363,37.45091666666666
31,NAS100,SELL,2026-01-30 07:30:00.151000+00:00,2026-01-30 11:51:17.640000+00:00,25763.8,25869.952307639396,25604.571538540906,25551.49538472121,106.15230763939512,2.600000000002183,0.05,0.02,0.03,True,True,False,FULL_TP2,31.845692291818708,63.691384583637046,0.25,95.28707687545575,5339.505322695042,261.2914833333333
37,XAUUSD,SELL,2026-01-30 07:55:00.199000+00:00,2026-01-30 11:13:03.180000+00:00,5215.8,5292.167515063522,5108.88547891107,5047.7914668602525,76.36751506352165,0.7200000000002547,0.02,0.01,0.01,True,True,False,FULL_TP2,106.91452108893009,168.00853313974767,0.1,274.82305422867773,5738.74809118804,198.0496833333333
38,XAUUSD,SELL,2026-01-30 14:45:00.058000+00:00,2026-01-30 16:34:35.013000+00:00,5113.67,5195.719219030022,4998.801093357969,4933.161718133951,82.04921903002237,0.8299999999999272,0.02,0.01,0.01,True,False,True,TP1_THEN_BE,114.8689066420311,0.8299999999999274,0.1,115.59890664203104,5854.346997830071,109.58258333333332
32,NAS100,SELL,2026-01-30 15:35:00.072000+00:00,2026-01-30 16:30:41.804000+00:00,25710.2,25814.293066232563,25554.060400651157,25502.01386753488,104.09306623256168,2.5,0.05,0.02,0.03,False,False,False,SL,-20.81861324651254,-31.22791986976881,0.25,-52.29653311628135,5287.208789578761,55.69553333333333
39,XAUUSD,SELL,2026-01-30 16:55:00.049000+00:00,2026-01-30 19:43:38.208000+00:00,5049.19,5132.369974571805,4932.738035599473,4866.194055942028,83.179974571805,1.1200000000008004,0.02,0.01,0.01,True,True,False,FULL_TP2,116.4519644005268,182.99594405797143,0.1,299.3479084584982,6153.694906288569,168.63598333333331
33,NAS100,SELL,2026-01-30 17:25:00.014000+00:00,2026-01-30 20:16:30.169000+00:00,25755.9,25862.560858129098,25595.908712806355,25542.57828374181,106.6608581290966,2.599999999998545,0.05,0.02,0.03,True,True,False,FULL_TP2,31.998257438729347,63.99651487745796,0.25,95.7447723161873,5382.9535618949485,171.50258333333335
34,NAS100,SELL,2026-02-02 07:00:00+00:00,2026-02-02 13:45:06.063000+00:00,25247.5,25383.53747150911,25043.443792736332,24975.425056981778,136.03747150911073,2.400000000001455,0.04,0.02,0.02,False,False,False,SL,-27.207494301821864,-27.207494301821864,0.2,-54.61498860364373,5328.338573291305,405.10105
40,XAUUSD,SELL,2026-02-02 19:20:00.105000+00:00,2026-02-03 02:00:00+00:00,4677.32,4781.944443267935,4530.845779424891,4447.146224810542,104.62444326793532,0.8200000000006185,0.02,0.01,0.01,False,False,False,SL,-104.62,-104.62,0.1,-209.35,6191.154906288568,400.0
41,XAUUSD,BUY,2026-02-03 11:45:00.176000+00:00,2026-02-04 07:05:00+00:00,4921.61,4848.762381556473,5023.596665820937,5081.874760575758,72.84761844352656,0.3599999999996726,0.02,0.01,0.01,False,False,False,FULL_TP2,101.99,160.26,0.1,262.15,6164.354906288569,1160.0
35,NAS100,BUY,2026-02-03 14:15:00.057000+00:00,2026-02-03 16:31:45.674000+00:00,25878.3,25805.983394658582,25986.77490801212,26022.93321068283,72.31660534141564,2.599999999998545,0.07,0.04,0.03,False,False,False,SL,-28.926642136566805,-21.694981602425106,0.35,-50.97162373899191,5277.366949552313,136.76028333333335
36,NAS100,SELL,2026-02-04 07:05:00.021000+00:00,2026-02-04 16:32:16.864000+00:00,25336.1,25430.553051159495,25194.420423260755,25147.19389768101,94.45305115949527,2.600000000002183,0.06,0.03,0.03,True,True,False,FULL_TP2,42.50387302177296,56.67183069569692,0.3,98.87570371746988,5376.242653269783,567.2807166666666
43,XAUUSD,BUY,2026-02-04 14:30:00.261000+00:00,2026-02-04 16:32:50.026000+00:00,5047.86,5005.948934362602,5106.535491892356,5140.064344402274,41.91106563739746,0.4600000000000364,0.02,0.01,0.01,False,False,False,SL,-41.91106563739777,-41.91106563739777,0.1,-83.92213127479553,5985.306718711243,122.82941666666667
37,NAS100,SELL,2026-02-05 07:15:00.062000+00:00,2026-02-05 10:16:50.653000+00:00,24900.7,25032.789111448277,24702.566332827584,24636.521777103448,132.0891114482773,2.599999999998545,0.04,0.02,0.02,False,False,False,SL,-26.417822289655305,-26.417822289655305,0.2,-53.03564457931061,5323.207008690472,181.8431833333333
44,XAUUSD,SELL,2026-02-05 10:50:00.062000+00:00,2026-02-05 23:30:00+00:00,4909.02,4963.727700094174,4832.429219868158,4788.663059792819,54.7077000941734,0.3499999999994543,0.02,0.01,0.01,True,False,False,FULL_TP2,76.59,120.36,0.1,196.85,6112.177498843085,760.0
38,NAS100,SELL,2026-02-05 10:50:00.062000+00:00,2026-02-05 14:35:42.303000+00:00,24982.0,25101.82397152036,24802.26404271946,24742.352056959284,119.82397152035888,2.599999999998545,0.04,0.02,0.02,True,True,False,FULL_TP2,35.94719145610797,47.92958860814324,0.2,83.67678006425122,5406.883788754723,225.70401666666663
39,NAS100,SELL,2026-02-05 17:00:00.110000+00:00,2026-02-05 18:28:08.218000+00:00,24681.9,24823.137436403336,24470.043845394997,24399.42512719333,141.23743640333532,2.899999999997817,0.04,0.02,0.02,True,False,True,TP1_THEN_BE,42.37123092100083,0.5799999999995634,0.2,42.75123092100039,5449.635019675724,88.13513333333334
40,NAS100,SELL,2026-02-05 20:20:00.037000+00:00,2026-02-05 23:40:00+00:00,24673.5,24833.673523242756,24433.239715135864,24353.152953514484,160.17352324275785,2.5,0.03,0.02,0.01,False,False,False,FULL_TP2,4.81,3.2,0.15,7.86,5466.525019675723,200.0
41,NAS100,BUY,2026-02-06 15:20:00.424000+00:00,2026-02-06 19:51:57.404000+00:00,24741.7,24603.81486547224,24948.527701791645,25017.470269055524,137.88513452776203,2.600000000002183,0.04,0.02,0.02,True,True,False,FULL_TP2,41.36554035832887,55.15405381110468,0.2,96.31959416943356,5562.844613845157,271.94966666666664
45,XAUUSD,BUY,2026-02-09 07:05:00.162000+00:00,2026-02-10 01:10:00+00:00,5015.51,4977.420823883285,5068.834846563402,5099.306187456774,38.0891761167152,0.6300000000001091,0.02,0.01,0.01,True,False,False,TP1_THEN_BE,53.32,0.63,0.1,53.85,6212.452345406487,1085.0
46,XAUUSD,BUY,2026-02-10 06:55:01.077000+00:00,2026-02-10 16:48:02.136000+00:00,5032.07,5001.3249142103405,5075.113120105523,5099.709188737251,30.745085789659658,0.5,0.02,0.01,0.01,True,False,True,TP1_THEN_BE,43.043120105523485,0.5,0.1,43.44312010552349,6255.89546551201,593.01765
43,NAS100,BUY,2026-02-10 17:00:00.011000+00:00,2026-02-10 18:51:15.487000+00:00,25320.2,25244.928173897733,25433.1077391534,25470.743652204535,75.271826102268,2.600000000002183,0.07,0.04,0.03,False,False,False,SL,-30.108730440906943,-22.581547830680208,0.35,-53.04027827158716,5455.722967826621,111.25793333333333
47,XAUUSD,BUY,2026-02-11 11:30:00.149000+00:00,2026-02-11 13:22:50.050000+00:00,5054.9,5033.643771532059,5084.658719855117,5101.663702629469,21.25622846794069,0.4499999999998181,0.03,0.02,0.01,True,True,False,FULL_TP2,59.51743971023461,46.76370262946966,0.15,106.13114233970428,6362.026607851714,112.83168333333332
48,XAUUSD,BUY,2026-02-11 18:30:00.014000+00:00,2026-02-12 18:10:00+00:00,5061.31,5031.028070618548,5103.704701134034,5127.930244639196,30.28192938145253,0.3700000000008003,0.02,0.01,0.01,False,False,False,SL,-30.28,-30.28,0.1,-60.66,6403.866607851713,1420.0
44,NAS100,SELL,2026-02-13 10:20:00.197000+00:00,2026-02-13 10:48:08.204000+00:00,24612.4,24705.23618417559,24473.145723736623,24426.72763164883,92.83618417558507,2.599999999998545,0.06,0.03,0.03,False,False,False,SL,-27.850855252676045,-27.850855252676045,0.3,-56.00171050535209,5399.721257321269,28.13345
45,NAS100,SELL,2026-02-13 12:40:00.049000+00:00,2026-02-13 16:45:28.418000+00:00,24688.8,24781.529158804457,24549.70626179331,24503.34168239108,92.72915880445854,2.100000000002183,0.06,0.03,0.03,True,False,True,TP1_THEN_BE,41.72812146200631,0.6300000000006547,0.3,42.058121462006966,5441.779378783276,245.4728166666667
46,NAS100,SELL,2026-02-13 16:55:00.002000+00:00,2026-02-13 17:11:21.377000+00:00,24660.3,24758.771681190497,24512.592478214254,24463.356637619007,98.4716811904972,2.900000000001455,0.06,0.03,0.03,False,False,False,SL,-29.541504357149464,-29.541504357149464,0.3,-59.38300871429893,5382.396370068977,16.35625
47,NAS100,SELL,2026-02-16 06:40:02.050000+00:00,2026-02-17 01:45:00+00:00,24766.5,24862.242411182044,24622.886383226938,24575.015177635916,95.74241118204203,2.200000000000728,0.06,0.03,0.03,True,False,False,TP1_THEN_BE,43.08,0.07,0.3,42.85,5425.180455100896,1145.0
49,NAS100,SELL,2026-02-17 12:30:00.035000+00:00,2026-02-17 15:51:08.839000+00:00,24601.2,24677.783088793087,24486.32536681037,24448.03382241383,76.58308879308633,2.200000000000728,0.07,0.04,0.03,True,False,True,TP1_THEN_BE,45.94985327585164,0.6600000000002182,0.35,46.25985327585185,5417.982867796976,201.1467333333333
49,XAUUSD,SELL,2026-02-17 12:50:00.004000+00:00,2026-02-17 14:10:39.245000+00:00,4916.06,4938.946247925392,4884.0192529044525,4865.71025456414,22.886247925391203,0.3899999999994179,0.03,0.02,0.01,False,False,False,SL,-45.772495850782434,-22.886247925391217,0.15,-68.80874377617366,6335.057864075539,80.65401666666666
50,XAUUSD,SELL,2026-02-17 15:10:00.070000+00:00,2026-02-17 15:58:29.401000+00:00,4924.7,4946.944442672042,4893.557780259141,4875.7622261215065,22.244442672042467,0.3400000000001455,0.03,0.02,0.01,True,True,False,FULL_TP2,62.28443948171844,48.93777387849332,0.15,111.07221336021176,6446.130077435751,48.48885
50,NAS100,SELL,2026-02-17 16:55:00.024000+00:00,2026-02-17 17:18:49.809000+00:00,24470.8,24556.888939478846,24341.66659078173,24298.622121042306,86.08893947884589,2.200000000000728,0.06,0.03,0.03,False,False,False,SL,-25.82668184365393,-25.82668184365393,0.3,-51.953363687307856,5366.029504109669,23.82975
51,XAUUSD,SELL,2026-02-17 18:55:00.037000+00:00,2026-02-17 20:56:16.218000+00:00,4876.24,4903.95131361169,4837.4441609436335,4815.275110054282,27.711313611690006,0.3200000000006184,0.02,0.01,0.01,False,False,False,SL,-27.711313611690457,-27.711313611690457,0.1,-55.52262722338092,6390.60745021237,121.26968333333332
52,XAUUSD,BUY,2026-02-18 08:45:00.263000+00:00,2026-02-18 13:45:57.223000+00:00,4931.32,4908.929171474949,4962.66715993507,4980.579822755111,22.390828525050622,0.3800000000001091,0.03,0.02,0.01,False,False,False,SL,-44.781657050101785,-22.39082852505089,0.15,-67.32248557515268,6323.284964637218,300.9493333333333
53,XAUUSD,BUY,2026-02-18 14:05:00.186000+00:00,2026-02-18 15:36:00.546000+00:00,4919.23,4900.740864161593,4945.114790173769,4959.9060988444935,18.489135838406337,0.3199999999997089,0.03,0.02,0.01,True,True,False,FULL_TP2,51.76958034753807,40.676098844493936,0.15,92.295679192032,6415.58064382925,91.006
53,NAS100,BUY,2026-02-18 16:55:00.037000+00:00,2026-02-18 17:06:11.291000+00:00,24831.2,24753.323596025104,24948.014605962344,24986.952807949794,77.87640397489616,2.5,0.07,0.04,0.03,True,True,False,FULL_TP2,46.72584238493727,46.725842384938005,0.35,93.10168476987528,5438.958513819567,11.187566666666669
54,NAS100,BUY,2026-02-19 07:40:00.176000+00:00,2026-02-19 11:36:50.540000+00:00,24925.6,24847.474210015884,25042.78868497617,25081.851579968228,78.12578998411391,2.7999999999992724,0.07,0.04,0.03,False,False,False,SL,-31.25031599364593,-23.437736995234445,0.35,-55.03805298888037,5383.920460830686,236.8394
55,NAS100,SELL,2026-02-19 15:05:00.149000+00:00,2026-02-19 17:03:35.362000+00:00,24800.7,24876.6285726783,24686.80714098255,24648.8428546434,75.9285726783,2.700000000000728,0.07,0.04,0.03,False,False,False,SL,-30.37142907131929,-22.778571803489463,0.35,-53.50000087480876,5330.420459955878,118.58688333333332
54,XAUUSD,BUY,2026-02-19 15:35:00.031000+00:00,2026-02-19 16:10:39.429000+00:00,4988.42,4972.113401525986,5011.24923786362,5024.294516642832,16.306598474014198,0.3299999999999272,0.04,0.02,0.02,False,False,False,SL,-32.61319694802842,-32.61319694802842,0.2,-65.42639389605684,6350.154249933194,35.65663333333334
57,NAS100,BUY,2026-02-20 10:55:00.117000+00:00,2026-02-20 13:02:39.143000+00:00,24887.1,24821.443578586408,24985.584632120383,25018.41284282718,65.65642141358983,2.7999999999992724,0.08,0.04,0.04,False,False,False,SL,-26.26256856543624,-26.26256856543624,0.4,-52.925137130872464,5329.087834989146,127.65043333333332
58,NAS100,BUY,2026-02-20 20:35:00.020000+00:00,2026-02-23 02:20:00+00:00,24975.2,24864.65845996864,25141.012310047045,25196.283080062727,110.54154003136284,2.200000000000728,0.05,0.02,0.03,False,False,False,SL,-2.21,-3.32,0.25,-5.78,5362.887834989146,3225.0
56,XAUUSD,BUY,2026-02-23 14:35:00.609000+00:00,2026-02-23 16:45:33.966000+00:00,5152.01,5131.796304604816,5180.309173553257,5196.480129869405,20.21369539518371,0.2899999999999636,0.03,0.02,0.01,True,True,False,FULL_TP2,56.59834710651376,44.470129869404445,0.15,100.9184769759182,6498.73588294155,130.55595
59,NAS100,BUY,2026-02-23 15:40:00.295000+00:00,2026-02-23 16:46:00.243000+00:00,24891.2,24814.536136183287,25006.195795725067,25044.527727633424,76.66386381671191,2.600000000002183,0.07,0.04,0.03,False,False,False,SL,-30.66554552668531,-22.99915914501398,0.35,-54.01470467169929,5308.873130317446,65.99913333333333
58,XAUUSD,SELL,2026-02-24 14:00:00.045000+00:00,2026-02-24 15:49:21.895000+00:00,5172.65,5192.932286977449,5144.254798231571,5128.028968649612,20.28228697744903,0.2800000000006548,0.03,0.02,0.01,True,True,False,FULL_TP2,56.79040353685741,44.621031350387966,0.15,101.26143488724536,6628.857317828796,109.36416666666668
59,XAUUSD,SELL,2026-02-24 18:50:00.101000+00:00,2026-02-24 19:17:58.184000+00:00,5135.9,5160.506662754136,5101.4506721442085,5081.765341940899,24.606662754136824,0.2800000000006548,0.03,0.02,0.01,False,False,False,SL,-49.21332550827356,-24.60666275413677,0.15,-73.96998826241034,6554.887329566386,27.96805
60,XAUUSD,BUY,2026-02-25 06:40:00.212000+00:00,2026-02-25 13:16:25.513000+00:00,5182.72,5159.713029191748,5214.9297591315535,5233.335335778155,23.00697080825213,0.3000000000001819,0.03,0.02,0.01,False,False,False,SL,-46.01394161650387,-23.006970808251936,0.15,-69.17091242475581,6485.716417141631,396.4216833333333
61,XAUUSD,BUY,2026-02-25 14:05:00.375000+00:00,2026-02-25 16:39:57.834000+00:00,5180.31,5159.307444033651,5209.713578352889,5226.515623125968,21.002555966349014,0.2800000000006548,0.03,0.02,0.01,False,False,False,SL,-42.00511193269813,-21.002555966349064,0.15,-63.15766789904719,6422.558749242584,154.95765
60,NAS100,BUY,2026-02-26 14:00:00.070000+00:00,2026-02-26 16:30:32.634000+00:00,25326.6,25275.03532793288,25403.947008100677,25429.729344134237,51.56467206711926,2.599999999998545,0.1,0.05,0.05,False,False,False,SL,-25.78233603355875,-25.78233603355875,0.5,-52.0646720671175,5256.808458250329,150.54273333333333
62,XAUUSD,SELL,2026-02-26 15:15:00.030000+00:00,2026-02-26 16:36:29.913000+00:00,5173.91,5192.91680271208,5147.300476203087,5132.095034033422,19.00680271208069,0.2799999999997453,0.03,0.02,0.01,True,False,True,TP1_THEN_BE,53.21904759382596,0.2799999999997453,0.15,53.34904759382571,6475.90779683641,81.49804999999999
63,XAUUSD,SELL,2026-02-26 19:35:00.541000+00:00,2026-02-26 22:35:00+00:00,5176.67,5198.651391978856,5145.896051229602,5128.310937646516,21.981391978856127,0.2799999999997453,0.03,0.02,0.01,False,False,False,SL,-43.96,-21.98,0.15,-66.09,6463.24779683641,180.0
64,XAUUSD,BUY,2026-02-27 07:20:00.242000+00:00,2026-02-27 15:22:21.297000+00:00,5186.77,5167.706459247961,5213.458957052856,5228.709789654487,19.063540752039618,0.2800000000006548,0.03,0.02,0.01,True,True,False,FULL_TP2,53.37791410571116,41.93978965448696,0.15,95.16770376019812,6558.415500596609,482.35091666666665
61,NAS100,SELL,2026-02-27 08:15:00.061000+00:00,2026-02-27 10:01:50.365000+00:00,24976.5,25047.611045835416,24869.833431246876,24834.277908329168,71.11104583541581,2.200000000000728,0.07,0.04,0.03,False,False,False,SL,-28.444418334166404,-21.333313750624804,0.35,-50.12773208479121,5206.680726165538,106.8384
62,NAS100,SELL,2026-02-27 19:25:00.069000+00:00,2026-03-02 01:00:00+00:00,24900.0,24987.160759730097,24769.258860404854,24725.678480539806,87.16075973009644,2.200000000000728,0.06,0.03,0.03,False,False,False,FULL_TP2,3.92,5.23,0.3,8.85,5226.900726165538,3215.0
65,XAUUSD,BUY,2026-02-27 19:50:00.215000+00:00,2026-02-27 23:50:00+00:00,5236.57,5216.764637175406,5264.29750795443,5280.141798214105,19.805362824593242,0.2799999999997453,0.03,0.02,0.01,False,False,False,FULL_TP2,55.46,43.57,0.15,98.88,6584.095500596611,240.0
66,XAUUSD,BUY,2026-03-02 07:40:00.608000+00:00,2026-03-02 09:18:01.325000+00:00,5358.85,5332.2977965954815,5396.023084766327,5417.2648474899415,26.5522034045187,0.2800000000006548,0.02,0.01,0.01,True,True,False,FULL_TP2,37.17308476632661,58.41484748994117,0.1,95.48793225626778,6679.583432852878,98.01195
63,NAS100,SELL,2026-03-02 14:20:00.328000+00:00,2026-03-02 15:25:27.623000+00:00,24602.7,24699.694045936547,24457.20893109518,24408.71190812691,96.9940459365455,2.200000000000728,0.05,0.02,0.03,False,False,False,SL,-19.39880918730924,-29.09821378096385,0.25,-48.747022968273086,5178.153703197265,65.45491666666666
64,NAS100,SELL,2026-03-02 15:55:00.171000+00:00,2026-03-02 16:31:53.168000+00:00,24622.7,24719.551614083935,24477.4225788741,24428.99677183213,96.85161408393512,2.200000000000728,0.05,0.02,0.03,False,False,False,SL,-19.37032281678694,-29.055484225180408,0.25,-48.67580704196735,5129.4778961552975,36.88328333333333
68,XAUUSD,SELL,2026-03-03 10:25:00.086000+00:00,2026-03-03 11:25:36.084000+00:00,5316.08,5345.022358167255,5275.560698565842,5252.406812032037,28.942358167255716,0.3500000000003638,0.02,0.01,0.01,True,True,False,FULL_TP2,40.51930143415757,63.67318796796281,0.1,104.09248940212038,6708.468717893497,60.59996666666667
69,XAUUSD,SELL,2026-03-03 15:05:00.101000+00:00,2026-03-03 16:44:06.095000+00:00,5174.98,5221.309879916096,5110.118168117464,5073.054264184587,46.329879916096864,0.3000000000001819,0.02,0.01,0.01,True,True,False,FULL_TP2,64.86183188253563,101.92573581541274,0.1,166.68756769794837,6875.156285591445,99.0999
65,NAS100,SELL,2026-03-03 15:35:00.388000+00:00,2026-03-03 16:30:58.531000+00:00,24473.3,24581.121577521004,24311.567633718492,24257.65684495799,107.82157752100416,2.400000000001455,0.05,0.02,0.03,False,False,False,SL,-21.56431550420093,-32.346473256301394,0.25,-54.16078876050233,5075.317107394795,55.96905
66,NAS100,SELL,2026-03-03 16:55:00.095000+00:00,2026-03-03 18:05:14.842000+00:00,24515.2,24625.020036269503,24350.469945595745,24295.559927460992,109.82003626950382,2.899999999997817,0.05,0.02,0.03,True,False,True,TP1_THEN_BE,32.9460108808511,0.8699999999993452,0.25,33.56601088085044,5108.883118275646,70.24578333333334
71,XAUUSD,SELL,2026-03-04 06:45:00.147000+00:00,2026-03-05 18:30:00+00:00,5161.46,5208.181023788028,5096.05056669676,5058.6737476663375,46.72102378802823,0.5500000000001819,0.02,0.01,0.01,False,False,False,FULL_TP2,65.41,102.79,0.1,168.1,6849.056285591443,2145.0
67,NAS100,BUY,2026-03-04 15:05:00.004000+00:00,2026-03-04 17:22:01.516000+00:00,24814.0,24696.27917217871,24990.581241731932,25049.441655642575,117.72082782128814,2.200000000000728,0.04,0.02,0.02,True,True,False,FULL_TP2,35.31624834638642,47.08833112851498,0.2,82.2045794749014,5191.087697750547,137.0252
73,XAUUSD,BUY,2026-03-05 10:45:00.255000+00:00,2026-03-05 15:17:04.513000+00:00,5161.5,5134.585571992408,5199.180199210628,5220.711741616701,26.91442800759154,0.2799999999997453,0.03,0.02,0.01,False,False,False,SL,-53.82885601518319,-26.9144280075916,0.15,-80.8932840227748,6712.072079706163,272.07096666666666
68,NAS100,BUY,2026-03-05 11:00:00.065000+00:00,2026-03-05 14:51:37.121000+00:00,25029.5,24931.71086141119,25176.183707883214,25225.07827717762,97.78913858881012,2.700000000000728,0.05,0.02,0.03,True,False,True,TP1_THEN_BE,29.33674157664281,0.8100000000002182,0.25,29.89674157664304,5220.98443932719,231.6176
74,XAUUSD,SELL,2026-03-05 20:55:00.101000+00:00,2026-03-06 03:35:00+00:00,5072.61,5103.779725759926,5028.972383936102,5004.036603328161,31.169725759926674,0.2700000000004365,0.02,0.01,0.01,False,False,False,SL,-31.17,-31.17,0.1,-62.44,6717.952079706162,400.0
76,XAUUSD,SELL,2026-03-06 16:45:00.090000+00:00,2026-03-06 16:56:28.653000+00:00,5089.08,5115.808648586409,5051.659891979028,5030.276973109901,26.728648586408966,0.4400000000005093,0.02,0.01,0.01,False,False,False,SL,-26.72864858640878,-26.72864858640878,0.1,-53.55729717281756,6592.852198936022,11.47605
77,XAUUSD,BUY,2026-03-06 19:15:00.107000+00:00,2026-03-09 00:00:00+00:00,5136.93,5108.267928591713,5177.056899971602,5199.986557098232,28.6620714082873,0.2800000000006548,0.02,0.01,0.01,False,False,False,FULL_TP2,40.13,63.06,0.1,103.08,6641.052198936021,3165.0
69,NAS100,SELL,2026-03-06 19:35:00.093000+00:00,2026-03-09 00:00:00+00:00,24794.3,24911.803599124345,24618.044601313482,24559.292801751308,117.50359912434556,2.200000000000728,0.04,0.02,0.02,False,False,False,FULL_TP2,3.53,4.7,0.2,8.03,5228.024439327189,3145.0
78,XAUUSD,SELL,2026-03-09 15:40:00.035000+00:00,2026-03-09 21:15:00+00:00,5098.21,5129.234611105483,5054.775544452324,5029.955855567937,31.024611105483423,0.3199999999997089,0.02,0.01,0.01,False,False,False,SL,-31.02,-31.02,0.1,-62.15,6590.5121989360205,335.0
70,NAS100,BUY,2026-03-09 20:20:00.059000+00:00,2026-03-09 21:25:00+00:00,24640.8,24505.675913004136,24843.486130493795,24911.048173991727,135.1240869958635,2.200000000000728,0.04,0.02,0.02,False,False,False,FULL_TP2,4.05,5.4,0.2,9.26,5225.2244393271885,65.0
71,NAS100,BUY,2026-03-10 07:00:00.095000+00:00,2026-03-10 14:09:11.048000+00:00,24886.9,24762.408258700547,25073.637611949187,25135.883482598914,124.4917412994559,2.600000000002183,0.04,0.02,0.02,True,False,True,TP1_THEN_BE,37.3475223898371,0.5200000000004366,0.2,37.667522389837536,5262.891961717026,429.1825500000001
72,NAS100,BUY,2026-03-10 15:20:00.125000+00:00,2026-03-10 19:19:56.188000+00:00,24961.7,24852.402774929476,25125.64583760579,25180.294450141053,109.29722507052588,2.200000000000728,0.05,0.02,0.03,True,True,False,FULL_TP2,32.78916752115765,65.57833504231566,0.25,98.11750256347332,5361.009464280499,239.93438333333333
79,XAUUSD,SELL,2026-03-11 17:10:00.089000+00:00,2026-03-12 00:55:00+00:00,5180.76,5201.705389675137,5151.436454454809,5134.680142714699,20.94538967513666,0.2600000000002183,0.03,0.02,0.01,False,False,False,FULL_TP2,58.65,46.08,0.15,104.58,6614.302198936022,465.0
80,XAUUSD,BUY,2026-03-12 14:50:00.069000+00:00,2026-03-12 15:23:02.516000+00:00,5181.55,5163.362379041544,5207.01266934184,5221.562766108605,18.18762095845656,0.25,0.04,0.02,0.02,False,False,False,SL,-36.37524191691227,-36.37524191691227,0.2,-72.95048383382455,6541.351715102198,33.04078333333333
74,NAS100,SELL,2026-03-12 18:05:00.088000+00:00,2026-03-13 08:45:00+00:00,24675.8,24778.803285003203,24521.29507249519,24469.79342999359,103.00328500320444,2.100000000002183,0.05,0.02,0.03,False,False,False,FULL_TP2,3.09,6.18,0.25,9.02,5352.097704113993,880.0
81,XAUUSD,SELL,2026-03-13 19:55:00.054000+00:00,2026-03-16 01:20:00+00:00,5045.74,5069.215310444776,5012.874565377313,4994.094317021491,23.475310444776348,0.2800000000006548,0.03,0.02,0.01,False,False,False,FULL_TP2,65.73,51.65,0.15,117.23,6538.231715102199,3205.0
75,NAS100,BUY,2026-03-16 17:10:00.068000+00:00,2026-03-17 02:55:00+00:00,24686.7,24596.403032332066,24822.145451501903,24867.293935335874,90.29696766793587,2.200000000000728,0.06,0.03,0.03,False,False,False,SL,-2.71,-2.71,0.3,-5.72,5364.217704113994,585.0
82,XAUUSD,SELL,2026-03-16 19:35:00.039000+00:00,2026-03-16 20:39:07.222000+00:00,4989.86,5014.537209804073,4955.311906274296,4935.570138431037,24.677209804074092,0.2899999999999636,0.03,0.02,0.01,False,False,False,SL,-49.35441960814751,-24.677209804073755,0.15,-74.18162941222127,6464.050085689978,64.11971666666666
76,NAS100,SELL,2026-03-17 10:10:00.137000+00:00,2026-03-17 11:28:51.983000+00:00,24561.8,24634.957827796447,24452.06325830533,24415.484344407105,73.15782779644712,2.400000000001455,0.07,0.04,0.03,False,False,False,SL,-29.263131118578897,-21.94734833893417,0.35,-51.56047945751307,5312.657224656481,78.8641
85,XAUUSD,SELL,2026-03-17 16:20:00.135000+00:00,2026-03-18 02:10:00+00:00,5012.73,5031.740239760483,4986.115664335323,4970.9074725269365,19.010239760483216,0.2800000000006548,0.03,0.02,0.01,True,False,False,TP1_THEN_BE,53.23,0.28,0.15,53.36,6410.294680656815,590.0
77,NAS100,BUY,2026-03-17 19:00:00.047000+00:00,2026-03-18 07:45:00+00:00,24789.7,24703.178889894712,24919.48166515793,24962.742220210577,86.52111010528762,2.200000000000728,0.06,0.03,0.03,False,False,False,FULL_TP2,3.89,5.19,0.3,8.78,5316.077224656481,765.0
78,NAS100,BUY,2026-03-18 11:20:00.314000+00:00,2026-03-18 13:26:44.985000+00:00,24977.4,24924.117313364317,25057.32402995353,25083.96537327137,53.28268663568374,2.400000000001455,0.1,0.05,0.05,False,False,False,SL,-26.641343317842257,-26.641343317842257,0.5,-53.78268663568451,5262.294538020797,126.74451666666668
87,XAUUSD,SELL,2026-03-18 20:30:00.061000+00:00,2026-03-18 22:10:00+00:00,4885.6,4908.6059908182715,4853.391612854421,4834.986820199803,23.005990818271318,0.6899999999995998,0.03,0.02,0.01,True,False,False,FULL_TP2,64.42,50.61,0.15,114.88,6617.927605207225,100.0
81,NAS100,SELL,2026-03-19 16:25:00.053000+00:00,2026-03-19 16:35:58.241000+00:00,24245.5,24341.041352718163,24102.187970922758,24054.41729456368,95.54135271816116,2.599999999998545,0.06,0.03,0.03,False,False,False,SL,-28.6624058154488,-28.6624058154488,0.3,-57.6248116308976,5384.097271917728,10.9698
88,XAUUSD,SELL,2026-03-19 17:30:00.089000+00:00,2026-03-19 21:05:00+00:00,4602.96,4647.281745881648,4540.909555765693,4505.452159060375,44.321745881647686,0.3400000000001455,0.02,0.01,0.01,False,False,False,SL,-44.32,-44.32,0.1,-88.74,6577.487605207224,215.0
82,NAS100,SELL,2026-03-19 17:30:00.124000+00:00,2026-03-19 21:05:00+00:00,24262.5,24361.031256095437,24114.703115856846,24065.43748780913,98.53125609543544,2.7999999999992724,0.05,0.02,0.03,False,False,False,SL,-1.97,-2.96,0.25,-5.18,5358.597271917728,215.0
83,NAS100,SELL,2026-03-20 10:55:00.186000+00:00,2026-03-20 12:01:57.955000+00:00,24369.7,24452.050736825022,24246.173894762473,24204.998526349962,82.35073682501948,2.599999999998545,0.07,0.04,0.03,True,True,False,FULL_TP2,49.410442095011234,49.4104420950116,0.35,98.47088419002284,5457.068156107751,66.96281666666667
89,XAUUSD,SELL,2026-03-20 15:10:00.072000+00:00,2026-03-20 16:15:18.307000+00:00,4664.79,4700.681767041954,4614.5415261412645,4585.828112507702,35.89176704195374,0.3100000000004002,0.02,0.01,0.01,True,True,False,FULL_TP2,50.24847385873545,78.96188749229805,0.1,129.1103613510335,6706.597966558257,65.30391666666667
85,NAS100,SELL,2026-03-20 15:35:00.085000+00:00,2026-03-20 19:32:23.419000+00:00,24201.9,24289.508832681273,24070.486750978096,24026.68233463746,87.60883268127142,2.899999999997817,0.06,0.03,0.03,True,True,False,FULL_TP2,39.423974706571606,52.565299608762864,0.3,91.68927431533449,5494.433887681562,237.3889
90,XAUUSD,SELL,2026-03-20 19:20:00.027000+00:00,2026-03-20 20:55:41.245000+00:00,4574.85,4615.490478511174,4517.953330084358,4485.440947275419,40.64047851117351,0.2899999999999636,0.02,0.01,0.01,True,True,False,FULL_TP2,56.89666991564264,89.40905272458167,0.1,146.2057226402243,6852.803689198481,95.68696666666666
91,XAUUSD,SELL,2026-03-23 06:50:00.051000+00:00,2026-03-23 08:29:25.143000+00:00,4369.04,4424.215780231264,4291.79390767623,4247.65328349122,55.17578023126368,0.5100000000002183,0.02,0.01,0.01,True,True,False,FULL_TP2,77.24609232376952,121.3867165087804,0.1,198.53280883255,7051.336498031031,99.4182
86,NAS100,SELL,2026-03-23 07:30:00.108000+00:00,2026-03-23 13:05:38.416000+00:00,23796.3,23908.00971538589,23628.73542692116,23572.880569228215,111.709715385893,2.7999999999992724,0.05,0.02,0.03,True,False,True,TP1_THEN_BE,33.512914615767656,0.8399999999997818,0.25,34.10291461576744,5528.536802297329,335.63846666666666
87,NAS100,BUY,2026-03-23 19:55:00.090000+00:00,2026-03-24 03:40:00+00:00,24253.2,24066.720728963097,24532.918906555355,24626.15854207381,186.47927103690293,2.600000000002183,0.03,0.02,0.01,False,False,False,SL,-3.73,-1.86,0.15,-5.74,5550.496802297329,465.0
88,NAS100,BUY,2026-03-24 12:00:00.098000+00:00,2026-03-24 14:37:22.189000+00:00,24238.4,24105.28448769041,24438.07326846439,24504.631024619186,133.1155123095925,2.600000000002183,0.04,0.02,0.02,False,False,False,SL,-26.623102461918464,-26.623102461918464,0.2,-53.44620492383693,5497.050597373492,157.36818333333335
93,XAUUSD,BUY,2026-03-24 16:10:00.081000+00:00,2026-03-25 01:30:00+00:00,4398.17,4346.159095131473,4470.985266815938,4512.5939907107595,52.0109048685271,0.2799999999997453,0.02,0.01,0.01,False,False,False,FULL_TP2,72.82,114.42,0.1,187.14,6928.382955054936,560.0
89,NAS100,SELL,2026-03-24 18:40:00.111000+00:00,2026-03-24 22:30:00+00:00,24064.3,24199.3482200969,23861.727669854645,23794.203559806196,135.04822009690247,2.600000000002183,0.04,0.02,0.02,False,False,False,SL,-2.7,-2.7,0.2,-5.6,5485.130597373492,230.0
90,NAS100,BUY,2026-03-25 12:00:00.056000+00:00,2026-03-25 16:00:26.938000+00:00,24275.7,24172.580862963358,24430.37870555497,24481.93827407329,103.11913703664452,3.100000000002183,0.05,0.02,0.03,False,False,False,SL,-20.623827407328644,-30.935741110992968,0.25,-51.80956851832161,5433.32102885517,240.4480333333333
91,NAS100,BUY,2026-03-25 16:25:00.053000+00:00,2026-03-25 17:16:25.552000+00:00,24272.4,24164.609783087682,24434.08532536848,24487.980433824636,107.790216912318,2.600000000002183,0.05,0.02,0.03,False,False,False,SL,-21.5580433824638,-32.3370650736957,0.25,-54.1451084561595,5379.1759203990105,51.42498333333333
95,XAUUSD,SELL,2026-03-26 07:10:00.113000+00:00,2026-03-26 07:58:40.124000+00:00,4512.05,4542.387583616625,4469.5773829367245,4445.307316043425,30.3375836166252,0.2799999999997453,0.02,0.01,0.01,True,True,False,FULL_TP2,42.47261706327572,66.74268395657509,0.1,109.11530101985082,6999.138256074786,48.66685
92,NAS100,SELL,2026-03-26 12:35:00.090000+00:00,2026-03-26 18:32:03.251000+00:00,24016.6,24115.357054726424,23868.464417910363,23819.08589054715,98.7570547264245,2.600000000002183,0.05,0.02,0.03,True,True,False,FULL_TP2,29.627116417927027,59.25423283585442,0.25,88.63134925378145,5467.807269652792,357.05268333333333
97,XAUUSD,SELL,2026-03-26 17:30:00.004000+00:00,2026-03-26 18:32:08.401000+00:00,4454.32,4487.237444791614,4408.23557729174,4381.901621458449,32.91744479161414,0.2800000000006548,0.02,0.01,0.01,True,True,False,FULL_TP2,46.08442270825981,72.41837854155074,0.1,118.40280124981057,7052.478098526609,62.13995
98,XAUUSD,SELL,2026-03-27 15:30:00.002000+00:00,2026-03-27 16:03:18.652000+00:00,4422.14,4449.961902338859,4383.189336725599,4360.931814854513,27.82190233885796,0.3099999999994907,0.03,0.02,0.01,False,False,False,SL,-55.643804677716616,-27.821902338858308,0.15,-83.61570701657493,6968.862391510034,33.310833333333335
93,NAS100,SELL,2026-03-27 18:10:00.110000+00:00,2026-03-27 21:45:00+00:00,23329.2,23431.779971250227,23175.33004312466,23124.040057499547,102.5799712502275,2.599999999998545,0.05,0.02,0.03,True,False,False,FULL_TP2,30.77,6.15,0.25,36.68,5547.50126102786,215.0
99,XAUUSD,BUY,2026-03-27 20:30:00.097000+00:00,2026-03-30 01:00:00+00:00,4509.6,4477.61508084968,4554.378886810448,4579.966822130704,31.984919150319786,0.2899999999999636,0.02,0.01,0.01,False,False,False,SL,-31.98,-31.98,0.1,-64.07,6983.082391510034,3150.0
100,XAUUSD,BUY,2026-03-30 07:55:00.043000+00:00,2026-03-30 14:45:09.838000+00:00,4492.48,4457.795924969492,4541.03770504271,4568.784965067115,34.68407503050698,0.339999999999236,0.02,0.01,0.01,True,True,False,FULL_TP2,48.55770504271004,76.30496506711552,0.1,124.76267010982556,7107.845061619859,410.16325
94,NAS100,SELL,2026-03-30 19:05:00.013000+00:00,2026-03-30 21:55:00+00:00,23160.5,23265.285936285774,23003.321095571337,22950.92812742845,104.78593628577477,2.599999999998545,0.05,0.02,0.03,False,False,False,FULL_TP2,3.14,6.29,0.25,9.18,5604.25126102786,170.0
102,XAUUSD,BUY,2026-03-31 08:00:00.004000+00:00,2026-03-31 13:39:49.084000+00:00,4564.79,4533.695376907809,4608.322472329067,4633.19817080282,31.094623092190595,0.3100000000004002,0.02,0.01,0.01,False,False,False,SL,-31.094623092190886,-31.094623092190886,0.1,-62.289246184381774,6992.135815435475,339.81800000000004
103,XAUUSD,BUY,2026-03-31 14:20:00.025000+00:00,2026-03-31 17:34:09.099000+00:00,4567.13,4539.475411803464,4605.846423475151,4627.970094032379,27.654588196536135,0.4899999999997817,0.03,0.02,0.01,True,True,False,FULL_TP2,77.43284695030161,60.840094032379056,0.15,138.12294098268066,7130.258756418156,194.15123333333327
95,NAS100,BUY,2026-03-31 18:10:00.007000+00:00,2026-03-31 19:40:18.450000+00:00,23314.9,23192.320983782203,23498.7685243267,23560.058032435598,122.57901621779868,2.600000000002183,0.05,0.02,0.03,True,True,False,FULL_TP2,36.77370486533982,73.54740973067892,0.25,110.07111459601876,5714.322375623879,90.30738333333332
105,XAUUSD,BUY,2026-04-01 15:40:00+00:00,2026-04-02 02:15:00+00:00,4736.14,4709.210055742882,4773.841921959966,4795.385877365661,26.929944257118564,0.3200000000006184,0.03,0.02,0.01,True,False,False,FULL_TP2,75.4,59.25,0.15,134.5,7319.197898612092,635.0
97,NAS100,BUY,2026-04-01 16:35:00.088000+00:00,2026-04-01 21:20:00+00:00,23997.6,23891.143698917444,24157.284451623833,24210.512602165112,106.45630108255594,3.099999999998545,0.05,0.02,0.03,True,False,False,TP1_THEN_BE,31.94,0.09,0.25,31.78,5824.405258473334,285.0
106,XAUUSD,SELL,2026-04-02 12:00:00.043000+00:00,2026-04-02 17:11:33.735000+00:00,4620.41,4657.258752031942,4568.821747155281,4539.342745529728,36.848752031941956,0.3699999999998908,0.02,0.01,0.01,False,False,False,SL,-36.84875203194224,-36.84875203194224,0.1,-73.79750406388447,7245.400394548207,311.56153333333333
98,NAS100,SELL,2026-04-02 12:15:00.103000+00:00,2026-04-02 16:53:18.015000+00:00,23664.7,23759.742704654855,23522.13594301772,23474.614590690293,95.0427046548538,3.099999999998545,0.06,0.03,0.03,True,False,True,TP1_THEN_BE,42.7692170946837,0.9299999999995634,0.3,43.39921709468327,5867.804475568017,278.2985333333333
107,XAUUSD,SELL,2026-04-02 19:10:00.007000+00:00,2026-04-06 05:15:00+00:00,4658.11,4696.0218291076735,4605.033439249256,4574.703975963117,37.9118291076738,0.3699999999998908,0.02,0.01,0.01,False,False,False,TP1_THEN_BE,53.08,0.37,0.1,53.35,7263.520394548206,4925.0
108,XAUUSD,SELL,2026-04-06 06:15:00.057000+00:00,2026-04-06 08:07:38.513000+00:00,4633.2,4667.222885768204,4585.567959924514,4558.349651309951,34.02288576820403,0.4899999999997817,0.02,0.01,0.01,False,False,False,SL,-34.022885768204105,-34.022885768204105,0.1,-68.1457715364082,7195.374623011798,112.64093333333334
99,NAS100,BUY,2026-04-06 07:10:00.409000+00:00,2026-04-06 20:12:54.305000+00:00,24074.6,23963.49957093408,24241.25064359888,24296.80085813184,111.10042906591993,2.599999999998545,0.05,0.02,0.03,True,False,True,TP1_THEN_BE,33.330128719776255,0.7799999999995634,0.25,33.860128719775815,5901.664604287793,782.8982666666667
109,XAUUSD,BUY,2026-04-06 17:15:00.049000+00:00,2026-04-06 20:14:04.234000+00:00,4673.29,4646.67211397632,4710.555040433151,4731.849349252094,26.61788602367916,0.4099999999998545,0.03,0.02,0.01,False,False,False,SL,-53.235772047359205,-26.617886023679603,0.15,-80.00365807103881,7115.370964940759,179.06975
100,NAS100,SELL,2026-04-07 07:05:00.369000+00:00,2026-04-07 11:02:06.269000+00:00,24071.7,24156.632817974212,23944.30077303868,23901.834364051574,84.93281797421274,2.399999999997817,0.07,0.04,0.03,False,False,False,SL,-33.973127189684604,-25.47984539226345,0.35,-59.802972581948055,5841.861631705845,237.09833333333333
101,NAS100,SELL,2026-04-07 16:35:00.129000+00:00,2026-04-07 17:06:13.142000+00:00,24076.0,24168.418560460897,23937.372159308652,23891.1628790782,92.41856046089856,3.099999999998545,0.06,0.03,0.03,True,True,False,FULL_TP2,41.588352207404384,55.45113627653954,0.3,96.73948848394392,5938.601120189789,31.21688333333333
110,XAUUSD,BUY,2026-04-08 08:00:00.156000+00:00,2026-04-08 13:16:23.163000+00:00,4803.91,4773.66249542599,4846.256506403614,4870.454510062822,30.247504574010247,0.4099999999998545,0.02,0.01,0.01,False,False,False,SL,-30.24750457401024,-30.24750457401024,0.1,-60.59500914802047,7054.775955792738,316.38345000000004
102,NAS100,BUY,2026-04-08 10:20:00.112000+00:00,2026-04-08 17:08:46.009000+00:00,25022.1,24907.782394410304,25193.576408384542,25250.73521117939,114.31760558969592,2.5,0.05,0.02,0.03,False,False,False,SL,-22.863521117938944,-34.29528167690842,0.25,-57.40880279484736,5881.192317394942,408.76495
103,NAS100,BUY,2026-04-08 19:00:00.102000+00:00,2026-04-08 21:55:00+00:00,24932.1,24823.55573474789,25094.916397878158,25149.188530504212,108.54426525210742,2.599999999998545,0.05,0.02,0.03,False,False,False,SL,-2.17,-3.26,0.25,-5.68,5881.942317394942,175.0
111,XAUUSD,SELL,2026-04-09 06:10:00.322000+00:00,2026-04-09 13:49:09.125000+00:00,4717.98,4744.052774365699,4681.4781158880205,4660.61989639546,26.072774365699633,0.2800000000006548,0.03,0.02,0.01,False,False,False,SL,-52.145548731399685,-26.072774365699843,0.15,-78.36832309709953,6976.407632695639,459.1467166666667
104,NAS100,BUY,2026-04-09 08:25:00.055000+00:00,2026-04-09 18:55:03.186000+00:00,24877.7,24799.1456964418,24995.531455337303,25034.808607116403,78.55430355820106,2.600000000002183,0.07,0.04,0.03,True,True,False,FULL_TP2,47.13258213492082,47.13258213492082,0.35,93.91516426984164,5975.857481664783,630.0521833333333
112,XAUUSD,BUY,2026-04-09 16:05:00.107000+00:00,2026-04-09 18:33:29.564000+00:00,4743.36,4721.70360698913,4773.678950215217,4791.004064623912,21.656393010869238,0.3599999999996726,0.03,0.02,0.01,True,True,False,FULL_TP2,60.637900430434456,47.64406462391253,0.15,108.13196505434698,7084.539597749987,148.49095
113,XAUUSD,BUY,2026-04-10 06:15:00.030000+00:00,2026-04-10 11:47:12.691000+00:00,4760.35,4740.575860489469,4788.033795314744,4803.8531069231685,19.7741395105311,0.3400000000001455,0.04,0.02,0.02,False,False,False,SL,-39.54827902106263,-39.54827902106263,0.2,-79.29655804212526,7005.2430397078615,332.2110166666667
114,XAUUSD,BUY,2026-04-14 06:50:00.119000+00:00,2026-04-14 13:39:02.270000+00:00,4771.4,4753.444982777959,4796.537024110857,4810.901037888489,17.95501722204054,0.2799999999997453,0.04,0.02,0.02,False,False,False,SL,-35.91003444408125,-35.91003444408125,0.2,-72.0200688881625,6933.222970819699,409.03585
105,NAS100,BUY,2026-04-14 07:20:00.068000+00:00,2026-04-14 16:32:17.539000+00:00,25456.3,25396.68342234918,25545.72486647623,25575.53315530164,59.616577650820254,2.599999999998545,0.1,0.05,0.05,True,True,False,FULL_TP2,44.712433238115416,59.61657765082055,0.5,103.82901088893595,6079.686492553719,552.2911833333333
115,XAUUSD,BUY,2026-04-14 16:10:00.163000+00:00,2026-04-14 17:33:07.106000+00:00,4777.21,4759.360772592162,4802.198918370973,4816.478300297244,17.849227407837905,0.2799999999997453,0.04,0.02,0.02,True,True,False,FULL_TP2,49.977836741945794,78.53660059448703,0.2,128.31443733643283,7061.537408156132,83.11571666666667
107,NAS100,BUY,2026-04-15 20:30:00.124000+00:00,2026-04-15 22:05:00+00:00,26055.5,25988.833906161188,26155.499140758217,26188.83218767762,66.66609383881078,2.599999999998545,0.09,0.04,0.05,False,False,False,FULL_TP2,4.0,6.67,0.4499999999999999,10.22,6018.097357104544,95.0
116,XAUUSD,BUY,2026-04-16 06:10:00.096000+00:00,2026-04-16 11:05:03.332000+00:00,4826.16,4810.070024851497,4848.685965207905,4861.557945326707,16.089975148503406,0.3699999999998908,0.04,0.02,0.02,False,False,False,SL,-32.179950297006144,-32.179950297006144,0.2,-64.55990059401229,6996.97750756212,295.05393333333336
108,NAS100,BUY,2026-04-16 08:35:00.194000+00:00,2026-04-16 13:37:33.211000+00:00,26319.0,26264.070727287977,26401.393909068032,26428.858545424042,54.929272712021096,2.599999999998545,0.11,0.06,0.05,False,False,False,SL,-32.95756362721367,-27.4646363560114,0.55,-60.97219998322507,5957.125157121319,302.5502833333333
109,NAS100,BUY,2026-04-16 16:25:00.004000+00:00,2026-04-16 16:41:48.100000+00:00,26275.0,26223.863201771175,26351.70519734324,26377.273596457653,51.13679822882657,2.599999999998545,0.12,0.06,0.06,False,False,False,SL,-30.68207893729486,-30.68207893729486,0.6,-61.96415787458972,5895.160999246729,16.8016
110,NAS100,BUY,2026-04-16 20:45:00.132000+00:00,2026-04-16 21:05:00+00:00,26372.0,26297.4998153318,26483.7502770023,26521.000369336398,74.50018466819864,2.599999999998545,0.08,0.04,0.04,False,False,False,SL,-2.98,-2.98,0.4,-6.36,5859.160999246729,20.0
111,NAS100,BUY,2026-04-17 07:15:00.001000+00:00,2026-04-17 15:05:44.597000+00:00,26344.5,26286.13803402099,26432.042948968516,26461.22393195802,58.36196597900962,2.599999999998545,0.1,0.05,0.05,True,True,False,FULL_TP2,43.77147448425785,58.36196597900926,0.5,101.6334404632671,5960.794439709996,470.7432666666666
118,XAUUSD,BUY,2026-04-17 18:50:00.020000+00:00,2026-04-17 23:10:00+00:00,4863.46,4844.299640201295,4890.284503718187,4905.6127915571515,19.160359798705056,0.3199999999997089,0.04,0.02,0.02,False,False,False,SL,-38.32,-38.32,0.2,-76.84,6924.583331825186,260.0
119,XAUUSD,SELL,2026-04-21 11:10:00.020000+00:00,2026-04-21 14:42:37.549000+00:00,4780.34,4794.928477594604,4759.916131367554,4748.24534929187,14.588477594604493,0.3699999999998908,0.05,0.02,0.03,False,False,False,SL,-29.17695518920846,-43.765432783812685,0.25,-73.19238797302114,6851.390943852165,212.6254833333333
120,XAUUSD,SELL,2026-04-21 15:25:00+00:00,2026-04-21 16:39:14.327000+00:00,4782.6,4796.910358016959,4762.565498776257,4751.11721236269,14.31035801695905,0.3199999999997089,0.05,0.02,0.03,True,False,True,TP1_THEN_BE,40.06900244748613,0.9599999999991268,0.25,40.77900244748525,6892.16994629965,74.23878333333333
113,NAS100,BUY,2026-04-21 17:10:00.071000+00:00,2026-04-21 17:46:09.813000+00:00,26743.0,26686.961691139542,26827.057463290686,26855.076617720915,56.03830886045685,2.7999999999992724,0.11,0.06,0.05,False,False,False,SL,-33.62298531627457,-28.019154430228813,0.55,-62.192139746503386,6010.139058057199,36.16236666666667
121,XAUUSD,SELL,2026-04-21 17:15:00.088000+00:00,2026-04-21 17:45:17.115000+00:00,4778.53,4794.926471963602,4755.574939250956,4742.457761680074,16.3964719636024,0.3299999999999272,0.04,0.02,0.02,True,True,False,FULL_TP2,45.91012149808739,72.14447663985084,0.2,117.85459813793824,7010.024544437589,30.283783333333336
114,NAS100,BUY,2026-04-22 08:20:00.195000+00:00,2026-04-22 17:22:19.210000+00:00,26716.6,26645.524137374352,26823.213793938467,26858.75172525129,71.07586262564591,2.6999999999970896,0.08,0.04,0.04,True,True,False,FULL_TP2,42.6455175753872,56.86069010051724,0.4,99.10620767590444,6109.245265733103,542.3169166666667
123,XAUUSD,SELL,2026-04-22 17:05:00.021000+00:00,2026-04-23 03:10:00+00:00,4745.45,4761.826065859925,4722.523507796105,4709.422655108166,16.376065859924495,0.3000000000001819,0.04,0.02,0.02,False,False,False,FULL_TP2,45.85,72.05,0.2,117.71,6975.4732687714895,605.0
124,XAUUSD,SELL,2026-04-23 08:35:00.184000+00:00,2026-04-23 11:00:22.778000+00:00,4706.15,4722.961536690296,4682.613848633584,4669.164619281347,16.8115366902969,0.4000000000005457,0.04,0.02,0.02,False,False,False,SL,-33.62307338059327,-33.62307338059327,0.2,-67.44614676118654,6908.027122010303,145.37656666666666
125,XAUUSD,SELL,2026-04-23 11:40:00.169000+00:00,2026-04-23 14:46:25.913000+00:00,4707.77,4724.402006234906,4684.485191271132,4671.179586283207,16.632006234906072,0.2799999999997453,0.04,0.02,0.02,True,False,True,TP1_THEN_BE,46.56961745773697,0.5599999999994907,0.2,46.929617457736455,6954.95673946804,186.42906666666667
116,NAS100,BUY,2026-04-23 17:35:00.065000+00:00,2026-04-23 20:09:41.953000+00:00,26924.2,26845.60701096165,27042.08948355753,27081.38597807671,78.59298903835395,2.600000000002183,0.08,0.04,0.04,False,False,False,SL,-31.437195615340897,-31.437195615340897,0.4,-63.27439123068179,6157.275889629197,154.69813333333337
126,XAUUSD,SELL,2026-04-23 20:05:00.044000+00:00,2026-04-23 20:42:09.382000+00:00,4725.69,4743.193271959488,4701.185419256715,4687.182801689124,17.50327195948868,0.2800000000006548,0.04,0.02,0.02,True,True,False,FULL_TP2,49.0091614865687,77.01439662175108,0.2,125.82355810831976,7080.78029757636,37.15563333333333
117,NAS100,BUY,2026-04-24 12:10:00.004000+00:00,2026-04-24 14:07:22.201000+00:00,26985.3,26907.740054712936,27101.63991793059,27140.41989057412,77.55994528706196,2.599999999998545,0.08,0.04,0.04,True,True,False,FULL_TP2,46.535967172236994,62.04795622964885,0.4,108.18392340188583,6265.459813031083,117.36995
128,XAUUSD,SELL,2026-04-24 12:30:00.033000+00:00,2026-04-24 14:07:41.012000+00:00,4683.19,4701.095186589366,4658.122738774887,4643.798589503394,17.905186589366195,0.3300000000008367,0.04,0.02,0.02,False,False,False,SL,-35.810373178732334,-35.810373178732334,0.2,-71.82074635746467,6936.571187083765,97.68298333333334
118,NAS100,BUY,2026-04-24 17:45:00.050000+00:00,2026-04-24 20:54:43.539000+00:00,27142.4,27052.281240209682,27277.57813968548,27322.63751958064,90.11875979031984,2.600000000002183,0.07,0.04,0.03,True,True,False,FULL_TP2,54.071255874191415,54.07125587419141,0.35,107.79251174838282,6373.252324779466,189.72481666666667
129,XAUUSD,BUY,2026-04-27 10:10:00.175000+00:00,2026-04-27 12:29:54.395000+00:00,4717.53,4701.604492167839,4739.825710965024,4752.566117230753,15.925507832160335,0.2799999999997453,0.04,0.02,0.02,False,False,False,SL,-31.851015664320588,-31.851015664320588,0.2,-63.90203132864118,6872.669155755124,139.90366666666665
119,NAS100,SELL,2026-04-28 12:15:00.153000+00:00,2026-04-28 14:06:59.812000+00:00,27237.7,27294.22705650428,27152.90941524358,27124.64588699144,56.52705650428135,2.599999999998545,0.11,0.06,0.05,True,True,False,FULL_TP2,50.87435085385295,56.52705650428107,0.55,106.85140735813404,6480.1037321376,111.99431666666666
130,XAUUSD,SELL,2026-04-28 16:05:00.031000+00:00,2026-04-28 18:50:07.882000+00:00,4584.05,4602.823819009611,4557.766653386545,4542.747598178857,18.773819009610882,0.2799999999997453,0.04,0.02,0.02,True,False,True,TP1_THEN_BE,52.5666932269105,0.5599999999994907,0.2,52.92669322690999,6925.595848982034,165.13085
120,NAS100,SELL,2026-04-28 17:35:00.072000+00:00,2026-04-28 20:57:07.769000+00:00,27039.7,27119.697023358283,26919.70446496258,26879.70595328344,79.99702335828106,2.599999999998545,0.08,0.04,0.04,True,False,True,TP1_THEN_BE,47.99821401496884,1.0399999999994178,0.4,48.638214014968256,6528.741946152568,202.1282833333333
131,XAUUSD,SELL,2026-04-29 06:45:00.077000+00:00,2026-04-29 11:36:08.144000+00:00,4593.88,4609.406239520092,4572.143264671872,4559.7222730558,15.526239520091316,0.3299999999999272,0.04,0.02,0.02,True,True,False,FULL_TP2,43.47347065625581,68.31545388840095,0.2,111.58892454465676,7037.184773526691,291.13445
132,XAUUSD,SELL,2026-04-29 12:25:00.022000+00:00,2026-04-29 16:20:06.175000+00:00,4571.9,4587.260767322944,4550.394925747878,4538.106311889523,15.360767322944202,0.2800000000006548,0.05,0.02,0.03,True,True,False,FULL_TP2,43.01014850424326,101.38106433143092,0.25,144.1412128356742,7181.325986362365,235.10255
133,XAUUSD,SELL,2026-04-29 20:00:00.044000+00:00,2026-04-29 22:10:00+00:00,4545.45,4564.233659502204,4519.152876696913,4504.125949095149,18.783659502204866,0.2799999999997453,0.04,0.02,0.02,False,False,False,TP1_THEN_BE,52.59,0.56,0.2,52.95,7170.925986362365,130.0
134,XAUUSD,BUY,2026-04-30 15:55:00.035000+00:00,2026-04-30 16:47:01.547000+00:00,4635.12,4616.23052920089,4661.5652591187545,4676.676835758043,18.889470799110626,0.3199999999997089,0.04,0.02,0.02,False,False,False,SL,-37.77894159822063,-37.77894159822063,0.2,-75.75788319644126,7095.168103165924,52.025200000000005
121,NAS100,BUY,2026-04-30 18:05:00.057000+00:00,2026-05-01 01:05:00+00:00,27276.4,27146.509792731904,27471.235310902146,27536.180414536193,129.89020726809622,3.0,0.05,0.02,0.03,False,False,False,FULL_TP2,3.9,7.79,0.25,11.44,6609.841946152566,420.0
135,XAUUSD,BUY,2026-04-30 20:15:00.034000+00:00,2026-05-01 09:15:00+00:00,4616.13,4597.840601595663,4641.735157766072,4656.3666764895415,18.28939840433705,0.2799999999997453,0.04,0.02,0.02,False,False,False,SL,-36.58,-36.58,0.2,-73.36,7099.168103165925,780.0
136,XAUUSD,BUY,2026-05-01 06:30:00.048000+00:00,2026-05-01 07:41:30.463000+00:00,4626.56,4611.963043281691,4646.995739405634,4658.673304780281,14.596956718309192,0.3200000000006184,0.05,0.02,0.03,False,False,False,SL,-29.19391343661846,-43.79087015492769,0.25,-73.23478359154615,7025.933319574378,71.50691666666667
122,NAS100,BUY,2026-05-01 20:10:00.045000+00:00,2026-05-04 13:05:00+00:00,27745.1,27652.394531741724,27884.158202387407,27930.510936516544,92.70546825827296,2.599999999998545,0.07,0.04,0.03,False,False,False,SL,-3.71,-2.78,0.35,-6.84,6634.341946152566,3895.0
123,NAS100,BUY,2026-05-04 10:20:00.052000+00:00,2026-05-04 11:05:42.234000+00:00,27846.5,27772.128763392408,27958.05685491139,27995.24247321519,74.37123660759345,2.599999999998545,0.09,0.04,0.05,False,False,False,SL,-29.748494643036977,-37.18561830379622,0.4499999999999999,-67.3841129468332,6566.957833205734,45.70303333333333
137,XAUUSD,SELL,2026-05-04 12:50:00.077000+00:00,2026-05-04 13:06:42.257000+00:00,4582.02,4598.09048789598,4559.521316945629,4546.664926628846,16.07048789597931,0.2799999999997453,0.04,0.02,0.02,True,True,False,FULL_TP2,44.997366108742426,70.710146742309,0.2,115.50751285105144,7141.44083242543,16.703
138,XAUUSD,SELL,2026-05-04 16:25:00.053000+00:00,2026-05-04 17:22:08.556000+00:00,4562.65,4580.447661307711,4537.733274169203,4523.495145123034,17.797661307712016,0.3000000000001819,0.04,0.02,0.02,False,False,False,SL,-35.59532261542336,-35.59532261542336,0.2,-71.39064523084672,7070.050187194584,57.14171666666667
139,XAUUSD,SELL,2026-05-04 18:05:00.058000+00:00,2026-05-04 18:21:45.868000+00:00,4561.13,4579.593845719405,4535.280615992833,4520.5095394173095,18.463845719404738,0.3800000000001091,0.04,0.02,0.02,True,True,False,FULL_TP2,51.69876801433384,81.24092116538122,0.2,132.73968917971507,7202.789876374299,16.7635
125,NAS100,BUY,2026-05-05 08:10:00.015000+00:00,2026-05-05 15:11:38.740000+00:00,27739.3,27669.988978688612,27843.26653196708,27877.922042622773,69.31102131138691,2.599999999998545,0.09,0.04,0.05,True,True,False,FULL_TP2,41.586612786832845,69.31102131138687,0.4499999999999999,110.44763409821972,6611.926155630406,421.6454166666666
126,NAS100,BUY,2026-05-06 06:10:00.216000+00:00,2026-05-06 11:52:38.245000+00:00,28199.3,28125.074162599896,28310.638756100157,28347.75167480021,74.22583740010458,2.599999999998545,0.09,0.04,0.05,True,True,False,FULL_TP2,44.53550244006329,74.22583740010487,0.4499999999999999,118.31133984016816,6730.237495470575,342.63381666666663
140,XAUUSD,BUY,2026-05-06 16:35:00.008000+00:00,2026-05-06 20:40:00.503000+00:00,4698.01,4679.098997551706,4724.485403427612,4739.614205386248,18.911002448294106,0.2800000000006548,0.04,0.02,0.02,False,False,False,SL,-37.82200489658862,-37.82200489658862,0.2,-75.84400979317725,7126.945866581122,245.00825
127,NAS100,BUY,2026-05-06 17:35:00.260000+00:00,2026-05-06 22:10:00+00:00,28397.0,28306.714544939918,28532.428182590123,28577.570910120165,90.2854550600824,2.599999999998545,0.07,0.04,0.03,False,False,False,FULL_TP2,5.42,5.42,0.35,10.48,6808.147495470575,275.0
141,XAUUSD,BUY,2026-05-07 08:35:00.148000+00:00,2026-05-07 09:38:04.936000+00:00,4703.53,4687.688175181648,4725.708554745692,4738.382014600374,15.84182481835164,0.3299999999999272,0.04,0.02,0.02,True,True,False,FULL_TP2,44.35710949138411,69.70402920074775,0.2,113.86113869213186,7240.807005273254,63.0798
128,NAS100,BUY,2026-05-07 14:05:00.191000+00:00,2026-05-07 17:22:22.667000+00:00,28657.3,28589.268520030597,28759.347219954107,28793.362959938808,68.03147996940375,2.599999999998545,0.1,0.05,0.05,True,True,False,FULL_TP2,51.023609977053646,68.03147996940424,0.5,118.55508994645788,6926.702585417032,197.3746
143,XAUUSD,BUY,2026-05-08 11:35:00.245000+00:00,2026-05-08 17:10:31.022000+00:00,4719.54,4699.500158457697,4747.595778159224,4763.627651393066,20.039841542302923,0.2799999999997453,0.04,0.02,0.02,True,False,True,TP1_THEN_BE,56.1115563184485,0.5599999999994907,0.2,56.47155631844799,7347.071571229771,335.51295
130,NAS100,BUY,2026-05-11 07:45:00.376000+00:00,2026-05-11 17:31:43.130000+00:00,29254.3,29176.432032890447,29371.10195066433,29410.035934219108,77.86796710955419,2.599999999998545,0.09,0.04,0.05,False,False,False,SL,-31.14718684382097,-38.933983554776205,0.4499999999999999,-70.53117039859718,6981.657989957369,586.7125666666667
144,XAUUSD,SELL,2026-05-11 10:50:00.058000+00:00,2026-05-11 15:23:04.379000+00:00,4667.32,4686.555872676861,4640.389778252393,4625.001080110904,19.235872676861867,0.2800000000006548,0.04,0.02,0.02,False,False,False,SL,-38.47174535372324,-38.47174535372324,0.2,-77.14349070744647,7269.928080522324,273.0720166666667
131,NAS100,BUY,2026-05-11 20:30:00.117000+00:00,2026-05-11 23:10:00+00:00,29355.4,29268.492170093265,29485.761744860105,29529.215659813475,86.90782990673613,2.600000000002183,0.08,0.04,0.04,False,False,False,SL,-3.48,-3.48,0.4,-7.35,6983.737989957368,160.0
146,XAUUSD,SELL,2026-05-12 12:10:00.066000+00:00,2026-05-12 18:17:29.129000+00:00,4699.37,4716.264707910872,4675.717408924779,4662.201642596082,16.894707910871674,0.3599999999996726,0.04,0.02,0.02,True,True,False,FULL_TP2,47.3051821504414,74.33671480783596,0.2,121.44189695827735,7395.7299774806,367.4843833333333
133,NAS100,SELL,2026-05-12 17:00:00.041000+00:00,2026-05-12 17:19:06.648000+00:00,29049.2,29137.154190543148,28917.26871418528,28873.291618913707,87.95419054314779,2.7999999999992724,0.08,0.04,0.04,False,False,False,SL,-35.18167621725879,-35.18167621725879,0.4,-70.76335243451759,6842.423064205565,19.110116666666663
147,XAUUSD,SELL,2026-05-13 08:40:00.168000+00:00,2026-05-13 19:09:54.374000+00:00,4701.1,4716.827710827744,4679.081204841159,4666.499036178964,15.727710827743875,0.2799999999997453,0.05,0.02,0.03,True,False,True,TP1_THEN_BE,44.03759031768277,0.839999999999236,0.25,44.62759031768201,7440.357567798282,629.9034333333333
134,NAS100,BUY,2026-05-13 17:45:00.196000+00:00,2026-05-13 20:01:46.615000+00:00,29192.7,29091.62903744702,29344.30644382947,29394.84192510596,101.07096255298067,2.400000000001455,0.07,0.04,0.03,True,True,False,FULL_TP2,60.64257753178826,60.6425775317879,0.35,120.93515506357616,6963.358219269142,136.77365
135,NAS100,BUY,2026-05-14 08:50:00.148000+00:00,2026-05-14 12:37:17.867000+00:00,29513.4,29417.589133251797,29657.116300122307,29705.02173349641,95.81086674820396,2.600000000002183,0.07,0.04,0.03,False,False,False,SL,-38.32434669928189,-28.743260024461414,0.35,-67.41760672374329,6895.940612545399,227.29531666666665
136,NAS100,BUY,2026-05-14 16:40:00.080000+00:00,2026-05-14 18:20:31.366000+00:00,29515.5,29427.550572359276,29647.424141461088,29691.39885528145,87.94942764072573,2.599999999998545,0.08,0.04,0.04,True,True,False,FULL_TP2,52.76965658443515,70.35954211258067,0.4,122.72919869701582,7018.669811242415,100.52143333333332
137,NAS100,BUY,2026-05-14 20:55:00.155000+00:00,2026-05-15 04:20:00+00:00,29665.0,29560.730331037932,29821.4045034431,29873.539337924132,104.26966896206687,2.599999999998545,0.07,0.04,0.03,False,False,False,SL,-4.17,-3.13,0.35,-7.65,7011.599811242416,445.0
148,XAUUSD,SELL,2026-05-15 07:20:00.426000+00:00,2026-05-15 08:32:06.183000+00:00,4614.13,4631.240820496344,4590.174851305119,4576.486194908043,17.11082049634403,0.2799999999997453,0.04,0.02,0.02,True,True,False,FULL_TP2,47.91029738976249,75.28761018391378,0.2,122.99790757367629,7563.355475371958,72.09594999999999
149,XAUUSD,SELL,2026-05-15 10:45:00.119000+00:00,2026-05-15 12:50:01.443000+00:00,4577.56,4596.749460871162,4550.694754780374,4535.343186083444,19.18946087116177,0.2799999999997453,0.04,0.02,0.02,True,True,False,FULL_TP2,53.73049043925312,84.43362783311204,0.2,137.96411827236517,7701.3195936443235,125.02206666666666
138,NAS100,SELL,2026-05-15 11:00:00.017000+00:00,2026-05-15 12:49:09.383000+00:00,29333.6,29442.043860451475,29170.934209322782,29116.712279097046,108.4438604514767,2.600000000002183,0.06,0.03,0.03,True,True,False,FULL_TP2,48.799737203164845,65.06631627088572,0.3,113.56605347405058,7125.165864716467,109.1561
150,XAUUSD,SELL,2026-05-15 14:45:00.092000+00:00,2026-05-15 17:17:19.730000+00:00,4551.23,4571.690033656321,4522.58595288115,4506.217925956092,20.4600336563216,0.2800000000006548,0.04,0.02,0.02,True,False,True,TP1_THEN_BE,57.288094237699625,0.5600000000013097,0.2,57.64809423770093,7758.967687882025,152.3273
139,NAS100,SELL,2026-05-15 14:55:00.120000+00:00,2026-05-15 17:13:25.747000+00:00,29223.3,29343.265364946026,29043.35195258096,28983.36927010795,119.96536494602567,2.600000000002183,0.06,0.03,0.03,True,False,True,TP1_THEN_BE,53.98441422571159,0.7800000000006547,0.3,54.46441422571225,7179.630278942179,138.42711666666668
151,XAUUSD,SELL,2026-05-15 18:30:00+00:00,2026-05-18 03:30:00+00:00,4546.79,4569.35529946528,4515.198580748608,4497.146341176383,22.56529946528012,0.2799999999997453,0.03,0.02,0.01,False,False,False,FULL_TP2,63.18,49.64,0.15,112.68,7719.667687882024,3420.0
140,NAS100,SELL,2026-05-15 19:00:00.047000+00:00,2026-05-15 20:25:15.406000+00:00,29210.3,29345.712962506143,29007.180556240783,28939.47407498771,135.412962506145,2.7999999999992724,0.05,0.02,0.03,False,False,False,SL,-27.08259250122865,-40.62388875184297,0.25,-67.95648125307162,7111.673797689107,85.25598333333333
142,NAS100,SELL,2026-05-19 06:55:00.141000+00:00,2026-05-19 17:16:06.794000+00:00,28937.8,29079.91379016207,28724.629314756894,28653.57241967586,142.11379016206956,3.0,0.05,0.02,0.03,True,True,False,FULL_TP2,42.63413704862106,85.26827409724174,0.25,127.6524111458628,7172.731603623274,621.1108833333333
152,XAUUSD,SELL,2026-05-19 10:40:00.127000+00:00,2026-05-19 11:00:00.339000+00:00,4543.37,4560.801531989388,4518.965855214856,4505.0206296233455,17.43153198938846,0.2899999999999636,0.04,0.02,0.02,False,False,False,SL,-34.86306397877706,-34.86306397877706,0.2,-69.92612795755413,7649.7415599244705,20.003533333333333
153,XAUUSD,SELL,2026-05-19 11:20:00.211000+00:00,2026-05-19 16:23:41.733000+00:00,4544.35,4561.683279704433,4520.083408413795,4506.21678465025,17.33327970443209,0.2799999999997453,0.04,0.02,0.02,True,True,False,FULL_TP2,48.53318317241065,76.26643069950114,0.2,124.5996138719118,7774.3411737963825,303.69203333333337
154,XAUUSD,SELL,2026-05-19 20:45:00.219000+00:00,2026-05-20 04:35:00+00:00,4504.49,4524.85401583004,4475.980377837943,4459.689165173911,20.364015830040575,0.2800000000006548,0.04,0.02,0.02,False,False,False,FULL_TP2,57.02,89.6,0.2,146.42,7786.741173796381,470.0
156,XAUUSD,SELL,2026-05-20 12:25:00.020000+00:00,2026-05-20 13:36:00.800000+00:00,4479.2,4497.04586936347,4454.215782891141,4439.939087400365,17.845869363470424,0.2799999999997453,0.04,0.02,0.02,False,False,False,SL,-35.69173872694046,-35.69173872694046,0.2,-71.58347745388092,7639.317005339564,71.01299999999999
143,NAS100,BUY,2026-05-20 19:40:00.097000+00:00,2026-05-21 10:10:00+00:00,29176.6,29048.493355496892,29368.759966754656,29432.813289006208,128.10664450310554,2.599999999998545,0.06,0.03,0.03,False,False,False,TP1_THEN_BE,5.76,0.08,0.3,5.54,7206.451603623274,870.0
144,NAS100,BUY,2026-05-21 11:05:00.100000+00:00,2026-05-21 13:30:28.352000+00:00,29289.4,29180.783768394493,29452.324347408266,29506.632463211023,108.61623160551012,2.600000000002183,0.07,0.04,0.03,False,False,False,SL,-43.44649264220352,-32.58486948165264,0.35,-76.38136212385615,7130.070241499418,145.47086666666667
157,XAUUSD,SELL,2026-05-21 17:40:00.071000+00:00,2026-05-21 20:10:28.735000+00:00,4508.72,4526.715125879946,4483.526823768076,4469.13072306412,17.995125879945935,0.2799999999997453,0.04,0.02,0.02,False,False,False,SL,-35.99025175989118,-35.99025175989118,0.2,-72.18050351978236,7567.136501819782,150.47773333333333
145,NAS100,BUY,2026-05-22 06:00:00.143000+00:00,2026-05-22 13:32:49.753000+00:00,29495.5,29383.017282216613,29664.22407667508,29720.46543556677,112.48271778338578,2.400000000001455,0.06,0.03,0.03,False,False,False,SL,-33.74481533501603,-33.74481533501603,0.3,-67.78963067003205,7062.280610829386,452.82683333333335
158,XAUUSD,SELL,2026-05-22 10:10:00.257000+00:00,2026-05-22 19:30:34.298000+00:00,4525.34,4540.926020596471,4503.51957116494,4491.050754687763,15.586020596471313,0.2799999999997453,0.05,0.02,0.03,True,False,True,TP1_THEN_BE,43.64085767011966,0.839999999999236,0.25,44.230857670118894,7611.367359489901,560.5673499999999
146,NAS100,BUY,2026-05-22 17:35:00.053000+00:00,2026-05-22 22:05:00+00:00,29541.4,29443.40852592503,29688.38721111246,29737.382948149945,97.99147407497138,2.600000000002183,0.07,0.04,0.03,True,False,False,TP1_THEN_BE,58.79,0.08,0.35,58.52,7145.355495274369,270.0
147,NAS100,BUY,2026-05-25 10:55:00.097000+00:00,2026-05-26 01:55:00+00:00,29921.4,29838.98107654103,30045.02838518846,30086.237846917942,82.41892345897104,2.8000000000029104,0.09,0.04,0.05,False,False,False,SL,-3.3,-4.12,0.4499999999999999,-7.87,7144.905495274369,900.0
159,XAUUSD,BUY,2026-05-25 12:30:00.119000+00:00,2026-05-26 02:35:00+00:00,4558.84,4544.915205774879,4578.33471191517,4589.474547295267,13.924794225121321,0.2600000000002183,0.05,0.02,0.03,True,False,False,TP1_THEN_BE,38.99,0.78,0.25,39.52,7668.766783320242,845.0
160,XAUUSD,SELL,2026-05-26 07:20:00.239000+00:00,2026-05-26 13:34:50.157000+00:00,4538.06,4550.804239425867,4520.218064803787,4510.022673263094,12.74423942586693,0.3899999999994179,0.06,0.03,0.03,True,False,True,TP1_THEN_BE,53.52580558864156,1.1699999999982538,0.3,54.39580558863982,7723.162588908882,374.8319666666667
148,NAS100,SELL,2026-05-26 07:40:00.318000+00:00,2026-05-26 13:19:27.493000+00:00,29765.4,29828.882471618,29670.176292573004,29638.435056764007,63.48247161799817,2.599999999998545,0.11,0.06,0.05,False,False,False,SL,-38.089482970798414,-31.741235808998685,0.55,-70.38071877979709,7074.524776494572,339.4529166666667
161,XAUUSD,SELL,2026-05-26 14:30:00.010000+00:00,2026-05-26 15:53:37.668000+00:00,4523.53,4537.166061989961,4504.4395132140535,4493.530663622084,13.636061989961842,0.2800000000006548,0.06,0.03,0.03,True,False,True,TP1_THEN_BE,57.2714603578388,0.8400000000019645,0.3,57.811460357840765,7780.974049266722,83.62763333333334
149,NAS100,BUY,2026-05-26 16:40:00.077000+00:00,2026-05-26 16:48:43.954000+00:00,29817.0,29756.28402023122,29908.07396965317,29938.43195953756,60.71597976877956,2.599999999998545,0.12,0.06,0.06,True,True,False,FULL_TP2,54.64438179190256,72.85917572253601,0.6,126.90355751443856,7201.4283340090105,8.731283333333332
162,XAUUSD,SELL,2026-05-26 17:05:00.118000+00:00,2026-05-26 21:05:00+00:00,4517.26,4532.639659326511,4495.728476942885,4483.424749481676,15.379659326510984,0.2799999999997453,0.05,0.02,0.03,True,False,False,FULL_TP2,43.06,101.51,0.25,144.32,7901.787095380952,240.0
150,NAS100,BUY,2026-05-26 20:40:00.022000+00:00,2026-05-27 04:10:00+00:00,29937.6,29854.90849130112,30061.637263048317,30102.983017397757,82.69150869887847,2.5,0.09,0.04,0.05,False,False,False,FULL_TP2,4.96,8.27,0.4499999999999999,12.78,7212.498334009013,450.0
163,XAUUSD,SELL,2026-05-27 08:30:00.095000+00:00,2026-05-27 13:30:54.889000+00:00,4507.34,4522.437012621869,4486.204182329383,4474.126572231888,15.097012621869377,0.2799999999997453,0.05,0.02,0.03,True,True,False,FULL_TP2,42.27163534123429,99.64028330433756,0.25,141.66191864557186,8043.449014026524,300.9132333333334
151,NAS100,BUY,2026-05-27 10:10:00.135000+00:00,2026-05-27 13:15:14.844000+00:00,30070.6,30003.883313954935,30170.675029067595,30204.03337209013,66.71668604506444,2.599999999998545,0.11,0.06,0.05,True,True,False,FULL_TP2,60.04501744055815,66.71668604506522,0.55,126.21170348562336,7338.710037494637,185.24515
164,XAUUSD,SELL,2026-05-27 18:10:00.101000+00:00,2026-05-27 19:35:30.597000+00:00,4429.51,4449.960615441547,4400.879138381834,4384.518646028597,20.450615441547072,0.2799999999997453,0.04,0.02,0.02,False,False,False,SL,-40.901230883093376,-40.901230883093376,0.2,-82.00246176618676,7961.446552260338,85.50826666666667
152,NAS100,SELL,2026-05-27 20:05:00.030000+00:00,2026-05-27 23:30:00+00:00,29932.5,30032.142928109628,29783.035607835558,29733.214143780748,99.6429281096268,2.5,0.07,0.04,0.03,False,False,False,SL,-3.99,-2.99,0.35,-7.33,7338.220037494636,205.0
153,NAS100,SELL,2026-05-28 16:45:00.039000+00:00,2026-05-28 17:10:04.500000+00:00,29915.3,30009.629981695845,29773.80502745623,29726.640036608303,94.32998169584717,2.600000000002183,0.08,0.04,0.04,False,False,False,SL,-37.73199267833843,-37.73199267833843,0.4,-75.86398535667686,7262.356052137959,25.07435
166,XAUUSD,BUY,2026-05-29 07:10:00.051000+00:00,2026-05-29 12:50:31.193000+00:00,4503.6,4487.514132926965,4526.120213902249,4538.988907560677,16.085867073034706,0.3000000000001819,0.05,0.02,0.03,True,True,False,FULL_TP2,45.040427804497085,106.16672268203,0.25,150.9571504865271,8026.952680162654,340.5190333333333
154,NAS100,BUY,2026-05-29 11:35:00.251000+00:00,2026-05-29 16:45:00.726000+00:00,30281.1,30209.549146711757,30388.42627993236,30424.201706576478,71.55085328824015,2.599999999998545,0.1,0.05,0.05,True,True,False,FULL_TP2,53.6631399661801,71.55085328823952,0.5,124.71399325441962,7387.070045392379,310.00791666666663
168,XAUUSD,BUY,2026-05-29 16:35:00.071000+00:00,2026-05-29 17:30:38.349000+00:00,4525.21,4509.014566750814,4547.883606548861,4560.83995314821,16.195433249186372,0.2799999999997453,0.05,0.02,0.03,True,False,True,TP1_THEN_BE,45.34721309772249,0.839999999999236,0.25,45.93721309772173,7993.497795128997,55.63796666666666
155,NAS100,BUY,2026-05-29 18:30:00.059000+00:00,2026-05-29 20:57:10.145000+00:00,30360.6,30272.343653700937,30492.984519448593,30537.112692598126,88.25634629906293,2.599999999998545,0.08,0.04,0.04,False,False,False,SL,-35.3025385196248,-35.3025385196248,0.4,-71.0050770392496,7316.064968353129,147.16809999999998
156,NAS100,BUY,2026-06-02 14:35:00.007000+00:00,2026-06-02 16:08:33.362000+00:00,30540.8,30469.618438118563,30647.572342822154,30683.16312376287,71.18156188143692,2.599999999998545,0.1,0.05,0.05,False,False,False,SL,-35.590780940718105,-35.590780940718105,0.5,-71.68156188143621,7244.383406471693,93.55591666666666
157,NAS100,BUY,2026-06-02 16:55:00.078000+00:00,2026-06-02 19:06:30.185000+00:00,30534.0,30465.352632867536,30636.971050698696,30671.294734264928,68.64736713246369,2.599999999998545,0.11,0.06,0.05,True,True,False,FULL_TP2,61.782630419217455,68.64736713246384,0.55,129.8799975516813,7374.263404023374,131.50178333333332
171,XAUUSD,SELL,2026-06-03 07:25:00.658000+00:00,2026-06-03 11:23:57.066000+00:00,4480.62,4494.094309013831,4461.755967380636,4450.976520169572,13.47430901383111,0.2799999999997453,0.06,0.03,0.03,True,True,False,FULL_TP2,56.5920978580907,88.93043949128423,0.3,145.22253734937493,8206.450915219077,238.9401333333333
172,XAUUSD,SELL,2026-06-03 15:20:00.004000+00:00,2026-06-03 17:11:18.030000+00:00,4456.19,4471.086547276211,4435.334833813305,4423.417595992336,14.896547276210734,0.2800000000006548,0.06,0.03,0.03,True,False,True,TP1_THEN_BE,62.56549856008496,0.8400000000019645,0.3,63.10549856008693,8269.556413779164,111.30043333333332
173,XAUUSD,SELL,2026-06-03 18:10:00.074000+00:00,2026-06-04 01:55:00+00:00,4449.23,4465.711337596878,4426.156127364369,4412.971057286866,16.481337596878635,0.2800000000006548,0.05,0.02,0.03,False,False,False,TP1_THEN_BE,46.15,0.84,0.25,46.74,8321.45641377916,465.0
174,XAUUSD,BUY,2026-06-04 12:05:00.046000+00:00,2026-06-04 14:48:06.166000+00:00,4467.3,4451.6063280154995,4489.271140778302,4501.8260783659025,15.693671984501066,0.2799999999997453,0.05,0.02,0.03,True,True,False,FULL_TP2,43.94228155660312,103.57823509770697,0.25,147.2705166543101,8468.72693043347,163.102
158,NAS100,SELL,2026-06-04 16:45:00.030000+00:00,2026-06-04 17:24:59.671000+00:00,30200.6,30300.393936825334,30050.909094761995,30001.012126349327,99.79393682533627,2.600000000002183,0.07,0.04,0.03,False,False,False,SL,-39.91757473013422,-29.938181047600665,0.35,-70.20575577773488,7304.057648245639,39.99401666666667
159,NAS100,SELL,2026-06-05 06:35:00.051000+00:00,2026-06-05 16:39:04.639000+00:00,30165.1,30274.051000660707,30001.673499008935,29947.19799867858,108.9510006607094,2.8000000000029104,0.07,0.04,0.03,True,True,False,FULL_TP2,65.37060039642529,65.37060039642529,0.35,130.39120079285058,7434.448849038489,604.0764666666668
177,XAUUSD,SELL,2026-06-05 15:30:00.046000+00:00,2026-06-05 15:50:26.068000+00:00,4464.75,4478.268014747181,4445.824779353947,4435.010367556201,13.518014747181164,1.4600000000000364,0.06,0.03,0.03,True,True,False,FULL_TP2,56.77566193815983,89.21889733139597,0.3,145.69455926955578,8523.53843322936,20.4337
178,XAUUSD,SELL,2026-06-05 20:45:00.019000+00:00,2026-06-08 02:45:00+00:00,4341.22,4362.441868175324,4311.509384554547,4294.531890014288,21.22186817532343,0.2799999999997453,0.04,0.02,0.02,False,False,False,TP1_THEN_BE,59.42,0.56,0.2,59.78,8520.05843322936,3240.0
179,XAUUSD,SELL,2026-06-08 07:40:00.289000+00:00,2026-06-08 09:22:36.230000+00:00,4311.28,4332.045154362986,4282.208783891819,4265.596660401429,20.765154362986454,0.2800000000006548,0.04,0.02,0.02,True,False,True,TP1_THEN_BE,58.14243221636208,0.5600000000013097,0.2,58.50243221636338,8578.560865445723,102.59901666666666
180,XAUUSD,SELL,2026-06-08 10:50:00+00:00,2026-06-08 14:15:00.405000+00:00,4298.39,4319.888093708266,4268.292668808428,4251.0941938418155,21.498093708265753,0.2799999999997453,0.04,0.02,0.02,False,False,False,SL,-42.99618741653103,-42.99618741653103,0.2,-86.19237483306206,8492.36849061266,205.00675
181,XAUUSD,BUY,2026-06-09 08:30:00.012000+00:00,2026-06-09 16:55:03.457000+00:00,4332.82,4317.484686140493,4354.289439403309,4366.557690490915,15.335313859506726,0.2799999999997453,0.06,0.03,0.03,True,False,True,TP1_THEN_BE,64.40831820992844,0.839999999999236,0.3,64.94831820992768,8557.316808822588,505.05741666666665
161,NAS100,BUY,2026-06-09 11:15:00.015000+00:00,2026-06-09 17:11:20.088000+00:00,29650.3,29522.119977682465,29842.570033476302,29906.66004463507,128.18002231753565,2.7999999999992724,0.06,0.03,0.03,False,False,False,SL,-38.45400669526025,-38.45400669526025,0.3,-77.20801339052049,7290.745328275912,356.33455
162,NAS100,SELL,2026-06-10 10:40:00.118000+00:00,2026-06-10 15:33:15.716000+00:00,28937.9,29112.202607586536,28676.4460886202,28589.294784826932,174.3026075865348,4.5,0.04,0.02,0.02,True,False,True,TP1_THEN_BE,52.290782275960375,0.8999999999999999,0.2,52.99078227596037,7343.736110551872,293.2599666666667
183,XAUUSD,SELL,2026-06-10 17:40:00+00:00,2026-06-10 20:44:42.403000+00:00,4157.78,4182.185779701029,4123.611908418558,4104.087284657735,24.405779701029555,0.2800000000006548,0.04,0.02,0.02,True,True,False,FULL_TP2,68.33618316288266,107.38543068452964,0.2,175.5216138474123,8882.7321230474,184.7067166666667
163,NAS100,SELL,2026-06-10 18:05:00.053000+00:00,2026-06-10 23:00:00+00:00,28884.7,29095.719972989653,28568.170040515524,28462.660054020696,211.01997298965205,2.899999999997817,0.03,0.02,0.01,False,False,False,FULL_TP2,6.33,4.22,0.15,10.4,7379.466110551873,295.0
164,NAS100,BUY,2026-06-11 14:50:00.012000+00:00,2026-06-11 15:22:43.248000+00:00,28886.9,28734.464265334493,29115.553601998265,29191.771469331023,152.43573466550987,2.600000000002183,0.05,0.02,0.03,False,False,False,SL,-30.48714693310176,-45.73072039965264,0.25,-76.4678673327544,7302.998243219118,32.720600000000005
165,NAS100,BUY,2026-06-11 16:50:00.002000+00:00,2026-06-11 17:57:35.557000+00:00,28813.6,28655.580922660858,29050.628616008707,29129.638154678276,158.0190773391388,3.2999999999992724,0.05,0.02,0.03,False,False,False,SL,-31.6038154678281,-47.40572320174215,0.25,-79.25953866957025,7223.738704549548,67.59258333333334
184,XAUUSD,SELL,2026-06-11 17:05:00.035000+00:00,2026-06-11 19:14:19.840000+00:00,4077.57,4101.627773341544,4043.889117321839,4024.6428986486044,24.057773341543584,0.2799999999997453,0.04,0.02,0.02,False,False,False,SL,-48.115546683086905,-48.115546683086905,0.2,-96.4310933661738,8786.301029681226,129.3300833333333
168,NAS100,BUY,2026-06-12 17:15:00.094000+00:00,2026-06-12 17:47:21.736000+00:00,29565.9,29385.422814959256,29836.61577756112,29926.85437008149,180.4771850407452,6.5,0.04,0.02,0.02,False,False,False,SL,-36.09543700814902,-36.09543700814902,0.2,-72.39087401629804,7216.574437527005,32.3607
169,NAS100,BUY,2026-06-12 17:50:00.019000+00:00,2026-06-12 18:24:07.548000+00:00,29399.1,29218.622814959253,29669.815777561118,29760.05437008149,180.4771850407452,8.399999999997817,0.04,0.02,0.02,True,True,False,FULL_TP2,54.1431555122239,72.19087401629804,0.2,126.13402952852194,7342.708467055527,34.125483333333335
185,XAUUSD,BUY,2026-06-12 18:00:00.051000+00:00,2026-06-15 01:00:00+00:00,4204.23,4180.296074037251,4237.737496347848,4256.884637118047,23.933925962748933,0.2799999999997453,0.04,0.02,0.02,False,False,False,FULL_TP2,67.01,105.31,0.2,172.12,8854.821029681227,3300.0
170,NAS100,BUY,2026-06-12 19:25:00.072000+00:00,2026-06-15 01:00:00+00:00,29611.4,29409.95844759242,29913.562328611373,30014.283104815164,201.4415524075814,9.100000000002185,0.04,0.02,0.02,False,False,False,FULL_TP2,6.04,8.06,0.2,13.9,7378.708467055527,3215.0
171,NAS100,BUY,2026-06-15 07:20:00.228000+00:00,2026-06-15 18:05:55.888000+00:00,30238.9,30080.21799058565,30476.92301412153,30556.264018828708,158.68200941435288,2.8000000000029104,0.05,0.02,0.03,True,True,False,FULL_TP2,47.60460282430577,95.20920564861188,0.25,142.56380847291766,7521.272275528445,645.9276666666667
186,XAUUSD,BUY,2026-06-15 10:25:00.068000+00:00,2026-06-15 16:32:08.247000+00:00,4316.71,4295.372500329866,4346.582499538187,4363.652499274294,21.33749967013397,0.2799999999997453,0.04,0.02,0.02,True,True,False,FULL_TP2,59.74499907637437,93.88499854858856,0.2,153.42999762496294,9008.251027306187,367.1363166666667
187,XAUUSD,BUY,2026-06-15 18:50:00.017000+00:00,2026-06-15 19:38:09.103000+00:00,4357.27,4338.186621810003,4383.986729465997,4399.253432017995,19.083378189997593,0.2800000000006548,0.05,0.02,0.03,False,False,False,SL,-38.166756379994695,-57.25013456999204,0.25,-95.66689094998674,8912.584136356203,48.15143333333333
172,NAS100,BUY,2026-06-16 06:15:00.094000+00:00,2026-06-16 14:19:03.341000+00:00,30527.4,30437.042113117728,30662.93683032341,30708.11577376455,90.35788688227444,2.600000000002183,0.08,0.04,0.04,True,True,False,FULL_TP2,54.21473212936398,72.2863095058201,0.4,126.10104163518407,7647.373317163629,484.0541166666666
188,XAUUSD,BUY,2026-06-16 10:00:00.054000+00:00,2026-06-16 17:18:59.632000+00:00,4324.09,4309.624200007267,4344.342119989826,4355.914759984013,14.465799992732789,0.2799999999997453,0.06,0.03,0.03,True,False,True,TP1_THEN_BE,60.75635996947676,0.839999999999236,0.3,61.296359969476,8973.880496325679,438.9929666666667
189,XAUUSD,BUY,2026-06-16 18:55:00.059000+00:00,2026-06-17 07:30:00+00:00,4338.09,4323.4289114374815,4358.615523987526,4370.344394837542,14.66108856251867,0.2799999999997453,0.06,0.03,0.03,False,False,False,SL,-43.98,-43.98,0.3,-88.27,8986.60049632568,755.0
173,NAS100,SELL,2026-06-17 16:35:00.034000+00:00,2026-06-17 16:43:58.601000+00:00,30185.9,30271.734597120092,30057.148104319862,30014.230805759817,85.83459712009187,3.399999999997817,0.09,0.04,0.05,False,False,False,SL,-34.33383884803625,-42.91729856004531,0.4499999999999999,-77.70113740808156,7569.672179755547,8.976116666666666
174,NAS100,SELL,2026-06-17 16:45:00.097000+00:00,2026-06-17 17:00:00.366000+00:00,30264.7,30350.53459712009,30135.94810431986,30093.030805759816,85.83459712009187,3.700000000000728,0.09,0.04,0.05,True,True,False,FULL_TP2,51.50075827205583,85.83459712009244,0.4499999999999999,136.88535539214828,7706.557535147695,15.004483333333331
175,NAS100,SELL,2026-06-17 17:35:00.058000+00:00,2026-06-17 18:18:25.538000+00:00,30204.7,30298.23212589723,30064.40181115416,30017.635748205546,93.53212589722806,4.200000000000728,0.08,0.04,0.04,True,False,True,TP1_THEN_BE,56.11927553833666,1.680000000000291,0.4,57.39927553833695,7763.956810686032,43.42466666666667
176,NAS100,SELL,2026-06-17 19:45:00.049000+00:00,2026-06-17 21:05:00+00:00,30176.0,30281.493006513425,30017.76049022986,29965.013986973147,105.49300651342624,2.900000000001455,0.07,0.04,0.03,False,False,False,FULL_TP2,6.33,6.33,0.35,12.31,7726.646810686033,80.0
190,XAUUSD,SELL,2026-06-18 08:45:00.012000+00:00,2026-06-18 12:00:29.149000+00:00,4310.49,4332.371890269659,4279.855353622476,4262.349841406749,21.881890269659355,0.2800000000006548,0.04,0.02,0.02,True,True,False,FULL_TP2,61.26929275504699,96.28031718650163,0.2,157.34960994154864,9143.950106267228,195.4856166666667
177,NAS100,BUY,2026-06-18 15:20:00.111000+00:00,2026-06-18 16:36:06.547000+00:00,30190.0,30077.840585837068,30358.239121244398,30414.318828325864,112.15941416293234,3.2999999999992724,0.07,0.04,0.03,True,False,True,TP1_THEN_BE,67.29564849775925,0.9899999999997816,0.35,67.93564849775903,7794.582459183792,76.10726666666666
191,XAUUSD,SELL,2026-06-18 17:05:00.017000+00:00,2026-06-19 02:00:00+00:00,4247.46,4268.439144606392,4218.089197551051,4201.305881865938,20.9791446063918,0.2799999999997453,0.04,0.02,0.02,True,False,False,FULL_TP2,58.74,92.31,0.2,150.85,9236.071711165125,535.0
178,NAS100,BUY,2026-06-19 15:55:00.101000+00:00,2026-06-22 01:00:00+00:00,30390.6,30299.886713510186,30526.66992973472,30572.026572979623,90.713286489813,3.899999999997817,0.09,0.04,0.05,False,False,False,SL,-3.63,-4.54,0.4499999999999999,-8.61,7794.132459183792,3425.0
194,XAUUSD,SELL,2026-06-19 16:55:00.049000+00:00,2026-06-22 03:40:00+00:00,4158.1,4176.0249185732155,4133.0051139974985,4118.665179138926,17.924918573215557,0.2799999999997453,0.05,0.02,0.03,False,False,False,SL,-35.85,-53.77,0.25,-89.87,9054.297805090137,3525.0
195,XAUUSD,BUY,2026-06-22 11:55:00.095000+00:00,2026-06-22 18:46:24.137000+00:00,4195.84,4177.312969696143,4221.777842425399,4236.599466668485,18.527030303856723,0.2799999999997453,0.05,0.02,0.03,False,False,False,SL,-37.05406060771384,-55.58109091157076,0.25,-92.8851515192846,8961.412653570853,411.4007
196,XAUUSD,SELL,2026-06-23 15:00:00.056000+00:00,2026-06-23 16:53:36.686000+00:00,4123.12,4140.318849546556,4099.041610634822,4085.282530997577,17.198849546555856,0.2799999999997453,0.05,0.02,0.03,False,False,False,SL,-34.39769909311144,-51.59654863966716,0.25,-86.2442477327786,8875.168405838074,113.6105
179,NAS100,SELL,2026-06-23 15:15:00.350000+00:00,2026-06-23 16:47:46.043000+00:00,29583.3,29715.199564886156,29385.450652670763,29319.500870227683,131.89956488615772,4.0,0.06,0.03,0.03,True,False,True,TP1_THEN_BE,59.35480419877094,1.2,0.3,60.25480419877095,7854.387263382563,92.76155
198,XAUUSD,SELL,2026-06-24 10:50:00.070000+00:00,2026-06-24 14:15:45.246000+00:00,4084.34,4103.277756382552,4057.827141064427,4042.676935958385,18.937756382552333,0.2799999999997453,0.05,0.02,0.03,True,True,False,FULL_TP2,53.02571787114629,124.98919212484545,0.25,177.76490999599173,9049.283315834064,205.7529333333333
181,NAS100,SELL,2026-06-24 14:05:00.029000+00:00,2026-06-24 17:20:16.296000+00:00,29575.9,29706.394889827705,29380.157665258444,29314.91022034459,130.49488982770507,3.2999999999992724,0.06,0.03,0.03,True,True,False,FULL_TP2,58.7227004224671,78.29693389662316,0.3,136.71963431909023,8037.206897701653,195.27111666666667
199,XAUUSD,SELL,2026-06-24 17:55:00.051000+00:00,2026-06-25 01:00:00+00:00,4006.27,4030.0943268156275,3972.9159424581217,3953.8564810056196,23.824326815627373,0.2800000000002001,0.04,0.02,0.02,True,False,False,TP1_THEN_BE,66.71,0.56,0.2,67.07,9182.53143091782,425.0
200,XAUUSD,SELL,2026-06-25 08:40:00.183000+00:00,2026-06-25 15:30:36.868000+00:00,3984.83,4009.2157931738534,3950.689889556605,3931.1812550175223,24.385793173853546,0.2800000000002001,0.04,0.02,0.02,False,False,False,SL,-48.77158634770694,-48.77158634770694,0.2,-97.74317269541388,9084.788258222408,410.6114166666667
184,NAS100,SELL,2026-06-25 19:50:00.029000+00:00,2026-06-25 23:00:00+00:00,29466.5,29679.608669573194,29146.83699564021,29040.282660853612,213.1086695731932,3.900000000001455,0.04,0.02,0.02,False,False,False,SL,-4.26,-4.26,0.2,-8.72,8058.206363338978,190.0
201,XAUUSD,BUY,2026-06-26 15:55:00.048000+00:00,2026-06-26 17:15:57.807000+00:00,4046.51,4028.8576010721645,4071.2233584989704,4085.3452776412387,17.652398927835726,0.2900000000004183,0.05,0.02,0.03,True,True,False,FULL_TP2,49.42671699794028,116.5058329237154,0.25,165.68254992165566,9250.470808144062,80.96265
202,XAUUSD,SELL,2026-06-29 16:35:00.074000+00:00,2026-06-29 17:15:07.243000+00:00,4043.31,4060.05029292377,4019.873589906722,4006.4813555677056,16.74029292377016,0.2800000000002001,0.06,0.03,0.03,True,True,False,FULL_TP2,70.30923027983408,110.4859332968831,0.3,180.4951635767172,9430.96597172078,40.11948333333333
203,XAUUSD,SELL,2026-06-29 19:10:00.085000+00:00,2026-06-30 03:55:00+00:00,4027.43,4045.1907636856863,4002.564930840039,3988.35631989149,17.760763685686257,0.2800000000002001,0.05,0.02,0.03,False,False,False,FULL_TP2,49.73,117.22,0.25,166.7,9461.91597172078,525.0
204,XAUUSD,BUY,2026-06-30 16:50:00.070000+00:00,2026-06-30 18:21:29.329000+00:00,4023.96,4005.9251481503075,4049.20879258957,4063.6366740693243,18.034851849692778,0.2800000000002001,0.05,0.02,0.03,True,False,True,TP1_THEN_BE,50.497585179139605,0.8400000000006002,0.25,51.087585179140206,9513.00355689992,91.48765
323,NAS100,SELL,2026-07-01 14:30:00+00:00,2026-07-01 15:25:00+00:00,30019.9,30116.653060436453,29874.770409345325,29826.393879127096,96.7530604364522,1.0,0.05,0.03,0.02,False,False,False,SL,-29.03,-19.35,0.25,-48.63,4951.37,55.0
324,NAS100,SELL,2026-07-01 16:00:00+00:00,2026-07-01 20:00:00+00:00,30026.4,30134.38146537633,29864.427801935508,29810.437069247346,107.9814653763284,1.0,0.05,0.03,0.02,True,True,True,FULL_TP2,48.59,43.19,0.25,91.53,5042.91,240.0
326,NAS100,SELL,2026-07-02 10:05:00+00:00,2026-07-02 11:40:00+00:00,29725.7,29842.90769740085,29549.88845389873,29491.284605198303,117.2076974008489,1.0,0.04,0.02,0.02,False,False,False,SL,-23.44,-23.44,0.2,-47.08,4995.82,95.0
325,XAUUSD,BUY,2026-07-02 07:40:00+00:00,2026-07-02 12:30:00+00:00,4074.41,4057.257591372064,4098.423372079111,4112.14529898146,17.1524086279362,0.15,0.03,0.01,0.02,True,True,True,FULL_TP2,24.01,75.47,0.15,99.33,5095.16,290.0
327,XAUUSD,BUY,2026-07-02 12:30:00+00:00,2026-07-02 13:25:00+00:00,4127.09,4111.447166502997,4148.989966895805,4161.504233693408,15.642833497003332,0.15,0.03,0.01,0.02,False,False,False,SL,-15.64,-31.29,0.15,-47.08,5048.08,55.0
328,NAS100,SELL,2026-07-02 14:25:00+00:00,2026-07-02 15:05:00+00:00,29720.0,29856.65664685198,29515.01502972203,29446.68670629604,136.6566468519797,1.0,0.04,0.02,0.02,True,True,True,FULL_TP2,41.0,54.66,0.2,95.46,5143.54,40.0
330,NAS100,SELL,2026-07-02 19:00:00+00:00,2026-07-02 19:55:00+00:00,29188.6,29366.06204944296,28922.40692583556,28833.67590111407,177.46204944296292,1.0,0.03,0.01,0.02,False,False,False,SL,-17.75,-35.49,0.15,-53.39,5090.15,55.0
329,XAUUSD,BUY,2026-07-02 18:20:00+00:00,2026-07-03 04:05:00+00:00,4117.94,4097.808766799862,4146.123726480193,4162.228713040304,20.131233200138336,0.15,0.03,0.01,0.02,False,False,False,FULL_TP2,28.18,88.58,0.15,116.61,5112.74,585.0
331,XAUUSD,BUY,2026-07-03 07:05:00+00:00,2026-07-03 14:00:00+00:00,4180.27,4163.340448960881,4203.971371454767,4217.515012286063,16.92955103911928,0.15,0.03,0.01,0.02,False,False,False,SL,-16.93,-33.86,0.15,-50.94,5061.8,415.0
332,XAUUSD,BUY,2026-07-03 15:00:00+00:00,2026-07-06 03:00:00+00:00,4171.64,4157.161392585487,4191.910050380318,4203.492936311929,14.478607414513164,0.15,0.03,0.01,0.02,False,False,False,TP1_THEN_BE,20.27,0.3,0.15,20.42,5087.27,3600.0
333,NAS100,BUY,2026-07-03 16:40:00+00:00,2026-07-06 04:20:00+00:00,29711.4,29622.387198426037,29844.919202360958,29889.425603147934,89.01280157396779,1.0,0.06,0.03,0.03,False,False,False,SL,-2.67,-2.67,0.3,-5.64,5071.25,3580.0
334,XAUUSD,SELL,2026-07-06 08:30:00+00:00,2026-07-06 16:50:00+00:00,4154.28,4169.472705680687,4133.010212047038,4120.856047502489,15.192705680686688,0.15,0.03,0.01,0.02,True,False,True,TP1_THEN_BE,21.27,0.0,0.15,21.12,5092.37,500.0
335,XAUUSD,SELL,2026-07-07 07:55:00+00:00,2026-07-07 08:10:00+00:00,4124.68,4137.550058503303,4106.661918095377,4096.365871292735,12.870058503302785,0.15,0.04,0.02,0.02,False,False,False,SL,-25.74,-25.74,0.2,-51.68,5040.69,15.0
337,XAUUSD,SELL,2026-07-07 08:50:00+00:00,2026-07-07 10:15:00+00:00,4123.94,4136.4828400387805,4106.380023945706,4096.345751914681,12.542840038781158,0.15,0.04,0.02,0.02,False,False,False,SL,-25.09,-25.09,0.2,-50.37,4990.32,85.0
336,NAS100,SELL,2026-07-07 07:55:00+00:00,2026-07-07 13:55:00+00:00,29446.2,29550.770871388973,29289.343692916544,29237.05825722206,104.57087138897124,1.0,0.05,0.03,0.02,True,True,True,FULL_TP2,47.06,41.83,0.25,88.64,5078.96,360.0
338,XAUUSD,BUY,2026-07-07 17:35:00+00:00,2026-07-07 18:45:00+00:00,4146.03,4131.658912571832,4166.149522399435,4177.64639234197,14.371087428168254,0.15,0.04,0.02,0.02,False,False,False,SL,-28.74,-28.74,0.2,-57.68,5021.27,70.0
339,NAS100,SELL,2026-07-07 18:40:00+00:00,2026-07-08 03:25:00+00:00,29272.1,29393.68160322324,29089.72759516513,29028.936793553512,121.58160322324385,1.0,0.04,0.02,0.02,True,False,True,TP1_THEN_BE,36.47,0.02,0.2,36.29,5080.37,525.0
340,NAS100,SELL,2026-07-08 08:15:00+00:00,2026-07-08 08:35:00+00:00,29064.9,29184.9158386084,28884.876242087408,28824.868322783208,120.01583860839672,1.0,0.04,0.02,0.02,True,True,True,FULL_TP2,36.0,48.01,0.2,83.81,5164.18,20.0
341,NAS100,SELL,2026-07-08 11:00:00+00:00,2026-07-08 12:05:00+00:00,28796.1,28938.14362150971,28583.03456773543,28512.012756980577,142.0436215097109,1.0,0.04,0.02,0.02,False,False,False,SL,-28.41,-28.41,0.2,-57.02,5107.16,65.0
342,XAUUSD,SELL,2026-07-08 14:05:00+00:00,2026-07-08 15:30:00+00:00,4063.63,4082.34113468204,4037.434411445144,4022.465503699512,18.71113468203994,0.15,0.03,0.01,0.02,True,True,True,FULL_TP2,26.2,82.33,0.15,108.37,5215.53,85.0
343,NAS100,SELL,2026-07-08 14:55:00+00:00,2026-07-08 16:50:00+00:00,29012.9,29165.61477276124,28783.827840858143,28707.470454477527,152.7147727612372,1.0,0.03,0.01,0.02,False,False,False,SL,-15.27,-30.54,0.15,-45.96,5169.57,115.0
344,NAS100,BUY,2026-07-09 11:35:00+00:00,2026-07-09 13:50:00+00:00,29471.2,29350.70765310436,29651.93852034346,29712.18469379128,120.49234689563954,1.0,0.04,0.02,0.02,True,True,True,FULL_TP2,36.15,48.2,0.2,84.14,5253.71,135.0
345,XAUUSD,BUY,2026-07-09 11:45:00+00:00,2026-07-10 10:40:00+00:00,4106.16,4090.8193216637496,4127.63694967075,4139.909492339751,15.340678336250162,0.15,0.03,0.01,0.02,True,False,True,TP1_THEN_BE,21.48,0.3,0.15,21.63,5312.68,1375.0
346,NAS100,BUY,2026-07-09 15:00:00+00:00,2026-07-13 03:50:00+00:00,29626.1,29482.931541032736,29840.85268845089,29912.436917934523,143.16845896726227,1.0,0.04,0.02,0.02,False,False,False,TP1_THEN_BE,4.3,0.02,0.2,4.12,5361.84,5090.0
347,XAUUSD,SELL,2026-07-10 11:25:00+00:00,2026-07-10 12:10:00+00:00,4100.15,4111.627729816239,4084.081178257265,4074.8989944042737,11.4777298162391,0.15,0.05,0.03,0.02,False,False,False,SL,-34.43,-22.96,0.25,-57.64,5304.2,45.0
348,XAUUSD,SELL,2026-07-10 12:35:00+00:00,2026-07-10 14:30:00+00:00,4101.14,4112.578963400793,4085.1254512388896,4075.974280518255,11.438963400793426,0.15,0.05,0.03,0.02,True,True,True,FULL_TP2,48.04,50.33,0.25,98.13,5402.33,115.0
349,XAUUSD,SELL,2026-07-10 14:30:00+00:00,2026-07-10 14:45:00+00:00,4089.94,4102.346422524153,4072.571008466185,4062.6458704468623,12.40642252415346,0.15,0.04,0.02,0.02,False,False,False,SL,-24.81,-24.81,0.2,-49.83,5352.5,15.0
350,XAUUSD,SELL,2026-07-10 14:55:00+00:00,2026-07-10 15:20:00+00:00,4092.73,4105.136422524153,4075.361008466185,4065.4358704468623,12.40642252415346,0.15,0.04,0.02,0.02,False,False,False,SL,-24.81,-24.81,0.2,-49.83,5302.68,25.0
352,XAUUSD,SELL,2026-07-10 17:00:00+00:00,2026-07-10 20:50:00+00:00,4102.89,4116.884706736722,4083.297410568589,4072.101645179212,13.994706736721977,0.15,0.04,0.02,0.02,False,False,False,SL,-27.99,-27.99,0.2,-56.18,5246.5,230.0
351,NAS100,BUY,2026-07-10 15:15:00+00:00,2026-07-13 03:50:00+00:00,29737.4,29626.06595411252,29904.401068831223,29960.068091774967,111.33404588748314,1.0,0.05,0.03,0.02,False,False,False,SL,-3.34,-2.23,0.25,-5.82,5244.35,3635.0
353,XAUUSD,SELL,2026-07-13 06:45:00+00:00,2026-07-13 08:10:00+00:00,4056.4,4072.1684052078704,4034.3242327089815,4021.709508542685,15.76840520787044,0.15,0.03,0.01,0.02,False,False,False,SL,-15.77,-31.54,0.15,-47.46,5196.89,85.0
354,NAS100,SELL,2026-07-13 12:00:00+00:00,2026-07-13 13:45:00+00:00,29547.9,29642.78959014145,29405.56561478783,29358.120819717104,94.88959014144916,1.0,0.05,0.03,0.02,True,True,True,FULL_TP2,42.7,37.96,0.25,80.41,5277.3,105.0
355,NAS100,SELL,2026-07-13 14:50:00+00:00,2026-07-13 15:00:00+00:00,29457.2,29562.047146601555,29299.929280097665,29247.50570679689,104.8471466015558,1.0,0.05,0.03,0.02,False,False,False,SL,-31.45,-20.97,0.25,-52.67,5224.63,10.0
356,NAS100,SELL,2026-07-13 15:45:00+00:00,2026-07-13 19:25:00+00:00,29455.3,29569.236636130016,29284.395045804977,29227.426727739967,113.93663613001624,1.0,0.05,0.03,0.02,True,True,True,FULL_TP2,51.27,45.57,0.25,96.6,5321.22,220.0
357,XAUUSD,SELL,2026-07-13 19:35:00+00:00,2026-07-14 05:05:00+00:00,3995.26,4012.492746130205,3971.134155417713,3957.3479585135487,17.232746130205204,0.15,0.03,0.01,0.02,False,False,False,SL,-17.23,-34.47,0.15,-51.85,5302.56,570.0
358,NAS100,BUY,2026-07-14 12:20:00+00:00,2026-07-14 12:30:00+00:00,29472.5,29365.37777579894,29633.18333630159,29686.74444840212,107.12222420105904,1.0,0.05,0.03,0.02,True,True,True,FULL_TP2,48.21,42.85,0.25,90.8,5393.37,10.0
359,NAS100,BUY,2026-07-14 14:40:00+00:00,2026-07-15 05:10:00+00:00,29548.9,29423.64716382664,29736.779254260044,29799.40567234673,125.2528361733623,1.0,0.04,0.02,0.02,False,False,False,FULL_TP2,3.76,5.01,0.2,8.57,5417.77,870.0
360,XAUUSD,SELL,2026-07-15 07:20:00+00:00,2026-07-15 11:50:00+00:00,4025.89,4039.5359284639662,4006.785700150447,3995.868957379274,13.645928463966277,0.15,0.04,0.02,0.02,False,False,False,SL,-27.29,-27.29,0.2,-54.78,5362.98,270.0
361,NAS100,BUY,2026-07-15 12:40:00+00:00,2026-07-15 13:35:00+00:00,29774.5,29685.630185900423,29907.804721149365,29952.23962819915,88.86981409957548,1.0,0.06,0.03,0.03,False,False,False,SL,-26.66,-26.66,0.3,-53.62,5309.36,55.0
362,XAUUSD,BUY,2026-07-15 17:30:00+00:00,2026-07-15 19:20:00+00:00,4054.81,4039.772180694119,4075.8629470282335,4087.8932024729374,15.037819305881117,0.15,0.04,0.02,0.02,True,False,True,TP1_THEN_BE,42.11,0.0,0.2,41.91,5351.27,110.0
363,NAS100,SELL,2026-07-15 19:15:00+00:00,2026-07-16 03:10:00+00:00,29441.4,29575.11050780945,29240.834238285817,29173.97898438109,133.71050780945532,1.0,0.04,0.02,0.02,False,False,False,SL,-2.67,-2.67,0.2,-5.55,5303.27,475.0
364,XAUUSD,BUY,2026-07-15 20:20:00+00:00,2026-07-16 03:55:00+00:00,4060.31,4044.0420874580823,4083.085077558684,4096.099407592218,16.26791254191722,0.15,0.03,0.01,0.02,False,False,False,SL,-16.27,-32.54,0.15,-48.95,5305.28,455.0
365,XAUUSD,SELL,2026-07-16 08:10:00+00:00,2026-07-16 11:45:00+00:00,4025.77,4038.422152118672,4008.056987033859,3997.9352653389215,12.652152118672042,0.15,0.04,0.02,0.02,False,False,False,SL,-25.3,-25.3,0.2,-50.81,5254.47,215.0
366,NAS100,SELL,2026-07-16 15:05:00+00:00,2026-07-16 19:25:00+00:00,29218.8,29346.752607611343,29026.87108858298,28962.894784777305,127.95260761134791,1.0,0.04,0.02,0.02,True,True,True,FULL_TP2,38.39,51.18,0.2,89.37,5343.83,260.0
367,XAUUSD,SELL,2026-07-16 16:10:00+00:00,2026-07-17 06:20:00+00:00,3989.74,4006.343427472816,3966.4952015380577,3953.212459559805,16.60342747281564,0.15,0.03,0.01,0.02,False,False,False,SL,-16.6,-33.21,0.15,-49.96,5376.32,850.0
368,NAS100,SELL,2026-07-17 12:00:00+00:00,2026-07-17 13:35:00+00:00,28535.2,28653.24051190764,28358.13923213855,28299.11897618473,118.04051190763349,1.0,0.05,0.03,0.02,True,True,True,FULL_TP2,53.12,47.22,0.25,100.08,5476.41,95.0
369,NAS100,BUY,2026-07-20 15:40:00+00:00,2026-07-20 18:30:00+00:00,28873.1,28742.73012229777,29068.654816553342,29133.83975540446,130.369877702231,1.0,0.04,0.02,0.02,False,False,False,SL,-26.07,-26.07,0.2,-52.35,5424.06,170.0
371,XAUUSD,BUY,2026-07-21 10:15:00+00:00,2026-07-21 12:35:00+00:00,4067.37,4054.084197521879,4085.97012346937,4096.598765451866,13.28580247812102,0.15,0.04,0.02,0.02,False,False,False,SL,-26.57,-26.57,0.2,-53.34,5370.72,140.0
370,NAS100,BUY,2026-07-21 08:00:00+00:00,2026-07-21 17:05:00+00:00,28982.3,28871.8542450186,29147.968632472104,29203.19150996281,110.44575498140416,1.0,0.05,0.03,0.02,True,True,True,FULL_TP2,49.7,44.18,0.25,93.63,5464.35,545.0
372,XAUUSD,BUY,2026-07-21 14:10:00+00:00,2026-07-22 03:15:00+00:00,4065.83,4052.9506876932105,4083.8610372295047,4094.164487074936,12.879312306789206,0.15,0.04,0.02,0.02,True,False,True,FULL_TP2,36.06,56.67,0.2,92.53,5525.73,785.0
373,NAS100,BUY,2026-07-21 19:50:00+00:00,2026-07-22 04:00:00+00:00,29188.4,29089.51984121149,29336.72023818277,29386.160317577025,98.88015878851132,1.0,0.06,0.03,0.03,False,False,False,SL,-2.97,-2.97,0.3,-6.23,5499.51,490.0
374,XAUUSD,BUY,2026-07-22 10:20:00+00:00,2026-07-22 12:55:00+00:00,4121.41,4109.302349159349,4138.36071117691,4148.0468318494295,12.107650840650027,0.15,0.05,0.03,0.02,False,False,False,SL,-36.32,-24.22,0.25,-60.79,5438.72,155.0
375,NAS100,SELL,2026-07-22 11:20:00+00:00,2026-07-22 13:30:00+00:00,28973.5,29053.26892259036,28853.84661611446,28813.96215481928,79.76892259035967,1.0,0.07,0.04,0.03,True,False,True,TP1_THEN_BE,47.86,0.0,0.35,47.51,5486.23,130.0
376,NAS100,SELL,2026-07-23 10:05:00+00:00,2026-07-23 12:30:00+00:00,28904.7,29011.71833799501,28744.17249300748,28690.663324009976,107.01833799501168,1.0,0.05,0.03,0.02,True,True,True,FULL_TP2,48.16,42.81,0.25,90.72,5576.95,145.0
377,NAS100,SELL,2026-07-23 17:35:00+00:00,2026-07-23 20:10:00+00:00,28446.1,28584.15460643725,28239.01809034412,28169.99078712549,138.05460643725246,1.0,0.04,0.02,0.02,False,False,False,SL,-27.61,-27.61,0.2,-55.42,5521.52,155.0
378,NAS100,SELL,2026-07-24 06:05:00+00:00,2026-07-24 07:10:00+00:00,28375.0,28491.04934764591,28200.925978531137,28142.90130470818,116.04934764590966,1.0,0.05,0.03,0.02,False,False,False,SL,-34.81,-23.21,0.25,-58.27,5463.25,65.0
379,NAS100,SELL,2026-07-24 17:00:00+00:00,2026-07-27 01:00:00+00:00,28336.3,28473.83815437149,28129.99276844277,28061.223691257022,137.53815437148597,1.0,0.04,0.02,0.02,True,False,True,TP1_THEN_BE,41.26,0.02,0.2,41.08,5475.33,3360.0
381,XAUUSD,BUY,2026-07-27 10:35:00+00:00,2026-07-27 12:15:00+00:00,4097.98,4085.805516414729,4115.024277019379,4124.763863887596,12.174483585271068,0.15,0.04,0.02,0.02,False,False,False,SL,-24.35,-24.35,0.2,-48.9,5426.43,100.0
380,NAS100,BUY,2026-07-27 08:25:00+00:00,2026-07-27 13:25:00+00:00,28587.1,28470.250962321657,28762.373556517512,28820.79807535668,116.84903767834112,1.0,0.05,0.03,0.02,False,False,False,SL,-35.05,-23.37,0.25,-58.67,5367.76,300.0
382,NAS100,SELL,2026-07-27 18:30:00+00:00,2026-07-27 18:55:00+00:00,27907.9,28054.917719702004,27687.373420447,27613.864560596,147.0177197020025,1.0,0.04,0.02,0.02,False,False,False,SL,-29.4,-29.4,0.2,-59.01,5308.75,25.0
383,NAS100,SELL,2026-07-28 08:05:00+00:00,2026-07-28 08:35:00+00:00,27767.0,27888.654607552475,27584.518088671288,27523.69078489505,121.65460755247553,1.0,0.04,0.02,0.02,False,False,False,SL,-24.33,-24.33,0.2,-48.86,5259.89,30.0
384,XAUUSD,SELL,2026-07-28 08:10:00+00:00,2026-07-28 09:55:00+00:00,4044.36,4054.7781010201375,4029.774658571808,4021.440177755698,10.418101020137165,0.15,0.05,0.03,0.02,True,True,True,FULL_TP2,43.76,45.84,0.25,89.35,5349.24,105.0
385,XAUUSD,SELL,2026-07-28 17:15:00+00:00,2026-07-29 05:20:00+00:00,4035.4,4048.0576175441097,4017.679335438247,4007.553241402959,12.657617544109565,0.15,0.04,0.02,0.02,False,False,False,TP1_THEN_BE,35.44,0.3,0.2,35.54,5385.2,725.0
386,NAS100,SELL,2026-07-28 19:55:00+00:00,2026-07-29 02:45:00+00:00,27791.1,27939.518786217974,27568.47182067304,27494.26242756405,148.41878621797545,1.0,0.04,0.02,0.02,False,False,False,SL,-2.97,-2.97,0.2,-6.14,5354.4,410.0
387,NAS100,SELL,2026-07-29 08:20:00+00:00,2026-07-29 09:35:00+00:00,27704.5,27864.487287723583,27464.519068414626,27384.525424552838,159.98728772358308,1.0,0.03,0.01,0.02,False,False,False,SL,-16.0,-32.0,0.15,-48.15,5306.25,75.0
388,NAS100,SELL,2026-07-29 19:30:00+00:00,2026-07-29 20:00:00+00:00,27481.6,27671.847359139774,27196.22896129033,27101.10528172044,190.24735913978083,1.0,0.03,0.01,0.02,True,True,True,FULL_TP2,28.54,76.1,0.15,104.49,5410.74,30.0
389,XAUUSD,BUY,2026-07-30 12:35:00+00:00,2026-07-30 14:00:00+00:00,4077.93,4059.6670000152167,4103.498199978696,4118.108599966523,18.262999984783225,0.15,0.03,0.01,0.02,True,True,True,FULL_TP2,25.57,80.36,0.15,105.78,5516.51,85.0
390,XAUUSD,BUY,2026-07-30 19:15:00+00:00,2026-07-31 03:35:00+00:00,4110.7,4091.860032439808,4137.075954584268,4152.147928632422,18.839967560192047,0.15,0.03,0.01,0.02,False,False,False,SL,-18.84,-37.68,0.15,-56.67,5494.1,500.0
391,NAS100,BUY,2026-07-31 07:35:00+00:00,2026-07-31 13:40:00+00:00,28438.3,28302.31716782617,28642.27424826074,28710.26566434765,135.9828321738274,1.0,0.04,0.02,0.02,False,False,False,SL,-27.2,-27.2,0.2,-54.59,5439.51,365.0
392,XAUUSD,SELL,2026-07-31 11:35:00+00:00,2026-07-31 13:40:00+00:00,4053.15,4066.7727501266095,4034.0781498227457,4023.1799497214574,13.622750126610349,0.15,0.04,0.02,0.02,True,True,True,FULL_TP2,38.14,59.94,0.2,97.88,5537.39,125.0
393,XAUUSD,SELL,2026-07-31 17:05:00+00:00,2026-08-03 01:00:00+00:00,4041.91,4056.4847600725834,4021.505335898384,4009.845527840318,14.57476007258268,0.15,0.04,0.02,0.02,False,False,False,SL,-29.15,-29.15,0.2,-58.5,5404.31,3355.0
394,XAUUSD,SELL,2026-08-03 17:05:00+00:00,2026-08-03 19:05:00+00:00,4034.8,4048.4474870303766,4015.693518157473,4004.775528533172,13.647487030376496,0.15,0.04,0.02,0.02,False,False,False,SL,-27.29,-27.29,0.2,-54.79,5349.52,120.0
395,NAS100,BUY,2026-08-03 20:10:00+00:00,2026-08-04 14:15:00+00:00,28801.4,28679.795344794755,28983.80698280787,29044.60931041049,121.60465520524576,1.0,0.04,0.02,0.02,False,False,False,FULL_TP2,3.65,4.86,0.2,8.31,5357.24,1085.0
396,XAUUSD,BUY,2026-08-04 15:40:00+00:00,2026-08-04 18:30:00+00:00,4084.01,4069.382256633306,4104.488840713372,4116.191035406728,14.627743366694304,0.15,0.04,0.02,0.02,True,False,True,TP1_THEN_BE,40.96,0.0,0.2,40.76,5398.0,170.0
397,XAUUSD,BUY,2026-08-05 11:00:00+00:00,2026-08-05 12:05:00+00:00,4163.97,4148.921537017299,4185.037848175783,4197.076618561943,15.048462982701508,0.15,0.04,0.02,0.02,True,True,True,FULL_TP2,42.14,66.21,0.2,108.15,5506.15,65.0
398,NAS100,BUY,2026-08-05 11:00:00+00:00,2026-08-05 14:30:00+00:00,29790.6,29700.884288114456,29925.173567828315,29970.031423771088,89.71571188554472,1.0,0.06,0.03,0.03,True,False,True,TP1_THEN_BE,40.37,0.0,0.3,40.07,5546.22,210.0
399,XAUUSD,BUY,2026-08-05 16:35:00+00:00,2026-08-06 03:30:00+00:00,4243.57,4224.059950254663,4270.884069643472,4286.492109439741,19.51004974533706,0.15,0.03,0.01,0.02,False,False,False,FULL_TP2,27.31,85.84,0.15,113.01,5562.66,655.0
400,NAS100,SELL,2026-08-06 06:00:00+00:00,2026-08-06 13:05:00+00:00,29446.5,29544.61048643437,29299.33427034845,29250.279027131262,98.11048643436835,1.0,0.06,0.03,0.03,True,True,True,FULL_TP2,44.15,58.87,0.3,102.72,5665.38,425.0
401,NAS100,SELL,2026-08-06 15:55:00+00:00,2026-08-07 11:30:00+00:00,29411.6,29527.486938323626,29237.76959251456,29179.826123352745,115.886938323627,1.0,0.05,0.03,0.02,False,False,False,SL,-3.48,-2.32,0.25,-6.04,5662.08,1175.0
402,NAS100,BUY,2026-08-07 11:05:00+00:00,2026-08-07 12:40:00+00:00,29537.0,29456.895383493003,29657.156924760497,29697.209233014,80.10461650699813,1.0,0.07,0.04,0.03,True,True,True,FULL_TP2,48.06,48.06,0.35,95.78,5757.85,95.0
403,XAUUSD,BUY,2026-08-07 12:30:00+00:00,2026-08-07 13:15:00+00:00,4359.81,4343.5878568446615,4382.521000417475,4395.498714941747,16.222143155339165,0.15,0.03,0.01,0.02,False,False,False,SL,-16.22,-32.44,0.15,-48.82,5709.04,45.0
404,XAUUSD,BUY,2026-08-07 14:20:00+00:00,2026-08-07 16:55:00+00:00,4351.25,4331.163662279325,4379.370872808945,4395.439942985485,20.0863377206751,0.15,0.03,0.01,0.02,False,False,False,SL,-20.09,-40.17,0.15,-60.41,5648.63,155.0
405,NAS100,BUY,2026-08-07 15:05:00+00:00,2026-08-10 10:35:00+00:00,29654.5,29546.258505517068,29816.8622417244,29870.98298896587,108.2414944829336,1.0,0.05,0.03,0.02,False,False,False,FULL_TP2,4.87,4.33,0.25,8.95,5706.53,4050.0
406,XAUUSD,BUY,2026-08-07 18:05:00+00:00,2026-08-10 04:10:00+00:00,4341.87,4322.361046578503,4369.182534790095,4384.789697527292,19.5089534214963,0.15,0.03,0.01,0.02,False,False,False,SL,-19.51,-39.02,0.15,-58.68,5701.1,3485.0
407,NAS100,BUY,2026-08-10 07:15:00+00:00,2026-08-10 11:45:00+00:00,29835.7,29752.133212464872,29961.05018130269,30002.833575070254,83.566787535127,1.0,0.07,0.04,0.03,False,False,False,SL,-33.43,-25.07,0.35,-58.85,5642.25,270.0
408,NAS100,BUY,2026-08-10 14:05:00+00:00,2026-08-10 14:55:00+00:00,29779.6,29697.32359791224,29903.014603131636,29944.152804175512,82.27640208775674,1.0,0.07,0.04,0.03,False,False,False,SL,-32.91,-24.68,0.35,-57.94,5584.31,50.0
409,XAUUSD,BUY,2026-08-10 14:25:00+00:00,2026-08-10 18:30:00+00:00,4345.39,4330.3931033035005,4366.3856553751,4378.3831727323,14.996896696499652,0.15,0.04,0.02,0.02,True,True,True,FULL_TP2,41.99,65.99,0.2,107.78,5692.08,245.0
410,NAS100,SELL,2026-08-10 19:50:00+00:00,2026-08-11 04:10:00+00:00,29641.6,29726.45479796433,29514.3178030535,29471.89040407133,84.85479796433322,1.0,0.07,0.04,0.03,False,False,False,SL,-3.39,-2.55,0.35,-6.29,5664.29,500.0
411,XAUUSD,BUY,2026-08-11 14:50:00+00:00,2026-08-11 15:30:00+00:00,4395.16,4379.08224079684,4417.668862884424,4430.531070246952,16.077759203159925,0.15,0.04,0.02,0.02,False,False,False,SL,-32.16,-32.16,0.2,-64.51,5599.78,40.0
412,XAUUSD,SELL,2026-08-11 20:15:00+00:00,2026-08-12 03:35:00+00:00,4368.17,4383.602776944508,4346.564112277689,4334.217890722081,15.432776944508303,0.15,0.04,0.02,0.02,False,False,False,SL,-30.87,-30.87,0.2,-61.93,5582.46,440.0
413,XAUUSD,BUY,2026-08-12 06:50:00+00:00,2026-08-12 12:30:00+00:00,4401.2,4386.828089264842,4421.32067502922,4432.818203617347,14.371910735157687,0.15,0.04,0.02,0.02,True,False,True,TP1_THEN_BE,40.24,0.0,0.2,40.04,5622.5,340.0
414,NAS100,BUY,2026-08-12 14:20:00+00:00,2026-08-12 14:30:00+00:00,29832.8,29763.625843478138,29936.561234782792,29971.14831304372,69.1741565218608,1.0,0.08,0.04,0.04,False,False,False,SL,-27.67,-27.67,0.4,-55.74,5566.76,10.0
415,NAS100,BUY,2026-08-12 14:35:00+00:00,2026-08-12 14:55:00+00:00,29832.3,29763.125843478138,29936.061234782792,29970.64831304372,69.1741565218608,1.0,0.08,0.04,0.04,False,False,False,SL,-27.67,-27.67,0.4,-55.74,5511.03,20.0
416,XAUUSD,BUY,2026-08-12 16:20:00+00:00,2026-08-12 16:45:00+00:00,4426.26,4408.558542228983,4451.042040879423,4465.203207096237,17.701457771016575,0.15,0.03,0.01,0.02,False,False,False,SL,-17.7,-35.4,0.15,-53.25,5457.77,25.0
417,NAS100,BUY,2026-08-12 16:35:00+00:00,2026-08-12 20:30:00+00:00,29796.3,29724.17381401941,29904.48927897088,29940.552371961167,72.12618598058395,1.0,0.08,0.04,0.04,False,False,False,SL,-28.85,-28.85,0.4,-58.1,5399.67,235.0
418,NAS100,BUY,2026-08-13 11:30:00+00:00,2026-08-13 12:15:00+00:00,29785.0,29731.00715213159,29865.989271802613,29892.985695736817,53.99284786840911,1.0,0.1,0.05,0.05,False,False,False,SL,-27.0,-27.0,0.5,-54.49,5345.18,45.0
419,NAS100,BUY,2026-08-13 12:55:00+00:00,2026-08-13 13:35:00+00:00,29794.2,29741.29235555076,29873.56146667385,29900.015288898478,52.90764444923698,1.0,0.1,0.05,0.05,True,True,True,FULL_TP2,39.68,52.91,0.5,92.09,5437.27,40.0
420,NAS100,BUY,2026-08-13 16:25:00+00:00,2026-08-14 18:05:00+00:00,30099.6,30020.062176355823,30218.906735466266,30258.67564728835,79.53782364417548,1.0,0.07,0.04,0.03,False,False,False,SL,-3.18,-2.39,0.35,-5.92,5447.7,1540.0
421,XAUUSD,SELL,2026-08-13 17:30:00+00:00,2026-08-14 04:10:00+00:00,4361.07,4378.8875536989735,4336.125424821435,4321.871381862256,17.817553698974216,0.15,0.03,0.01,0.02,False,False,False,FULL_TP2,24.94,78.4,0.15,103.19,5471.97,640.0
422,NAS100,BUY,2026-08-14 12:30:00+00:00,2026-08-14 13:30:00+00:00,30187.0,30135.774312081947,30263.83853187708,30289.45137583611,51.22568791805454,1.0,0.11,0.06,0.05,False,False,False,SL,-30.74,-25.61,0.55,-56.9,5415.07,60.0
424,NAS100,BUY,2026-08-17 10:25:00+00:00,2026-08-17 12:00:00+00:00,30260.5,30209.596601424124,30336.85509786381,30362.306797151752,50.90339857587531,1.0,0.11,0.06,0.05,False,False,False,SL,-30.54,-25.45,0.55,-56.54,5358.52,95.0
423,XAUUSD,BUY,2026-08-17 10:25:00+00:00,2026-08-17 12:10:00+00:00,4405.1,4391.912469185274,4423.562543140618,4434.112567792399,13.187530814726676,0.15,0.04,0.02,0.02,False,False,False,SL,-26.38,-26.38,0.2,-52.95,5305.57,105.0
425,NAS100,BUY,2026-08-17 15:00:00+00:00,2026-08-17 15:40:00+00:00,30193.4,30133.27399843177,30283.58900235235,30313.652003136463,60.12600156823136,1.0,0.09,0.04,0.05,False,False,False,SL,-24.05,-30.06,0.45,-54.56,5251.01,40.0
426,NAS100,SELL,2026-08-18 07:20:00+00:00,2026-08-18 09:30:00+00:00,29786.6,29856.98230952392,29681.02653571412,29645.83538095216,70.38230952391952,1.0,0.07,0.04,0.03,True,True,True,FULL_TP2,42.23,42.23,0.35,84.11,5335.12,130.0
427,XAUUSD,SELL,2026-08-18 08:05:00+00:00,2026-08-18 13:40:00+00:00,4390.81,4403.89465394497,4372.491484477044,4362.023761321068,13.084653944969215,0.15,0.04,0.02,0.02,False,False,False,SL,-26.17,-26.17,0.2,-52.54,5282.58,335.0
428,NAS100,SELL,2026-08-18 12:15:00+00:00,2026-08-18 14:10:00+00:00,29660.7,29730.368696172103,29556.19695574185,29521.3626076558,69.66869617210241,1.0,0.08,0.04,0.04,True,True,True,FULL_TP2,41.8,55.73,0.4,97.14,5379.72,115.0
429,XAUUSD,SELL,2026-08-18 14:30:00+00:00,2026-08-18 15:10:00+00:00,4389.75,4402.848959591861,4371.411456571394,4360.932288897906,13.09895959186112,0.15,0.04,0.02,0.02,True,True,True,FULL_TP2,36.68,57.64,0.2,94.11,5473.83,40.0
430,NAS100,SELL,2026-08-18 17:20:00+00:00,2026-08-19 04:05:00+00:00,29527.7,29614.155785178475,29398.016322232288,29354.78842964305,86.45578517847554,1.0,0.06,0.03,0.03,False,False,False,TP1_THEN_BE,3.89,0.03,0.3,3.62,5490.87,645.0
431,XAUUSD,BUY,2026-08-19 18:50:00+00:00,2026-08-19 22:00:00+00:00,4494.28,4475.827477392849,4520.113531650011,4534.875549735732,18.452522607150843,0.15,0.03,0.01,0.02,True,False,True,TP1_THEN_BE,25.83,0.3,0.15,25.98,5570.51,190.0
432,NAS100,SELL,2026-08-19 19:45:00+00:00,2026-08-20 01:10:00+00:00,29441.3,29551.231978394604,29276.40203240809,29221.43604321079,109.9319783946052,1.0,0.05,0.03,0.02,False,False,False,SL,-3.3,-2.2,0.25,-5.75,5523.66,325.0
433,NAS100,BUY,2026-08-20 06:05:00+00:00,2026-08-20 08:00:00+00:00,29585.9,29498.44827685888,29717.07758471168,29760.80344628224,87.45172314111853,1.0,0.06,0.03,0.03,False,False,False,SL,-26.24,-26.24,0.3,-52.77,5470.89,115.0
434,NAS100,SELL,2026-08-20 10:35:00+00:00,2026-08-20 12:00:00+00:00,29455.9,29546.013280004,29320.73007999401,29275.67343999201,90.11328000399584,1.0,0.06,0.03,0.03,True,True,True,FULL_TP2,40.55,54.07,0.3,94.32,5565.21,85.0
435,NAS100,SELL,2026-08-20 14:15:00+00:00,2026-08-20 14:40:00+00:00,29246.0,29350.59406992384,29089.108895114245,29036.811860152327,104.594069923837,1.0,0.05,0.03,0.02,False,False,False,SL,-31.38,-20.92,0.25,-52.55,5512.66,25.0
436,NAS100,SELL,2026-08-20 15:20:00+00:00,2026-08-21 10:10:00+00:00,29250.8,29356.91592207213,29091.6261168918,29038.56815585573,106.1159220721342,1.0,0.05,0.03,0.02,False,False,False,SL,-3.18,-2.12,0.25,-5.56,5532.76,1130.0
437,XAUUSD,BUY,2026-08-20 17:30:00+00:00,2026-08-21 09:30:00+00:00,4518.15,4499.866462878196,4543.746951970525,4558.373781667967,18.283537121803235,0.15,0.03,0.01,0.02,False,False,False,FULL_TP2,25.6,80.45,0.15,105.89,5537.05,960.0
438,XAUUSD,BUY,2026-08-21 14:00:00+00:00,2026-08-21 16:55:00+00:00,4588.48,4570.273836162145,4613.9686293729965,4628.53356044328,18.20616383785498,0.15,0.03,0.01,0.02,True,True,True,FULL_TP2,25.49,80.11,0.15,105.45,5642.5,175.0
439,NAS100,SELL,2026-08-21 20:10:00+00:00,2026-08-24 02:45:00+00:00,29312.0,29396.842414402523,29184.736378396217,29142.31517119496,84.84241440252187,1.0,0.07,0.04,0.03,False,False,False,SL,-3.39,-2.55,0.35,-6.29,5677.43,3275.0
441,NAS100,SELL,2026-08-24 10:45:00+00:00,2026-08-24 13:40:00+00:00,29137.4,29224.34195874352,29006.987061884724,28963.51608251296,86.94195874351959,1.0,0.07,0.04,0.03,True,True,True,FULL_TP2,52.17,52.17,0.35,103.98,5781.41,175.0
440,XAUUSD,BUY,2026-08-24 06:00:00+00:00,2026-08-24 15:55:00+00:00,4644.88,4626.245666630882,4670.968066716766,4685.87553341206,18.634333369118117,0.15,0.03,0.01,0.02,True,False,True,TP1_THEN_BE,26.09,0.0,0.15,25.94,5807.35,595.0
442,NAS100,SELL,2026-08-24 17:30:00+00:00,2026-08-25 08:55:00+00:00,29068.1,29175.61278688479,28906.83081967281,28853.074426230414,107.51278688479104,1.0,0.05,0.03,0.02,False,False,False,SL,-3.23,-2.15,0.25,-5.63,5806.95,925.0
444,NAS100,BUY,2026-08-25 08:20:00+00:00,2026-08-25 14:20:00+00:00,29258.1,29175.185107022608,29382.472339466087,29423.92978595478,82.91489297739163,1.0,0.07,0.04,0.03,False,False,False,SL,-33.17,-24.87,0.35,-58.39,5748.56,360.0
443,XAUUSD,SELL,2026-08-25 07:05:00+00:00,2026-08-25 15:20:00+00:00,4641.08,4660.649784674352,4613.682301455907,4598.026473716424,19.569784674352444,0.15,0.03,0.01,0.02,True,False,True,TP1_THEN_BE,27.4,0.0,0.15,27.25,5775.8,495.0
445,XAUUSD,SELL,2026-08-25 17:05:00+00:00,2026-08-25 19:00:00+00:00,4636.11,4655.318576815012,4609.217992458982,4593.851131006972,19.208576815012563,0.15,0.03,0.01,0.02,False,False,False,SL,-19.21,-38.42,0.15,-57.78,5718.03,115.0
446,NAS100,BUY,2026-08-25 18:45:00+00:00,2026-08-26 03:25:00+00:00,29211.8,29122.35335815829,29345.969962762563,29390.693283683417,89.44664184170847,1.0,0.06,0.03,0.03,False,False,False,SL,-2.68,-2.68,0.3,-5.67,5739.15,520.0
447,NAS100,SELL,2026-08-26 10:10:00+00:00,2026-08-26 11:15:00+00:00,29143.4,29217.222052713165,29032.666920930256,28995.755894573675,73.82205271316334,1.0,0.08,0.04,0.04,False,False,False,SL,-29.53,-29.53,0.4,-59.46,5679.69,65.0
448,NAS100,SELL,2026-08-26 11:45:00+00:00,2026-08-26 13:30:00+00:00,29137.7,29210.03476323365,29029.197855149523,28993.030473532697,72.33476323365169,1.0,0.08,0.04,0.04,False,False,False,SL,-28.93,-28.93,0.4,-58.27,5621.42,105.0
449,XAUUSD,SELL,2026-08-26 12:50:00+00:00,2026-08-26 13:55:00+00:00,4616.25,4630.746418468181,4595.955014144547,4584.357879370003,14.496418468180789,0.15,0.04,0.02,0.02,False,False,False,SL,-28.99,-28.99,0.2,-58.19,5563.24,65.0
450,NAS100,BUY,2026-08-27 11:05:00+00:00,2026-08-27 11:45:00+00:00,29556.5,29468.447812091064,29688.578281863407,29732.604375817875,88.05218790893721,1.0,0.06,0.03,0.03,False,False,False,SL,-26.42,-26.42,0.3,-53.13,5510.11,40.0
451,XAUUSD,SELL,2026-08-27 12:40:00+00:00,2026-08-27 14:35:00+00:00,4587.64,4603.723562912673,4565.12301192226,4552.256161592122,16.0835629126719,0.15,0.03,0.01,0.02,True,False,True,TP1_THEN_BE,22.52,0.0,0.15,22.37,5532.47,115.0
452,NAS100,BUY,2026-08-27 14:15:00+00:00,2026-08-28 17:50:00+00:00,29525.7,29430.48292389361,29668.525614159586,29716.13415221278,95.21707610639032,1.0,0.06,0.03,0.03,False,False,False,FULL_TP2,4.28,5.71,0.3,9.7,5556.59,1655.0
453,XAUUSD,SELL,2026-08-31 08:30:00+00:00,2026-08-31 11:20:00+00:00,4435.93,4457.701882143005,4405.449364999794,4388.03185928539,21.77188214300453,0.15,0.03,0.01,0.02,False,False,False,SL,-21.77,-43.54,0.15,-65.47,5491.13,170.0
454,XAUUSD,SELL,2026-08-31 15:30:00+00:00,2026-08-31 19:50:00+00:00,4430.16,4449.997614271814,4402.387340019461,4386.517248602009,19.83761427181402,0.15,0.03,0.01,0.02,False,False,False,SL,-19.84,-39.68,0.15,-59.66,5431.47,260.0
455,XAUUSD,SELL,2026-09-01 06:25:00+00:00,2026-09-01 08:05:00+00:00,4428.98,4445.055234507988,4406.474671688816,4393.6144840824245,16.075234507988608,0.15,0.03,0.01,0.02,True,True,True,FULL_TP2,22.51,70.73,0.15,93.09,5524.55,100.0
456,XAUUSD,SELL,2026-09-01 10:50:00+00:00,2026-09-01 13:05:00+00:00,4375.74,4393.581193116999,4350.7623296362,4336.489375142601,17.841193116999754,0.15,0.03,0.01,0.02,True,True,True,FULL_TP2,24.98,78.5,0.15,103.33,5627.88,135.0
457,XAUUSD,SELL,2026-09-01 15:10:00+00:00,2026-09-02 03:50:00+00:00,4357.24,4376.6253030972775,4330.100575663812,4314.592333185989,19.38530309727757,0.15,0.03,0.01,0.02,True,False,True,FULL_TP2,27.14,85.3,0.15,112.29,5706.89,760.0
458,NAS100,SELL,2026-09-01 16:30:00+00:00,2026-09-02 12:30:00+00:00,29096.6,29187.045099739407,28960.93235039089,28915.709800521185,90.44509973940724,1.0,0.06,0.03,0.03,False,False,False,FULL_TP2,4.07,5.43,0.3,9.2,5712.65,1200.0
459,NAS100,SELL,2026-09-02 06:05:00+00:00,2026-09-02 11:30:00+00:00,29015.8,29090.63066800875,28903.55399798687,28866.13866398249,74.83066800875302,1.0,0.08,0.04,0.04,True,False,True,TP1_THEN_BE,44.9,0.0,0.4,44.5,5757.15,325.0
460,XAUUSD,BUY,2026-09-02 17:40:00+00:00,2026-09-03 05:30:00+00:00,4376.44,4358.1900162375305,4401.989977267456,4416.589964277432,18.24998376246928,0.15,0.03,0.01,0.02,False,False,False,FULL_TP2,25.55,80.3,0.15,105.7,5801.28,710.0
461,NAS100,BUY,2026-09-02 18:00:00+00:00,2026-09-03 12:45:00+00:00,29123.9,29034.84453886346,29257.48319170481,29302.01092227308,89.0554611365395,1.0,0.06,0.03,0.03,False,False,False,TP1_THEN_BE,4.01,0.03,0.3,3.74,5804.52,1125.0
462,NAS100,BUY,2026-09-03 07:00:00+00:00,2026-09-03 09:55:00+00:00,29172.6,29097.020864619717,29285.968703070423,29323.75827076057,75.57913538028582,1.0,0.08,0.04,0.04,False,False,False,SL,-30.23,-30.23,0.4,-60.86,5743.66,175.0
463,XAUUSD,BUY,2026-09-03 07:50:00+00:00,2026-09-03 12:30:00+00:00,4430.39,4415.1032446783765,4451.791457450273,4464.020861707572,15.286755321623552,0.15,0.04,0.02,0.02,True,True,True,FULL_TP2,42.8,67.26,0.2,109.86,5853.52,280.0
464,NAS100,BUY,2026-09-03 12:30:00+00:00,2026-09-03 13:45:00+00:00,29174.3,29097.635157202443,29289.29726419633,29327.62968559511,76.66484279755552,1.0,0.08,0.04,0.04,True,True,True,FULL_TP2,46.0,61.33,0.4,106.93,5960.45,75.0
465,XAUUSD,BUY,2026-09-03 17:30:00+00:00,2026-09-03 19:10:00+00:00,4491.71,4472.935176891688,4517.9947523516375,4533.014610838287,18.77482310831224,0.15,0.03,0.01,0.02,False,False,False,SL,-18.77,-37.55,0.15,-56.47,5903.98,100.0
466,NAS100,BUY,2026-09-04 07:20:00+00:00,2026-09-04 12:30:00+00:00,29583.8,29521.16061538853,29677.75907691721,29709.078769222942,62.63938461147218,1.0,0.09,0.04,0.05,False,False,False,SL,-25.06,-31.32,0.45,-56.83,5847.15,310.0
467,XAUUSD,SELL,2026-09-04 17:00:00+00:00,2026-09-07 14:30:00+00:00,4431.32,4452.884392467987,4401.1298505448185,4383.8783365704285,21.564392467986853,0.15,0.03,0.01,0.02,False,False,False,FULL_TP2,30.19,94.88,0.15,124.92,5874.24,4170.0
468,XAUUSD,SELL,2026-09-07 07:25:00+00:00,2026-09-07 08:00:00+00:00,4395.11,4412.4259206222205,4370.867711128891,4357.0149746311145,17.315920622220418,0.15,0.03,0.01,0.02,False,False,False,SL,-17.32,-34.63,0.15,-52.1,5822.14,35.0
469,NAS100,BUY,2026-09-07 16:15:00+00:00,2026-09-08 01:35:00+00:00,29584.0,29524.48234282332,29673.27648576502,29703.035314353365,59.517657176682086,1.0,0.1,0.05,0.05,False,False,False,SL,-2.98,-2.98,0.5,-6.45,5807.84,560.0
471,NAS100,SELL,2026-09-08 11:10:00+00:00,2026-09-08 12:30:00+00:00,29526.4,29600.95249690481,29414.571254642786,29377.295006190376,74.55249690481259,1.0,0.08,0.04,0.04,False,False,False,SL,-29.82,-29.82,0.4,-60.04,5747.8,80.0
470,XAUUSD,SELL,2026-09-08 10:35:00+00:00,2026-09-08 12:55:00+00:00,4394.85,4409.214364312204,4374.739889962916,4363.248398513153,14.364364312203344,0.15,0.04,0.02,0.02,False,False,False,SL,-28.73,-28.73,0.2,-57.66,5690.14,140.0
