symbol,entry_time,direction,fill_price,sl,tp,sl_dist,spread_paid,exit_time,exit_price,outcome,r_multiple,duration_min,source
XAUUSD,2026-07-01 04:05:00.074,SELL,3990.27,3999.3397142857143,3955.9005714285718,14.479714285714186,0.2800000000002001,2026-07-01 14:00:11.556,3999.3397142857143,LOSS,-1.0,595.2,TICK_FEED
XAUUSD,2026-07-01 05:50:00.042,SELL,3981.95,3995.705714285714,3949.1885714285713,15.505714285714186,0.2800000000002001,2026-07-01 13:55:39.325,3995.705714285714,LOSS,-1.0,485.7,TICK_FEED
XAUUSD,2026-07-01 11:35:00.013,SELL,3977.68,3985.342357142857,3947.895285714286,12.482357142857088,0.2800000000002001,2026-07-01 12:49:33.798,3985.342357142857,LOSS,-1.0,74.6,TICK_FEED
XAUUSD,2026-07-01 12:05:00.144,SELL,3975.09,3986.3289285714286,3948.172142857143,12.718928571428567,0.27999999999974534,2026-07-01 13:01:33.784,3986.3289285714286,LOSS,-1.0,56.6,TICK_FEED
XAUUSD,2026-07-01 18:45:00.192,BUY,4082.57,4062.5506428571425,4126.808714285714,21.419357142857177,0.2800000000002001,2026-07-01 21:29:27.182,4062.5506428571425,LOSS,-1.0,164.4,TICK_FEED
XAUUSD,2026-07-01 19:00:00.077,BUY,4081.35,4064.5500714285713,4127.249857142857,20.89992857142861,0.2699999999999818,2026-07-01 21:21:15.005,4064.5500714285713,LOSS,-1.0,141.2,TICK_FEED
XAUUSD,2026-07-01 19:15:00.103,BUY,4082.73,4063.2100714285716,4125.909857142858,20.89992857142861,0.2800000000002001,2026-07-01 21:28:02.967,4063.2100714285716,LOSS,-1.0,133.0,TICK_FEED
XAUUSD,2026-07-02 03:45:00.252,BUY,4039.49,4028.595642857143,4094.3387142857146,21.914357142857135,0.2899999999999636,2026-07-02 15:30:09.482,4094.3387142857146,WIN,2.0,705.2,TICK_FEED
XAUUSD,2026-07-02 13:55:00.265,BUY,4064.13,4050.5890714285715,4097.601857142858,15.6709285714286,0.2800000000002001,2026-07-02 15:30:10.130,4097.601857142858,WIN,2.0,95.2,TICK_FEED
XAUUSD,2026-07-02 15:30:00.005,BUY,4065.97,4112.903428571429,4155.463142857143,14.186571428571447,1.5499999999997272,2026-07-02 15:30:00.005,4112.903428571429,LOSS,-1.0,0.0,TICK_FEED
XAUUSD,2026-07-02 17:45:00.022,BUY,4118.92,4102.747142857143,4162.185714285715,19.81285714285719,0.27999999999974534,2026-07-02 19:31:48.458,4102.747142857143,LOSS,-1.0,106.8,TICK_FEED
XAUUSD,2026-07-02 18:10:00.020,BUY,4121.28,4106.445785714286,4166.368428571429,19.974214285714318,0.27999999999974534,2026-07-02 19:31:39.701,4106.445785714286,LOSS,-1.0,81.7,TICK_FEED
XAUUSD,2026-07-02 21:00:00.029,BUY,4107.03,4094.453714285715,4154.262571428571,19.93628571428568,0.27999999999974534,2026-07-03 04:03:14.480,4154.262571428571,WIN,2.0,423.2,TICK_FEED
XAUUSD,2026-07-06 03:35:00.201,BUY,4181.36,4172.241,4209.528,12.428999999999892,0.27999999999974534,2026-07-06 05:35:44.745,4172.241,LOSS,-1.0,120.7,TICK_FEED
XAUUSD,2026-07-06 04:00:00.001,BUY,4179.93,4174.449500000001,4212.911,12.820499999999843,0.28000000000065484,2026-07-06 04:00:09.012,4174.449500000001,LOSS,-1.0,0.2,TICK_FEED
XAUUSD,2026-07-06 04:10:00.051,BUY,4181.25,4175.9395,4214.401,12.820499999999843,0.31999999999970896,2026-07-06 05:23:55.643,4175.9395,LOSS,-1.0,73.9,TICK_FEED
XAUUSD,2026-07-07 10:00:00.036,SELL,4130.49,4138.392714285715,4104.484571428572,11.302714285714151,0.27000000000043656,2026-07-07 11:13:32.966,4138.392714285715,LOSS,-1.0,73.5,TICK_FEED
XAUUSD,2026-07-07 10:20:00.050,SELL,4130.34,4138.422714285714,4104.514571428572,11.302714285714151,0.27999999999974534,2026-07-07 11:13:32.966,4138.422714285714,LOSS,-1.0,53.5,TICK_FEED
XAUUSD,2026-07-07 14:05:00.052,SELL,4134.39,4143.768642857142,4109.422714285714,11.44864285714275,0.27999999999974534,2026-07-07 14:24:53.873,4143.768642857142,LOSS,-1.0,19.9,TICK_FEED
XAUUSD,2026-07-07 19:25:00.233,BUY,4144.74,4130.954285714286,4175.851428571428,14.965714285714181,0.27999999999974534,2026-07-07 21:51:08.099,4130.954285714286,LOSS,-1.0,146.1,TICK_FEED
XAUUSD,2026-07-08 16:25:00.073,SELL,4071.46,4086.6319285714285,4026.686142857143,19.98192857142854,0.27999999999974534,2026-07-08 18:24:55.064,4026.686142857143,WIN,2.0,119.9,TICK_FEED
XAUUSD,2026-07-09 16:00:00.061,BUY,4108.01,4098.472714285715,4138.5445714285715,13.35728571428567,0.2600000000002183,2026-07-10 11:48:05.370,4098.472714285715,LOSS,-1.0,1188.1,TICK_FEED
XAUUSD,2026-07-09 17:20:00.000,BUY,4117.87,4108.888785714286,4152.152428571429,14.421214285714251,0.27999999999974534,2026-07-10 04:45:48.501,4108.888785714286,LOSS,-1.0,685.8,TICK_FEED
XAUUSD,2026-07-09 17:50:00.080,BUY,4119.77,4109.5587857142855,4152.822428571428,14.421214285714251,0.28000000000065484,2026-07-10 04:39:37.457,4109.5587857142855,LOSS,-1.0,649.6,TICK_FEED
XAUUSD,2026-07-10 13:55:00.184,SELL,4108.35,4114.430785714286,4084.848428571428,9.860785714285795,0.2599999999993088,2026-07-10 15:13:56.941,4114.430785714286,LOSS,-1.0,78.9,TICK_FEED
XAUUSD,2026-07-10 14:05:00.095,SELL,4106.84,4115.681642857143,4086.006714285714,9.891642857142967,0.27999999999974534,2026-07-10 15:13:57.218,4115.681642857143,LOSS,-1.0,69.0,TICK_FEED
XAUUSD,2026-07-10 17:55:00.021,SELL,4101.43,4105.043285714286,4068.1034285714286,12.3132857142858,0.27999999999974534,2026-07-10 18:23:35.459,4105.043285714286,LOSS,-1.0,28.6,TICK_FEED
XAUUSD,2026-07-10 19:45:00.119,SELL,4109.13,4121.397785714286,4080.124428571429,13.757785714285788,0.26999999999952706,2026-07-10 23:59:51.338,4121.397785714286,LOSS,-1.0,254.9,TICK_FEED
XAUUSD,2026-07-13 01:00:00.604,SELL,4098.33,4103.8615,4063.8070000000002,13.351499999999973,1.0299999999997453,2026-07-13 03:34:52.144,4063.8070000000002,WIN,2.0,154.9,TICK_FEED
XAUUSD,2026-07-13 10:40:00.062,SELL,4060.15,4073.6034285714286,4024.633142857143,16.323428571428547,0.27999999999974534,2026-07-13 11:12:41.094,4073.6034285714286,LOSS,-1.0,32.7,TICK_FEED
XAUUSD,2026-07-13 14:45:00.063,SELL,4065.41,4081.2604285714287,4026.539142857143,18.240428571428588,0.2800000000002001,2026-07-13 17:16:45.145,4026.539142857143,WIN,2.0,151.8,TICK_FEED
XAUUSD,2026-07-14 04:20:00.066,SELL,4003.03,4013.9764285714286,3964.5471428571427,16.47642857142864,0.27999999999974534,2026-07-14 05:10:32.919,4013.9764285714286,LOSS,-1.0,50.5,TICK_FEED
XAUUSD,2026-07-14 17:20:00.007,BUY,4073.35,4062.2413571428574,4111.167285714286,16.30864285714289,0.27999999999974534,2026-07-14 19:05:24.942,4062.2413571428574,LOSS,-1.0,105.4,TICK_FEED
XAUUSD,2026-07-15 12:25:00.111,SELL,4029.81,4038.9935,4004.123,11.623500000000027,0.2800000000002001,2026-07-15 14:41:30.138,4038.9935,LOSS,-1.0,136.5,TICK_FEED
XAUUSD,2026-07-15 17:30:00.009,BUY,4058.72,4048.316714285714,4089.846571428571,13.843285714285782,0.27999999999974534,2026-07-15 18:13:28.230,4048.316714285714,LOSS,-1.0,43.5,TICK_FEED
XAUUSD,2026-07-15 17:55:00.020,BUY,4056.4,4046.796714285714,4088.3265714285712,13.843285714285782,0.2800000000002001,2026-07-15 18:14:03.735,4046.796714285714,LOSS,-1.0,19.1,TICK_FEED
XAUUSD,2026-07-15 22:55:00.010,BUY,4053.56,4040.144214285714,4090.3815714285715,16.74578571428579,0.27999999999974534,2026-07-16 04:17:53.213,4040.144214285714,LOSS,-1.0,322.9,TICK_FEED
XAUUSD,2026-07-15 23:10:00.071,BUY,4057.01,4040.6578571428568,4090.9742857142855,16.77214285714292,0.2600000000002183,2026-07-16 04:17:31.264,4040.6578571428568,LOSS,-1.0,307.5,TICK_FEED
XAUUSD,2026-07-16 12:20:00.338,SELL,4036.06,4043.6915714285715,4010.986857142857,10.901571428571453,0.2800000000002001,2026-07-16 15:40:50.728,4010.986857142857,WIN,2.0,200.8,TICK_FEED
XAUUSD,2026-07-16 12:30:00.106,SELL,4033.09,4042.7115714285715,4010.006857142857,10.901571428571453,0.27999999999974534,2026-07-16 15:04:36.692,4042.7115714285715,LOSS,-1.0,154.6,TICK_FEED
XAUUSD,2026-07-16 15:10:00.088,SELL,4033.25,4041.849857142857,4011.4902857142856,10.119857142857176,0.2800000000002001,2026-07-16 15:40:49.909,4011.4902857142856,WIN,2.0,30.8,TICK_FEED
XAUUSD,2026-07-16 17:50:00.077,SELL,3999.65,4010.1983571428573,3965.623285714286,14.85835714285718,0.25999999999976353,2026-07-16 18:25:10.812,4010.1983571428573,LOSS,-1.0,35.2,TICK_FEED
XAUUSD,2026-07-16 19:00:00.024,SELL,4007.0,4015.413785714286,3968.3624285714286,15.683785714285733,0.2800000000002001,2026-07-17 15:43:03.854,3968.3624285714286,WIN,2.0,1243.1,TICK_FEED
XAUUSD,2026-07-21 10:30:00.145,BUY,4069.81,4060.1182142857147,4099.663571428571,13.181785714285727,0.27999999999974534,2026-07-21 11:48:18.311,4060.1182142857147,LOSS,-1.0,78.3,TICK_FEED
XAUUSD,2026-07-21 12:00:00.063,BUY,4063.29,4052.8997142857143,4092.3505714285716,13.15028571428571,0.27999999999974534,2026-07-21 15:41:43.610,4052.8997142857143,LOSS,-1.0,221.7,TICK_FEED
XAUUSD,2026-07-22 08:00:00.067,BUY,4127.37,4116.173500000001,4152.5830000000005,12.13649999999997,0.27999999999974534,2026-07-22 09:27:03.250,4116.173500000001,LOSS,-1.0,87.1,TICK_FEED
XAUUSD,2026-07-22 08:10:00.293,BUY,4127.41,4116.4035,4152.813,12.13649999999997,0.27999999999974534,2026-07-22 09:27:03.242,4116.4035,LOSS,-1.0,77.0,TICK_FEED
XAUUSD,2026-07-22 08:30:00.011,BUY,4123.96,4115.4035,4151.813,12.13649999999997,0.27999999999974534,2026-07-22 09:28:03.748,4115.4035,LOSS,-1.0,58.1,TICK_FEED
XAUUSD,2026-07-22 11:20:00.033,BUY,4115.15,4104.859357142857,4140.771285714286,11.97064285714286,0.27999999999974534,2026-07-22 16:31:30.204,4140.771285714286,WIN,2.0,311.5,TICK_FEED
XAUUSD,2026-07-23 02:40:00.134,BUY,4121.84,4109.797642857143,4151.294714285715,13.832357142857266,0.27999999999974534,2026-07-23 10:09:15.261,4109.797642857143,LOSS,-1.0,449.3,TICK_FEED
XAUUSD,2026-07-24 22:40:00.065,BUY,4055.7,4044.7506428571432,4081.1987142857142,12.14935714285707,0.27999999999974534,2026-07-24 23:59:59.034,4050.69,TIMEOUT,-0.41,80.0,TICK_FEED
XAUUSD,2026-07-27 04:35:00.223,BUY,4100.57,4089.572214285714,4131.925571428571,14.117785714285635,0.27999999999974534,2026-07-27 06:10:30.627,4089.572214285714,LOSS,-1.0,95.5,TICK_FEED
XAUUSD,2026-07-27 23:00:00.049,SELL,4083.38,4093.739857142857,4059.0602857142853,11.559857142857183,0.27999999999974534,2026-07-28 03:50:27.159,4059.0602857142853,WIN,2.0,290.5,TICK_FEED
XAUUSD,2026-07-28 10:45:00.125,SELL,4049.36,4058.0945714285713,4027.630857142857,10.15457142857143,0.27999999999974534,2026-07-28 12:57:42.221,4027.630857142857,WIN,2.0,132.7,TICK_FEED
XAUUSD,2026-07-28 14:40:00.068,SELL,4029.5,4037.682357142857,4005.6352857142856,10.682357142857176,0.2800000000002001,2026-07-28 15:48:31.304,4037.682357142857,LOSS,-1.0,68.5,TICK_FEED
XAUUSD,2026-07-28 15:00:00.034,SELL,4028.11,4037.0260714285714,4004.8478571428573,10.726071428571453,0.27999999999974534,2026-07-28 15:48:31.035,4037.0260714285714,LOSS,-1.0,48.5,TICK_FEED
XAUUSD,2026-07-28 15:30:00.048,SELL,4034.5,4039.326071428571,4007.147857142857,10.726071428571453,0.2800000000002001,2026-07-28 18:20:28.165,4039.326071428571,LOSS,-1.0,170.5,TICK_FEED
XAUUSD,2026-07-28 16:35:00.052,SELL,4031.11,4032.9217857142858,3999.8564285714288,11.021785714285732,0.27999999999974534,2026-07-28 16:35:23.783,4032.9217857142858,LOSS,-1.0,0.4,TICK_FEED
XAUUSD,2026-07-28 17:55:00.086,SELL,4027.44,4035.9822142857142,4000.8455714285715,11.71221428571432,0.27999999999974534,2026-07-28 18:12:33.492,4035.9822142857142,LOSS,-1.0,17.6,TICK_FEED
XAUUSD,2026-07-28 19:45:00.389,SELL,4040.39,4050.2745000000004,4012.731,12.514500000000035,0.2800000000002001,2026-07-29 04:04:05.845,4012.731,WIN,2.0,499.1,TICK_FEED
XAUUSD,2026-07-28 20:05:00.175,SELL,4039.79,4051.0425,4013.175,12.622500000000024,0.2800000000002001,2026-07-29 04:04:05.417,4013.175,WIN,2.0,479.1,TICK_FEED
XAUUSD,2026-07-30 16:35:00.009,BUY,4075.8,4073.945285714286,4125.889428571429,17.314714285714295,0.2800000000002001,2026-07-31 06:03:13.398,4073.945285714286,LOSS,-1.0,808.2,TICK_FEED
XAUUSD,2026-07-30 18:15:00.054,BUY,4085.66,4075.6952142857144,4135.949571428571,20.084785714285704,0.25999999999976353,2026-07-31 05:43:51.107,4075.6952142857144,LOSS,-1.0,688.9,TICK_FEED
XAUUSD,2026-07-30 18:25:00.061,BUY,4094.13,4075.865214285714,4136.119571428571,20.084785714285704,0.2800000000002001,2026-07-31 05:43:51.072,4075.865214285714,LOSS,-1.0,678.9,TICK_FEED
XAUUSD,2026-07-31 18:25:00.030,SELL,4042.91,4054.3719285714283,4014.676142857143,13.231928571428508,0.2800000000002001,2026-07-31 20:48:42.111,4054.3719285714283,LOSS,-1.0,143.7,TICK_FEED
XAUUSD,2026-07-31 18:45:00.016,SELL,4042.2,4053.4919285714286,4013.7961428571434,13.231928571428508,0.2600000000002183,2026-07-31 20:29:13.674,4053.4919285714286,LOSS,-1.0,104.2,TICK_FEED
XAUUSD,2026-08-03 06:40:00.010,SELL,4062.8,4076.6974285714286,4028.375142857143,16.107428571428567,0.27999999999974534,2026-08-03 16:35:34.180,4028.375142857143,WIN,2.0,595.6,TICK_FEED
XAUUSD,2026-08-03 18:00:00.129,SELL,4036.22,4045.6380714285715,4004.873857142857,13.588071428571451,0.2800000000002001,2026-08-03 22:00:33.251,4045.6380714285715,LOSS,-1.0,240.6,TICK_FEED
XAUUSD,2026-08-03 18:25:00.074,SELL,4037.23,4046.288071428571,4005.5238571428567,13.588071428571451,0.2800000000002001,2026-08-03 22:00:59.783,4046.288071428571,LOSS,-1.0,216.0,TICK_FEED
XAUUSD,2026-08-05 11:40:00.039,BUY,4164.69,4150.203214285714,4197.713571428571,15.836785714285709,0.27999999999974534,2026-08-05 13:16:11.697,4150.203214285714,LOSS,-1.0,96.2,TICK_FEED
XAUUSD,2026-08-05 16:00:00.085,BUY,4184.05,4175.474928571429,4231.170142857142,18.565071428571397,0.27999999999974534,2026-08-05 17:10:48.043,4231.170142857142,WIN,2.0,70.8,TICK_FEED
XAUUSD,2026-08-05 19:25:00.233,BUY,4239.0,4219.474857142857,4284.830285714285,21.785142857142716,0.27999999999974534,2026-08-06 03:33:50.367,4284.830285714285,WIN,2.0,488.8,TICK_FEED
XAUUSD,2026-08-05 20:25:00.215,BUY,4240.42,4224.023357142857,4285.963285714285,20.646642857142744,0.27999999999974534,2026-08-06 03:34:06.768,4285.963285714285,WIN,2.0,429.1,TICK_FEED
XAUUSD,2026-08-07 15:30:00.325,BUY,4310.67,4344.6135,4390.203,15.196499999999963,1.569999999999709,2026-08-07 15:30:00.325,4344.6135,LOSS,-1.0,0.0,TICK_FEED
XAUUSD,2026-08-07 17:15:00.108,BUY,4334.53,4325.720142857143,4386.589714285715,20.289857142857137,0.27999999999974534,2026-08-07 23:59:35.677,4341.71,TIMEOUT,0.35,404.6,TICK_FEED
XAUUSD,2026-08-07 18:05:00.105,BUY,4345.27,4328.072571428572,4389.354857142857,20.427428571428585,0.28000000000065484,2026-08-07 20:00:23.961,4328.072571428572,LOSS,-1.0,115.4,TICK_FEED
XAUUSD,2026-08-07 20:25:00.122,BUY,4338.97,4319.460214285715,4380.119571428571,20.2197857142857,0.28000000000065484,2026-08-07 23:59:35.677,4341.71,TIMEOUT,0.14,214.6,TICK_FEED
XAUUSD,2026-08-11 06:25:00.186,BUY,4415.72,4402.636285714286,4455.687428571428,17.683714285714224,0.28000000000065484,2026-08-11 08:05:50.718,4402.636285714286,LOSS,-1.0,100.8,TICK_FEED
XAUUSD,2026-08-11 07:00:00.029,BUY,4417.02,4400.037214285714,4452.7855714285715,17.58278571428561,0.3000000000001819,2026-08-11 08:12:11.549,4400.037214285714,LOSS,-1.0,72.2,TICK_FEED
XAUUSD,2026-08-12 15:25:00.124,BUY,4406.92,4412.555285714286,4453.429428571429,13.624714285714202,0.27999999999974534,2026-08-12 15:25:00.124,4412.555285714286,LOSS,-1.0,0.0,TICK_FEED
XAUUSD,2026-08-12 16:45:00.021,BUY,4416.9,4411.361214285714,4460.977571428571,16.538785714285684,0.27999999999974534,2026-08-12 18:51:38.600,4411.361214285714,LOSS,-1.0,126.6,TICK_FEED
XAUUSD,2026-08-12 19:10:00.048,BUY,4419.77,4405.093714285714,4460.042571428571,18.31628571428566,0.28000000000065484,2026-08-12 19:48:00.493,4405.093714285714,LOSS,-1.0,38.0,TICK_FEED
XAUUSD,2026-08-13 04:30:00.037,BUY,4419.53,4409.009285714286,4467.001428571429,19.330714285714276,0.27999999999974534,2026-08-13 04:58:08.271,4409.009285714286,LOSS,-1.0,28.1,TICK_FEED
XAUUSD,2026-08-17 06:30:00.172,BUY,4393.11,4379.292071428571,4424.765857142857,15.157928571428629,0.27999999999974534,2026-08-17 15:42:14.137,4379.292071428571,LOSS,-1.0,552.2,TICK_FEED
XAUUSD,2026-08-17 10:25:00.110,BUY,4397.44,4391.905285714285,4430.889428571429,12.994714285714423,0.27999999999974534,2026-08-17 13:26:33.109,4391.905285714285,LOSS,-1.0,181.5,TICK_FEED
XAUUSD,2026-08-17 12:05:00.103,BUY,4396.45,4386.411714285714,4425.646571428571,13.078285714285807,0.27999999999974534,2026-08-17 15:26:39.280,4386.411714285714,LOSS,-1.0,201.7,TICK_FEED
XAUUSD,2026-08-18 16:50:00.012,SELL,4394.84,4402.694571428571,4367.370857142857,11.774571428571537,0.2600000000002183,2026-08-18 17:02:08.869,4402.694571428571,LOSS,-1.0,12.1,TICK_FEED
XAUUSD,2026-08-18 17:10:00.008,SELL,4398.18,4405.9093571428575,4367.571285714285,12.779357142857316,0.27999999999974534,2026-08-18 17:59:05.664,4367.571285714285,WIN,2.0,49.1,TICK_FEED
XAUUSD,2026-08-18 17:25:00.068,SELL,4397.73,4406.889357142857,4368.551285714285,12.779357142857316,0.2600000000002183,2026-08-18 17:59:03.835,4368.551285714285,WIN,2.0,34.1,TICK_FEED
XAUUSD,2026-08-18 19:55:00.015,SELL,4368.57,4377.96,4335.57,14.130000000000187,0.28000000000065484,2026-08-18 23:21:23.776,4335.57,WIN,2.0,206.4,TICK_FEED
XAUUSD,2026-08-18 20:25:00.043,SELL,4367.5,4379.198357142857,4337.863285714286,13.778357142857313,0.27999999999974534,2026-08-18 23:21:13.289,4337.863285714286,WIN,2.0,176.2,TICK_FEED
XAUUSD,2026-08-19 04:15:00.172,SELL,4343.83,4353.050642857143,4307.4187142857145,15.210642857142954,0.27999999999974534,2026-08-19 04:37:41.588,4353.050642857143,LOSS,-1.0,22.7,TICK_FEED
XAUUSD,2026-08-20 20:25:00.056,BUY,4511.44,4495.494142857143,4547.5617142857145,17.355857142857115,0.27999999999974534,2026-08-21 07:30:56.161,4547.5617142857145,WIN,2.0,665.9,TICK_FEED
XAUUSD,2026-08-21 05:20:00.216,BUY,4522.59,4508.424357142857,4564.451285714286,18.67564285714299,0.27000000000043656,2026-08-21 09:35:39.921,4564.451285714286,WIN,2.0,255.7,TICK_FEED
XAUUSD,2026-08-21 13:15:00.182,BUY,4578.9,4567.948928571429,4617.272142857143,16.441071428571547,0.27999999999974534,2026-08-21 15:38:57.791,4567.948928571429,LOSS,-1.0,144.0,TICK_FEED
XAUUSD,2026-08-21 16:10:00.104,BUY,4581.23,4566.069285714286,4622.711428571429,18.880714285714333,0.27999999999974534,2026-08-21 19:47:28.113,4622.711428571429,WIN,2.0,217.5,TICK_FEED
XAUUSD,2026-08-21 16:25:00.018,BUY,4583.37,4565.199285714286,4621.841428571429,18.880714285714333,0.27999999999974534,2026-08-21 19:43:40.903,4621.841428571429,WIN,2.0,198.7,TICK_FEED
XAUUSD,2026-08-21 16:35:00.085,BUY,4574.13,4568.299285714286,4624.941428571429,18.880714285714333,0.27999999999974534,2026-08-21 19:50:15.134,4624.941428571429,WIN,2.0,195.3,TICK_FEED
XAUUSD,2026-08-24 04:40:00.037,BUY,4614.41,4598.735071428572,4656.709857142858,19.32492857142861,0.2899999999999636,2026-08-24 05:30:00.807,4656.709857142858,WIN,2.0,50.0,TICK_FEED
XAUUSD,2026-08-24 07:15:00.244,BUY,4638.75,4620.560642857143,4679.4187142857145,19.619357142857236,0.27999999999974534,2026-08-24 16:34:44.166,4679.4187142857145,WIN,2.0,559.7,TICK_FEED
XAUUSD,2026-08-24 07:25:00.004,BUY,4638.04,4620.830642857142,4679.688714285714,19.619357142857236,0.27999999999974534,2026-08-24 16:34:44.166,4679.688714285714,WIN,2.0,549.7,TICK_FEED
XAUUSD,2026-08-25 19:20:00.098,SELL,4643.06,4659.597357142858,4600.955285714285,19.547357142857244,0.27999999999974534,2026-08-25 22:07:58.427,4659.597357142858,LOSS,-1.0,168.0,TICK_FEED
XAUUSD,2026-08-26 17:25:00.051,SELL,4621.0,4631.855928571429,4586.058142857143,15.265928571428589,0.27999999999974534,2026-08-26 18:16:29.469,4586.058142857143,WIN,2.0,51.5,TICK_FEED
XAUUSD,2026-08-26 17:45:00.033,SELL,4621.9,4627.955928571429,4582.158142857143,15.265928571428589,0.28000000000065484,2026-08-27 04:38:21.324,4627.955928571429,LOSS,-1.0,653.4,TICK_FEED
XAUUSD,2026-08-26 18:50:00.086,SELL,4608.24,4616.094571428571,4568.8908571428565,15.734571428571444,0.28000000000065484,2026-08-27 02:17:15.227,4616.094571428571,LOSS,-1.0,447.3,TICK_FEED
XAUUSD,2026-08-31 01:30:00.150,SELL,4459.72,4479.696142857142,4400.057714285714,26.54614285714295,0.27999999999974534,2026-08-31 05:48:33.989,4400.057714285714,WIN,2.0,258.6,TICK_FEED
XAUUSD,2026-08-31 06:30:00.089,SELL,4427.53,4456.837714285714,4358.264571428571,32.857714285714394,0.28000000000065484,2026-08-31 14:04:23.722,4456.837714285714,LOSS,-1.0,454.4,TICK_FEED
XAUUSD,2026-08-31 18:30:00.037,SELL,4432.85,4448.0115,4394.456999999999,17.85150000000009,0.27999999999974534,2026-08-31 22:49:31.740,4448.0115,LOSS,-1.0,259.5,TICK_FEED
XAUUSD,2026-09-01 01:20:02.032,SELL,4450.21,4462.5632857142855,4418.873428571429,14.563285714285712,0.27999999999974534,2026-09-01 10:39:41.195,4418.873428571429,WIN,2.0,559.7,TICK_FEED
XAUUSD,2026-09-01 17:00:00.010,SELL,4365.25,4373.167428571429,4313.775142857143,19.797428571428632,1.180000000000291,2026-09-01 17:18:01.387,4373.167428571429,LOSS,-1.0,18.0,TICK_FEED
XAUUSD,2026-09-01 17:45:00.064,SELL,4366.73,4381.337428571429,4321.945142857143,19.797428571428632,0.28000000000065484,2026-09-02 03:01:22.703,4321.945142857143,WIN,2.0,556.4,TICK_FEED
XAUUSD,2026-09-02 05:50:00.001,SELL,4310.66,4323.557428571429,4269.565142857144,17.997428571428514,0.27999999999974534,2026-09-02 08:31:18.248,4323.557428571429,LOSS,-1.0,161.3,TICK_FEED
XAUUSD,2026-09-02 18:55:00.042,BUY,4368.88,4352.906714285715,4413.336571428572,20.143285714285838,0.27999999999974534,2026-09-03 05:01:50.836,4413.336571428572,WIN,2.0,606.8,TICK_FEED
XAUUSD,2026-09-02 19:10:00.107,BUY,4370.62,4353.6377142857145,4409.774571428572,18.712285714285827,0.27999999999974534,2026-09-03 04:55:21.872,4409.774571428572,WIN,2.0,585.4,TICK_FEED
XAUUSD,2026-09-02 20:40:00.000,BUY,4366.85,4358.827642857143,4411.664714285714,17.612357142857217,0.27000000000043656,2026-09-03 04:58:29.812,4411.664714285714,WIN,2.0,498.5,TICK_FEED
XAUUSD,2026-09-03 13:50:00.004,BUY,4424.8,4414.621857142857,4454.516285714286,13.298142857142896,0.27999999999974534,2026-09-03 15:30:01.572,4454.516285714286,WIN,2.0,100.0,TICK_FEED
XAUUSD,2026-09-03 14:05:00.158,BUY,4426.48,4418.052714285714,4456.234571428571,12.727285714285745,0.27999999999974534,2026-09-03 15:30:01.587,4456.234571428571,WIN,2.0,85.0,TICK_FEED
XAUUSD,2026-09-03 17:10:00.037,BUY,4464.44,4450.492071428571,4506.495857142857,18.667928571428593,0.27999999999974534,2026-09-03 18:18:16.920,4506.495857142857,WIN,2.0,68.3,TICK_FEED
XAUUSD,2026-09-03 17:40:00.040,BUY,4469.8,4454.172071428571,4510.175857142857,18.667928571428593,0.27999999999974534,2026-09-03 18:19:28.930,4510.175857142857,WIN,2.0,39.5,TICK_FEED
XAUUSD,2026-09-03 20:20:00.099,BUY,4487.73,4471.441428571428,4529.337142857143,19.298571428571417,0.27999999999974534,2026-09-03 23:15:19.286,4471.441428571428,LOSS,-1.0,175.3,TICK_FEED
XAUUSD,2026-09-04 16:55:00.048,SELL,4422.55,4430.968,4377.724,17.747999999999877,0.26999999999952706,2026-09-04 17:13:43.455,4430.968,LOSS,-1.0,18.7,TICK_FEED
XAUUSD,2026-09-04 17:50:00.007,SELL,4428.02,4439.283714285714,4374.3525714285715,21.643714285714186,0.27999999999974534,2026-09-04 18:07:38.855,4439.283714285714,LOSS,-1.0,17.6,TICK_FEED
XAUUSD,2026-09-04 19:50:00.088,SELL,4439.87,4458.906214285715,4389.857571428572,23.01621428571427,0.27999999999974534,2026-09-04 23:59:59.161,4432.01,TIMEOUT,0.34,250.0,TICK_FEED
XAUUSD,2026-09-07 01:00:00.629,SELL,4419.93,4446.280285714285,4374.159428571428,24.04028571428566,1.1700000000000728,2026-09-08 21:48:45.650,4374.159428571428,WIN,2.0,2688.8,TICK_FEED
XAUUSD,2026-09-07 04:55:00.108,SELL,4413.67,4432.711071428571,4361.787857142857,23.641071428571372,0.27999999999974534,2026-09-08 04:23:06.881,4432.711071428571,LOSS,-1.0,1408.1,TICK_FEED
XAUUSD,2026-09-07 10:15:00.125,SELL,4401.62,4412.017714285715,4368.524571428572,14.497714285714313,0.27999999999974534,2026-09-07 11:02:03.359,4412.017714285715,LOSS,-1.0,47.1,TICK_FEED
XAUUSD,2026-09-07 12:15:00.001,SELL,4410.93,4422.408357142857,4379.453285714286,14.318357142857174,0.27999999999974534,2026-09-08 02:37:04.281,4422.408357142857,LOSS,-1.0,862.1,TICK_FEED
XAUUSD,2026-09-08 06:05:00.116,BUY,4425.57,4417.977428571428,4454.435142857143,12.152571428571425,0.27999999999974534,2026-09-08 08:30:01.708,4417.977428571428,LOSS,-1.0,145.0,TICK_FEED
XAUUSD,2026-09-08 16:25:00.088,SELL,4403.32,4416.418071428572,4367.823857142857,16.198071428571446,0.28000000000065484,2026-09-08 21:49:15.060,4367.823857142857,WIN,2.0,324.2,TICK_FEED
XAUUSD,2026-09-08 17:05:00.045,SELL,4401.94,4415.271571428571,4366.366857142857,16.301571428571425,0.28000000000065484,2026-09-08 21:49:23.709,4366.366857142857,WIN,2.0,284.4,TICK_FEED
XAUUSD,2026-09-08 20:20:00.072,SELL,4396.41,4410.094357142857,4362.711285714286,15.794357142857177,0.27999999999974534,2026-09-08 21:49:47.055,4362.711285714286,WIN,2.0,89.8,TICK_FEED
XAUUSD,2026-09-09 15:55:00.053,BUY,4398.6,4386.619214285714,4427.001571428571,13.46078571428556,0.28000000000065484,2026-09-09 16:24:41.617,4427.001571428571,WIN,2.0,29.7,TICK_FEED
XAUUSD,2026-09-09 18:35:00.000,BUY,4401.09,4390.904071428572,4436.971857142857,15.355928571428388,0.27999999999974534,2026-09-10 03:02:00.718,4390.904071428572,LOSS,-1.0,507.0,TICK_FEED
XAUUSD,2026-09-09 19:25:00.196,BUY,4398.75,4384.0665,4436.487,17.47349999999991,0.27000000000043656,2026-09-10 13:34:09.425,4384.0665,LOSS,-1.0,1089.2,TICK_FEED
XAUUSD,2026-09-11 17:45:00.201,BUY,4371.68,4357.140642857144,4424.638714285714,22.49935714285695,0.2600000000002183,2026-09-11 19:23:31.227,4357.140642857144,LOSS,-1.0,98.5,TICK_FEED
XAUUSD,2026-09-11 18:30:00.010,BUY,4370.61,4349.472285714286,4419.965428571429,23.49771428571408,0.27999999999974534,2026-09-11 21:14:07.092,4349.472285714286,LOSS,-1.0,164.1,TICK_FEED
XAUUSD,2026-09-11 19:00:00.005,BUY,4367.34,4348.250928571429,4418.418142857143,23.38907142857125,0.27999999999974534,2026-09-11 21:14:07.126,4348.250928571429,LOSS,-1.0,134.1,TICK_FEED
XAUUSD,2026-09-14 14:10:00.041,SELL,4294.77,4307.966642857143,4260.336714285714,15.876642857142873,0.27999999999974534,2026-09-14 16:08:13.242,4260.336714285714,WIN,2.0,118.2,TICK_FEED
XAUUSD,2026-09-14 14:35:00.175,SELL,4294.78,4308.9166428571425,4261.286714285714,15.876642857142873,0.28000000000065484,2026-09-14 16:08:13.224,4261.286714285714,WIN,2.0,93.2,TICK_FEED
XAUUSD,2026-09-14 18:00:00.054,SELL,4279.5,4291.166142857143,4236.907714285714,18.086142857142985,0.27999999999974534,2026-09-14 18:33:51.192,4291.166142857143,LOSS,-1.0,33.9,TICK_FEED
XAUUSD,2026-09-15 17:20:00.130,SELL,4293.98,4300.441000000001,4264.2880000000005,12.050999999999945,0.28000000000065484,2026-09-15 18:28:23.666,4285.82,TIMEOUT,0.68,68.4,TICK_FEED
USDJPY,2026-07-02 17:55:00.131,SELL,161.052,161.35854285714285,160.3819142857143,0.3255428571428567,0.021000000000015007,2026-07-03 02:41:56.548,161.35854285714285,LOSS,-1.0,526.9,TICK_FEED
USDJPY,2026-07-03 03:50:01.081,SELL,161.374,161.43884285714284,160.74031428571428,0.2328428571428617,0.021000000000015007,2026-07-03 09:34:12.815,160.74031428571428,WIN,2.0,344.2,TICK_FEED
USDJPY,2026-07-03 05:40:01.639,SELL,161.19,161.40937142857143,160.66725714285712,0.24737142857143493,0.021000000000015007,2026-07-03 09:34:17.266,160.66725714285712,WIN,2.0,234.3,TICK_FEED
USDJPY,2026-07-03 07:55:03.044,SELL,161.182,161.2945,160.76799999999997,0.17550000000000848,0.021000000000015007,2026-07-03 09:34:03.594,160.76799999999997,WIN,2.0,99.0,TICK_FEED
USDJPY,2026-07-03 10:50:00.166,SELL,160.911,160.94788571428572,160.39322857142855,0.18488571428572192,0.020999999999986585,2026-07-03 11:39:53.721,160.94788571428572,LOSS,-1.0,49.9,TICK_FEED
USDJPY,2026-07-03 11:25:01.439,SELL,160.883,161.0485285714286,160.46494285714286,0.19452857142857943,0.020999999999986585,2026-07-03 11:59:49.213,161.0485285714286,LOSS,-1.0,34.8,TICK_FEED
USDJPY,2026-07-07 08:45:01.320,SELL,161.853,161.93139285714284,161.55821428571429,0.12439285714285729,0.020999999999986585,2026-07-07 09:07:02.203,161.93139285714284,LOSS,-1.0,22.0,TICK_FEED
USDJPY,2026-07-07 10:30:00.148,SELL,161.956,162.06042142857143,161.65715714285713,0.1344214285714291,0.021000000000015007,2026-07-07 22:11:30.957,162.06042142857143,LOSS,-1.0,701.5,TICK_FEED
USDJPY,2026-07-07 11:00:00.130,SELL,161.955,162.0629642857143,161.60107142857143,0.15396428571428636,0.018999999999977035,2026-07-07 22:11:30.957,162.0629642857143,LOSS,-1.0,671.5,TICK_FEED
USDJPY,2026-07-07 11:30:00.443,SELL,161.916,162.0489642857143,161.58707142857145,0.15396428571428636,0.021000000000015007,2026-07-07 22:07:59.246,162.0489642857143,LOSS,-1.0,638.0,TICK_FEED
USDJPY,2026-07-08 07:00:00.100,BUY,162.355,162.2293214285714,162.55235714285712,0.10767857142857033,0.020999999999986585,2026-07-08 08:42:31.931,162.2293214285714,LOSS,-1.0,102.5,TICK_FEED
USDJPY,2026-07-08 20:45:00.335,BUY,162.536,162.4010857142857,162.79682857142856,0.13191428571428707,0.021000000000015007,2026-07-09 03:12:22.216,162.4010857142857,LOSS,-1.0,387.4,TICK_FEED
USDJPY,2026-07-08 21:00:01.035,BUY,162.549,162.39265,162.8017,0.1363500000000024,0.05000000000001137,2026-07-09 03:12:25.657,162.39265,LOSS,-1.0,372.4,TICK_FEED
USDJPY,2026-07-09 03:50:00.339,BUY,162.448,162.36190714285715,162.6891857142857,0.10909285714286097,0.021000000000015007,2026-07-09 08:11:47.908,162.36190714285715,LOSS,-1.0,261.8,TICK_FEED
USDJPY,2026-07-09 05:30:00.287,BUY,162.478,162.36837857142856,162.68524285714284,0.10562142857143045,0.021000000000015007,2026-07-09 08:11:46.756,162.36837857142856,LOSS,-1.0,161.8,TICK_FEED
USDJPY,2026-07-09 06:15:11.064,BUY,162.478,162.3736857142857,162.67762857142856,0.10131428571428712,0.021000000000015007,2026-07-09 08:11:41.698,162.3736857142857,LOSS,-1.0,116.5,TICK_FEED
USDJPY,2026-07-09 10:45:02.948,SELL,162.341,162.43529285714285,162.1404142857143,0.09829285714285692,0.020999999999986585,2026-07-09 12:15:11.039,162.43529285714285,LOSS,-1.0,90.1,TICK_FEED
USDJPY,2026-07-09 11:05:00.129,SELL,162.351,162.41605,162.1339,0.0940499999999996,0.020000000000010232,2026-07-09 12:00:02.726,162.41605,LOSS,-1.0,55.0,TICK_FEED
USDJPY,2026-07-09 15:40:00.596,BUY,162.432,162.34746428571427,162.60107142857143,0.08453571428571414,0.020999999999986585,2026-07-09 16:17:25.340,162.34746428571427,LOSS,-1.0,37.4,TICK_FEED
USDJPY,2026-07-09 17:20:00.002,SELL,162.374,162.44785714285715,162.16628571428572,0.09385714285714154,0.021000000000015007,2026-07-10 00:22:44.464,162.44785714285715,LOSS,-1.0,422.7,TICK_FEED
USDJPY,2026-07-09 17:55:00.000,SELL,162.366,162.45185714285714,162.1702857142857,0.09385714285714154,0.020999999999986585,2026-07-10 00:24:24.880,162.45185714285714,LOSS,-1.0,389.4,TICK_FEED
USDJPY,2026-07-09 18:20:00.198,SELL,162.389,162.4559642857143,162.18307142857145,0.0909642857142852,0.020999999999986585,2026-07-10 03:47:41.600,162.18307142857145,WIN,2.0,567.7,TICK_FEED
USDJPY,2026-07-10 03:40:03.958,SELL,162.371,162.38135714285713,162.1402857142857,0.08035714285714286,0.020999999999986585,2026-07-10 03:40:03.958,162.38135714285713,LOSS,-1.0,0.0,TICK_FEED
USDJPY,2026-07-10 08:00:00.044,SELL,161.624,161.73943571428572,161.24012857142858,0.16643571428571421,0.021000000000015007,2026-07-10 10:17:17.791,161.73943571428572,LOSS,-1.0,137.3,TICK_FEED
USDJPY,2026-07-10 11:00:00.582,SELL,161.688,161.80042857142857,161.24114285714288,0.18642857142856997,0.021000000000015007,2026-07-10 12:30:19.730,161.80042857142857,LOSS,-1.0,90.3,TICK_FEED
USDJPY,2026-07-10 11:30:00.102,SELL,161.716,161.83542857142857,161.27614285714287,0.18642857142856997,0.020999999999986585,2026-07-10 12:33:28.022,161.83542857142857,LOSS,-1.0,63.5,TICK_FEED
USDJPY,2026-07-13 02:45:01.567,SELL,161.987,162.09650000000002,161.597,0.16650000000000023,0.021000000000015007,2026-07-13 03:53:48.078,162.09650000000002,LOSS,-1.0,68.8,TICK_FEED
USDJPY,2026-07-13 02:55:00.284,SELL,161.958,162.0445,161.545,0.16650000000000023,0.021000000000015007,2026-07-13 03:38:44.359,162.0445,LOSS,-1.0,43.7,TICK_FEED
USDJPY,2026-07-13 10:30:00.256,BUY,162.137,162.02799285714286,162.48101428571428,0.1510071428571422,0.020999999999986585,2026-07-13 11:12:43.898,162.02799285714286,LOSS,-1.0,42.7,TICK_FEED
USDJPY,2026-07-13 10:40:00.061,BUY,162.176,162.06199285714285,162.51501428571427,0.1510071428571422,0.020999999999986585,2026-07-13 11:10:34.630,162.06199285714285,LOSS,-1.0,30.6,TICK_FEED
USDJPY,2026-07-15 06:00:00.308,SELL,162.097,162.19345714285714,161.84708571428573,0.11545714285714054,0.020999999999986585,2026-07-15 07:26:11.099,162.19345714285714,LOSS,-1.0,86.2,TICK_FEED
USDJPY,2026-07-20 21:30:00.112,BUY,162.476,162.4002142857143,162.63357142857146,0.07778571428572027,0.020000000000010232,2026-07-21 11:10:06.976,162.63357142857146,WIN,2.0,820.1,TICK_FEED
USDJPY,2026-07-22 03:45:00.299,BUY,163.131,163.05040714285715,163.31018571428572,0.08659285714285951,0.020999999999986585,2026-07-22 09:01:42.849,163.05040714285715,LOSS,-1.0,316.7,TICK_FEED
USDJPY,2026-07-22 04:15:00.083,BUY,163.153,163.0478214285714,163.33035714285714,0.09417857142857347,0.020999999999986585,2026-07-22 09:01:42.849,163.0478214285714,LOSS,-1.0,286.7,TICK_FEED
USDJPY,2026-07-23 12:45:00.688,BUY,163.353,163.28420714285716,163.51158571428573,0.0757928571428591,0.021000000000015007,2026-07-23 14:38:54.812,163.51158571428573,WIN,2.0,113.9,TICK_FEED
USDJPY,2026-07-23 13:35:00.330,BUY,163.366,163.28137857142858,163.5172428571429,0.07862142857143124,0.021000000000015007,2026-07-23 14:39:01.141,163.5172428571429,WIN,2.0,64.0,TICK_FEED
USDJPY,2026-07-23 20:30:00.080,BUY,163.793,163.63973571428573,164.0665285714286,0.14226428571428715,0.021000000000015007,2026-07-24 18:15:41.025,163.63973571428573,LOSS,-1.0,1305.7,TICK_FEED
USDJPY,2026-07-27 01:25:00.263,BUY,163.699,163.60240000000002,163.85620000000003,0.08460000000000199,0.020000000000010232,2026-07-27 02:58:04.513,163.60240000000002,LOSS,-1.0,93.1,TICK_FEED
USDJPY,2026-07-27 01:35:00.633,BUY,163.685,163.6014,163.85520000000002,0.08460000000000199,0.021000000000015007,2026-07-27 02:58:16.073,163.6014,LOSS,-1.0,83.3,TICK_FEED
USDJPY,2026-07-27 01:55:00.230,BUY,163.695,163.60240000000002,163.85620000000003,0.08460000000000199,0.020999999999986585,2026-07-27 02:58:04.513,163.60240000000002,LOSS,-1.0,63.1,TICK_FEED
USDJPY,2026-07-27 07:00:00.001,SELL,163.569,163.6519142857143,163.36417142857144,0.09591428571428691,0.021000000000015007,2026-07-27 10:29:10.299,163.36417142857144,WIN,2.0,209.2,TICK_FEED
USDJPY,2026-07-27 11:50:00.099,SELL,163.529,163.59714285714287,163.3117142857143,0.0951428571428583,0.021000000000015007,2026-07-27 12:15:45.218,163.59714285714287,LOSS,-1.0,25.8,TICK_FEED
USDJPY,2026-07-27 12:00:00.067,SELL,163.509,163.59178571428572,163.3044285714286,0.09578571428571488,0.021000000000015007,2026-07-27 12:15:18.645,163.59178571428572,LOSS,-1.0,15.3,TICK_FEED
USDJPY,2026-07-27 12:50:00.130,SELL,163.537,163.6137857142857,163.32642857142858,0.09578571428571488,0.01999999999998181,2026-07-27 14:02:02.951,163.6137857142857,LOSS,-1.0,72.0,TICK_FEED
USDJPY,2026-07-28 17:10:00.200,BUY,163.857,163.78462857142858,163.98674285714287,0.06737142857142686,0.020999999999986585,2026-07-28 18:10:07.545,163.78462857142858,LOSS,-1.0,60.1,TICK_FEED
USDJPY,2026-07-29 09:40:00.612,SELL,163.563,163.59204285714284,163.27691428571427,0.10504285714285808,0.020000000000010232,2026-07-29 10:28:57.792,163.59204285714284,LOSS,-1.0,49.0,TICK_FEED
USDJPY,2026-07-29 11:40:00.529,SELL,163.6,163.69914285714287,163.3597142857143,0.11314285714285656,0.021000000000015007,2026-07-29 13:40:17.403,163.69914285714287,LOSS,-1.0,120.3,TICK_FEED
USDJPY,2026-07-30 14:45:00.099,SELL,162.972,163.09527857142857,162.5454428571429,0.1832785714285659,0.020999999999986585,2026-07-30 16:36:02.795,162.5454428571429,WIN,2.0,111.0,TICK_FEED
USDJPY,2026-07-30 16:10:00.134,SELL,162.9,163.08067142857143,162.45465714285717,0.2086714285714237,0.020999999999986585,2026-07-30 16:36:04.969,162.45465714285717,WIN,2.0,26.1,TICK_FEED
USDJPY,2026-07-30 20:35:00.403,SELL,159.807,159.10755,157.38090000000003,0.5755499999999947,0.021000000000015007,2026-07-30 20:35:00.403,159.10755,LOSS,-1.0,0.0,TICK_FEED
USDJPY,2026-07-31 10:45:00.006,SELL,160.562,160.77644999999998,159.5331,0.4144499999999984,0.020999999999986585,2026-07-31 11:55:41.970,159.5331,WIN,2.0,70.7,TICK_FEED
USDJPY,2026-07-31 11:10:00.273,SELL,160.405,160.69710714285713,159.6257857142857,0.3571071428571396,0.020999999999986585,2026-07-31 11:55:41.483,159.6257857142857,WIN,2.0,45.7,TICK_FEED
USDJPY,2026-07-31 16:20:00.158,SELL,160.403,160.01695714285714,158.41508571428574,0.53395714285714,0.021000000000015007,2026-07-31 16:20:00.158,160.01695714285714,LOSS,-1.0,0.0,TICK_FEED
USDJPY,2026-08-03 03:25:01.750,SELL,157.74,157.28695714285715,155.38808571428572,0.6329571428571413,0.018999999999977035,2026-08-03 03:25:01.750,157.28695714285715,LOSS,-1.0,0.0,TICK_FEED
USDJPY,2026-08-07 18:15:00.053,SELL,157.805,157.99862142857143,157.24975714285713,0.24962142857143102,0.020999999999986585,2026-08-07 23:59:57.108,157.825,TIMEOUT,-0.08,345.0,TICK_FEED
USDJPY,2026-08-10 17:50:00.078,BUY,158.91,158.74290714285715,159.2591857142857,0.17209285714285666,0.020999999999986585,2026-08-10 21:51:45.521,159.2591857142857,WIN,2.0,241.8,TICK_FEED
USDJPY,2026-08-11 10:00:00.028,BUY,159.219,159.15002857142855,159.49794285714285,0.11597142857143053,0.020999999999986585,2026-08-11 14:01:07.084,159.15002857142855,LOSS,-1.0,241.1,TICK_FEED
USDJPY,2026-08-13 09:05:00.323,BUY,159.347,159.2332857142857,159.58042857142857,0.11571428571428828,0.021000000000015007,2026-08-13 15:48:43.025,159.2332857142857,LOSS,-1.0,403.7,TICK_FEED
USDJPY,2026-08-13 16:50:01.636,SELL,159.269,159.38315714285713,159.0286857142857,0.11815714285714428,0.020999999999986585,2026-08-13 18:29:15.171,159.38315714285713,LOSS,-1.0,99.2,TICK_FEED
USDJPY,2026-08-14 12:40:00.126,SELL,159.167,159.23231428571427,158.95537142857142,0.09231428571428435,0.020999999999986585,2026-08-14 15:08:18.549,158.95537142857142,WIN,2.0,148.3,TICK_FEED
USDJPY,2026-08-14 17:25:02.717,SELL,158.983,159.09508571428572,158.6538285714286,0.14708571428571499,0.01999999999998181,2026-08-14 18:15:06.982,159.09508571428572,LOSS,-1.0,50.1,TICK_FEED
USDJPY,2026-08-14 17:40:00.054,SELL,158.98,159.1090857142857,158.66782857142857,0.14708571428571499,0.021000000000015007,2026-08-14 18:15:07.060,159.1090857142857,LOSS,-1.0,35.1,TICK_FEED
USDJPY,2026-08-17 07:00:00.154,SELL,159.084,159.18909285714287,158.8348142857143,0.11809285714285828,0.020999999999986585,2026-08-17 12:03:16.840,159.18909285714287,LOSS,-1.0,303.3,TICK_FEED
USDJPY,2026-08-17 11:25:00.221,SELL,158.969,159.0450857142857,158.71182857142855,0.11108571428571484,0.021000000000015007,2026-08-17 11:39:02.718,159.0450857142857,LOSS,-1.0,14.0,TICK_FEED
USDJPY,2026-08-17 23:05:01.539,BUY,159.479,159.35902142857142,159.72795714285712,0.12297857142856664,0.021000000000015007,2026-08-18 02:09:09.832,159.35902142857142,LOSS,-1.0,184.1,TICK_FEED
USDJPY,2026-08-17 23:25:08.581,BUY,159.49,159.3510214285714,159.7199571428571,0.12297857142856664,0.019000000000005457,2026-08-18 02:09:09.945,159.3510214285714,LOSS,-1.0,164.0,TICK_FEED
USDJPY,2026-08-19 07:10:00.268,SELL,159.403,159.46755714285715,159.20488571428572,0.08755714285713886,0.021000000000015007,2026-08-19 09:20:24.401,159.20488571428572,WIN,2.0,130.4,TICK_FEED
USDJPY,2026-08-19 10:00:00.065,SELL,159.23,159.30124285714285,159.01851428571428,0.09424285714285219,0.021000000000015007,2026-08-19 13:23:11.591,159.01851428571428,WIN,2.0,203.2,TICK_FEED
USDJPY,2026-08-19 14:15:00.295,SELL,159.117,159.19945714285714,158.85308571428573,0.11545714285714236,0.021000000000015007,2026-08-19 15:33:09.872,158.85308571428573,WIN,2.0,78.2,TICK_FEED
USDJPY,2026-08-19 14:45:00.226,SELL,159.157,159.21545714285713,158.86908571428572,0.11545714285714236,0.020999999999986585,2026-08-19 15:33:09.860,158.86908571428572,WIN,2.0,48.2,TICK_FEED
USDJPY,2026-08-19 15:00:00.134,SELL,159.132,159.21505714285715,158.85788571428571,0.11905714285714128,0.020999999999986585,2026-08-19 15:33:09.872,158.85788571428571,WIN,2.0,33.2,TICK_FEED
USDJPY,2026-08-19 18:40:00.994,SELL,158.433,158.5977642857143,157.96847142857143,0.20976428571428607,0.021000000000015007,2026-08-19 20:50:56.739,158.5977642857143,LOSS,-1.0,130.9,TICK_FEED
USDJPY,2026-08-19 19:05:00.280,SELL,158.416,158.62080714285713,157.9733857142857,0.21580714285714464,0.021000000000015007,2026-08-19 20:51:03.566,158.62080714285713,LOSS,-1.0,106.1,TICK_FEED
USDJPY,2026-08-19 19:20:00.326,SELL,158.436,158.61480714285716,157.9673857142857,0.21580714285714464,0.020999999999986585,2026-08-19 20:51:01.331,158.61480714285716,LOSS,-1.0,91.0,TICK_FEED
USDJPY,2026-08-25 23:55:00.152,SELL,159.197,159.29327857142857,158.95944285714285,0.1112785714285729,0.020000000000010232,2026-08-26 05:03:19.648,158.95944285714285,WIN,2.0,308.3,TICK_FEED
USDJPY,2026-08-26 00:30:00.311,SELL,159.194,159.29673571428572,158.96752857142857,0.10973571428571571,0.04200000000000159,2026-08-26 04:53:11.811,158.96752857142857,WIN,2.0,263.2,TICK_FEED
USDJPY,2026-08-26 06:00:00.685,SELL,159.027,159.09945000000002,158.7741,0.10845000000000442,0.021000000000015007,2026-08-26 09:12:21.695,159.09945000000002,LOSS,-1.0,192.4,TICK_FEED
USDJPY,2026-08-26 07:30:00.328,SELL,158.989,159.07849285714286,158.7620142857143,0.10549285714286205,0.020999999999986585,2026-08-26 09:10:17.070,159.07849285714286,LOSS,-1.0,100.3,TICK_FEED
USDJPY,2026-08-26 08:30:00.104,SELL,159.01,159.0736642857143,158.76567142857144,0.10266428571428991,0.021000000000015007,2026-08-26 09:10:14.836,159.0736642857143,LOSS,-1.0,40.2,TICK_FEED
USDJPY,2026-09-01 03:05:00.098,SELL,159.82,159.82902857142858,159.52894285714288,0.10002857142857036,0.019000000000005457,2026-09-01 03:05:00.098,159.82902857142858,LOSS,-1.0,0.0,TICK_FEED
USDJPY,2026-09-01 04:55:00.135,SELL,159.788,159.85206428571428,159.52787142857144,0.10806428571428464,0.020999999999986585,2026-09-01 05:08:13.287,159.85206428571428,LOSS,-1.0,13.2,TICK_FEED
USDJPY,2026-09-01 12:20:00.002,BUY,159.923,159.85211428571426,160.1097714285714,0.0858857142857151,0.021000000000015007,2026-09-01 14:03:30.312,160.1097714285714,WIN,2.0,103.5,TICK_FEED
USDJPY,2026-09-01 17:45:00.106,BUY,160.017,159.91886428571428,160.26427142857142,0.11513571428571957,0.020999999999986585,2026-09-02 03:56:07.643,160.26427142857142,WIN,2.0,611.1,TICK_FEED
USDJPY,2026-09-02 10:20:00.056,SELL,159.724,159.7761,159.4008,0.12509999999999988,0.021000000000015007,2026-09-02 11:51:57.122,159.7761,LOSS,-1.0,92.0,TICK_FEED
USDJPY,2026-09-02 11:20:00.554,SELL,159.743,159.78055714285713,159.38288571428572,0.1325571428571418,0.021000000000015007,2026-09-02 11:53:32.122,159.78055714285713,LOSS,-1.0,33.5,TICK_FEED
USDJPY,2026-09-04 15:30:00.079,BUY,156.121,156.19505714285714,157.0528857142857,0.28594285714285034,0.05500000000000682,2026-09-04 15:30:00.079,156.19505714285714,LOSS,-1.0,0.0,TICK_FEED
USDJPY,2026-09-04 17:30:00.033,SELL,156.035,156.28102142857142,155.19195714285718,0.3630214285714207,0.021000000000015007,2026-09-04 21:47:21.527,156.28102142857142,LOSS,-1.0,257.4,TICK_FEED
USDJPY,2026-09-04 18:10:00.423,SELL,156.073,156.2949642857143,155.26607142857145,0.3429642857142789,0.01999999999998181,2026-09-04 21:54:00.552,156.2949642857143,LOSS,-1.0,224.0,TICK_FEED
USDJPY,2026-09-07 10:15:00.122,SELL,155.853,155.9439,155.34720000000002,0.1988999999999978,0.020999999999986585,2026-09-07 11:03:52.304,155.34720000000002,WIN,2.0,48.9,TICK_FEED
USDJPY,2026-09-07 14:30:00.027,SELL,154.649,154.9697214285714,153.98055714285712,0.329721428571428,0.020999999999986585,2026-09-08 02:14:50.669,153.98055714285712,WIN,2.0,704.8,TICK_FEED
USDJPY,2026-09-08 01:00:00.113,SELL,154.366,154.55620714285715,153.7575857142857,0.2662071428571459,0.04399999999998272,2026-09-08 03:01:15.071,153.7575857142857,WIN,2.0,121.2,TICK_FEED
USDJPY,2026-09-08 01:15:00.598,SELL,154.35,154.55020714285715,153.7515857142857,0.2662071428571459,0.021000000000015007,2026-09-08 03:01:15.071,153.7515857142857,WIN,2.0,106.2,TICK_FEED
USDJPY,2026-09-08 06:00:00.058,SELL,153.346,153.42285714285714,152.8172857142857,0.20185714285714562,0.020999999999986585,2026-09-08 07:03:20.494,153.42285714285714,LOSS,-1.0,63.3,TICK_FEED
USDJPY,2026-09-08 08:05:00.015,SELL,153.422,153.56379285714286,152.95841428571427,0.20179285714285777,0.021000000000015007,2026-09-08 08:30:02.581,153.56379285714286,LOSS,-1.0,25.0,TICK_FEED
USDJPY,2026-09-08 08:40:00.160,SELL,153.478,153.63179285714287,153.02641428571428,0.20179285714285777,0.020999999999986585,2026-09-08 09:19:51.511,153.63179285714287,LOSS,-1.0,39.9,TICK_FEED
USDJPY,2026-09-09 10:00:00.165,SELL,153.337,153.50850714285713,152.63698571428571,0.2905071428571396,0.021000000000015007,2026-09-09 11:27:53.241,153.50850714285713,LOSS,-1.0,87.9,TICK_FEED
USDJPY,2026-09-09 10:35:00.132,SELL,153.302,153.46750714285713,152.59598571428572,0.2905071428571396,0.021000000000015007,2026-09-09 11:24:40.939,153.46750714285713,LOSS,-1.0,49.7,TICK_FEED
USDJPY,2026-09-09 18:35:00.128,SELL,153.46,153.60055,152.7919,0.2695499999999953,0.020999999999986585,2026-09-09 19:16:04.091,153.60055,LOSS,-1.0,41.1,TICK_FEED
USDJPY,2026-09-10 01:00:00.060,SELL,153.579,153.77887857142858,153.00224285714287,0.25887857142856696,0.04899999999997817,2026-09-10 12:31:27.831,153.77887857142858,LOSS,-1.0,691.5,TICK_FEED
USDJPY,2026-09-10 05:35:00.209,SELL,153.548,153.72189285714285,152.98421428571427,0.2458928571428564,0.019000000000005457,2026-09-10 12:25:02.559,153.72189285714285,LOSS,-1.0,410.0,TICK_FEED
USDJPY,2026-09-10 05:45:06.197,SELL,153.525,153.73289285714284,152.99521428571427,0.2458928571428564,0.020999999999986585,2026-09-10 12:25:11.126,153.73289285714284,LOSS,-1.0,400.1,TICK_FEED
USDJPY,2026-09-11 17:45:01.409,SELL,153.618,153.80412142857142,152.96075714285715,0.2811214285714298,0.020000000000010232,2026-09-11 23:59:56.801,153.586,TIMEOUT,0.11,374.9,TICK_FEED
USDJPY,2026-09-14 02:25:00.666,SELL,153.654,153.85072142857143,153.10455714285715,0.24872142857143037,0.021000000000015007,2026-09-14 04:08:00.995,153.85072142857143,LOSS,-1.0,103.0,TICK_FEED
USDJPY,2026-09-14 14:35:00.053,BUY,154.54,154.32804285714286,154.98491428571427,0.21895714285714143,0.020999999999986585,2026-09-14 16:56:35.808,154.98491428571427,WIN,2.0,141.6,TICK_FEED
USDJPY,2026-09-14 14:45:00.011,BUY,154.548,154.32504285714288,154.98191428571428,0.21895714285714143,0.021000000000015007,2026-09-14 16:55:35.085,154.98191428571428,WIN,2.0,130.6,TICK_FEED
EURUSD,2026-07-03 03:50:01.081,BUY,1.14245,1.1413224285714285,1.1455151428571428,0.0013975714285714344,0.00012999999999996348,2026-07-03 09:15:50.180,1.1455151428571428,WIN,2.0,325.8,TICK_FEED
EURUSD,2026-07-03 10:45:01.016,BUY,1.14521,1.1445266428571428,1.1468467142857144,0.0007733571428571704,0.00012999999999996348,2026-07-03 12:45:46.928,1.1445266428571428,LOSS,-1.0,120.8,TICK_FEED
EURUSD,2026-07-03 11:05:00.137,BUY,1.1452499999999999,1.1445863571428572,1.1469372857142857,0.0007836428571428808,0.00012999999999996348,2026-07-03 12:45:13.045,1.1445863571428572,LOSS,-1.0,100.2,TICK_FEED
EURUSD,2026-07-03 11:25:00.576,BUY,1.14518,1.1445263571428572,1.1468772857142857,0.0007836428571428808,0.00013000000000018552,2026-07-03 12:45:46.928,1.1445263571428572,LOSS,-1.0,80.8,TICK_FEED
EURUSD,2026-07-03 13:40:01.196,BUY,1.14475,1.1438680714285714,1.1463038571428572,0.0008119285714285948,0.00012999999999996348,2026-07-03 16:54:14.044,1.1438680714285714,LOSS,-1.0,194.2,TICK_FEED
EURUSD,2026-07-06 01:05:02.916,SELL,1.14359,1.1441945714285713,1.142080857142857,0.000704571428571448,0.00012999999999996348,2026-07-06 09:36:49.937,1.142080857142857,WIN,2.0,511.8,TICK_FEED
EURUSD,2026-07-06 11:00:00.132,SELL,1.14261,1.1429657142857141,1.1409985714285713,0.0006557142857142849,0.00013000000000018552,2026-07-06 16:57:21.765,1.1409985714285713,WIN,2.0,357.4,TICK_FEED
EURUSD,2026-07-06 13:25:00.448,SELL,1.1419,1.142263142857143,1.1400337142857144,0.0007431428571428724,0.00013000000000018552,2026-07-06 16:22:05.769,1.142263142857143,LOSS,-1.0,177.1,TICK_FEED
EURUSD,2026-07-06 14:00:00.147,SELL,1.14191,1.1424811428571429,1.1401977142857143,0.0007611428571428618,0.00012999999999996348,2026-07-06 18:46:29.513,1.1424811428571429,LOSS,-1.0,286.5,TICK_FEED
EURUSD,2026-07-06 14:15:00.419,SELL,1.14181,1.1424111428571428,1.1401277142857142,0.0007611428571428618,0.00012999999999996348,2026-07-06 18:44:39.808,1.1424111428571428,LOSS,-1.0,269.7,TICK_FEED
EURUSD,2026-07-06 16:40:00.023,SELL,1.14181,1.1424635714285714,1.140052857142857,0.0008035714285714257,0.00012999999999996348,2026-07-06 18:46:29.513,1.1424635714285714,LOSS,-1.0,126.5,TICK_FEED
EURUSD,2026-07-06 17:20:00.394,SELL,1.14173,1.142423357142857,1.1398332857142857,0.0008633571428571463,0.00013000000000018552,2026-07-06 18:44:41.670,1.142423357142857,LOSS,-1.0,84.7,TICK_FEED
EURUSD,2026-07-06 18:15:00.547,SELL,1.14162,1.1424068571428572,1.1397762857142857,0.000876857142857149,0.00012999999999996348,2026-07-06 18:44:39.658,1.1424068571428572,LOSS,-1.0,29.7,TICK_FEED
EURUSD,2026-07-07 06:15:01.543,BUY,1.14414,1.143426,1.145478,0.0006839999999999988,0.00012999999999996348,2026-07-07 08:00:00.692,1.143426,LOSS,-1.0,105.0,TICK_FEED
EURUSD,2026-07-07 14:40:00.748,SELL,1.14355,1.14383,1.14194,0.0006299999999999735,0.00012999999999996348,2026-07-07 15:23:43.155,1.14383,LOSS,-1.0,43.7,TICK_FEED
EURUSD,2026-07-07 16:00:00.090,SELL,1.1436,1.1439205714285714,1.1416988571428572,0.0007405714285714127,0.00012999999999996348,2026-07-07 16:32:34.712,1.1439205714285714,LOSS,-1.0,32.6,TICK_FEED
EURUSD,2026-07-08 13:50:00.235,SELL,1.1411,1.1418744285714284,1.1391011428571427,0.0009244285714285611,0.00012999999999996348,2026-07-08 20:06:33.729,1.1418744285714284,LOSS,-1.0,376.6,TICK_FEED
EURUSD,2026-07-08 17:10:00.165,SELL,1.14084,1.141665357142857,1.1383192857142856,0.0011153571428571412,0.00012999999999996348,2026-07-08 20:02:06.991,1.141665357142857,LOSS,-1.0,172.1,TICK_FEED
EURUSD,2026-07-08 17:30:00.139,SELL,1.14074,1.141525357142857,1.1381792857142856,0.0011153571428571412,0.00012999999999996348,2026-07-08 19:55:43.053,1.141525357142857,LOSS,-1.0,145.7,TICK_FEED
EURUSD,2026-07-09 11:05:00.005,BUY,1.14358,1.1429020714285716,1.1451758571428574,0.000757928571428598,0.00012999999999996348,2026-07-09 11:47:22.597,1.1429020714285716,LOSS,-1.0,42.4,TICK_FEED
EURUSD,2026-07-09 11:15:00.331,BUY,1.14364,1.1429120714285714,1.1451858571428573,0.000757928571428598,0.00012999999999996348,2026-07-09 11:47:17.879,1.1429120714285714,LOSS,-1.0,32.3,TICK_FEED
EURUSD,2026-07-09 18:05:00.180,BUY,1.14317,1.1425794285714286,1.1453411428571427,0.0009205714285714356,0.00012999999999996348,2026-07-09 22:56:04.923,1.1425794285714286,LOSS,-1.0,291.1,TICK_FEED
EURUSD,2026-07-09 18:40:00.141,BUY,1.14341,1.1427594285714286,1.1455211428571428,0.0009205714285714356,0.00012999999999996348,2026-07-09 22:31:16.271,1.1427594285714286,LOSS,-1.0,231.3,TICK_FEED
EURUSD,2026-07-10 16:00:00.123,SELL,1.14286,1.1431622142857143,1.1404255714285714,0.0009122142857142951,0.00012999999999996348,2026-07-10 18:16:06.619,1.1431622142857143,LOSS,-1.0,136.1,TICK_FEED
EURUSD,2026-07-10 19:45:02.165,SELL,1.14341,1.1443805,1.141289,0.0010305000000000136,0.00012999999999996348,2026-07-10 21:43:02.947,1.141289,WIN,2.0,118.0,TICK_FEED
EURUSD,2026-07-13 05:00:00.024,SELL,1.13968,1.140457,1.1371360000000001,0.0011069999999999865,0.00012999999999996348,2026-07-13 07:56:42.524,1.140457,LOSS,-1.0,176.7,TICK_FEED
EURUSD,2026-07-13 05:50:00.221,SELL,1.13965,1.140577,1.137256,0.0011069999999999865,0.00012999999999996348,2026-07-13 07:58:40.222,1.140577,LOSS,-1.0,128.7,TICK_FEED
EURUSD,2026-07-14 03:15:00.055,SELL,1.13842,1.1387575,1.136125,0.0008774999999999961,0.00012999999999996348,2026-07-14 03:44:54.543,1.1387575,LOSS,-1.0,29.9,TICK_FEED
EURUSD,2026-07-16 01:00:00.057,BUY,1.14661,1.145444,1.148792,0.001116000000000017,0.0005199999999998539,2026-07-16 15:37:15.959,1.145444,LOSS,-1.0,877.3,TICK_FEED
EURUSD,2026-07-16 03:55:00.001,BUY,1.147,1.1462535714285715,1.1495128571428572,0.0010864285714285802,0.00012000000000012001,2026-07-16 05:11:32.632,1.1462535714285715,LOSS,-1.0,76.5,TICK_FEED
EURUSD,2026-07-17 14:45:00.243,SELL,1.14329,1.1437350714285714,1.1417698571428572,0.0006550714285714378,0.00012999999999996348,2026-07-17 16:53:31.313,1.1437350714285714,LOSS,-1.0,128.5,TICK_FEED
EURUSD,2026-07-17 15:15:00.446,SELL,1.14322,1.143841642857143,1.1417067142857142,0.0007116428571428802,0.00013000000000018552,2026-07-17 17:16:08.749,1.143841642857143,LOSS,-1.0,121.1,TICK_FEED
EURUSD,2026-07-17 18:40:00.111,SELL,1.14397,1.1445237142857143,1.1419625714285713,0.0008537142857142974,0.00012999999999996348,2026-07-17 23:59:59.029,1.14405,TIMEOUT,-0.09,320.0,TICK_FEED
EURUSD,2026-07-20 14:50:00.134,SELL,1.14335,1.143920142857143,1.1418797142857142,0.0006801428571429306,0.00012999999999996348,2026-07-20 15:20:37.990,1.1418797142857142,WIN,2.0,30.6,TICK_FEED
EURUSD,2026-07-21 14:35:03.212,BUY,1.14208,1.1416545714285713,1.143320857142857,0.0005554285714285845,0.00012999999999996348,2026-07-21 15:04:43.819,1.1416545714285713,LOSS,-1.0,29.7,TICK_FEED
EURUSD,2026-07-21 17:20:00.639,SELL,1.14145,1.1419412142857142,1.1399875714285712,0.0006512142857142983,0.00012999999999996348,2026-07-21 21:20:15.858,1.1399875714285712,WIN,2.0,240.3,TICK_FEED
EURUSD,2026-07-22 18:20:00.107,BUY,1.14101,1.1404262142857142,1.1426575714285714,0.0007437857142857338,0.00012999999999996348,2026-07-23 05:46:45.818,1.1426575714285714,WIN,2.0,686.8,TICK_FEED
EURUSD,2026-07-22 19:20:00.410,BUY,1.14086,1.1402958571428572,1.1424982857142858,0.0007341428571428705,0.00012999999999996348,2026-07-23 05:42:53.236,1.1424982857142858,WIN,2.0,622.9,TICK_FEED
EURUSD,2026-07-23 09:00:00.146,BUY,1.14306,1.1425211428571427,1.1440177142857142,0.0004988571428571565,0.00012999999999996348,2026-07-23 09:35:42.565,1.1425211428571427,LOSS,-1.0,35.7,TICK_FEED
EURUSD,2026-07-23 09:10:00.113,BUY,1.14297,1.1426011428571428,1.1440977142857143,0.0004988571428571565,0.00012999999999996348,2026-07-23 09:32:24.153,1.1426011428571428,LOSS,-1.0,22.4,TICK_FEED
EURUSD,2026-07-23 20:25:00.415,SELL,1.13763,1.1386039285714287,1.1354121428571426,0.0010639285714286184,0.00013000000000018552,2026-07-24 04:01:03.103,1.1386039285714287,LOSS,-1.0,456.0,TICK_FEED
EURUSD,2026-07-24 17:10:00.153,SELL,1.13727,1.1379827857142857,1.1354544285714285,0.0008427857142857256,0.00012999999999996348,2026-07-24 17:56:45.027,1.1379827857142857,LOSS,-1.0,46.7,TICK_FEED
EURUSD,2026-07-27 10:10:00.676,BUY,1.14069,1.1400695,1.1426209999999999,0.0008504999999999763,0.00012999999999996348,2026-07-27 10:47:47.132,1.1400695,LOSS,-1.0,37.8,TICK_FEED
EURUSD,2026-07-28 10:00:00.240,SELL,1.1368,1.1373114285714285,1.1355371428571428,0.0005914285714285206,0.00011999999999989797,2026-07-28 10:10:00.855,1.1373114285714285,LOSS,-1.0,10.0,TICK_FEED
EURUSD,2026-07-28 10:40:15.171,SELL,1.13702,1.1374414285714285,1.1356671428571428,0.0005914285714285206,0.00013000000000018552,2026-07-28 13:00:22.874,1.1356671428571428,WIN,2.0,140.1,TICK_FEED
EURUSD,2026-07-28 12:05:00.885,SELL,1.13708,1.137383357142857,1.1356032857142857,0.0005933571428571189,0.00012999999999996348,2026-07-28 13:00:54.659,1.1356032857142857,WIN,2.0,55.9,TICK_FEED
EURUSD,2026-07-28 14:45:00.054,SELL,1.13629,1.1368059285714285,1.1347481428571429,0.0006859285714285544,0.00012999999999996348,2026-07-28 14:56:12.551,1.1368059285714285,LOSS,-1.0,11.2,TICK_FEED
EURUSD,2026-07-28 15:25:01.234,SELL,1.13633,1.1369564285714286,1.134777142857143,0.0007264285714285628,0.00012999999999996348,2026-07-28 16:03:20.097,1.1369564285714286,LOSS,-1.0,38.3,TICK_FEED
EURUSD,2026-07-29 10:05:00.164,BUY,1.13946,1.1389142142857145,1.1408215714285714,0.0006357857142856828,0.00012999999999996348,2026-07-29 13:17:26.378,1.1389142142857145,LOSS,-1.0,192.4,TICK_FEED
EURUSD,2026-07-29 10:15:00.410,BUY,1.13946,1.1388642142857144,1.1407715714285713,0.0006357857142856828,0.00012999999999996348,2026-07-29 13:17:42.892,1.1388642142857144,LOSS,-1.0,182.7,TICK_FEED
EURUSD,2026-07-29 12:45:00.634,BUY,1.13954,1.1388736428571429,1.1408427142857143,0.0006563571428571319,0.00012999999999996348,2026-07-29 13:17:35.441,1.1388736428571429,LOSS,-1.0,32.6,TICK_FEED
EURUSD,2026-07-30 14:50:02.134,BUY,1.14695,1.1461781428571427,1.1492137142857142,0.0010118571428571485,0.00012999999999996348,2026-07-30 16:38:19.659,1.1492137142857142,WIN,2.0,108.3,TICK_FEED
EURUSD,2026-07-30 16:15:00.063,BUY,1.14731,1.1462955000000001,1.1495490000000002,0.0010845000000000106,0.00012999999999996348,2026-07-30 16:42:26.828,1.1495490000000002,WIN,2.0,27.4,TICK_FEED
EURUSD,2026-07-31 16:30:00.084,SELL,1.14996,1.1499819285714286,1.1467361428571428,0.0010819285714285937,0.00012999999999996348,2026-07-31 16:30:00.084,1.1499819285714286,LOSS,-1.0,0.0,TICK_FEED
EURUSD,2026-08-03 22:55:00.139,SELL,1.15112,1.1519645714285713,1.1490408571428572,0.0009745714285714041,0.00013000000000018552,2026-08-04 14:21:26.397,1.1519645714285713,LOSS,-1.0,926.4,TICK_FEED
EURUSD,2026-08-04 05:20:00.010,SELL,1.15114,1.1516919285714284,1.1492561428571428,0.0008119285714285662,0.00012999999999996348,2026-08-04 10:24:52.634,1.1516919285714284,LOSS,-1.0,304.9,TICK_FEED
EURUSD,2026-08-04 13:15:00.996,SELL,1.15095,1.1514199999999999,1.14953,0.0006299999999999735,0.00012999999999996348,2026-08-04 13:44:31.125,1.1514199999999999,LOSS,-1.0,29.5,TICK_FEED
EURUSD,2026-08-04 18:35:01.460,BUY,1.15177,1.1511711428571427,1.153747714285714,0.0008588571428571025,0.00012999999999996348,2026-08-05 05:41:03.223,1.153747714285714,WIN,2.0,666.0,TICK_FEED
EURUSD,2026-08-05 09:35:00.341,BUY,1.15359,1.1533417857142856,1.1551064285714285,0.0005882142857142709,0.00012999999999996348,2026-08-05 10:29:25.035,1.1533417857142856,LOSS,-1.0,54.4,TICK_FEED
EURUSD,2026-08-05 10:55:00.098,BUY,1.15365,1.1531499285714286,1.154980142857143,0.0006100714285714142,0.00013000000000018552,2026-08-05 11:45:21.851,1.1531499285714286,LOSS,-1.0,50.4,TICK_FEED
EURUSD,2026-08-05 11:15:00.222,BUY,1.15375,1.1533477857142858,1.1552744285714287,0.0006422142857142679,0.00012999999999996348,2026-08-05 11:41:39.774,1.1533477857142858,LOSS,-1.0,26.7,TICK_FEED
EURUSD,2026-08-05 12:05:00.436,BUY,1.1535,1.153053642857143,1.1550227142857143,0.0006563571428571319,0.00012999999999996348,2026-08-05 14:28:18.941,1.1550227142857143,WIN,2.0,143.3,TICK_FEED
EURUSD,2026-08-05 16:20:00.316,BUY,1.15479,1.1540952142857142,1.1565695714285713,0.0008247857142857076,0.00012999999999996348,2026-08-05 16:47:30.329,1.1540952142857142,LOSS,-1.0,27.5,TICK_FEED
EURUSD,2026-08-05 19:15:00.584,BUY,1.15475,1.1537087857142856,1.1567424285714285,0.0010112142857142872,0.00011999999999989797,2026-08-06 12:38:14.866,1.1537087857142856,LOSS,-1.0,1043.2,TICK_FEED
EURUSD,2026-08-05 19:25:00.727,BUY,1.15479,1.1536887857142857,1.1567224285714286,0.0010112142857142872,0.00012999999999996348,2026-08-06 12:41:30.306,1.1536887857142857,LOSS,-1.0,1036.5,TICK_FEED
EURUSD,2026-08-05 19:50:01.968,BUY,1.15459,1.1536087857142856,1.1566424285714285,0.0010112142857142872,0.00012999999999996348,2026-08-06 12:45:36.321,1.1536087857142856,LOSS,-1.0,1015.6,TICK_FEED
EURUSD,2026-08-06 15:05:01.499,SELL,1.15428,1.1546555,1.153049,0.0005355000000000252,0.00012999999999996348,2026-08-06 18:12:19.001,1.153049,WIN,2.0,187.3,TICK_FEED
EURUSD,2026-08-07 10:30:00.717,SELL,1.15218,1.1524637142857144,1.1512525714285715,0.0004037142857142898,0.00011999999999989797,2026-08-07 11:44:11.055,1.1524637142857144,LOSS,-1.0,74.2,TICK_FEED
EURUSD,2026-08-07 11:00:00.122,SELL,1.15219,1.1525220714285713,1.151285857142857,0.000412071428571416,0.00012999999999996348,2026-08-07 11:45:12.291,1.1525220714285713,LOSS,-1.0,45.2,TICK_FEED
EURUSD,2026-08-07 17:15:00.563,BUY,1.15584,1.1553692857142857,1.1580114285714285,0.0008807142857142743,0.00012999999999996348,2026-08-07 17:43:39.304,1.1553692857142857,LOSS,-1.0,28.6,TICK_FEED
EURUSD,2026-08-07 18:10:01.316,BUY,1.15573,1.1551004285714286,1.1578891428571427,0.0009295714285714091,0.00012999999999996348,2026-08-07 23:59:59.512,1.15557,TIMEOUT,-0.17,350.0,TICK_FEED
EURUSD,2026-08-07 18:35:00.407,BUY,1.15562,1.1549104285714287,1.1576991428571428,0.0009295714285714091,0.00013000000000018552,2026-08-07 23:59:59.512,1.15557,TIMEOUT,-0.05,325.0,TICK_FEED
EURUSD,2026-08-11 11:50:00.174,SELL,1.15366,1.1539837142857141,1.1525025714285713,0.0004937142857142798,0.00013000000000018552,2026-08-11 14:01:09.384,1.1539837142857141,LOSS,-1.0,131.2,TICK_FEED
EURUSD,2026-08-12 11:30:00.067,SELL,1.15373,1.154009,1.152902,0.0003689999999999765,0.00012999999999996348,2026-08-12 11:43:18.618,1.154009,LOSS,-1.0,13.3,TICK_FEED
EURUSD,2026-08-12 11:55:06.537,SELL,1.1537600000000001,1.154049,1.1529420000000001,0.0003689999999999765,0.00012999999999996348,2026-08-12 12:11:57.408,1.154049,LOSS,-1.0,16.8,TICK_FEED
EURUSD,2026-08-12 12:40:00.273,SELL,1.154,1.1541619285714284,1.1530761428571428,0.0003619285714285444,0.00012999999999996348,2026-08-12 12:40:07.202,1.1541619285714284,LOSS,-1.0,0.1,TICK_FEED
EURUSD,2026-08-12 16:50:00.206,BUY,1.15503,1.1544215,1.156487,0.0006884999999999999,0.00012999999999996348,2026-08-12 17:31:10.063,1.1544215,LOSS,-1.0,41.2,TICK_FEED
EURUSD,2026-08-13 17:05:00.321,BUY,1.1534,1.152750857142857,1.1550882857142857,0.0007791428571428656,0.00012999999999996348,2026-08-13 19:14:14.212,1.152750857142857,LOSS,-1.0,129.2,TICK_FEED
EURUSD,2026-08-14 12:50:00.067,BUY,1.1553,1.154841,1.156218,0.00045899999999999516,0.00012999999999996348,2026-08-14 14:21:05.769,1.156218,WIN,2.0,91.1,TICK_FEED
EURUSD,2026-08-14 13:05:00.242,BUY,1.15531,1.1548307142857144,1.1562385714285714,0.00046928571428571966,0.00012999999999996348,2026-08-14 14:21:06.101,1.1562385714285714,WIN,2.0,76.1,TICK_FEED
EURUSD,2026-08-14 16:20:00.409,BUY,1.15639,1.156002857142857,1.1578542857142857,0.0006171428571428606,0.00012999999999996348,2026-08-14 16:38:39.741,1.1578542857142857,WIN,2.0,18.7,TICK_FEED
EURUSD,2026-08-17 09:25:00.109,BUY,1.15859,1.158599142857143,1.1603117142857142,0.0005708571428571143,0.00012999999999996348,2026-08-17 09:25:00.109,1.158599142857143,LOSS,-1.0,0.0,TICK_FEED
EURUSD,2026-08-17 14:55:00.094,BUY,1.15922,1.1583844285714286,1.1607411428571428,0.0007855714285713935,0.00012999999999996348,2026-08-17 18:05:32.909,1.1583844285714286,LOSS,-1.0,190.5,TICK_FEED
EURUSD,2026-08-18 09:00:00.065,SELL,1.15725,1.157337642857143,1.1556347142857144,0.0005676428571428646,0.00013000000000018552,2026-08-18 09:00:00.065,1.157337642857143,LOSS,-1.0,0.0,TICK_FEED
EURUSD,2026-08-18 11:00:00.268,SELL,1.15734,1.1577580714285713,1.156143857142857,0.0005380714285714563,0.00012999999999996348,2026-08-18 11:55:53.840,1.1577580714285713,LOSS,-1.0,55.9,TICK_FEED
EURUSD,2026-08-18 13:10:02.226,SELL,1.15766,1.1579574285714287,1.156345142857143,0.000537428571428595,0.00013000000000018552,2026-08-18 15:04:20.037,1.1579574285714287,LOSS,-1.0,114.3,TICK_FEED
EURUSD,2026-08-19 12:00:00.099,BUY,1.15989,1.1593602142857142,1.1611595714285714,0.0005997857142857324,0.00013000000000018552,2026-08-19 15:33:50.168,1.1611595714285714,WIN,2.0,213.8,TICK_FEED
EURUSD,2026-08-19 15:05:00.246,BUY,1.16039,1.159755,1.16178,0.000674999999999997,0.00012999999999996348,2026-08-19 15:34:42.061,1.16178,WIN,2.0,29.7,TICK_FEED
EURUSD,2026-08-19 18:30:00.088,BUY,1.16611,1.1651689285714286,1.1685921428571429,0.0011410714285714242,0.00012999999999996348,2026-08-20 09:45:46.595,1.1685921428571429,WIN,2.0,915.8,TICK_FEED
EURUSD,2026-08-19 18:55:00.399,BUY,1.16624,1.1651789285714287,1.168602142857143,0.0011410714285714242,0.00012999999999996348,2026-08-20 09:45:47.374,1.168602142857143,WIN,2.0,890.8,TICK_FEED
EURUSD,2026-08-20 15:40:00.208,BUY,1.16839,1.1677835,1.170713,0.0009764999999999881,0.00012999999999996348,2026-08-20 16:47:21.895,1.1677835,LOSS,-1.0,67.4,TICK_FEED
EURUSD,2026-08-20 15:55:00.160,BUY,1.16856,1.1678335,1.1707629999999998,0.0009764999999999881,0.00012999999999996348,2026-08-20 16:47:15.688,1.1678335,LOSS,-1.0,52.3,TICK_FEED
EURUSD,2026-08-21 01:00:00.066,BUY,1.1679,1.1671062857142858,1.1702074285714286,0.0010337142857142917,0.0004999999999999449,2026-08-21 11:44:09.525,1.1702074285714286,WIN,2.0,644.2,TICK_FEED
EURUSD,2026-08-21 07:05:01.019,BUY,1.16948,1.1685944285714287,1.1709511428571429,0.0007855714285714364,0.00012000000000012001,2026-08-21 12:09:50.533,1.1709511428571429,WIN,2.0,304.8,TICK_FEED
EURUSD,2026-08-21 11:10:00.147,BUY,1.16931,1.1687085714285714,1.1707528571428572,0.0006814285714285964,0.00013000000000018552,2026-08-21 12:07:32.487,1.1707528571428572,WIN,2.0,57.5,TICK_FEED
EURUSD,2026-08-21 14:15:00.380,BUY,1.17048,1.169523357142857,1.1720632857142856,0.0008466428571428796,0.00012999999999996348,2026-08-21 15:16:11.500,1.169523357142857,LOSS,-1.0,61.2,TICK_FEED
EURUSD,2026-08-21 20:00:00.653,SELL,1.16811,1.168999142857143,1.1658517142857143,0.0010491428571428644,0.00012999999999996348,2026-08-21 23:59:59.134,1.1679599999999999,TIMEOUT,0.14,240.0,TICK_FEED
EURUSD,2026-08-24 08:10:01.031,SELL,1.16804,1.1685620714285714,1.166785857142857,0.0005920714285714391,0.00012999999999996348,2026-08-24 10:43:40.636,1.166785857142857,WIN,2.0,153.7,TICK_FEED
EURUSD,2026-08-24 16:35:00.065,SELL,1.16708,1.1676419285714286,1.1654761428571427,0.0007219285714286048,0.00013000000000018552,2026-08-25 08:50:09.872,1.1654761428571427,WIN,2.0,975.2,TICK_FEED
EURUSD,2026-08-26 15:30:00.166,SELL,1.16693,1.1670067857142856,1.1653964285714284,0.000536785714285748,0.0005699999999999594,2026-08-26 15:30:00.166,1.1670067857142856,LOSS,-1.0,0.0,TICK_FEED
EURUSD,2026-08-26 18:50:01.449,SELL,1.16529,1.1656917142857144,1.1636165714285713,0.0006917142857143352,0.00012000000000012001,2026-08-27 00:34:03.855,1.1656917142857144,LOSS,-1.0,344.0,TICK_FEED
EURUSD,2026-08-27 13:30:00.063,SELL,1.16453,1.1647117142857144,1.1634465714285716,0.0004217142857142507,0.00012999999999996348,2026-08-27 16:08:01.086,1.1647117142857144,LOSS,-1.0,158.0,TICK_FEED
EURUSD,2026-08-27 15:25:00.175,SELL,1.16434,1.1645582857142858,1.1631234285714287,0.00047828571428567873,0.00013000000000018552,2026-08-27 15:27:13.000,1.1645582857142858,LOSS,-1.0,2.2,TICK_FEED
EURUSD,2026-08-27 15:50:01.132,SELL,1.16414,1.1645582857142858,1.1631234285714287,0.00047828571428567873,0.00012999999999996348,2026-08-27 16:03:29.452,1.1645582857142858,LOSS,-1.0,13.5,TICK_FEED
EURUSD,2026-08-27 17:20:00.483,SELL,1.16523,1.1654642857142856,1.1636514285714286,0.0006042857142856764,0.00012000000000012001,2026-08-27 17:39:43.410,1.1654642857142856,LOSS,-1.0,19.7,TICK_FEED
EURUSD,2026-08-27 17:45:00.132,SELL,1.16505,1.1655342857142856,1.1637214285714286,0.0006042857142856764,0.00012999999999996348,2026-08-27 18:56:56.719,1.1655342857142856,LOSS,-1.0,71.9,TICK_FEED
EURUSD,2026-08-27 18:45:00.508,SELL,1.16497,1.1656140714285714,1.1636218571428572,0.0006640714285713969,0.00012999999999996348,2026-08-28 00:24:20.365,1.1656140714285714,LOSS,-1.0,339.3,TICK_FEED
EURUSD,2026-08-27 19:05:00.160,SELL,1.16509,1.1656645714285714,1.1635508571428572,0.0007045714285714052,0.00012999999999996348,2026-08-28 00:27:00.574,1.1656645714285714,LOSS,-1.0,322.0,TICK_FEED
EURUSD,2026-08-28 11:15:00.195,SELL,1.1645699999999999,1.1648417857142856,1.1636364285714285,0.0004017857142857343,0.00013000000000018552,2026-08-28 13:56:29.498,1.1648417857142856,LOSS,-1.0,161.5,TICK_FEED
EURUSD,2026-08-28 14:45:02.391,SELL,1.1647,1.164987,1.1635559999999998,0.00047700000000001317,0.00012999999999996348,2026-08-28 15:57:31.449,1.164987,LOSS,-1.0,72.5,TICK_FEED
EURUSD,2026-08-28 16:10:00.060,SELL,1.16466,1.1648797857142856,1.1633504285714285,0.0005097857142857281,0.00012999999999996348,2026-08-28 17:00:16.160,1.1648797857142856,LOSS,-1.0,50.3,TICK_FEED
EURUSD,2026-09-01 12:50:00.018,SELL,1.15973,1.1600382142857144,1.1582735714285715,0.0005882142857142851,0.00013000000000018552,2026-09-01 16:40:20.349,1.1600382142857144,LOSS,-1.0,230.3,TICK_FEED
EURUSD,2026-09-01 17:45:00.635,SELL,1.1599599999999999,1.1605187142857143,1.1583625714285715,0.0007187142857142694,0.00013000000000018552,2026-09-02 04:03:02.855,1.1583625714285715,WIN,2.0,618.0,TICK_FEED
EURUSD,2026-09-02 11:50:00.107,SELL,1.15792,1.1583325,1.156375,0.0006525000000000067,0.00012999999999996348,2026-09-02 15:20:50.143,1.1583325,LOSS,-1.0,210.8,TICK_FEED
EURUSD,2026-09-02 15:40:00.175,SELL,1.15777,1.1583061428571428,1.1561577142857142,0.0007161428571428525,0.00012999999999996348,2026-09-02 15:47:58.157,1.1583061428571428,LOSS,-1.0,8.0,TICK_FEED
EURUSD,2026-09-02 18:25:00.252,BUY,1.1592500000000001,1.1584447857142857,1.1613704285714286,0.0009752142857143082,0.00013000000000018552,2026-09-02 20:18:21.816,1.1584447857142857,LOSS,-1.0,113.4,TICK_FEED
EURUSD,2026-09-02 18:55:00.143,BUY,1.15909,1.1581647857142858,1.1610904285714287,0.0009752142857143082,0.00012999999999996348,2026-09-03 10:02:29.705,1.1610904285714287,WIN,2.0,907.5,TICK_FEED
EURUSD,2026-09-03 04:25:00.034,BUY,1.15888,1.1583284999999999,1.160583,0.0007515000000000129,0.00012999999999996348,2026-09-03 09:33:17.598,1.160583,WIN,2.0,308.3,TICK_FEED
EURUSD,2026-09-03 11:05:00.783,BUY,1.16046,1.159926,1.161708,0.0005939999999999946,0.00012999999999996348,2026-09-03 11:14:01.962,1.159926,LOSS,-1.0,9.0,TICK_FEED
EURUSD,2026-09-03 11:25:00.258,BUY,1.16027,1.159796,1.161578,0.0005939999999999946,0.00012999999999996348,2026-09-03 13:33:11.235,1.159796,LOSS,-1.0,128.2,TICK_FEED
EURUSD,2026-09-03 11:35:00.994,BUY,1.16037,1.159766,1.161548,0.0005939999999999946,0.00012999999999996348,2026-09-03 13:33:11.235,1.159766,LOSS,-1.0,118.2,TICK_FEED
EURUSD,2026-09-03 12:45:00.090,BUY,1.16051,1.1598442142857142,1.1617515714285713,0.0006357857142857113,0.00012999999999996348,2026-09-03 13:32:42.107,1.1598442142857142,LOSS,-1.0,47.7,TICK_FEED
EURUSD,2026-09-03 13:50:00.704,BUY,1.16012,1.159495,1.1615199999999999,0.000674999999999997,0.00012999999999996348,2026-09-03 15:07:12.237,1.1615199999999999,WIN,2.0,77.2,TICK_FEED
EURUSD,2026-09-03 15:30:00.095,BUY,1.16129,1.1612176428571428,1.1635647142857142,0.0007823571428571438,0.0005100000000000104,2026-09-03 15:30:00.095,1.1612176428571428,LOSS,-1.0,0.0,TICK_FEED
EURUSD,2026-09-04 16:55:00.046,SELL,1.16143,1.1617382142857144,1.1594335714285715,0.0007682142857142796,0.00012999999999996348,2026-09-04 17:20:02.197,1.1617382142857144,LOSS,-1.0,25.0,TICK_FEED
EURUSD,2026-09-04 18:55:00.080,SELL,1.16181,1.1626688571428572,1.159822285714286,0.0009488571428571354,0.00012999999999996348,2026-09-04 23:59:59.461,1.16153,TIMEOUT,0.3,305.0,TICK_FEED
EURUSD,2026-09-07 12:25:01.310,BUY,1.16231,1.1617238571428572,1.1636022857142858,0.000626142857142891,0.00012999999999996348,2026-09-08 10:12:21.179,1.1617238571428572,LOSS,-1.0,1307.3,TICK_FEED
EURUSD,2026-09-07 13:05:00.149,BUY,1.16227,1.1615906428571428,1.1634787142857144,0.0006293571428571692,0.00012999999999996348,2026-09-08 09:05:02.745,1.1634787142857144,WIN,2.0,1200.0,TICK_FEED
EURUSD,2026-09-07 13:15:00.005,BUY,1.1623,1.1617706428571426,1.1636587142857142,0.0006293571428571692,0.00013000000000018552,2026-09-08 10:12:14.647,1.1617706428571426,LOSS,-1.0,1257.2,TICK_FEED
EURUSD,2026-09-07 13:35:00.534,BUY,1.16239,1.1617506428571427,1.1636387142857143,0.0006293571428571692,0.00012999999999996348,2026-09-08 10:12:19.488,1.1617506428571427,LOSS,-1.0,1237.3,TICK_FEED
EURUSD,2026-09-07 19:35:09.638,BUY,1.16286,1.16215,1.16404,0.0006300000000000163,0.00012999999999996348,2026-09-07 22:30:33.736,1.16215,LOSS,-1.0,175.4,TICK_FEED
EURUSD,2026-09-08 00:20:07.807,BUY,1.16241,1.1617361428571429,1.1633677142857142,0.0005438571428571373,0.00021999999999988695,2026-09-08 05:00:33.473,1.1633677142857142,WIN,2.0,280.4,TICK_FEED
EURUSD,2026-09-08 03:25:00.295,BUY,1.16263,1.1622688571428572,1.1634722857142858,0.0004011428571428301,0.00012999999999996348,2026-09-08 06:00:26.060,1.1622688571428572,LOSS,-1.0,155.4,TICK_FEED
EURUSD,2026-09-08 04:05:01.682,BUY,1.16269,1.1623369285714285,1.1635461428571428,0.0004030714285713999,0.00012999999999996348,2026-09-08 05:35:21.877,1.1623369285714285,LOSS,-1.0,90.3,TICK_FEED
EURUSD,2026-09-09 10:35:00.374,BUY,1.16393,1.1636742142857144,1.1650415714285716,0.0004557857142857169,0.00012999999999996348,2026-09-09 11:09:24.629,1.1636742142857144,LOSS,-1.0,34.4,TICK_FEED
EURUSD,2026-09-09 15:55:00.050,BUY,1.16446,1.1638950714285714,1.1659798571428572,0.0006949285714285991,0.00012999999999996348,2026-09-09 18:03:17.561,1.1638950714285714,LOSS,-1.0,128.3,TICK_FEED
EURUSD,2026-09-11 07:45:00.052,SELL,1.16056,1.1610938571428573,1.1591922857142858,0.0006338571428571416,0.00012999999999996348,2026-09-11 08:19:05.823,1.1610938571428573,LOSS,-1.0,34.1,TICK_FEED
EURUSD,2026-09-11 09:30:00.112,SELL,1.16105,1.1614859999999998,1.1597579999999998,0.0005760000000000051,0.00012999999999996348,2026-09-11 12:10:20.718,1.1597579999999998,WIN,2.0,160.3,TICK_FEED
EURUSD,2026-09-11 09:45:00.090,SELL,1.16095,1.1614859999999998,1.1597579999999998,0.0005760000000000051,0.00013000000000018552,2026-09-11 12:10:20.718,1.1597579999999998,WIN,2.0,145.3,TICK_FEED
EURUSD,2026-09-11 09:55:00.102,SELL,1.16113,1.161506,1.159778,0.0005760000000000051,0.00012999999999996348,2026-09-11 12:10:20.597,1.159778,WIN,2.0,135.3,TICK_FEED
GBPNZD,2026-07-03 12:05:00.000,SELL,2.33672,2.3383705714285714,2.332368857142857,0.0020005714285714882,0.00027,2026-07-03 13:48:00.000,2.3383705714285714,LOSS,-1.0,103.0,M1_SPREAD_SIM
GBPNZD,2026-07-06 08:15:00.122,BUY,2.34534,2.3433990000000002,2.349582,0.00206099999999997,0.0003500000000000725,2026-07-06 15:44:08.778,2.349582,WIN,2.0,449.1,TICK_FEED
GBPNZD,2026-07-07 16:15:00.004,BUY,2.35135,2.349383142857143,2.3552537142857144,0.001956857142857173,0.0002900000000001235,2026-07-08 00:14:20.334,2.349383142857143,LOSS,-1.0,479.3,TICK_FEED
GBPNZD,2026-07-07 16:30:00.038,BUY,2.35121,2.349423142857143,2.355293714285714,0.001956857142857173,0.0003700000000002035,2026-07-08 00:14:20.334,2.349423142857143,LOSS,-1.0,464.3,TICK_FEED
GBPNZD,2026-07-07 16:45:00.314,BUY,2.3513,2.349593142857143,2.3554637142857144,0.001956857142857173,0.000280000000000058,2026-07-08 00:14:20.334,2.349593142857143,LOSS,-1.0,449.3,TICK_FEED
GBPNZD,2026-07-07 16:55:00.068,BUY,2.3511,2.349263142857143,2.3551337142857145,0.001956857142857173,0.0003700000000002035,2026-07-08 00:14:20.334,2.349263142857143,LOSS,-1.0,439.3,TICK_FEED
GBPNZD,2026-07-08 10:30:00.011,SELL,2.33976,2.3411842857142857,2.3326214285714286,0.002854285714285714,0.0003599999999996939,2026-07-08 11:16:53.860,2.3411842857142857,LOSS,-1.0,46.9,TICK_FEED
GBPNZD,2026-07-14 01:30:00.380,SELL,2.31974,2.3213111428571427,2.3141677142857144,0.0023811428571428117,0.00025999999999992696,2026-07-14 03:33:27.110,2.3141677142857144,WIN,2.0,123.4,TICK_FEED
GBPNZD,2026-07-14 17:20:00.024,SELL,2.30371,2.3064622857142854,2.2962254285714283,0.003412285714285658,0.00030999999999981043,2026-07-15 00:30:59.134,2.3064622857142854,LOSS,-1.0,431.0,TICK_FEED
GBPNZD,2026-07-14 18:00:00.009,SELL,2.30429,2.3063775714285715,2.2967848571428573,0.0031975714285713648,0.00026999999999999247,2026-07-15 00:30:40.069,2.3063775714285715,LOSS,-1.0,390.7,TICK_FEED
GBPNZD,2026-07-15 21:55:00.099,BUY,2.31293,2.3097335,2.319683,0.003316499999999973,0.0003100000000002545,2026-07-16 11:04:58.223,2.3097335,LOSS,-1.0,790.0,TICK_FEED
GBPNZD,2026-07-16 16:10:00.309,SELL,2.30861,2.310168571428571,2.303032857142857,0.002378571428571452,0.00026999999999999247,2026-07-16 16:55:22.136,2.310168571428571,LOSS,-1.0,45.4,TICK_FEED
GBPNZD,2026-07-16 17:15:00.025,SELL,2.30915,2.3104370000000003,2.3030660000000003,0.002457000000000024,0.00025000000000030553,2026-07-17 00:10:36.180,2.3104370000000003,LOSS,-1.0,415.6,TICK_FEED
GBPNZD,2026-07-17 02:35:06.754,SELL,2.30675,2.3086499285714286,2.302380142857143,0.0020899285714285885,0.00041000000000002146,2026-07-17 13:39:39.177,2.302380142857143,WIN,2.0,664.5,TICK_FEED
GBPNZD,2026-07-17 06:15:00.132,SELL,2.30667,2.3077530714285714,2.3022238571428573,0.0018430714285713982,0.00026999999999999247,2026-07-17 13:41:32.676,2.3022238571428573,WIN,2.0,446.5,TICK_FEED
GBPNZD,2026-07-17 12:20:00.035,SELL,2.3055,2.306364214285714,2.3007115714285713,0.0018842142857142398,0.0003100000000002545,2026-07-17 12:52:25.548,2.306364214285714,LOSS,-1.0,32.4,TICK_FEED
GBPNZD,2026-07-17 12:50:00.209,SELL,2.30554,2.307084214285714,2.3014315714285716,0.0018842142857142398,0.0002899999999996794,2026-07-17 17:56:07.602,2.3014315714285716,WIN,2.0,306.1,TICK_FEED
GBPNZD,2026-07-17 14:45:00.133,SELL,2.30405,2.3059,2.29942,0.0021599999999999337,0.0003500000000000725,2026-07-17 15:52:34.596,2.3059,LOSS,-1.0,67.6,TICK_FEED
GBPNZD,2026-07-17 15:20:00.027,SELL,2.30431,2.3060105714285712,2.299468857142857,0.0021805714285713543,0.0002899999999996794,2026-07-17 15:52:47.771,2.3060105714285712,LOSS,-1.0,32.8,TICK_FEED
GBPNZD,2026-07-17 20:25:00.318,SELL,2.30177,2.303951142857143,2.2962677142857144,0.002561142857142821,0.0002900000000001235,2026-07-17 23:08:05.230,2.303951142857143,LOSS,-1.0,163.1,TICK_FEED
GBPNZD,2026-07-17 20:45:00.062,SELL,2.30164,2.303901142857143,2.2962177142857145,0.002561142857142821,0.000300000000000189,2026-07-17 23:08:05.106,2.303901142857143,LOSS,-1.0,143.1,TICK_FEED
GBPNZD,2026-07-17 21:05:00.561,SELL,2.30194,2.3040594999999997,2.296621,0.0024794999999999423,0.000280000000000058,2026-07-17 23:08:07.404,2.3040594999999997,LOSS,-1.0,123.1,TICK_FEED
GBPNZD,2026-07-20 09:45:00.020,SELL,2.3017,2.3028340714285713,2.2962518571428574,0.0021940714285713855,0.0002900000000001235,2026-07-20 18:23:25.430,2.2962518571428574,WIN,2.0,518.4,TICK_FEED
GBPNZD,2026-07-20 12:10:00.132,SELL,2.30031,2.3023854285714287,2.295589142857143,0.002265428571428539,0.00034000000000000696,2026-07-20 13:04:14.404,2.3023854285714287,LOSS,-1.0,54.2,TICK_FEED
GBPNZD,2026-07-20 18:00:00.013,SELL,2.29937,2.299551071428571,2.293157857142857,0.002131071428571401,0.0002899999999996794,2026-07-20 18:00:00.013,2.299551071428571,LOSS,-1.0,0.0,TICK_FEED
GBPNZD,2026-07-21 01:40:00.255,SELL,2.29982,2.300773642857143,2.2938327142857142,0.0023136428571428834,0.000300000000000189,2026-07-21 01:43:32.170,2.300773642857143,LOSS,-1.0,3.5,TICK_FEED
GBPNZD,2026-07-21 06:35:00.128,SELL,2.29087,2.2934129285714286,2.285064142857143,0.002782928571428589,0.00026999999999999247,2026-07-21 08:59:59.910,2.2934129285714286,LOSS,-1.0,145.0,TICK_FEED
GBPNZD,2026-07-21 06:45:02.217,SELL,2.29081,2.2931529285714287,2.2848041428571433,0.002782928571428589,0.0002900000000001235,2026-07-21 08:33:30.219,2.2931529285714287,LOSS,-1.0,108.5,TICK_FEED
GBPNZD,2026-07-22 09:00:00.237,BUY,2.29884,2.296901142857143,2.302447714285714,0.0018488571428570933,0.002420000000000311,2026-07-22 09:00:00.237,2.296901142857143,LOSS,-1.0,0.0,TICK_FEED
GBPNZD,2026-07-22 10:35:00.016,BUY,2.2986,2.2975983571428573,2.3035132857142857,0.0019716428571428415,0.00031999999999987594,2026-07-22 12:07:14.381,2.2975983571428573,LOSS,-1.0,92.2,TICK_FEED
GBPNZD,2026-07-22 12:35:00.005,BUY,2.29868,2.296509285714286,2.3032014285714286,0.0022307142857142825,0.0002900000000001235,2026-07-23 10:31:00.334,2.3032014285714286,WIN,2.0,1316.0,TICK_FEED
GBPNZD,2026-07-22 13:00:00.063,BUY,2.29875,2.2964127857142858,2.3030644285714286,0.00221721428571428,0.00026999999999999247,2026-07-23 10:30:43.554,2.3030644285714286,WIN,2.0,1290.7,TICK_FEED
GBPNZD,2026-07-23 01:00:00.171,BUY,2.30071,2.298462142857143,2.303495714285714,0.0016778571428571723,0.0030000000000001137,2026-07-23 01:00:00.171,2.298462142857143,LOSS,-1.0,0.0,TICK_FEED
GBPNZD,2026-07-23 07:50:00.404,BUY,2.3008,2.2993615714285713,2.304186857142857,0.0016084285714286026,0.00026999999999999247,2026-07-23 09:17:54.845,2.2993615714285713,LOSS,-1.0,87.9,TICK_FEED
GBPNZD,2026-07-23 17:40:00.167,BUY,2.30786,2.3058949285714285,2.312720142857143,0.002275071428571459,0.0002899999999996794,2026-07-23 18:45:54.462,2.3058949285714285,LOSS,-1.0,65.9,TICK_FEED
GBPNZD,2026-07-23 18:30:00.138,BUY,2.30788,2.3056672857142857,2.312575428571429,0.0023027142857142977,0.00045999999999990493,2026-07-23 18:50:31.618,2.3056672857142857,LOSS,-1.0,20.5,TICK_FEED
GBPNZD,2026-07-23 19:40:00.216,BUY,2.30592,2.304044,2.311172,0.0023759999999999784,0.00030999999999981043,2026-07-24 00:49:56.661,2.304044,LOSS,-1.0,309.9,TICK_FEED
GBPNZD,2026-07-23 20:10:00.043,BUY,2.30654,2.3040322142857144,2.3110155714285714,0.0023277857142856907,0.00030999999999981043,2026-07-24 00:49:56.661,2.3040322142857144,LOSS,-1.0,279.9,TICK_FEED
GBPNZD,2026-07-24 11:25:00.028,SELL,2.30408,2.304506714285714,2.2995965714285713,0.0016367142857142453,0.00025999999999992696,2026-07-24 11:29:50.565,2.304506714285714,LOSS,-1.0,4.8,TICK_FEED
GBPNZD,2026-07-24 14:30:00.074,SELL,2.30208,2.3036535714285713,2.2982728571428575,0.0017935714285713881,0.00024999999999986144,2026-07-24 15:57:30.186,2.3036535714285713,LOSS,-1.0,87.5,TICK_FEED
GBPNZD,2026-07-24 17:00:00.064,SELL,2.30378,2.304992642857143,2.2999147142857144,0.0016926428571428405,0.0010200000000000209,2026-07-24 17:00:00.360,2.304992642857143,LOSS,-1.0,0.0,TICK_FEED
GBPNZD,2026-07-24 17:15:00.208,SELL,2.30336,2.304932642857143,2.2998547142857144,0.0016926428571428405,0.00025999999999992696,2026-07-24 19:27:27.779,2.2998547142857144,WIN,2.0,132.5,TICK_FEED
GBPNZD,2026-07-27 03:00:00.043,SELL,2.3026400000000002,2.3032765714285715,2.2958168571428574,0.0024865714285714456,0.00032999999999994145,2026-07-27 05:03:53.159,2.3032765714285715,LOSS,-1.0,123.9,TICK_FEED
GBPNZD,2026-07-29 17:05:00.049,BUY,2.29809,2.2967750000000002,2.30312,0.0021149999999999524,0.00027000000000043656,2026-07-29 18:30:29.332,2.30312,WIN,2.0,85.5,TICK_FEED
GBPNZD,2026-07-30 00:50:00.621,BUY,2.30959,2.3002442142857147,2.3094415714285716,0.0030657857142856724,0.00749999999999984,2026-07-30 04:29:42.219,2.3002442142857147,LOSS,-1.0,219.7,TICK_FEED
GBPNZD,2026-07-30 18:35:00.032,SELL,2.29096,2.293203214285714,2.2837435714285714,0.0031532142857143026,0.0003500000000000725,2026-07-31 00:06:05.764,2.293203214285714,LOSS,-1.0,331.1,TICK_FEED
GBPNZD,2026-07-30 18:45:00.075,SELL,2.29038,2.293183214285714,2.2837235714285713,0.0031532142857143026,0.000280000000000058,2026-07-31 00:06:05.764,2.293183214285714,LOSS,-1.0,321.1,TICK_FEED
GBPNZD,2026-07-30 19:20:00.163,SELL,2.2909100000000002,2.293329571428571,2.284060857142857,0.003089571428571428,0.0002899999999996794,2026-07-31 00:08:09.807,2.293329571428571,LOSS,-1.0,288.2,TICK_FEED
GBPNZD,2026-07-31 12:55:00.194,SELL,2.2891500000000002,2.290887357142857,2.2843552857142857,0.0021773571428571046,0.0003499999999996284,2026-07-31 15:30:01.313,2.290887357142857,LOSS,-1.0,155.0,TICK_FEED
GBPNZD,2026-07-31 13:25:00.010,SELL,2.28907,2.2907662857142856,2.283607428571429,0.002386285714285674,0.00024999999999986144,2026-07-31 15:30:01.244,2.2907662857142856,LOSS,-1.0,125.0,TICK_FEED
GBPNZD,2026-07-31 14:00:00.342,SELL,2.2891,2.290934,2.284022,0.002303999999999963,0.00031999999999987594,2026-07-31 15:30:01.313,2.290934,LOSS,-1.0,90.0,TICK_FEED
GBPNZD,2026-08-03 02:45:00.299,SELL,2.28746,2.2897535714285713,2.281672857142857,0.0026935714285713746,0.0003900000000003345,2026-08-03 06:37:52.603,2.2897535714285713,LOSS,-1.0,232.9,TICK_FEED
GBPNZD,2026-08-03 15:35:00.605,BUY,2.29332,2.291753357142857,2.2980732857142856,0.002106642857142898,0.0003100000000002545,2026-08-03 16:59:50.340,2.291753357142857,LOSS,-1.0,84.8,TICK_FEED
GBPNZD,2026-08-03 15:55:00.053,BUY,2.29349,2.291363357142857,2.2976832857142857,0.002106642857142898,0.00032999999999994145,2026-08-03 17:48:05.095,2.291363357142857,LOSS,-1.0,113.1,TICK_FEED
GBPNZD,2026-08-03 16:05:00.006,BUY,2.29331,2.2915949999999996,2.2976699999999997,0.00202500000000002,0.00026999999999999247,2026-08-03 16:59:50.932,2.2915949999999996,LOSS,-1.0,54.8,TICK_FEED
GBPNZD,2026-08-04 19:00:00.011,SELL,2.28504,2.2868160714285715,2.280827857142857,0.00199607142857143,0.00026999999999999247,2026-08-05 00:48:25.946,2.2868160714285715,LOSS,-1.0,348.4,TICK_FEED
GBPNZD,2026-08-04 19:10:00.216,SELL,2.28504,2.2868860714285715,2.280897857142857,0.00199607142857143,0.000300000000000189,2026-08-05 00:48:25.980,2.2868860714285715,LOSS,-1.0,338.4,TICK_FEED
GBPNZD,2026-08-04 19:20:00.051,SELL,2.28495,2.286056071428572,2.2800678571428574,0.00199607142857143,0.00034000000000000696,2026-08-05 00:10:36.384,2.286056071428572,LOSS,-1.0,290.6,TICK_FEED
GBPNZD,2026-08-05 01:40:00.033,SELL,2.28157,2.2829255,2.276459,0.002155500000000018,0.00039999999999995595,2026-08-05 01:44:05.089,2.2829255,LOSS,-1.0,4.1,TICK_FEED
GBPNZD,2026-08-05 06:30:00.323,BUY,2.28994,2.2871879285714285,2.295714142857143,0.0028420714285714624,0.00038999999999989043,2026-08-05 10:38:03.058,2.295714142857143,WIN,2.0,248.0,TICK_FEED
GBPNZD,2026-08-06 14:00:00.018,BUY,2.28833,2.2869572857142857,2.2935954285714284,0.002212714285714336,0.00025000000000030553,2026-08-06 18:56:34.496,2.2935954285714284,WIN,2.0,296.6,TICK_FEED
GBPNZD,2026-08-07 17:20:00.196,SELL,2.29196,2.292894428571429,2.287151142857143,0.0019144285714286376,0.00030999999999981043,2026-08-07 17:59:56.402,2.292894428571429,LOSS,-1.0,39.9,TICK_FEED
GBPNZD,2026-08-07 21:45:00.103,SELL,2.29002,2.291274642857143,2.2849007142857145,0.002124642857142873,0.00031999999999987594,2026-08-07 23:55:29.836,2.291274642857143,LOSS,-1.0,130.5,TICK_FEED
GBPNZD,2026-08-10 07:30:00.030,BUY,2.29173,2.2894894285714282,2.2960311428571427,0.0021805714285714683,0.00026999999999999247,2026-08-10 10:34:12.510,2.2894894285714282,LOSS,-1.0,184.2,TICK_FEED
GBPNZD,2026-08-12 14:15:00.004,BUY,2.30635,2.3043549285714287,2.3103701428571433,0.002005071428571432,0.0002900000000001235,2026-08-12 15:21:18.920,2.3043549285714287,LOSS,-1.0,66.3,TICK_FEED
GBPNZD,2026-08-13 10:30:00.120,BUY,2.31282,2.3103977857142857,2.3171844285714287,0.0022622142857142893,0.00025999999999992696,2026-08-13 10:54:14.699,2.3103977857142857,LOSS,-1.0,24.2,TICK_FEED
GBPNZD,2026-08-14 02:45:00.217,SELL,2.30479,2.305989142857143,2.3006817142857146,0.0017691428571427993,0.00025999999999992696,2026-08-14 06:39:47.223,2.3006817142857146,WIN,2.0,234.8,TICK_FEED
GBPNZD,2026-08-14 12:05:00.229,SELL,2.30108,2.301878642857143,2.2977727142857147,0.0013686428571427736,0.00025000000000030553,2026-08-14 15:28:30.591,2.2977727142857147,WIN,2.0,203.5,TICK_FEED
GBPNZD,2026-08-14 16:40:00.040,SELL,2.29928,2.300586285714286,2.296127428571429,0.0014862857142856876,0.00041000000000002146,2026-08-14 17:29:46.139,2.300586285714286,LOSS,-1.0,49.8,TICK_FEED
GBPNZD,2026-08-14 16:55:00.000,SELL,2.29962,2.300286285714286,2.2958274285714286,0.0014862857142856876,0.000300000000000189,2026-08-14 16:55:45.828,2.300286285714286,LOSS,-1.0,0.8,TICK_FEED
GBPNZD,2026-08-14 17:10:00.032,SELL,2.29977,2.3005586428571427,2.295912714285714,0.001548642857142868,0.00024999999999986144,2026-08-14 17:29:46.139,2.3005586428571427,LOSS,-1.0,19.8,TICK_FEED
GBPNZD,2026-08-14 17:50:00.142,SELL,2.29963,2.300978642857143,2.296332714285714,0.001548642857142868,0.00024999999999986144,2026-08-14 23:59:59.628,2.29846,TIMEOUT,0.76,370.0,TICK_FEED
GBPNZD,2026-08-14 19:05:00.095,SELL,2.29894,2.3002622857142856,2.2954254285714284,0.0016122857142857423,0.00026999999999999247,2026-08-14 23:59:59.628,2.29846,TIMEOUT,0.3,295.0,TICK_FEED
GBPNZD,2026-08-14 19:50:00.044,SELL,2.29901,2.3004622857142856,2.2956254285714284,0.0016122857142857423,0.00025999999999992696,2026-08-14 23:59:59.628,2.29846,TIMEOUT,0.34,250.0,TICK_FEED
GBPNZD,2026-08-17 10:50:00.396,SELL,2.29101,2.2924334999999996,2.286453,0.001993499999999956,0.000280000000000058,2026-08-17 15:16:20.099,2.2924334999999996,LOSS,-1.0,266.3,TICK_FEED
GBPNZD,2026-08-17 11:25:00.107,SELL,2.291,2.292517071428571,2.286285857142857,0.0020770714285714186,0.00024999999999986144,2026-08-17 15:16:24.735,2.292517071428571,LOSS,-1.0,231.4,TICK_FEED
GBPNZD,2026-08-18 02:05:00.098,SELL,2.29452,2.2959314285714285,2.290377142857143,0.0018514285714285672,0.000300000000000189,2026-08-18 04:27:18.256,2.2959314285714285,LOSS,-1.0,142.3,TICK_FEED
GBPNZD,2026-08-18 10:15:00.002,BUY,2.3008100000000002,2.299701285714286,2.305637428571429,0.0019787142857142876,0.0002900000000001235,2026-08-18 14:20:13.227,2.299701285714286,LOSS,-1.0,245.2,TICK_FEED
GBPNZD,2026-08-19 01:00:00.046,BUY,2.3058,2.300510642857143,2.306448714285714,0.0019793571428571204,0.0030000000000001137,2026-08-19 03:33:33.787,2.306448714285714,WIN,2.0,153.6,TICK_FEED
GBPNZD,2026-08-19 05:15:00.240,BUY,2.30552,2.3031258571428572,2.3104582857142857,0.002444142857142882,0.00024999999999986144,2026-08-19 15:33:09.571,2.3031258571428572,LOSS,-1.0,618.2,TICK_FEED
GBPNZD,2026-08-19 05:50:00.067,BUY,2.3056,2.3031658571428575,2.310498285714286,0.002444142857142882,0.0003100000000002545,2026-08-19 15:33:09.571,2.3031658571428575,LOSS,-1.0,583.2,TICK_FEED
GBPNZD,2026-08-21 12:10:00.039,SELL,2.28538,2.2867159285714287,2.281148142857143,0.0018559285714286825,0.000300000000000189,2026-08-21 15:06:21.158,2.281148142857143,WIN,2.0,176.4,TICK_FEED
GBPNZD,2026-08-21 12:30:00.088,SELL,2.28561,2.2869259285714287,2.281358142857143,0.0018559285714286825,0.00026999999999999247,2026-08-21 15:04:14.540,2.281358142857143,WIN,2.0,154.2,TICK_FEED
GBPNZD,2026-08-24 03:00:00.050,SELL,2.28433,2.285390785714286,2.279568428571429,0.0019407857142857532,0.00030999999999981043,2026-08-24 06:07:04.857,2.285390785714286,LOSS,-1.0,187.1,TICK_FEED
GBPNZD,2026-08-24 05:35:00.162,SELL,2.28362,2.2854120714285715,2.279315857142857,0.0020320714285714373,0.000360000000000138,2026-08-24 06:08:49.848,2.2854120714285715,LOSS,-1.0,33.8,TICK_FEED
GBPNZD,2026-08-25 11:40:00.003,BUY,2.29036,2.2886984285714287,2.293863142857143,0.0017215714285714588,0.00025000000000030553,2026-08-25 12:34:10.741,2.2886984285714287,LOSS,-1.0,54.2,TICK_FEED
GBPNZD,2026-08-26 12:25:00.019,BUY,2.28866,2.286022857142857,2.293544285714286,0.002507142857142838,0.00032999999999994145,2026-08-26 15:28:40.003,2.286022857142857,LOSS,-1.0,183.7,TICK_FEED
GBPNZD,2026-08-26 12:35:00.020,BUY,2.28869,2.286062857142857,2.2935842857142856,0.002507142857142838,0.00026999999999999247,2026-08-26 15:28:39.986,2.286062857142857,LOSS,-1.0,173.7,TICK_FEED
GBPNZD,2026-08-27 02:10:00.108,SELL,2.2861000000000002,2.2876529285714287,2.2820041428571427,0.001882928571428631,0.0004199999999996429,2026-08-27 15:02:26.913,2.2820041428571427,WIN,2.0,772.4,TICK_FEED
GBPNZD,2026-08-27 16:20:00.040,SELL,2.28353,2.2847210000000002,2.278808,0.0019709999999999797,0.00025999999999992696,2026-08-27 18:08:50.691,2.2847210000000002,LOSS,-1.0,108.8,TICK_FEED
GBPNZD,2026-08-27 16:50:00.003,SELL,2.28405,2.285241,2.279328,0.0019709999999999797,0.00034000000000000696,2026-08-27 19:32:03.267,2.285241,LOSS,-1.0,162.1,TICK_FEED
GBPNZD,2026-08-27 17:00:00.049,SELL,2.28334,2.2851783571428568,2.2792132857142855,0.0019883571428571225,0.00026999999999999247,2026-08-27 19:09:33.382,2.2851783571428568,LOSS,-1.0,129.6,TICK_FEED
GBPNZD,2026-08-27 17:15:00.263,SELL,2.28344,2.285038357142857,2.279073285714286,0.0019883571428571225,0.00024999999999986144,2026-08-27 18:58:47.080,2.285038357142857,LOSS,-1.0,103.8,TICK_FEED
GBPNZD,2026-08-27 17:25:00.129,SELL,2.28342,2.2851083571428568,2.2791432857142855,0.0019883571428571225,0.00025999999999992696,2026-08-27 19:05:15.891,2.2851083571428568,LOSS,-1.0,100.3,TICK_FEED
GBPNZD,2026-08-27 19:50:00.040,SELL,2.28448,2.286148214285714,2.2803335714285713,0.0019382142857142222,0.00033000000000038554,2026-08-28 00:10:08.994,2.286148214285714,LOSS,-1.0,260.1,TICK_FEED
GBPNZD,2026-08-28 09:15:00.005,SELL,2.28087,2.282022,2.277216,0.0016019999999999607,0.00024999999999986144,2026-08-28 11:45:16.744,2.282022,LOSS,-1.0,150.3,TICK_FEED
GBPNZD,2026-08-28 09:25:00.234,SELL,2.28064,2.2819320000000003,2.2771260000000004,0.0016019999999999607,0.00031999999999987594,2026-08-28 11:45:16.744,2.2819320000000003,LOSS,-1.0,140.3,TICK_FEED
GBPNZD,2026-08-28 09:45:00.018,SELL,2.28075,2.2816520000000002,2.2768460000000004,0.0016019999999999607,0.00025000000000030553,2026-08-28 11:33:14.806,2.2816520000000002,LOSS,-1.0,108.2,TICK_FEED
GBPNZD,2026-08-28 21:15:01.330,BUY,2.29001,2.2875217857142855,2.2949564285714286,0.0024782142857143054,0.00025999999999992696,2026-08-28 23:55:23.569,2.2875217857142855,LOSS,-1.0,160.4,TICK_FEED
GBPNZD,2026-08-31 20:20:00.015,BUY,2.2897,2.2879916428571425,2.2936867142857142,0.0018983571428571892,0.00024999999999986144,2026-09-01 00:27:54.041,2.2879916428571425,LOSS,-1.0,247.9,TICK_FEED
GBPNZD,2026-09-01 03:30:00.239,BUY,2.2873,2.2863485,2.292113,0.0019215000000000267,0.00026999999999999247,2026-09-01 06:04:20.430,2.292113,WIN,2.0,154.3,TICK_FEED
GBPNZD,2026-09-02 09:55:00.073,BUY,2.31063,2.3072692142857143,2.3193015714285714,0.004010785714285696,0.00026999999999999247,2026-09-02 11:26:15.967,2.3193015714285714,WIN,2.0,91.3,TICK_FEED
GBPNZD,2026-09-02 15:40:00.056,BUY,2.31507,2.3103040714285714,2.3258618571428573,0.0051859285714285445,0.00024999999999986144,2026-09-02 17:49:12.050,2.3103040714285714,LOSS,-1.0,129.2,TICK_FEED
GBPNZD,2026-09-03 05:20:00.254,SELL,2.30292,2.3046352142857143,2.296849571428571,0.0025952142857143014,0.0003100000000002545,2026-09-03 09:05:50.524,2.3046352142857143,LOSS,-1.0,225.8,TICK_FEED
GBPNZD,2026-09-03 06:00:00.141,SELL,2.30231,2.304512857142857,2.2971842857142857,0.0024428571428571307,0.00026999999999999247,2026-09-03 09:05:50.085,2.304512857142857,LOSS,-1.0,185.8,TICK_FEED
GBPNZD,2026-09-03 15:45:00.044,SELL,2.29968,2.3014395,2.2937309999999997,0.0025695000000000184,0.0003100000000002545,2026-09-03 16:18:30.072,2.3014395,LOSS,-1.0,33.5,TICK_FEED
GBPNZD,2026-09-03 16:55:00.044,SELL,2.29999,2.302373714285714,2.294412571428571,0.0026537142857143135,0.00025999999999992696,2026-09-03 17:56:21.919,2.302373714285714,LOSS,-1.0,61.4,TICK_FEED
GBPNZD,2026-09-03 17:10:00.037,SELL,2.30061,2.3026615,2.294197,0.0028215000000000137,0.0002900000000001235,2026-09-03 17:56:22.143,2.3026615,LOSS,-1.0,46.4,TICK_FEED
GBPNZD,2026-09-04 08:00:00.076,SELL,2.29489,2.2966826428571427,2.290794714285714,0.001962642857142811,0.00024999999999986144,2026-09-04 09:23:49.363,2.2966826428571427,LOSS,-1.0,83.8,TICK_FEED
GBPNZD,2026-09-04 15:30:00.027,BUY,2.29833,2.2983079285714285,2.305214142857143,0.0023020714285714935,0.0030000000000001137,2026-09-04 15:30:00.027,2.2983079285714285,LOSS,-1.0,0.0,TICK_FEED
GBPNZD,2026-09-04 16:00:00.023,BUY,2.30014,2.2976843571428573,2.305381285714286,0.002565642857142936,0.00030999999999981043,2026-09-04 16:25:00.139,2.2976843571428573,LOSS,-1.0,25.0,TICK_FEED
GBPNZD,2026-09-07 11:55:00.044,BUY,2.3003299999999998,2.2991852142857145,2.3046295714285714,0.0018147857142856987,0.0002999999999997449,2026-09-08 00:41:05.988,2.2991852142857145,LOSS,-1.0,766.1,TICK_FEED
GBPNZD,2026-09-07 12:15:00.354,BUY,2.30068,2.299326857142857,2.3047962857142856,0.0018231428571428676,0.00024999999999986144,2026-09-08 00:39:58.496,2.299326857142857,LOSS,-1.0,745.0,TICK_FEED
GBPNZD,2026-09-08 09:00:00.109,BUY,2.30997,2.3084520714285715,2.314505857142857,0.002017928571428602,0.00038999999999989043,2026-09-08 10:26:00.326,2.314505857142857,WIN,2.0,86.0,TICK_FEED
GBPNZD,2026-09-08 09:15:00.058,BUY,2.3100899999999998,2.3083320714285716,2.3143858571428573,0.002017928571428602,0.0003399999999995629,2026-09-08 10:25:38.272,2.3143858571428573,WIN,2.0,70.6,TICK_FEED
GBPNZD,2026-09-08 09:30:00.076,BUY,2.31005,2.3082320714285713,2.314285857142857,0.002017928571428602,0.0003500000000000725,2026-09-08 10:25:20.109,2.314285857142857,WIN,2.0,55.3,TICK_FEED
GBPNZD,2026-09-08 11:20:00.065,BUY,2.31424,2.3124469285714286,2.3201361428571428,0.002563071428571462,0.00024999999999986144,2026-09-08 14:09:15.481,2.3124469285714286,LOSS,-1.0,169.3,TICK_FEED
GBPNZD,2026-09-08 12:35:00.090,BUY,2.31437,2.3125814285714283,2.320797142857143,0.0027385714285714695,0.0002899999999996794,2026-09-08 14:09:15.481,2.3125814285714283,LOSS,-1.0,94.3,TICK_FEED
GBPNZD,2026-09-08 12:55:00.016,BUY,2.31413,2.3122214285714286,2.320437142857143,0.0027385714285714695,0.00024999999999986144,2026-09-08 17:39:41.109,2.3122214285714286,LOSS,-1.0,284.7,TICK_FEED
GBPNZD,2026-09-09 16:40:00.082,BUY,2.31485,2.313856285714286,2.320197428571429,0.002113714285714344,0.00031999999999987594,2026-09-09 19:17:03.367,2.320197428571429,WIN,2.0,157.1,TICK_FEED
GBPNZD,2026-09-09 17:05:00.053,BUY,2.31558,2.3135165714285715,2.3200968571428575,0.0021934285714286382,0.00026999999999999247,2026-09-09 19:16:14.307,2.3200968571428575,WIN,2.0,131.2,TICK_FEED
GBPNZD,2026-09-11 10:00:00.030,SELL,2.31917,2.320755214285714,2.3129695714285714,0.0025952142857142155,0.0002899999999996794,2026-09-11 12:34:46.846,2.320755214285714,LOSS,-1.0,154.8,TICK_FEED
GBPNZD,2026-09-11 10:15:00.002,SELL,2.31875,2.3210752142857145,2.3132895714285717,0.0025952142857142155,0.0002900000000001235,2026-09-11 13:02:06.283,2.3210752142857145,LOSS,-1.0,167.1,TICK_FEED
GBPNZD,2026-09-11 10:50:00.028,SELL,2.31935,2.3212452142857143,2.3134595714285715,0.0025952142857142155,0.00024999999999986144,2026-09-11 13:02:06.581,2.3212452142857143,LOSS,-1.0,132.1,TICK_FEED
GBPNZD,2026-09-11 15:25:00.041,SELL,2.32229,2.322702857142857,2.315104285714286,0.002532857142857121,0.0002899999999996794,2026-09-11 15:25:09.951,2.322702857142857,LOSS,-1.0,0.2,TICK_FEED
GBPNZD,2026-09-11 15:55:00.066,SELL,2.32137,2.3229328571428574,2.315334285714286,0.002532857142857121,0.00026999999999999247,2026-09-11 16:12:30.434,2.3229328571428574,LOSS,-1.0,17.5,TICK_FEED
GBPNZD,2026-09-11 19:10:00.070,BUY,2.32423,2.3218354285714287,2.3304291428571426,0.00286457142857141,0.00034000000000000696,2026-09-11 23:59:59.514,2.32585,TIMEOUT,0.57,290.0,TICK_FEED
GBPNZD,2026-09-11 19:20:00.172,BUY,2.32431,2.3215354285714285,2.3301291428571425,0.00286457142857141,0.000280000000000058,2026-09-11 23:59:59.514,2.32585,TIMEOUT,0.54,280.0,TICK_FEED
GBPNZD,2026-09-11 19:45:00.860,BUY,2.32453,2.321525428571429,2.330119142857143,0.00286457142857141,0.00027000000000043656,2026-09-11 23:59:59.514,2.32585,TIMEOUT,0.46,255.0,TICK_FEED
GBPNZD,2026-09-14 02:40:00.164,BUY,2.32573,2.323260857142857,2.3309982857142857,0.0025791428571428528,0.00025000000000030553,2026-09-14 03:20:46.383,2.3309982857142857,WIN,2.0,40.8,TICK_FEED
GBPCAD,2026-07-03 12:20:00.022,BUY,1.89455,1.8931400714285713,1.8964398571428571,0.0010999285714285544,0.00039999999999995595,2026-07-03 15:06:29.766,1.8964398571428571,WIN,2.0,166.5,TICK_FEED
GBPCAD,2026-07-03 12:30:00.074,BUY,1.89436,1.8931200714285714,1.8964198571428572,0.0010999285714285544,0.00036999999999998145,2026-07-03 15:06:28.899,1.8964198571428572,WIN,2.0,156.5,TICK_FEED
GBPCAD,2026-07-03 13:20:00.477,BUY,1.89426,1.892914,1.896262,0.00111599999999996,0.00038000000000004697,2026-07-03 15:02:06.726,1.896262,WIN,2.0,102.1,TICK_FEED
GBPCAD,2026-07-03 13:30:00.003,BUY,1.89433,1.893324,1.896672,0.00111599999999996,0.000360000000000138,2026-07-03 15:10:57.035,1.896672,WIN,2.0,101.0,TICK_FEED
GBPCAD,2026-07-03 17:50:00.211,BUY,1.89594,1.8949467142857144,1.8986765714285714,0.001243285714285666,0.00036999999999998145,2026-07-03 23:59:59.131,1.89562,TIMEOUT,-0.26,370.0,TICK_FEED
GBPCAD,2026-07-07 11:20:00.634,BUY,1.9024299999999998,1.9019173571428571,1.9051052857142856,0.0010626428571428243,0.0003699999999997594,2026-07-07 12:49:59.609,1.9019173571428571,LOSS,-1.0,90.0,TICK_FEED
GBPCAD,2026-07-08 01:05:00.257,SELL,1.8965,1.8976187857142857,1.8930924285714286,0.001508785714285678,0.0005799999999998029,2026-07-08 10:52:56.207,1.8930924285714286,WIN,2.0,587.9,TICK_FEED
GBPCAD,2026-07-08 01:25:00.172,SELL,1.8963,1.8976287857142857,1.8931024285714286,0.001508785714285678,0.0004399999999997739,2026-07-08 10:52:55.743,1.8931024285714286,WIN,2.0,567.9,TICK_FEED
GBPCAD,2026-07-08 14:10:00.177,SELL,1.8907,1.8917722857142858,1.8874754285714288,0.001432285714285705,0.00036999999999998145,2026-07-08 14:41:00.270,1.8917722857142858,LOSS,-1.0,31.0,TICK_FEED
GBPCAD,2026-07-08 15:55:00.000,SELL,1.89337,1.8939035714285712,1.8896028571428571,0.0014335714285714136,0.000360000000000138,2026-07-08 16:27:56.709,1.8939035714285712,LOSS,-1.0,32.9,TICK_FEED
GBPCAD,2026-07-10 10:10:00.257,BUY,1.90133,1.9000832142857145,1.9030435714285714,0.00098678571428567,0.00038000000000004697,2026-07-10 11:38:05.457,1.9000832142857145,LOSS,-1.0,88.1,TICK_FEED
GBPCAD,2026-07-13 11:20:00.116,SELL,1.8949,1.8953765714285713,1.8919668571428572,0.0011365714285713948,0.00036999999999998145,2026-07-13 14:19:56.917,1.8919668571428572,WIN,2.0,179.9,TICK_FEED
GBPCAD,2026-07-13 16:45:00.052,SELL,1.89333,1.894043142857143,1.8904637142857144,0.0011931428571428798,0.00038000000000004697,2026-07-13 19:55:50.373,1.8904637142857144,WIN,2.0,190.8,TICK_FEED
GBPCAD,2026-07-14 17:00:00.089,SELL,1.8874300000000002,1.887937,1.882456,0.0018269999999999931,0.0003799999999998249,2026-07-14 18:35:28.427,1.882456,WIN,2.0,95.5,TICK_FEED
GBPCAD,2026-07-14 17:10:00.004,SELL,1.8864999999999998,1.887477,1.881996,0.0018269999999999931,0.0003700000000002035,2026-07-14 20:14:44.335,1.881996,WIN,2.0,184.7,TICK_FEED
GBPCAD,2026-07-16 17:20:00.516,SELL,1.89397,1.8948384285714284,1.890823142857143,0.001338428571428504,0.0003700000000002035,2026-07-17 04:26:29.155,1.890823142857143,WIN,2.0,666.5,TICK_FEED
GBPCAD,2026-07-16 17:35:00.003,SELL,1.8938899999999999,1.8947584285714283,1.8907431428571428,0.001338428571428504,0.0003900000000001125,2026-07-17 04:27:02.769,1.8907431428571428,WIN,2.0,652.0,TICK_FEED
GBPCAD,2026-07-17 10:10:00.962,SELL,1.89011,1.8908639999999999,1.8880020000000002,0.0009539999999999549,0.00038000000000004697,2026-07-17 11:01:43.690,1.8880020000000002,WIN,2.0,51.7,TICK_FEED
GBPCAD,2026-07-17 17:15:00.100,SELL,1.88389,1.8852967142857142,1.8809265714285714,0.0014567142857142225,0.00035999999999991594,2026-07-17 17:31:37.636,1.8852967142857142,LOSS,-1.0,16.6,TICK_FEED
GBPCAD,2026-07-17 17:50:00.147,SELL,1.88439,1.8855367142857142,1.8811665714285715,0.0014567142857142225,0.00034999999999985043,2026-07-17 20:01:18.257,1.8855367142857142,LOSS,-1.0,131.3,TICK_FEED
GBPCAD,2026-07-20 12:30:00.097,BUY,1.8879899999999998,1.8867166428571427,1.8903867142857143,0.0012233571428571638,0.0003699999999997594,2026-07-20 16:04:41.625,1.8903867142857143,WIN,2.0,214.7,TICK_FEED
GBPCAD,2026-07-20 14:30:01.034,BUY,1.88848,1.8885285,1.892403,0.0012915000000000105,0.00036999999999998145,2026-07-20 14:30:01.034,1.8885285,LOSS,-1.0,0.0,TICK_FEED
GBPCAD,2026-07-20 15:20:00.075,BUY,1.8891200000000001,1.8876889285714287,1.8913821428571431,0.001231071428571443,0.000400000000000178,2026-07-20 17:34:25.735,1.8876889285714287,LOSS,-1.0,134.4,TICK_FEED
GBPCAD,2026-07-20 17:55:00.044,BUY,1.88812,1.8876450714285715,1.8916198571428573,0.0013249285714286012,0.00038000000000004697,2026-07-20 18:00:25.310,1.8876450714285715,LOSS,-1.0,5.4,TICK_FEED
GBPCAD,2026-07-21 17:50:00.114,SELL,1.88514,1.8863840714285713,1.8814218571428571,0.0016540714285714305,0.00036999999999998145,2026-07-21 19:34:07.223,1.8863840714285713,LOSS,-1.0,104.1,TICK_FEED
GBPCAD,2026-07-21 18:55:00.066,SELL,1.88536,1.8868629285714287,1.881484142857143,0.0017929285714285697,0.0003700000000002035,2026-07-21 19:38:00.478,1.8868629285714287,LOSS,-1.0,43.0,TICK_FEED
GBPCAD,2026-07-22 13:40:00.129,SELL,1.8850500000000001,1.8854152142857143,1.8824895714285717,0.0009752142857142654,0.00035999999999991594,2026-07-22 13:40:01.567,1.8854152142857143,LOSS,-1.0,0.0,TICK_FEED
GBPCAD,2026-07-22 14:10:00.023,SELL,1.885,1.885584142857143,1.8825717142857143,0.0010041428571428551,0.00041000000000002146,2026-07-22 15:19:50.696,1.8825717142857143,WIN,2.0,69.8,TICK_FEED
GBPCAD,2026-07-22 17:25:00.045,SELL,1.88475,1.8857279285714286,1.8815641428571428,0.0013879285714285855,0.000360000000000138,2026-07-23 00:36:25.177,1.8857279285714286,LOSS,-1.0,431.4,TICK_FEED
GBPCAD,2026-07-22 17:35:00.219,SELL,1.88495,1.8857579285714288,1.881594142857143,0.0013879285714285855,0.0003700000000002035,2026-07-23 00:36:25.627,1.8857579285714288,LOSS,-1.0,421.4,TICK_FEED
GBPCAD,2026-07-23 10:50:00.181,SELL,1.88134,1.8817506428571427,1.8793187142857142,0.0008106428571428721,0.00039999999999995595,2026-07-23 11:01:01.157,1.8817506428571427,LOSS,-1.0,11.0,TICK_FEED
GBPCAD,2026-07-23 11:20:00.157,SELL,1.88154,1.8818768571428572,1.8792462857142858,0.000876857142857149,0.00038000000000004697,2026-07-23 11:20:00.157,1.8818768571428572,LOSS,-1.0,0.0,TICK_FEED
GBPCAD,2026-07-23 13:40:00.076,SELL,1.88229,1.8832567142857142,1.8802365714285714,0.0010067142857142861,0.0003900000000001125,2026-07-23 14:35:29.190,1.8802365714285714,WIN,2.0,55.5,TICK_FEED
GBPCAD,2026-07-24 18:05:00.060,BUY,1.8772799999999998,1.876365142857143,1.8798597142857143,0.001164857142857123,0.0003799999999998249,2026-07-24 23:59:58.906,1.87734,TIMEOUT,0.05,355.0,TICK_FEED
GBPCAD,2026-07-27 01:00:00.041,BUY,1.87948,1.878641357142857,1.8827472857142855,0.0013686428571428304,0.0008400000000001739,2026-07-27 01:00:00.041,1.878641357142857,LOSS,-1.0,0.0,TICK_FEED
GBPCAD,2026-07-27 06:05:00.060,BUY,1.88042,1.8791131428571428,1.8828237142857143,0.0012368571428571667,0.00039999999999995595,2026-07-27 09:18:59.145,1.8828237142857143,WIN,2.0,194.0,TICK_FEED
GBPCAD,2026-07-27 17:40:00.035,SELL,1.8782299999999998,1.8790937857142858,1.8752424285714284,0.0012837857142857885,0.0003900000000001125,2026-07-28 00:21:41.829,1.8790937857142858,LOSS,-1.0,401.7,TICK_FEED
GBPCAD,2026-07-28 08:30:00.004,SELL,1.8768099999999999,1.8770317142857142,1.8744165714285717,0.0008717142857142154,0.000400000000000178,2026-07-28 08:30:00.004,1.8770317142857142,LOSS,-1.0,0.0,TICK_FEED
GBPCAD,2026-07-28 10:35:00.139,SELL,1.87721,1.8776232857142858,1.8747034285714288,0.0009732857142856671,0.00035999999999991594,2026-07-28 10:35:07.325,1.8776232857142858,LOSS,-1.0,0.1,TICK_FEED
GBPCAD,2026-07-28 16:10:01.120,SELL,1.87587,1.8763467857142857,1.8723064285714286,0.0013467857142857303,0.0003700000000002035,2026-07-29 15:30:12.460,1.8723064285714286,WIN,2.0,1400.2,TICK_FEED
GBPCAD,2026-07-28 16:50:00.035,SELL,1.8756,1.8765967857142856,1.8725564285714285,0.0013467857142857303,0.00041000000000002146,2026-07-29 15:22:33.771,1.8725564285714285,WIN,2.0,1352.6,TICK_FEED
GBPCAD,2026-07-30 14:50:00.024,BUY,1.87923,1.8775343571428569,1.8822612857142857,0.0015756428571429022,0.00035999999999991594,2026-07-30 16:17:59.104,1.8775343571428569,LOSS,-1.0,88.0,TICK_FEED
GBPCAD,2026-07-30 15:20:00.025,BUY,1.87939,1.8780637857142857,1.8828524285714285,0.0015962142857143227,0.0003699999999997594,2026-07-30 16:15:49.252,1.8780637857142857,LOSS,-1.0,55.8,TICK_FEED
GBPCAD,2026-07-30 15:30:00.103,BUY,1.8798,1.8783437857142857,1.8831324285714286,0.0015962142857143227,0.0008399999999999519,2026-07-30 15:56:33.776,1.8783437857142857,LOSS,-1.0,26.6,TICK_FEED
GBPCAD,2026-08-03 01:00:00.056,BUY,1.89018,1.8891130714285713,1.895733857142857,0.0022069285714285554,0.0008399999999999519,2026-08-03 04:15:47.243,1.8891130714285713,LOSS,-1.0,195.8,TICK_FEED
GBPCAD,2026-08-04 17:35:00.096,BUY,1.89063,1.8897106428571429,1.8932187142857144,0.0011693571428571812,0.00038000000000004697,2026-08-04 17:53:22.422,1.8897106428571429,LOSS,-1.0,18.4,TICK_FEED
GBPCAD,2026-08-04 21:20:00.235,BUY,1.89211,1.8904277857142857,1.8947844285714286,0.0014522142857142928,0.0004199999999998649,2026-08-05 00:10:01.459,1.8904277857142857,LOSS,-1.0,170.0,TICK_FEED
GBPCAD,2026-08-05 10:30:00.091,BUY,1.8941599999999998,1.8932839285714285,1.895762142857143,0.0008260714285714447,0.0003799999999998249,2026-08-05 11:52:17.117,1.8932839285714285,LOSS,-1.0,82.3,TICK_FEED
GBPCAD,2026-08-05 10:40:00.162,BUY,1.89402,1.8931739285714286,1.8956521428571431,0.0008260714285714447,0.00042000000000008697,2026-08-05 11:52:43.148,1.8931739285714286,LOSS,-1.0,72.7,TICK_FEED
GBPCAD,2026-08-05 10:55:00.098,BUY,1.89413,1.8934739285714284,1.8959521428571429,0.0008260714285714447,0.0004300000000001525,2026-08-05 11:14:59.473,1.8934739285714284,LOSS,-1.0,20.0,TICK_FEED
GBPCAD,2026-08-05 11:15:00.099,BUY,1.8938700000000002,1.8933275714285713,1.895884857142857,0.0008524285714285746,0.00041000000000002146,2026-08-05 11:48:31.150,1.8933275714285713,LOSS,-1.0,33.5,TICK_FEED
GBPCAD,2026-08-05 12:30:00.022,BUY,1.89384,1.8928145714285716,1.8955608571428573,0.0009154285714285733,0.00041000000000002146,2026-08-05 15:12:21.614,1.8928145714285716,LOSS,-1.0,162.4,TICK_FEED
GBPCAD,2026-08-05 19:55:00.048,SELL,1.88811,1.8891049285714288,1.884860142857143,0.001414928571428577,0.00036999999999998145,2026-08-06 12:45:29.431,1.884860142857143,WIN,2.0,1010.5,TICK_FEED
GBPCAD,2026-08-06 09:10:00.199,SELL,1.88592,1.886387785714286,1.8839944285714287,0.0007977857142857164,0.00035999999999991594,2026-08-06 09:23:55.963,1.886387785714286,LOSS,-1.0,13.9,TICK_FEED
GBPCAD,2026-08-07 15:45:00.047,SELL,1.88371,1.8837320714285712,1.881685857142857,0.0006820714285714291,0.0003900000000001125,2026-08-07 15:45:00.047,1.8837320714285712,LOSS,-1.0,0.0,TICK_FEED
GBPCAD,2026-08-07 15:55:00.129,SELL,1.88351,1.8834220714285714,1.8813758571428572,0.0006820714285714291,0.00042999999999993044,2026-08-07 15:55:00.129,1.8834220714285714,LOSS,-1.0,0.0,TICK_FEED
GBPCAD,2026-08-07 16:45:00.052,SELL,1.8838300000000001,1.883722142857143,1.8809257142857143,0.0009321428571428402,0.00039999999999995595,2026-08-07 16:45:00.052,1.883722142857143,LOSS,-1.0,0.0,TICK_FEED
GBPCAD,2026-08-07 19:50:00.055,SELL,1.88103,1.8819550714285713,1.878099857142857,0.0012850714285714113,0.00038000000000004697,2026-08-07 22:04:25.765,1.8819550714285713,LOSS,-1.0,134.4,TICK_FEED
GBPCAD,2026-08-07 20:40:00.742,SELL,1.8806699999999998,1.881753,1.8777840000000001,0.0013229999999999742,0.0003700000000002035,2026-08-07 22:01:34.436,1.881753,LOSS,-1.0,81.6,TICK_FEED
GBPCAD,2026-08-10 18:35:00.105,BUY,1.88449,1.8833459285714287,1.886418142857143,0.0010240714285713857,0.00036999999999998145,2026-08-10 19:17:40.427,1.8833459285714287,LOSS,-1.0,42.7,TICK_FEED
GBPCAD,2026-08-10 20:05:00.472,BUY,1.88324,1.8821273571428572,1.8855852857142856,0.0011526428571428289,0.00036999999999998145,2026-08-10 23:55:52.862,1.8821273571428572,LOSS,-1.0,230.9,TICK_FEED
GBPCAD,2026-08-10 20:20:00.015,BUY,1.8836,1.882247357142857,1.8857052857142855,0.0011526428571428289,0.0003799999999998249,2026-08-10 22:39:12.206,1.882247357142857,LOSS,-1.0,139.2,TICK_FEED
GBPCAD,2026-08-11 11:50:00.015,SELL,1.8818000000000001,1.882397785714286,1.8800044285714288,0.0007977857142857164,0.00041000000000002146,2026-08-11 16:44:15.124,1.882397785714286,LOSS,-1.0,294.3,TICK_FEED
GBPCAD,2026-08-11 17:05:00.013,SELL,1.8813499999999999,1.8820183571428573,1.8792932857142859,0.0009083571428571271,0.000380000000000269,2026-08-11 18:25:09.548,1.8820183571428573,LOSS,-1.0,80.2,TICK_FEED
GBPCAD,2026-08-12 14:05:00.035,BUY,1.8834499999999998,1.882663,1.8849040000000001,0.0007469999999999977,0.00038999999999989043,2026-08-12 15:22:37.061,1.882663,LOSS,-1.0,77.6,TICK_FEED
GBPCAD,2026-08-12 14:25:00.196,BUY,1.88354,1.882603,1.8848440000000002,0.0007469999999999977,0.00038000000000004697,2026-08-12 15:22:37.442,1.882603,LOSS,-1.0,57.6,TICK_FEED
GBPCAD,2026-08-12 15:10:01.359,BUY,1.88368,1.8827682142857143,1.8850535714285714,0.0007617857142857232,0.000360000000000138,2026-08-12 15:22:15.153,1.8827682142857143,LOSS,-1.0,12.2,TICK_FEED
GBPCAD,2026-08-12 15:30:00.137,BUY,1.8830900000000002,1.8824482142857144,1.8847335714285716,0.0007617857142857232,0.0008400000000001739,2026-08-12 15:30:00.137,1.8824482142857144,LOSS,-1.0,0.0,TICK_FEED
GBPCAD,2026-08-12 16:05:00.020,BUY,1.88323,1.882275357142857,1.8851392857142857,0.0009546428571428734,0.00035999999999991594,2026-08-12 16:21:53.135,1.882275357142857,LOSS,-1.0,16.9,TICK_FEED
GBPCAD,2026-08-19 12:55:00.084,BUY,1.8806699999999998,1.8793911428571428,1.8827777142857143,0.0011288571428572011,0.0003599999999996939,2026-08-19 15:37:15.430,1.8827777142857143,WIN,2.0,162.3,TICK_FEED
GBPCAD,2026-08-19 13:25:00.182,BUY,1.8807,1.8794023571428573,1.882725285714286,0.001107642857142905,0.000360000000000138,2026-08-19 15:37:15.430,1.882725285714286,WIN,2.0,132.3,TICK_FEED
GBPCAD,2026-08-19 13:45:00.013,BUY,1.8807,1.8794123571428571,1.8827352857142858,0.001107642857142905,0.000360000000000138,2026-08-19 15:37:15.430,1.8827352857142858,WIN,2.0,112.3,TICK_FEED
GBPCAD,2026-08-20 11:35:00.149,SELL,1.8773300000000002,1.8781928571428572,1.8751842857142857,0.001002857142857175,0.0004099999999997994,2026-08-20 12:06:39.029,1.8781928571428572,LOSS,-1.0,31.6,TICK_FEED
GBPCAD,2026-08-20 11:55:00.007,SELL,1.8776899999999999,1.878242857142857,1.8752342857142856,0.001002857142857175,0.000380000000000269,2026-08-20 12:07:52.131,1.878242857142857,LOSS,-1.0,12.9,TICK_FEED
GBPCAD,2026-08-20 12:15:00.331,SELL,1.87751,1.8782385,1.875363,0.0009585000000000271,0.00036999999999998145,2026-08-20 12:30:41.467,1.8782385,LOSS,-1.0,15.7,TICK_FEED
GBPCAD,2026-08-21 12:40:00.001,SELL,1.8781400000000001,1.8788598571428572,1.8755002857142857,0.001119857142857128,0.0003599999999996939,2026-08-21 13:57:21.260,1.8755002857142857,WIN,2.0,77.4,TICK_FEED
GBPCAD,2026-08-21 17:30:00.091,SELL,1.87584,1.8769225714285716,1.8725948571428572,0.001442571428571458,0.00041000000000002146,2026-08-21 17:45:05.168,1.8769225714285716,LOSS,-1.0,15.1,TICK_FEED
GBPCAD,2026-08-24 00:05:00.132,BUY,1.88506,1.8804529285714284,1.8853341428571428,0.0016270714285714677,0.0029799999999999827,2026-08-24 00:52:42.693,1.8804529285714284,LOSS,-1.0,47.7,TICK_FEED
GBPCAD,2026-08-24 16:40:00.041,BUY,1.8867,1.8857813571428572,1.8896172857142857,0.0012786428571428404,0.00035999999999991594,2026-08-24 17:27:05.533,1.8857813571428572,LOSS,-1.0,47.1,TICK_FEED
GBPCAD,2026-08-24 17:40:00.012,BUY,1.88653,1.885134,1.889022,0.0012959999999999972,0.00041000000000002146,2026-08-25 09:57:20.530,1.889022,WIN,2.0,977.3,TICK_FEED
GBPCAD,2026-08-24 23:30:00.041,BUY,1.8874300000000002,1.8858098571428572,1.8900102857142858,0.0014001428571428659,0.0003700000000002035,2026-08-25 10:07:02.213,1.8900102857142858,WIN,2.0,637.0,TICK_FEED
GBPCAD,2026-08-25 01:00:00.002,BUY,1.888,1.886324142857143,1.8900617142857143,0.0012458571428571542,0.0008399999999999519,2026-08-25 10:09:01.214,1.8900617142857143,WIN,2.0,549.0,TICK_FEED
GBPCAD,2026-08-25 11:20:00.132,BUY,1.88978,1.8891306428571428,1.8918287142857142,0.0008993571428571538,0.00036999999999998145,2026-08-25 13:52:07.428,1.8891306428571428,LOSS,-1.0,152.1,TICK_FEED
GBPCAD,2026-08-25 11:30:00.113,BUY,1.88979,1.888960642857143,1.8916587142857144,0.0008993571428571538,0.0003700000000002035,2026-08-25 13:53:21.840,1.888960642857143,LOSS,-1.0,143.4,TICK_FEED
GBPCAD,2026-08-25 11:40:00.092,BUY,1.88968,1.8890606428571428,1.8917587142857142,0.0008993571428571538,0.00036999999999998145,2026-08-25 13:52:23.466,1.8890606428571428,LOSS,-1.0,132.4,TICK_FEED
GBPCAD,2026-08-25 13:20:00.149,BUY,1.8901400000000002,1.8890837857142857,1.8919824285714286,0.0009662142857142921,0.0003700000000002035,2026-08-25 13:52:23.069,1.8890837857142857,LOSS,-1.0,32.4,TICK_FEED
GBPCAD,2026-08-25 14:50:00.077,BUY,1.88929,1.8881044999999999,1.8910609999999999,0.0009855000000000042,0.0003799999999998249,2026-08-25 16:46:59.140,1.8881044999999999,LOSS,-1.0,117.0,TICK_FEED
GBPCAD,2026-08-26 11:00:00.042,BUY,1.88992,1.8886569999999998,1.891546,0.0009630000000000281,0.000360000000000138,2026-08-26 13:23:52.487,1.8886569999999998,LOSS,-1.0,143.9,TICK_FEED
GBPCAD,2026-08-26 11:20:00.053,BUY,1.88991,1.888607,1.891496,0.0009630000000000281,0.00036999999999998145,2026-08-26 13:26:16.132,1.888607,LOSS,-1.0,126.3,TICK_FEED
GBPCAD,2026-08-26 11:35:00.008,BUY,1.88994,1.888807,1.891696,0.0009630000000000281,0.00036999999999998145,2026-08-26 13:15:02.175,1.888807,LOSS,-1.0,100.0,TICK_FEED
GBPCAD,2026-08-26 12:15:00.021,BUY,1.8898000000000001,1.8885399285714286,1.8914501428571429,0.0009700714285714601,0.000360000000000138,2026-08-26 13:28:00.167,1.8885399285714286,LOSS,-1.0,73.0,TICK_FEED
GBPCAD,2026-08-26 17:45:00.104,SELL,1.88706,1.8877088571428573,1.8845922857142858,0.0010388571428571398,0.00038000000000004697,2026-08-26 17:54:33.588,1.8877088571428573,LOSS,-1.0,9.6,TICK_FEED
GBPCAD,2026-08-26 18:15:00.017,SELL,1.88712,1.8880635000000001,1.884783,0.0010934999999999838,0.00041000000000002146,2026-08-27 12:01:11.491,1.884783,WIN,2.0,1066.2,TICK_FEED
GBPCAD,2026-08-26 18:50:00.506,SELL,1.88715,1.8877835,1.884503,0.0010934999999999838,0.00039999999999995595,2026-08-27 10:05:19.102,1.8877835,LOSS,-1.0,915.3,TICK_FEED
GBPCAD,2026-08-27 13:55:00.036,SELL,1.88523,1.8855624285714285,1.882735142857143,0.0009424285714285076,0.00038000000000004697,2026-08-27 13:55:00.036,1.8855624285714285,LOSS,-1.0,0.0,TICK_FEED
GBPCAD,2026-08-27 14:20:00.034,SELL,1.88498,1.8856138571428571,1.8826322857142859,0.0009938571428570876,0.0003699999999997594,2026-08-27 15:49:40.882,1.8826322857142859,WIN,2.0,89.7,TICK_FEED
GBPCAD,2026-08-27 18:30:00.002,SELL,1.88331,1.8839639285714285,1.880232142857143,0.0012439285714285415,0.00039999999999995595,2026-08-27 18:56:56.383,1.8839639285714285,LOSS,-1.0,26.9,TICK_FEED
GBPCAD,2026-08-27 19:45:00.031,SELL,1.88374,1.8845817857142857,1.8806764285714286,0.0013017857142856922,0.000360000000000138,2026-08-28 00:26:40.843,1.8845817857142857,LOSS,-1.0,281.7,TICK_FEED
GBPCAD,2026-08-28 00:07:42.044,SELL,1.88213,1.8832330714285714,1.8787838571428572,0.0014830714285714523,0.0018799999999998818,2026-08-28 00:07:42.044,1.8832330714285714,LOSS,-1.0,0.0,TICK_FEED
GBPCAD,2026-08-28 10:55:00.216,SELL,1.88215,1.8827472857142857,1.8804754285714287,0.000757285714285708,0.00036999999999998145,2026-08-28 11:01:44.628,1.8827472857142857,LOSS,-1.0,6.7,TICK_FEED
GBPCAD,2026-08-28 11:40:00.103,SELL,1.88216,1.8827312142857144,1.8805075714285715,0.0007412142857142883,0.00039999999999995595,2026-08-28 16:24:53.988,1.8805075714285715,WIN,2.0,284.9,TICK_FEED
GBPCAD,2026-08-28 12:00:00.004,SELL,1.88228,1.8827285714285713,1.880452857142857,0.0007585714285714449,0.00038000000000004697,2026-08-28 16:25:41.504,1.880452857142857,WIN,2.0,265.7,TICK_FEED
GBPCAD,2026-08-28 12:15:00.142,SELL,1.88215,1.8827685714285713,1.880492857142857,0.0007585714285714449,0.00041000000000002146,2026-08-28 16:25:37.528,1.880492857142857,WIN,2.0,250.6,TICK_FEED
GBPCAD,2026-08-28 12:25:00.006,SELL,1.88218,1.8827585714285715,1.8804828571428571,0.0007585714285714449,0.00036999999999998145,2026-08-28 16:25:37.532,1.8804828571428571,WIN,2.0,240.6,TICK_FEED
GBPCAD,2026-08-28 12:50:00.071,SELL,1.88205,1.8827685714285713,1.880492857142857,0.0007585714285714449,0.00038000000000004697,2026-08-28 16:25:37.528,1.880492857142857,WIN,2.0,215.6,TICK_FEED
GBPCAD,2026-08-28 16:55:00.005,SELL,1.88148,1.8815056428571428,1.8794787142857143,0.0006756428571428299,0.00035999999999991594,2026-08-28 16:55:00.005,1.8815056428571428,LOSS,-1.0,0.0,TICK_FEED
GBPCAD,2026-08-28 17:15:00.050,SELL,1.88182,1.8814301428571427,1.8791197142857143,0.0007701428571428208,0.00038000000000004697,2026-08-28 17:15:00.050,1.8814301428571427,LOSS,-1.0,0.0,TICK_FEED
GBPCAD,2026-08-31 01:00:00.009,SELL,1.88279,1.8822202857142856,1.8784094285714283,0.0012702857142857286,0.0008400000000001739,2026-08-31 01:00:00.009,1.8822202857142856,LOSS,-1.0,0.0,TICK_FEED
GBPCAD,2026-09-01 09:00:00.020,SELL,1.8782,1.877957,1.875716,0.000747000000000069,0.0003699999999997594,2026-09-01 09:00:00.020,1.877957,LOSS,-1.0,0.0,TICK_FEED
GBPCAD,2026-09-01 19:00:00.018,BUY,1.88084,1.8792727142857142,1.8831645714285716,0.0012972857142857913,0.00038000000000004697,2026-09-01 19:52:19.106,1.8792727142857142,LOSS,-1.0,52.3,TICK_FEED
GBPCAD,2026-09-03 03:00:00.038,SELL,1.8662800000000002,1.8676582142857143,1.8621135714285715,0.0018482142857142747,0.00038999999999989043,2026-09-03 14:22:36.968,1.8621135714285715,WIN,2.0,682.6,TICK_FEED
GBPCAD,2026-09-03 15:25:00.021,SELL,1.86208,1.8627028571428572,1.8591542857142858,0.0011828571428571268,0.00041000000000002146,2026-09-03 15:30:01.281,1.8627028571428572,LOSS,-1.0,5.0,TICK_FEED
GBPCAD,2026-09-03 17:15:00.131,SELL,1.8641100000000002,1.8650729285714285,1.8607741428571427,0.0014329285714285806,0.0004099999999997994,2026-09-03 18:05:06.674,1.8650729285714285,LOSS,-1.0,50.1,TICK_FEED
GBPCAD,2026-09-04 01:00:00.046,SELL,1.86565,1.8669838571428572,1.8618422857142856,0.001713857142857194,0.0008399999999999519,2026-09-04 09:01:20.255,1.8669838571428572,LOSS,-1.0,481.3,TICK_FEED
GBPCAD,2026-09-04 13:30:00.130,BUY,1.86722,1.8662267857142858,1.8686664285714287,0.0008132142857143318,0.000360000000000138,2026-09-04 14:20:25.633,1.8686664285714287,WIN,2.0,50.4,TICK_FEED
GBPCAD,2026-09-04 15:30:00.340,BUY,1.8668200000000001,1.8707887142857142,1.8734925714285715,0.000901285714285752,0.0009900000000002684,2026-09-04 15:30:00.340,1.8707887142857142,LOSS,-1.0,0.0,TICK_FEED
GBPCAD,2026-09-04 18:15:00.117,BUY,1.8713899999999999,1.8694699285714285,1.8748101428571429,0.001780071428571471,0.0003799999999998249,2026-09-04 20:35:07.176,1.8694699285714285,LOSS,-1.0,140.1,TICK_FEED
GBPCAD,2026-09-04 19:10:00.038,BUY,1.87113,1.8690246428571429,1.8745307142857144,0.0018353571428571906,0.00038999999999989043,2026-09-04 23:59:59.076,1.86991,TIMEOUT,-0.66,290.0,TICK_FEED
GBPCAD,2026-09-07 11:55:00.165,BUY,1.8710499999999999,1.8704088571428572,1.8726922857142858,0.000761142857142876,0.0003799999999998249,2026-09-07 13:07:37.374,1.8704088571428572,LOSS,-1.0,72.6,TICK_FEED
GBPCAD,2026-09-07 12:10:00.109,BUY,1.8713199999999999,1.8702909285714286,1.872688142857143,0.0007990714285714391,0.00041000000000002146,2026-09-07 13:09:02.638,1.8702909285714286,LOSS,-1.0,59.0,TICK_FEED
GBPCAD,2026-09-07 14:30:00.070,BUY,1.87081,1.8698432857142857,1.8723234285714287,0.000826714285714306,0.000360000000000138,2026-09-07 15:04:49.217,1.8698432857142857,LOSS,-1.0,34.8,TICK_FEED
GBPCAD,2026-09-08 10:00:00.047,SELL,1.86741,1.8678448571428572,1.8657002857142857,0.0007148571428571583,0.00036999999999998145,2026-09-08 10:06:03.729,1.8678448571428572,LOSS,-1.0,6.1,TICK_FEED
GBPCAD,2026-09-08 12:15:00.094,SELL,1.8666,1.8672262857142856,1.8646574285714284,0.0008562857142857285,0.00035999999999991594,2026-09-08 12:29:56.196,1.8672262857142856,LOSS,-1.0,14.9,TICK_FEED
GBPCAD,2026-09-08 14:05:00.177,SELL,1.8676300000000001,1.868430357142857,1.8654892857142857,0.000980357142857156,0.0003699999999997594,2026-09-08 14:20:25.241,1.868430357142857,LOSS,-1.0,15.4,TICK_FEED
GBPCAD,2026-09-08 18:00:00.041,SELL,1.8671799999999998,1.8676321428571427,1.8634857142857142,0.0013821428571428763,0.000380000000000269,2026-09-08 18:00:02.972,1.8676321428571427,LOSS,-1.0,0.0,TICK_FEED
GBPCAD,2026-09-10 18:20:00.102,SELL,1.86866,1.8695561428571428,1.8660577142857144,0.0011661428571428315,0.00035999999999991594,2026-09-10 20:33:15.468,1.8695561428571428,LOSS,-1.0,133.3,TICK_FEED
GBPCAD,2026-09-10 18:45:00.002,SELL,1.86895,1.8694861428571428,1.8659877142857144,0.0011661428571428315,0.0003700000000002035,2026-09-10 20:32:14.658,1.8694861428571428,LOSS,-1.0,107.2,TICK_FEED
GBPCAD,2026-09-10 21:05:00.056,SELL,1.86869,1.8699133571428572,1.8659732857142857,0.0013133571428571396,0.00038000000000004697,2026-09-11 00:29:57.633,1.8699133571428572,LOSS,-1.0,205.0,TICK_FEED
GBPCAD,2026-09-11 00:06:02.357,SELL,1.8682400000000001,1.869124142857143,1.8650317142857145,0.0013641428571428298,0.0011899999999998023,2026-09-11 00:06:02.357,1.869124142857143,LOSS,-1.0,0.0,TICK_FEED
GBPCAD,2026-09-11 11:15:00.105,BUY,1.8702100000000002,1.8693134999999999,1.8725129999999999,0.0010664999999999926,0.000400000000000178,2026-09-11 12:08:43.562,1.8693134999999999,LOSS,-1.0,53.7,TICK_FEED
GBPCAD,2026-09-11 11:50:00.213,BUY,1.87027,1.8691634999999998,1.8723629999999998,0.0010664999999999926,0.0003700000000002035,2026-09-11 12:09:14.200,1.8691634999999998,LOSS,-1.0,19.2,TICK_FEED
GBPCAD,2026-09-11 12:20:00.067,BUY,1.87015,1.8690384285714285,1.872313142857143,0.0010915714285714283,0.00038000000000004697,2026-09-11 15:15:29.863,1.872313142857143,WIN,2.0,175.5,TICK_FEED
GBPCAD,2026-09-14 16:05:00.167,BUY,1.87406,1.8730998571428572,1.8767602857142858,0.0012201428571428712,0.00041000000000002146,2026-09-14 18:06:25.494,1.8767602857142858,WIN,2.0,121.4,TICK_FEED
GBPCAD,2026-09-14 17:50:00.033,BUY,1.8751,1.8738977857142856,1.8779844285714284,0.0013622142857143027,0.00036999999999998145,2026-09-14 20:38:36.068,1.8779844285714284,WIN,2.0,168.6,TICK_FEED
GBPCAD,2026-09-15 11:00:00.086,SELL,1.87372,1.8738856428571429,1.8707787142857144,0.0010356428571428472,0.0003799999999998249,2026-09-15 11:00:00.086,1.8738856428571429,LOSS,-1.0,0.0,TICK_FEED
GBPCAD,2026-09-15 12:05:00.095,SELL,1.8735,1.8741529285714285,1.8709341428571427,0.0010729285714285775,0.00039999999999995595,2026-09-15 12:50:13.815,1.8741529285714285,LOSS,-1.0,45.2,TICK_FEED
GBPJPY,2026-07-03 02:10:00.759,SELL,215.189,215.38933571428572,214.72532857142858,0.22133571428571508,0.025000000000005684,2026-07-03 03:14:31.170,215.38933571428572,LOSS,-1.0,64.5,TICK_FEED
GBPJPY,2026-07-03 03:30:00.159,SELL,215.314,215.48834285714284,214.85731428571427,0.2103428571428584,0.025000000000005684,2026-07-03 09:34:18.878,214.85731428571427,WIN,2.0,364.3,TICK_FEED
GBPJPY,2026-07-03 10:50:00.165,SELL,215.097,215.1704142857143,214.62617142857144,0.18141428571428406,0.02400000000000091,2026-07-03 12:00:00.592,215.1704142857143,LOSS,-1.0,70.0,TICK_FEED
GBPJPY,2026-07-03 11:10:00.041,SELL,215.072,215.2332714285714,214.65045714285714,0.1942714285714262,0.025000000000005684,2026-07-03 13:33:59.123,215.2332714285714,LOSS,-1.0,144.0,TICK_FEED
GBPJPY,2026-07-03 12:05:00.976,SELL,215.132,215.25242142857144,214.66015714285714,0.1974214285714266,0.025000000000005684,2026-07-03 13:53:13.453,215.25242142857144,LOSS,-1.0,108.2,TICK_FEED
GBPJPY,2026-07-06 11:55:00.066,BUY,216.366,216.23084285714285,216.69331428571428,0.1541571428571426,0.025000000000005684,2026-07-06 15:02:47.238,216.69331428571428,WIN,2.0,187.8,TICK_FEED
GBPJPY,2026-07-06 12:05:00.373,BUY,216.357,216.2260714285714,216.71785714285713,0.16392857142857217,0.025000000000005684,2026-07-06 15:34:49.539,216.71785714285713,WIN,2.0,209.8,TICK_FEED
GBPJPY,2026-07-06 12:15:00.321,BUY,216.386,216.20607142857142,216.69785714285715,0.16392857142857217,0.025000000000005684,2026-07-06 15:05:00.352,216.69785714285715,WIN,2.0,170.0,TICK_FEED
GBPJPY,2026-07-08 14:50:00.228,BUY,216.786,216.61462142857144,217.10775714285714,0.16437857142857065,0.025000000000005684,2026-07-08 16:28:27.256,217.10775714285714,WIN,2.0,98.5,TICK_FEED
GBPJPY,2026-07-09 09:00:00.009,BUY,217.665,217.5629857142857,217.95602857142856,0.13101428571429188,0.025000000000005684,2026-07-09 10:18:13.842,217.95602857142856,WIN,2.0,78.2,TICK_FEED
GBPJPY,2026-07-09 11:05:00.004,BUY,217.819,217.70522857142856,218.11254285714287,0.13577142857143373,0.024999999999977263,2026-07-09 13:30:43.008,217.70522857142856,LOSS,-1.0,145.7,TICK_FEED
GBPJPY,2026-07-09 11:35:00.241,BUY,217.825,217.71722857142856,218.12454285714287,0.13577142857143373,0.024999999999977263,2026-07-09 13:30:23.270,217.71722857142856,LOSS,-1.0,115.4,TICK_FEED
GBPJPY,2026-07-09 12:00:00.243,BUY,217.829,217.70909285714285,218.0838142857143,0.12490714285714728,0.025000000000005684,2026-07-09 13:30:29.600,217.70909285714285,LOSS,-1.0,90.5,TICK_FEED
GBPJPY,2026-07-09 12:10:00.063,BUY,217.8,217.69509285714284,218.0698142857143,0.12490714285714728,0.025000000000005684,2026-07-09 13:32:14.759,217.69509285714284,LOSS,-1.0,82.2,TICK_FEED
GBPJPY,2026-07-10 10:55:00.111,SELL,217.058,217.19025714285712,216.6494857142857,0.18025714285714117,0.025000000000005684,2026-07-10 13:53:00.056,217.19025714285712,LOSS,-1.0,178.0,TICK_FEED
GBPJPY,2026-07-10 18:00:00.182,SELL,216.999,217.19531428571426,216.45937142857142,0.24531428571428587,0.025000000000005684,2026-07-10 23:59:59.045,216.797,TIMEOUT,0.82,360.0,TICK_FEED
GBPJPY,2026-07-13 02:25:01.158,SELL,216.666,216.86967142857142,216.21665714285712,0.2176714285714283,0.025000000000005684,2026-07-13 08:35:27.163,216.86967142857142,LOSS,-1.0,370.4,TICK_FEED
GBPJPY,2026-07-13 13:05:00.021,BUY,216.976,216.81872142857145,217.42255714285716,0.2012785714285696,0.025000000000005684,2026-07-13 23:22:11.545,216.81872142857145,LOSS,-1.0,617.2,TICK_FEED
GBPJPY,2026-07-13 13:35:00.399,BUY,216.977,216.79072142857143,217.39455714285714,0.2012785714285696,0.025000000000005684,2026-07-13 23:24:12.836,216.79072142857143,LOSS,-1.0,589.2,TICK_FEED
GBPJPY,2026-07-14 16:30:00.092,BUY,216.96,216.91507142857142,217.37985714285713,0.1549285714285767,0.025000000000005684,2026-07-14 18:36:03.802,216.91507142857142,LOSS,-1.0,126.1,TICK_FEED
GBPJPY,2026-07-14 17:40:00.077,BUY,217.093,216.98090714285712,217.4971857142857,0.17209285714286032,0.024999999999977263,2026-07-14 18:23:00.649,216.98090714285712,LOSS,-1.0,43.0,TICK_FEED
GBPJPY,2026-07-15 00:40:08.218,BUY,217.225,216.90052857142857,217.50494285714288,0.20147142857143133,0.13599999999999568,2026-07-15 08:44:52.712,217.50494285714288,WIN,2.0,484.7,TICK_FEED
GBPJPY,2026-07-15 00:55:00.215,BUY,217.239,216.89052857142858,217.4949428571429,0.20147142857143133,0.16100000000000136,2026-07-15 08:43:03.555,217.4949428571429,WIN,2.0,468.1,TICK_FEED
GBPJPY,2026-07-17 14:40:00.328,SELL,218.237,218.29522857142857,217.81154285714285,0.16122857142856659,0.025000000000005684,2026-07-17 16:33:38.689,218.29522857142857,LOSS,-1.0,113.6,TICK_FEED
GBPJPY,2026-07-17 15:00:00.062,SELL,218.177,218.32025,217.8005,0.17324999999999408,0.025000000000005684,2026-07-17 16:49:24.241,218.32025,LOSS,-1.0,109.4,TICK_FEED
GBPJPY,2026-07-17 18:10:00.148,SELL,218.358,218.5265,217.946,0.19349999999999393,0.025000000000005684,2026-07-17 19:15:22.388,218.5265,LOSS,-1.0,65.4,TICK_FEED
GBPJPY,2026-07-20 02:15:00.022,SELL,218.49,218.6295142857143,218.11497142857144,0.17151428571428248,0.024999999999977263,2026-07-20 07:20:24.484,218.6295142857143,LOSS,-1.0,305.4,TICK_FEED
GBPJPY,2026-07-21 11:00:00.028,BUY,218.559,218.42936428571429,218.81527142857144,0.1286357142857164,0.025000000000005684,2026-07-21 12:06:26.844,218.42936428571429,LOSS,-1.0,66.4,TICK_FEED
GBPJPY,2026-07-21 13:10:00.180,BUY,218.467,218.33982142857144,218.75735714285716,0.13917857142857276,0.025000000000005684,2026-07-21 13:41:37.081,218.33982142857144,LOSS,-1.0,31.6,TICK_FEED
GBPJPY,2026-07-21 17:45:00.300,SELL,218.045,218.19394285714284,217.60611428571428,0.19594285714285725,0.025000000000005684,2026-07-21 20:30:33.261,218.19394285714284,LOSS,-1.0,165.5,TICK_FEED
GBPJPY,2026-07-21 18:50:00.460,SELL,218.004,218.20282142857144,217.56735714285716,0.2118214285714296,0.025000000000005684,2026-07-21 20:40:40.182,218.20282142857144,LOSS,-1.0,110.7,TICK_FEED
GBPJPY,2026-07-22 13:25:00.924,SELL,218.023,218.1165,217.644,0.15750000000000292,0.025000000000005684,2026-07-22 16:21:15.218,218.1165,LOSS,-1.0,176.2,TICK_FEED
GBPJPY,2026-07-22 17:55:00.031,SELL,218.181,218.32742857142856,217.76814285714283,0.1864285714285736,0.024999999999977263,2026-07-23 00:14:12.817,218.32742857142856,LOSS,-1.0,379.2,TICK_FEED
GBPJPY,2026-07-23 10:20:00.098,BUY,218.251,218.13894285714287,218.4421142857143,0.10105714285714303,0.025000000000005684,2026-07-23 10:52:49.271,218.4421142857143,WIN,2.0,32.8,TICK_FEED
GBPJPY,2026-07-23 11:50:00.066,BUY,218.341,218.29902142857145,218.64095714285716,0.11397857142857118,0.025000000000005684,2026-07-23 13:45:42.767,218.29902142857145,LOSS,-1.0,115.7,TICK_FEED
GBPJPY,2026-07-23 12:00:00.040,BUY,218.371,218.26565714285715,218.6266857142857,0.12034285714285806,0.025000000000005684,2026-07-23 14:28:34.412,218.26565714285715,LOSS,-1.0,148.6,TICK_FEED
GBPJPY,2026-07-23 14:55:00.069,BUY,218.313,218.20402857142855,218.60594285714285,0.13397142857142877,0.024999999999977263,2026-07-23 15:20:22.215,218.20402857142855,LOSS,-1.0,25.4,TICK_FEED
GBPJPY,2026-07-23 17:25:00.445,BUY,218.415,218.28814285714284,218.8127142857143,0.1748571428571446,0.022999999999996135,2026-07-23 17:52:20.364,218.28814285714284,LOSS,-1.0,27.3,TICK_FEED
GBPJPY,2026-07-23 17:35:00.040,BUY,218.436,218.26914285714284,218.7937142857143,0.1748571428571446,0.02400000000000091,2026-07-23 17:53:31.545,218.26914285714284,LOSS,-1.0,18.5,TICK_FEED
GBPJPY,2026-07-24 15:20:00.065,SELL,218.214,218.32332142857143,217.83635714285714,0.16232142857142895,0.022999999999996135,2026-07-24 16:54:43.755,218.32332142857143,LOSS,-1.0,94.7,TICK_FEED
GBPJPY,2026-07-24 21:05:00.507,BUY,218.307,218.11039285714284,218.68221428571428,0.19060714285714309,0.02400000000000091,2026-07-24 23:59:59.053,218.184,TIMEOUT,-0.65,175.0,TICK_FEED
GBPJPY,2026-07-28 14:45:00.054,SELL,217.691,217.79740714285714,217.3821857142857,0.1384071428571405,0.025000000000005684,2026-07-28 15:09:33.598,217.79740714285714,LOSS,-1.0,24.6,TICK_FEED
GBPJPY,2026-07-29 19:05:00.338,BUY,217.723,217.5613,218.1094,0.18270000000000267,0.025000000000005684,2026-07-29 21:01:23.071,218.1094,WIN,2.0,116.4,TICK_FEED
GBPJPY,2026-07-29 19:25:00.089,BUY,217.724,217.5203,218.0684,0.18270000000000267,0.024999999999977263,2026-07-29 21:00:41.824,218.0684,WIN,2.0,95.7,TICK_FEED
GBPJPY,2026-07-29 21:00:00.574,BUY,217.932,217.8544357142857,218.40812857142856,0.18456428571428632,0.14300000000000068,2026-07-29 21:00:00.574,217.8544357142857,LOSS,-1.0,0.0,TICK_FEED
GBPJPY,2026-07-30 20:35:00.403,SELL,215.052,214.16540714285713,212.1301857142857,0.6784071428571482,0.025000000000005684,2026-07-30 20:35:00.403,214.16540714285713,LOSS,-1.0,0.0,TICK_FEED
GBPJPY,2026-07-31 10:50:00.187,SELL,215.846,216.10912142857143,214.69875714285715,0.47012142857142597,0.02400000000000091,2026-07-31 11:55:47.830,214.69875714285715,WIN,2.0,65.8,TICK_FEED
GBPJPY,2026-07-31 13:05:00.216,SELL,215.181,215.62592857142855,213.81114285714284,0.6049285714285694,0.024999999999977263,2026-07-31 16:33:33.868,213.81114285714284,WIN,2.0,208.6,TICK_FEED
GBPJPY,2026-07-31 13:25:00.059,SELL,215.186,215.67792857142857,213.86314285714286,0.6049285714285694,0.025000000000005684,2026-07-31 16:32:13.748,213.86314285714286,WIN,2.0,187.2,TICK_FEED
GBPJPY,2026-07-31 13:45:00.035,SELL,215.122,215.69192857142855,213.87714285714284,0.6049285714285694,0.024999999999977263,2026-07-31 16:32:04.680,213.87714285714284,WIN,2.0,167.1,TICK_FEED
GBPJPY,2026-07-31 14:10:00.259,SELL,215.112,215.68565,213.88070000000002,0.6016499999999988,0.025000000000005684,2026-07-31 16:32:04.554,213.88070000000002,WIN,2.0,142.1,TICK_FEED
GBPJPY,2026-07-31 14:20:00.154,SELL,215.104,215.68865,213.8837,0.6016499999999988,0.024999999999977263,2026-07-31 16:32:04.554,213.8837,WIN,2.0,132.1,TICK_FEED
GBPJPY,2026-07-31 16:20:00.033,SELL,215.217,214.90131428571428,213.08537142857142,0.6053142857142856,0.022999999999996135,2026-07-31 16:20:00.033,214.90131428571428,LOSS,-1.0,0.0,TICK_FEED
GBPJPY,2026-07-31 19:25:00.004,SELL,214.419,215.10707857142856,212.85084285714285,0.7520785714285723,0.024999999999977263,2026-07-31 23:39:43.552,212.85084285714285,WIN,2.0,254.7,TICK_FEED
GBPJPY,2026-07-31 20:25:00.004,SELL,214.539,214.64865,212.4117,0.7456500000000011,0.025000000000005684,2026-07-31 20:25:06.587,214.64865,LOSS,-1.0,0.1,TICK_FEED
GBPJPY,2026-08-03 03:25:00.259,SELL,212.76,212.15552857142856,209.73594285714285,0.8065285714285746,0.025000000000005684,2026-08-03 03:25:00.259,212.15552857142856,LOSS,-1.0,0.0,TICK_FEED
GBPJPY,2026-08-03 19:15:00.542,SELL,210.675,211.0190357142857,209.83392857142857,0.39503571428571677,0.024999999999977263,2026-08-03 23:24:28.150,211.0190357142857,LOSS,-1.0,249.5,TICK_FEED
GBPJPY,2026-08-03 19:40:00.129,SELL,210.735,211.0600357142857,209.87492857142857,0.39503571428571677,0.024999999999977263,2026-08-03 23:27:33.544,211.0600357142857,LOSS,-1.0,227.6,TICK_FEED
GBPJPY,2026-08-03 20:40:00.087,SELL,210.744,211.07637857142856,209.88124285714284,0.39837857142857525,0.02400000000000091,2026-08-03 23:27:57.012,211.07637857142856,LOSS,-1.0,167.9,TICK_FEED
GBPJPY,2026-08-03 21:05:00.093,SELL,210.722,211.0447357142857,209.90552857142856,0.3797357142857186,0.025000000000005684,2026-08-03 23:27:15.906,211.0447357142857,LOSS,-1.0,142.3,TICK_FEED
GBPJPY,2026-08-07 15:25:00.148,SELL,212.943,212.97269285714285,212.55361428571427,0.1396928571428591,0.024999999999977263,2026-08-07 15:26:02.496,212.97269285714285,LOSS,-1.0,1.0,TICK_FEED
GBPJPY,2026-08-07 18:25:00.109,SELL,212.914,213.07677142857145,212.26445714285714,0.2707714285714297,0.025000000000005684,2026-08-07 23:59:57.868,212.991,TIMEOUT,-0.28,335.0,TICK_FEED
GBPJPY,2026-08-12 17:25:00.051,SELL,215.104,215.23667857142857,214.67064285714284,0.18867857142857708,0.024999999999977263,2026-08-12 20:38:19.198,215.23667857142857,LOSS,-1.0,193.3,TICK_FEED
GBPJPY,2026-08-12 17:50:00.500,SELL,215.146,215.23867857142858,214.67264285714285,0.18867857142857708,0.025000000000005684,2026-08-12 20:38:19.968,215.23867857142858,LOSS,-1.0,168.3,TICK_FEED
GBPJPY,2026-08-12 18:20:00.139,SELL,215.062,215.2352857142857,214.66442857142854,0.19028571428571844,0.024999999999977263,2026-08-12 20:30:47.491,215.2352857142857,LOSS,-1.0,130.8,TICK_FEED
GBPJPY,2026-08-13 07:45:00.260,SELL,215.091,215.1168142857143,214.77237142857143,0.11481428571428216,0.025000000000005684,2026-08-13 13:38:23.707,215.1168142857143,LOSS,-1.0,353.4,TICK_FEED
GBPJPY,2026-08-13 09:20:00.058,SELL,215.028,215.10719285714285,214.7556142857143,0.11719285714285213,0.025000000000005684,2026-08-13 13:18:36.216,215.10719285714285,LOSS,-1.0,238.6,TICK_FEED
GBPJPY,2026-08-17 18:05:00.141,BUY,215.92,215.8033,216.2164,0.1376999999999979,0.026999999999986812,2026-08-18 00:35:13.012,215.8033,LOSS,-1.0,390.2,TICK_FEED
GBPJPY,2026-08-17 18:15:01.772,BUY,215.947,215.8163,216.2294,0.1376999999999979,0.027000000000015234,2026-08-18 00:33:36.607,215.8163,LOSS,-1.0,378.6,TICK_FEED
GBPJPY,2026-08-19 07:00:00.146,SELL,215.806,215.89475714285715,215.5834857142857,0.10375714285714313,0.024999999999977263,2026-08-19 15:33:09.602,215.5834857142857,WIN,2.0,513.2,TICK_FEED
GBPJPY,2026-08-19 07:15:00.199,SELL,215.797,215.89275714285714,215.5814857142857,0.10375714285714313,0.027000000000015234,2026-08-19 15:33:09.602,215.5814857142857,WIN,2.0,498.2,TICK_FEED
GBPJPY,2026-08-19 09:25:00.067,SELL,215.784,215.8108142857143,215.49337142857144,0.10581428571428668,0.027000000000015234,2026-08-19 09:25:00.067,215.8108142857143,LOSS,-1.0,0.0,TICK_FEED
GBPJPY,2026-08-19 10:10:00.070,SELL,215.731,215.81892142857143,215.48315714285712,0.11192142857143128,0.02600000000001046,2026-08-19 11:13:25.570,215.81892142857143,LOSS,-1.0,63.4,TICK_FEED
GBPJPY,2026-08-19 10:50:00.180,SELL,215.721,215.80792142857143,215.47215714285713,0.11192142857143128,0.026999999999986812,2026-08-19 11:08:23.716,215.80792142857143,LOSS,-1.0,18.4,TICK_FEED
GBPJPY,2026-08-19 11:15:00.149,SELL,215.774,215.83612857142856,215.48474285714283,0.11712857142857343,0.026999999999986812,2026-08-19 12:16:07.695,215.83612857142856,LOSS,-1.0,61.1,TICK_FEED
GBPJPY,2026-08-19 15:20:00.068,SELL,215.677,215.7461785714286,215.35564285714287,0.13017857142857361,0.02600000000001046,2026-08-19 15:37:15.593,215.35564285714287,WIN,2.0,17.3,TICK_FEED
GBPJPY,2026-08-19 17:10:00.084,SELL,215.714,215.79896428571428,215.20207142857143,0.1989642857142893,0.027000000000015234,2026-08-19 22:57:38.950,215.20207142857143,WIN,2.0,347.6,TICK_FEED
GBPJPY,2026-08-19 18:40:00.002,SELL,215.614,215.76757857142857,215.14484285714286,0.2075785714285741,0.026999999999986812,2026-08-20 01:00:39.892,215.14484285714286,WIN,2.0,380.7,TICK_FEED
GBPJPY,2026-08-19 18:50:00.144,SELL,215.604,215.76757857142857,215.14484285714286,0.2075785714285741,0.024999999999977263,2026-08-20 01:00:39.892,215.14484285714286,WIN,2.0,370.7,TICK_FEED
GBPJPY,2026-08-19 19:00:00.023,SELL,215.593,215.78445000000002,215.13510000000002,0.2164500000000012,0.027000000000015234,2026-08-20 01:01:11.040,215.13510000000002,WIN,2.0,361.2,TICK_FEED
GBPJPY,2026-08-19 19:25:00.037,SELL,215.602,215.78045,215.1311,0.2164500000000012,0.026999999999986812,2026-08-20 01:01:11.040,215.1311,WIN,2.0,336.2,TICK_FEED
GBPJPY,2026-08-19 19:40:00.129,SELL,215.585,215.77445,215.1251,0.2164500000000012,0.026999999999986812,2026-08-20 01:01:11.536,215.1251,WIN,2.0,321.2,TICK_FEED
GBPJPY,2026-08-19 20:15:00.564,SELL,215.584,215.71747142857143,215.0590571428571,0.21947142857143143,0.026999999999986812,2026-08-20 04:49:30.727,215.71747142857143,LOSS,-1.0,514.5,TICK_FEED
GBPJPY,2026-08-19 21:00:00.072,SELL,215.544,215.66272142857144,214.99755714285715,0.2217214285714312,0.026999999999986812,2026-08-20 04:45:12.188,215.66272142857144,LOSS,-1.0,465.2,TICK_FEED
GBPJPY,2026-08-20 10:20:00.065,BUY,215.672,215.56424285714286,216.0915142857143,0.1757571428571489,0.026999999999986812,2026-08-20 11:43:04.327,216.0915142857143,WIN,2.0,83.1,TICK_FEED
GBPJPY,2026-08-20 18:00:00.101,BUY,216.387,216.22709285714285,216.8718142857143,0.21490714285714582,0.026999999999986812,2026-08-20 18:06:26.883,216.22709285714285,LOSS,-1.0,6.4,TICK_FEED
GBPJPY,2026-08-25 15:55:00.043,BUY,217.132,217.05799285714286,217.48401428571427,0.14200714285713759,0.02400000000000091,2026-08-25 18:40:07.363,217.05799285714286,LOSS,-1.0,165.1,TICK_FEED
GBPJPY,2026-08-26 15:20:00.216,SELL,216.796,216.87257857142856,216.46584285714286,0.13557857142856836,0.027000000000015234,2026-08-27 03:01:06.591,216.46584285714286,WIN,2.0,701.1,TICK_FEED
GBPJPY,2026-08-26 17:05:00.376,SELL,216.753,216.8837142857143,216.42857142857144,0.15171428571428294,0.027000000000015234,2026-08-27 03:02:37.464,216.42857142857144,WIN,2.0,597.6,TICK_FEED
GBPJPY,2026-08-26 17:15:00.769,SELL,216.744,216.86471428571429,216.40957142857144,0.15171428571428294,0.02600000000001046,2026-08-27 03:06:31.214,216.40957142857144,WIN,2.0,591.5,TICK_FEED
GBPJPY,2026-08-27 03:00:00.050,SELL,216.503,216.53769285714287,216.1456142857143,0.1306928571428545,0.027000000000015234,2026-08-27 05:05:36.337,216.53769285714287,LOSS,-1.0,125.6,TICK_FEED
GBPJPY,2026-08-27 13:00:00.079,SELL,216.472,216.55070714285714,216.17058571428572,0.12670714285713944,0.026999999999986812,2026-08-27 13:27:48.483,216.55070714285714,LOSS,-1.0,27.8,TICK_FEED
GBPJPY,2026-08-27 18:40:00.085,SELL,216.465,216.59305714285713,216.1278857142857,0.15505714285714142,0.026999999999986812,2026-08-27 19:35:45.737,216.59305714285713,LOSS,-1.0,55.8,TICK_FEED
GBPJPY,2026-08-28 10:40:00.125,BUY,216.639,216.57932857142856,216.85434285714285,0.09167142857142961,0.027000000000015234,2026-08-28 12:15:40.936,216.85434285714285,WIN,2.0,95.7,TICK_FEED
GBPJPY,2026-08-28 16:10:00.062,BUY,216.769,216.68712142857143,217.00475714285716,0.10587857142856905,0.027000000000015234,2026-08-28 16:48:41.390,216.68712142857143,LOSS,-1.0,38.7,TICK_FEED
GBPJPY,2026-08-28 19:30:00.047,BUY,216.777,216.6263642857143,217.1202714285714,0.16463571428571291,0.026999999999986812,2026-08-28 22:02:39.743,216.6263642857143,LOSS,-1.0,152.7,TICK_FEED
GBPJPY,2026-08-28 19:40:00.242,BUY,216.797,216.6393642857143,217.13327142857142,0.16463571428571291,0.026999999999986812,2026-08-28 22:00:15.240,216.6393642857143,LOSS,-1.0,140.2,TICK_FEED
GBPJPY,2026-08-31 09:50:00.818,SELL,216.53,216.61381428571428,216.21537142857142,0.13281428571428588,0.026999999999986812,2026-08-31 10:14:02.795,216.21537142857142,WIN,2.0,24.0,TICK_FEED
GBPJPY,2026-08-31 17:00:00.095,SELL,216.441,216.53600714285713,216.0829857142857,0.15100714285714037,0.026999999999986812,2026-08-31 17:52:36.311,216.53600714285713,LOSS,-1.0,52.6,TICK_FEED
GBPJPY,2026-08-31 19:35:02.452,SELL,216.408,216.51185714285714,216.04128571428572,0.1568571428571409,0.027000000000015234,2026-08-31 21:54:29.061,216.51185714285714,LOSS,-1.0,139.4,TICK_FEED
GBPJPY,2026-09-01 16:30:00.049,BUY,216.692,216.5588142857143,216.94337142857142,0.12818571428571243,0.025000000000005684,2026-09-01 17:32:26.361,216.5588142857143,LOSS,-1.0,62.4,TICK_FEED
GBPJPY,2026-09-01 17:45:00.233,BUY,216.704,216.5581,216.96579999999997,0.13589999999999844,0.027000000000015234,2026-09-01 18:04:24.297,216.5581,LOSS,-1.0,19.4,TICK_FEED
GBPJPY,2026-09-01 17:55:00.620,BUY,216.705,216.55610000000001,216.9638,0.13589999999999844,0.027000000000015234,2026-09-01 18:04:24.297,216.55610000000001,LOSS,-1.0,9.4,TICK_FEED
GBPJPY,2026-09-01 23:55:00.072,SELL,216.506,216.5826857142857,216.13062857142856,0.15068571428571392,0.025000000000005684,2026-09-02 00:27:08.757,216.5826857142857,LOSS,-1.0,32.1,TICK_FEED
GBPJPY,2026-09-02 12:10:00.063,SELL,215.828,215.9294,215.40019999999998,0.17639999999999817,0.026999999999986812,2026-09-02 14:30:46.880,215.40019999999998,WIN,2.0,140.8,TICK_FEED
GBPJPY,2026-09-02 12:30:00.111,SELL,215.778,215.8884,215.3592,0.17639999999999817,0.027000000000015234,2026-09-02 14:33:26.950,215.3592,WIN,2.0,123.4,TICK_FEED
GBPJPY,2026-09-03 11:05:00.182,SELL,211.982,212.24695,211.07109999999997,0.39195000000000235,0.025000000000005684,2026-09-03 12:39:47.465,211.07109999999997,WIN,2.0,94.8,TICK_FEED
GBPJPY,2026-09-03 11:20:00.233,SELL,212.004,212.32495,211.14909999999998,0.39195000000000235,0.027000000000015234,2026-09-03 12:37:12.108,211.14909999999998,WIN,2.0,77.2,TICK_FEED
GBPJPY,2026-09-04 17:35:00.067,SELL,210.751,211.13834285714285,209.85931428571428,0.4263428571428593,0.026999999999986812,2026-09-04 21:44:31.381,211.13834285714285,LOSS,-1.0,249.5,TICK_FEED
GBPJPY,2026-09-07 02:00:00.041,SELL,211.137,211.41165,210.3897,0.3406500000000004,0.026999999999986812,2026-09-07 11:03:21.898,210.3897,WIN,2.0,543.4,TICK_FEED
GBPJPY,2026-09-07 10:15:00.122,SELL,210.776,210.83997857142856,210.17404285714287,0.22197857142857164,0.026999999999986812,2026-09-07 11:07:36.163,210.17404285714287,WIN,2.0,52.6,TICK_FEED
GBPJPY,2026-09-07 10:45:00.203,SELL,210.723,210.80897857142855,210.14304285714286,0.22197857142857164,0.026999999999986812,2026-09-07 11:07:36.163,210.14304285714286,WIN,2.0,22.6,TICK_FEED
GBPJPY,2026-09-07 14:25:00.699,SELL,209.36,209.71614285714287,208.56671428571428,0.3831428571428577,0.026999999999986812,2026-09-08 02:14:50.892,208.56671428571428,WIN,2.0,709.8,TICK_FEED
GBPJPY,2026-09-07 22:20:00.405,SELL,209.017,209.3462357142857,208.2205285714286,0.3752357142857136,0.027000000000015234,2026-09-08 03:02:02.702,208.2205285714286,WIN,2.0,282.0,TICK_FEED
GBPJPY,2026-09-07 23:55:00.551,SELL,209.016,209.3030642857143,208.22287142857144,0.36006428571428384,0.027000000000015234,2026-09-08 03:02:02.702,208.22287142857144,WIN,2.0,187.0,TICK_FEED
GBPJPY,2026-09-08 08:05:00.861,SELL,207.741,207.90068571428571,207.15162857142857,0.24968571428571337,0.026999999999986812,2026-09-08 08:30:58.483,207.90068571428571,LOSS,-1.0,26.0,TICK_FEED
GBPJPY,2026-09-08 08:55:00.058,SELL,207.865,207.8996857142857,207.15062857142857,0.24968571428571337,0.026999999999986812,2026-09-08 09:10:42.869,207.8996857142857,LOSS,-1.0,15.7,TICK_FEED
GBPJPY,2026-09-09 10:00:00.044,SELL,207.914,208.10174999999998,207.0555,0.34874999999999706,0.027000000000015234,2026-09-09 11:33:08.686,208.10174999999998,LOSS,-1.0,93.1,TICK_FEED
GBPJPY,2026-09-09 10:35:00.011,SELL,207.865,208.10174999999998,207.0555,0.34874999999999706,0.026999999999986812,2026-09-09 11:33:08.686,208.10174999999998,LOSS,-1.0,58.1,TICK_FEED
GBPJPY,2026-09-09 13:00:00.057,SELL,207.914,208.19322142857143,207.21755714285715,0.3252214285714266,0.027000000000015234,2026-09-09 18:12:50.819,208.19322142857143,LOSS,-1.0,312.8,TICK_FEED
GBPJPY,2026-09-11 17:55:00.047,SELL,207.663,207.9516357142857,206.99872857142856,0.31763571428570897,0.026999999999986812,2026-09-11 22:00:22.025,207.9516357142857,LOSS,-1.0,245.4,TICK_FEED
GBPJPY,2026-09-14 19:30:00.271,BUY,208.364,208.13097857142856,208.84204285714284,0.23702142857142566,0.027000000000015234,2026-09-14 21:59:31.472,208.13097857142856,LOSS,-1.0,149.5,TICK_FEED
GBPJPY,2026-09-14 22:40:00.045,BUY,208.329,208.0886857142857,208.85162857142856,0.25431428571428316,0.027000000000015234,2026-09-15 08:25:49.521,208.85162857142856,WIN,2.0,585.8,TICK_FEED
US30,2026-06-30 12:25:02.058,BUY,52386.1,52330.610714285714,52490.77857142857,53.38928571428571,5.099999999998545,2026-06-30 15:00:37.428,52330.610714285714,LOSS,-1.0,155.6,TICK_FEED
US30,2026-06-30 12:35:00.012,BUY,52363.1,52327.610714285714,52487.77857142857,53.38928571428571,4.099999999998545,2026-06-30 15:00:39.161,52327.610714285714,LOSS,-1.0,145.7,TICK_FEED
US30,2026-06-30 13:45:00.142,BUY,52378.1,52330.3,52500.4,56.7,4.099999999998545,2026-06-30 15:00:37.553,52330.3,LOSS,-1.0,75.6,TICK_FEED
US30,2026-06-30 14:45:00.133,BUY,52388.1,52340.975,52509.05,56.025,4.099999999998545,2026-06-30 15:00:31.370,52340.975,LOSS,-1.0,15.5,TICK_FEED
US30,2026-06-30 16:50:00.105,BUY,52242.1,52249.62142857143,52445.75714285715,65.37857142857143,5.099999999998545,2026-06-30 16:50:00.105,52249.62142857143,LOSS,-1.0,0.0,TICK_FEED
US30,2026-07-01 10:40:00.415,SELL,52240.0,52287.33857142857,52106.322857142855,60.33857142857134,4.099999999998545,2026-07-01 11:19:36.805,52287.33857142857,LOSS,-1.0,39.6,TICK_FEED
US30,2026-07-01 16:30:00.039,SELL,52319.0,52220.725,52044.55,58.725,6.099999999998545,2026-07-01 16:30:00.039,52220.725,LOSS,-1.0,0.0,TICK_FEED
US30,2026-07-02 15:30:01.368,BUY,52518.5,52544.27785714286,52717.444285714286,57.72214285714295,41.0,2026-07-02 15:30:01.368,52544.27785714286,LOSS,-1.0,0.0,TICK_FEED
US30,2026-07-02 18:20:00.119,BUY,52710.1,52706.46928571429,53002.061428571425,98.5307142857141,6.099999999998545,2026-07-02 18:20:00.119,52706.46928571429,LOSS,-1.0,0.0,TICK_FEED
US30,2026-07-02 18:35:00.152,BUY,52757.1,52668.46928571429,52964.061428571425,98.5307142857141,4.099999999998545,2026-07-02 19:38:10.497,52668.46928571429,LOSS,-1.0,63.2,TICK_FEED
US30,2026-07-02 18:55:00.063,BUY,52728.1,52657.46928571429,52953.061428571425,98.5307142857141,4.099999999998545,2026-07-02 20:01:36.278,52657.46928571429,LOSS,-1.0,66.6,TICK_FEED
US30,2026-07-02 19:50:00.071,BUY,52738.1,52642.59071428572,52958.81857142857,105.40928571428553,4.099999999998545,2026-07-02 20:03:20.044,52642.59071428572,LOSS,-1.0,13.3,TICK_FEED
US30,2026-07-02 21:05:00.071,BUY,52587.1,52540.290714285715,52902.41857142857,120.70928571428553,5.099999999998545,2026-07-02 22:55:33.924,52902.41857142857,WIN,2.0,110.6,TICK_FEED
US30,2026-07-02 21:20:00.061,BUY,52628.1,52529.290714285715,52891.41857142857,120.70928571428553,4.099999999998545,2026-07-02 22:54:34.687,52891.41857142857,WIN,2.0,94.6,TICK_FEED
US30,2026-07-06 13:10:00.183,BUY,52948.1,52916.565,53097.87,60.4349999999999,4.099999999998545,2026-07-06 14:06:02.202,52916.565,LOSS,-1.0,56.0,TICK_FEED
US30,2026-07-06 17:30:00.167,SELL,52880.0,52920.12142857143,52684.25714285715,78.62142857142858,5.099999999998545,2026-07-06 17:56:00.627,52920.12142857143,LOSS,-1.0,26.0,TICK_FEED
US30,2026-07-06 19:05:00.536,SELL,52922.0,53004.6,52737.3,89.10000000000001,4.099999999998545,2026-07-06 20:05:53.009,53004.6,LOSS,-1.0,60.9,TICK_FEED
US30,2026-07-07 19:50:00.163,SELL,52962.0,53027.94285714286,52737.114285714284,96.94285714285714,4.099999999998545,2026-07-08 11:16:22.223,52737.114285714284,WIN,2.0,926.4,TICK_FEED
US30,2026-07-08 14:20:00.022,SELL,52385.0,52439.64428571428,52152.71142857143,95.64428571428591,4.099999999998545,2026-07-08 14:43:35.567,52439.64428571428,LOSS,-1.0,23.6,TICK_FEED
US30,2026-07-08 15:55:00.231,SELL,52532.0,52563.87285714286,52252.25428571428,103.87285714285733,5.099999999998545,2026-07-08 17:40:01.170,52252.25428571428,WIN,2.0,105.0,TICK_FEED
US30,2026-07-08 16:05:00.109,SELL,52483.0,52590.99285714285,52261.014285714286,109.99285714285713,5.099999999998545,2026-07-08 17:39:53.713,52261.014285714286,WIN,2.0,94.9,TICK_FEED
US30,2026-07-08 16:15:00.075,SELL,52514.0,52585.99285714285,52256.014285714286,109.99285714285713,5.099999999998545,2026-07-08 17:40:00.796,52256.014285714286,WIN,2.0,85.0,TICK_FEED
US30,2026-07-08 16:45:00.004,SELL,52506.0,52571.99285714285,52242.014285714286,109.99285714285713,5.099999999998545,2026-07-08 17:48:46.859,52242.014285714286,WIN,2.0,63.8,TICK_FEED
US30,2026-07-08 20:55:00.163,SELL,52367.0,52495.17142857143,52050.05714285715,148.37142857142857,4.099999999998545,2026-07-09 07:55:02.550,52495.17142857143,LOSS,-1.0,660.0,TICK_FEED
US30,2026-07-09 16:30:00.025,SELL,52471.0,52439.34285714286,52240.31428571429,66.34285714285714,6.099999999998545,2026-07-09 16:30:00.025,52439.34285714286,LOSS,-1.0,0.0,TICK_FEED
US30,2026-07-09 16:45:00.001,SELL,52428.0,52476.34285714286,52277.31428571429,66.34285714285714,4.099999999998545,2026-07-09 16:52:35.632,52476.34285714286,LOSS,-1.0,7.6,TICK_FEED
US30,2026-07-09 17:15:00.099,SELL,52483.0,52492.46785714286,52263.06428571429,76.46785714285714,5.099999999998545,2026-07-09 17:28:08.655,52492.46785714286,LOSS,-1.0,13.1,TICK_FEED
US30,2026-07-09 22:55:00.124,BUY,52510.1,52445.885714285716,52728.22857142857,94.11428571428571,8.099999999998545,2026-07-10 17:32:57.574,52445.885714285716,LOSS,-1.0,1118.0,TICK_FEED
US30,2026-07-10 15:10:00.071,BUY,52606.1,52621.00785714286,52767.98428571429,48.99214285714277,4.099999999998545,2026-07-10 15:10:00.071,52621.00785714286,LOSS,-1.0,0.0,TICK_FEED
US30,2026-07-10 15:35:00.565,BUY,52623.1,52610.00785714286,52756.98428571429,48.99214285714277,5.099999999998545,2026-07-10 15:35:19.937,52610.00785714286,LOSS,-1.0,0.3,TICK_FEED
US30,2026-07-10 17:40:00.042,BUY,52539.1,52537.16785714286,52731.66428571429,64.83214285714287,4.099999999998545,2026-07-10 17:40:00.042,52537.16785714286,LOSS,-1.0,0.0,TICK_FEED
US30,2026-07-10 18:05:00.120,BUY,52581.1,52526.180714285714,52774.63857142857,82.81928571428591,4.099999999998545,2026-07-10 23:59:58.042,52736.0,TIMEOUT,1.87,355.0,TICK_FEED
US30,2026-07-13 14:05:00.280,BUY,52678.1,52629.069285714286,52832.86142857143,67.93071428571409,5.099999999998545,2026-07-13 14:53:54.988,52629.069285714286,LOSS,-1.0,48.9,TICK_FEED
US30,2026-07-13 15:45:02.480,BUY,52625.1,52575.069285714286,52778.86142857143,67.93071428571409,5.099999999998545,2026-07-13 16:31:11.990,52778.86142857143,WIN,2.0,46.2,TICK_FEED
US30,2026-07-13 17:10:00.077,BUY,52732.1,52720.264285714286,52941.47142857143,73.7357142857143,6.099999999998545,2026-07-13 17:10:03.182,52720.264285714286,LOSS,-1.0,0.1,TICK_FEED
US30,2026-07-14 13:35:00.006,SELL,52437.0,52509.47928571429,52268.04142857143,80.47928571428581,7.099999999998545,2026-07-14 13:37:53.349,52509.47928571429,LOSS,-1.0,2.9,TICK_FEED
US30,2026-07-15 18:35:00.028,BUY,52743.1,52658.360714285714,52933.27857142857,91.63928571428572,5.099999999998545,2026-07-15 19:08:08.635,52658.360714285714,LOSS,-1.0,33.1,TICK_FEED
US30,2026-07-17 14:10:00.027,SELL,52309.0,52351.00785714286,52092.98428571429,86.00785714285678,5.099999999998545,2026-07-17 14:37:44.439,52351.00785714286,LOSS,-1.0,27.7,TICK_FEED
US30,2026-07-17 14:20:00.700,SELL,52290.0,52360.00785714286,52101.98428571429,86.00785714285678,5.099999999998545,2026-07-17 16:07:11.488,52101.98428571429,WIN,2.0,107.2,TICK_FEED
US30,2026-07-17 15:00:00.064,SELL,52321.0,52388.32214285714,52123.35571428572,88.3221428571425,6.099999999998545,2026-07-17 16:05:12.450,52123.35571428572,WIN,2.0,65.2,TICK_FEED
US30,2026-07-20 16:25:00.078,BUY,52299.1,52230.96428571428,52479.171428571426,82.7357142857143,4.099999999998545,2026-07-20 16:46:21.913,52230.96428571428,LOSS,-1.0,21.4,TICK_FEED
US30,2026-07-20 18:55:00.101,SELL,52098.0,52162.70714285714,51836.58571428571,108.70714285714287,4.099999999998545,2026-07-20 22:15:01.512,51836.58571428571,WIN,2.0,200.0,TICK_FEED
US30,2026-07-20 19:25:00.602,SELL,52123.0,52203.95714285714,51871.08571428571,110.95714285714287,4.099999999998545,2026-07-20 21:44:46.035,51871.08571428571,WIN,2.0,139.8,TICK_FEED
US30,2026-07-20 19:40:00.098,SELL,52095.0,52169.95714285714,51837.08571428571,110.95714285714287,4.099999999998545,2026-07-20 22:15:01.512,51837.08571428571,WIN,2.0,155.0,TICK_FEED
US30,2026-07-22 11:00:00.061,BUY,52149.1,52173.201428571425,52325.59714285714,50.79857142857171,4.099999999998545,2026-07-22 11:00:00.061,52173.201428571425,LOSS,-1.0,0.0,TICK_FEED
US30,2026-07-22 15:30:00.394,BUY,52190.1,52161.17642857143,52346.647142857146,61.823571428571704,4.099999999998545,2026-07-22 15:56:53.117,52161.17642857143,LOSS,-1.0,26.9,TICK_FEED
US30,2026-07-22 16:15:00.212,BUY,52197.1,52172.42,52378.16,68.58000000000018,5.099999999998545,2026-07-22 16:31:47.844,52378.16,WIN,2.0,16.8,TICK_FEED
US30,2026-07-22 18:15:00.533,BUY,52353.1,52249.934285714284,52562.13142857143,104.06571428571448,5.099999999998545,2026-07-23 01:01:02.341,52249.934285714284,LOSS,-1.0,406.0,TICK_FEED
US30,2026-07-23 02:45:00.143,BUY,52237.1,52122.267857142855,52481.46428571428,119.73214285714285,6.099999999998545,2026-07-23 10:00:30.950,52122.267857142855,LOSS,-1.0,435.5,TICK_FEED
US30,2026-07-23 12:10:00.055,SELL,52112.0,52177.53785714286,51941.92428571429,78.53785714285696,4.099999999998545,2026-07-23 15:08:40.647,51941.92428571429,WIN,2.0,178.7,TICK_FEED
US30,2026-07-23 16:45:00.093,SELL,51864.0,51868.31071428571,51561.37857142857,102.31071428571428,7.099999999998545,2026-07-23 16:45:00.093,51868.31071428571,LOSS,-1.0,0.0,TICK_FEED
US30,2026-07-23 17:40:00.083,SELL,51782.0,51856.21071428571,51492.578571428574,121.21071428571427,4.099999999998545,2026-07-23 19:23:26.688,51856.21071428571,LOSS,-1.0,103.4,TICK_FEED
US30,2026-07-23 17:50:00.079,SELL,51764.0,51867.21071428571,51503.578571428574,121.21071428571427,5.099999999998545,2026-07-24 10:09:12.559,51867.21071428571,LOSS,-1.0,979.2,TICK_FEED
US30,2026-07-23 18:00:00.015,SELL,51771.0,51845.74642857143,51471.50714285715,124.74642857142858,4.099999999998545,2026-07-23 19:23:23.786,51845.74642857143,LOSS,-1.0,83.4,TICK_FEED
US30,2026-07-23 19:45:00.095,SELL,51779.0,51857.96785714286,51453.06428571429,134.96785714285716,4.099999999998545,2026-07-24 10:07:59.527,51857.96785714286,LOSS,-1.0,863.0,TICK_FEED
US30,2026-07-23 20:10:00.044,SELL,51776.0,51900.94642857143,51478.107142857145,140.94642857142858,5.099999999998545,2026-07-24 10:17:16.498,51900.94642857143,LOSS,-1.0,847.3,TICK_FEED
US30,2026-07-23 20:25:00.001,SELL,51793.0,51902.94642857143,51480.107142857145,140.94642857142858,4.099999999998545,2026-07-24 10:17:19.712,51902.94642857143,LOSS,-1.0,832.3,TICK_FEED
US30,2026-07-24 14:55:00.028,BUY,51930.1,51904.70642857143,52085.58714285714,60.293571428571525,5.099999999998545,2026-07-24 14:56:55.065,51904.70642857143,LOSS,-1.0,1.9,TICK_FEED
US30,2026-07-24 15:20:00.174,BUY,51951.1,51904.01357142857,52098.97285714286,64.98642857142866,6.099999999998545,2026-07-24 15:51:30.935,51904.01357142857,LOSS,-1.0,31.5,TICK_FEED
US30,2026-07-24 16:45:00.059,BUY,51827.3,51815.892857142855,52023.21428571428,69.10714285714286,37.5,2026-07-24 16:45:00.059,51815.892857142855,LOSS,-1.0,0.0,TICK_FEED
US30,2026-07-24 17:05:00.095,BUY,51821.1,51827.99857142857,52059.002857142856,77.00142857142876,4.099999999998545,2026-07-24 17:05:00.095,51827.99857142857,LOSS,-1.0,0.0,TICK_FEED
US30,2026-07-24 17:20:00.021,BUY,51866.1,51800.99857142857,52032.002857142856,77.00142857142876,6.099999999998545,2026-07-24 17:34:57.860,51800.99857142857,LOSS,-1.0,15.0,TICK_FEED
US30,2026-07-24 20:25:00.175,BUY,52015.1,51943.91285714286,52265.17428571429,107.08714285714305,4.099999999998545,2026-07-24 21:28:02.527,51943.91285714286,LOSS,-1.0,63.0,TICK_FEED
US30,2026-07-24 21:05:00.196,BUY,52016.1,51923.28428571428,52258.43142857143,111.71571428571447,4.099999999998545,2026-07-24 21:31:38.786,51923.28428571428,LOSS,-1.0,26.6,TICK_FEED
US30,2026-07-24 22:35:00.074,BUY,51925.6,51823.77,52187.46,121.2300000000002,4.099999999998545,2026-07-24 23:59:59.551,51934.0,TIMEOUT,0.07,85.0,TICK_FEED
US30,2026-07-28 17:05:00.031,BUY,52638.1,52543.135714285716,52845.72857142857,100.86428571428571,5.099999999998545,2026-07-28 18:24:53.358,52845.72857142857,WIN,2.0,79.9,TICK_FEED
US30,2026-07-28 17:45:00.041,BUY,52624.1,52545.135714285716,52847.72857142857,100.86428571428571,4.099999999998545,2026-07-28 18:24:54.602,52847.72857142857,WIN,2.0,39.9,TICK_FEED
US30,2026-07-28 18:05:00.063,BUY,52598.1,52537.82142857143,52847.357142857145,103.17857142857143,5.099999999998545,2026-07-28 18:24:54.602,52847.357142857145,WIN,2.0,19.9,TICK_FEED
US30,2026-07-28 22:15:00.163,BUY,52858.1,52742.25,53113.5,123.75,5.099999999998545,2026-07-29 01:23:56.208,52742.25,LOSS,-1.0,188.9,TICK_FEED
US30,2026-07-29 20:55:00.117,SELL,52024.0,52111.57142857143,51752.857142857145,119.57142857142858,6.099999999998545,2026-07-29 21:00:02.693,52111.57142857143,LOSS,-1.0,5.0,TICK_FEED
US30,2026-07-29 21:15:00.096,SELL,52014.0,52103.47142857143,51742.05714285714,120.47142857142858,5.099999999998545,2026-07-29 21:40:23.451,52103.47142857143,LOSS,-1.0,25.4,TICK_FEED
US30,2026-07-29 22:05:00.110,SELL,52142.0,52163.01285714286,51730.974285714285,144.01285714285697,6.099999999998545,2026-07-29 22:38:02.524,51730.974285714285,WIN,2.0,33.0,TICK_FEED
US30,2026-07-31 14:55:00.376,BUY,52546.1,52475.372142857144,52684.25571428572,69.62785714285752,4.099999999998545,2026-07-31 15:34:26.854,52475.372142857144,LOSS,-1.0,39.4,TICK_FEED
US30,2026-08-03 16:50:00.016,BUY,53120.1,53100.31428571429,53309.37142857143,69.68571428571428,4.099999999998545,2026-08-03 16:50:41.760,53100.31428571429,LOSS,-1.0,0.7,TICK_FEED
US30,2026-08-04 13:30:00.160,BUY,53253.1,53495.385,53650.23,51.615000000000094,6.099999999998545,2026-08-04 13:30:00.160,53495.385,LOSS,-1.0,0.0,TICK_FEED
US30,2026-08-04 17:05:00.070,BUY,53813.1,53729.65,54057.7,109.35000000000001,5.099999999998545,2026-08-04 17:59:05.008,54057.7,WIN,2.0,54.1,TICK_FEED
US30,2026-08-04 17:30:00.064,BUY,53772.1,53745.65,54073.7,109.35000000000001,4.099999999998545,2026-08-04 18:42:54.467,54073.7,WIN,2.0,72.9,TICK_FEED
US30,2026-08-05 19:25:00.108,BUY,54568.1,54502.745,54791.51,96.25500000000018,5.099999999998545,2026-08-05 22:37:58.798,54502.745,LOSS,-1.0,193.0,TICK_FEED
US30,2026-08-05 19:50:00.109,BUY,54564.6,54500.745,54789.51,96.25500000000018,4.099999999998545,2026-08-05 22:37:58.923,54500.745,LOSS,-1.0,168.0,TICK_FEED
US30,2026-08-06 15:20:00.179,BUY,54512.1,54485.03,54628.94,47.969999999999814,5.099999999998545,2026-08-06 15:30:01.128,54485.03,LOSS,-1.0,10.0,TICK_FEED
US30,2026-08-06 15:30:00.258,BUY,54508.1,54481.03,54624.94,47.969999999999814,9.099999999998545,2026-08-06 16:08:10.142,54481.03,LOSS,-1.0,38.2,TICK_FEED
US30,2026-08-11 10:05:00.051,SELL,53955.0,53991.67214285714,53830.65571428571,53.67214285714295,4.099999999998545,2026-08-11 13:28:22.425,53991.67214285714,LOSS,-1.0,203.4,TICK_FEED
US30,2026-08-12 19:25:00.000,SELL,53866.0,53912.81214285715,53712.375714285714,66.81214285714304,4.099999999998545,2026-08-13 11:25:21.689,53912.81214285715,LOSS,-1.0,960.4,TICK_FEED
US30,2026-08-12 19:55:01.665,SELL,53859.0,53916.81214285715,53716.375714285714,66.81214285714304,4.099999999998545,2026-08-13 11:25:28.722,53916.81214285715,LOSS,-1.0,930.5,TICK_FEED
US30,2026-08-12 20:10:00.098,SELL,53854.0,53917.96928571429,53714.061428571425,67.9692857142859,4.099999999998545,2026-08-13 11:25:28.833,53917.96928571429,LOSS,-1.0,915.5,TICK_FEED
US30,2026-08-13 16:35:00.074,BUY,53918.1,53926.815714285716,54053.36857142857,42.18428571428552,6.099999999998545,2026-08-13 16:35:00.074,53926.815714285716,LOSS,-1.0,0.0,TICK_FEED
US30,2026-08-13 17:00:00.022,BUY,53942.1,53973.10142857143,54122.79714285714,49.898571428571245,5.099999999998545,2026-08-13 17:00:00.022,53973.10142857143,LOSS,-1.0,0.0,TICK_FEED
US30,2026-08-13 20:30:00.152,SELL,53784.0,53842.89142857143,53606.217142857146,78.89142857142838,4.099999999998545,2026-08-13 21:39:58.712,53842.89142857143,LOSS,-1.0,70.0,TICK_FEED
US30,2026-08-14 16:00:00.122,SELL,53807.0,53816.33,53698.34,39.33000000000019,5.099999999998545,2026-08-14 16:00:04.522,53816.33,LOSS,-1.0,0.1,TICK_FEED
US30,2026-08-14 17:30:00.109,SELL,53831.0,53831.46428571428,53680.07142857143,50.464285714285715,4.099999999998545,2026-08-14 17:30:00.109,53831.46428571428,LOSS,-1.0,0.0,TICK_FEED
US30,2026-08-14 22:35:00.802,SELL,53783.0,53843.00357142857,53629.99285714285,71.00357142857143,4.099999999998545,2026-08-14 23:59:59.925,53725.8,TIMEOUT,0.81,85.0,TICK_FEED
US30,2026-08-17 02:55:04.127,SELL,53775.0,53848.76714285714,53621.46571428571,75.76714285714323,5.099999999998545,2026-08-17 15:26:35.828,53621.46571428571,WIN,2.0,751.5,TICK_FEED
US30,2026-08-17 19:30:00.140,SELL,53614.0,53643.27642857143,53453.44714285714,63.27642857142876,4.099999999998545,2026-08-17 20:36:10.863,53453.44714285714,WIN,2.0,66.2,TICK_FEED
US30,2026-08-17 19:40:00.275,SELL,53597.0,53639.27642857143,53449.44714285714,63.27642857142876,4.099999999998545,2026-08-17 20:36:13.098,53449.44714285714,WIN,2.0,56.2,TICK_FEED
US30,2026-08-17 21:55:00.161,SELL,53505.0,53573.09785714286,53341.80428571429,77.09785714285734,4.099999999998545,2026-08-18 16:30:17.459,53341.80428571429,WIN,2.0,1115.3,TICK_FEED
US30,2026-08-17 22:25:00.088,SELL,53511.0,53587.440714285716,53346.11857142857,80.44071428571448,4.099999999998545,2026-08-18 16:30:17.459,53346.11857142857,WIN,2.0,1085.3,TICK_FEED
US30,2026-08-18 10:10:00.455,SELL,53444.0,53494.16285714286,53322.67428571429,57.16285714285696,5.099999999998545,2026-08-18 13:00:01.430,53494.16285714286,LOSS,-1.0,170.0,TICK_FEED
US30,2026-08-18 10:25:00.487,SELL,53453.0,53495.16285714286,53323.67428571429,57.16285714285696,5.099999999998545,2026-08-18 13:00:01.430,53495.16285714286,LOSS,-1.0,155.0,TICK_FEED
US30,2026-08-18 17:25:00.069,SELL,53453.0,53485.75,53276.5,69.75,4.099999999998545,2026-08-18 17:41:19.697,53485.75,LOSS,-1.0,16.3,TICK_FEED
US30,2026-08-18 17:40:00.008,SELL,53473.0,53505.75,53296.5,69.75,4.099999999998545,2026-08-18 17:51:50.355,53505.75,LOSS,-1.0,11.8,TICK_FEED
US30,2026-08-18 17:50:00.130,SELL,53463.0,53509.75,53300.5,69.75,6.099999999998545,2026-08-18 17:52:06.120,53509.75,LOSS,-1.0,2.1,TICK_FEED
US30,2026-08-18 18:05:00.051,SELL,53466.0,53497.25,53274.5,74.25,6.099999999998545,2026-08-19 15:34:10.949,53497.25,LOSS,-1.0,1289.2,TICK_FEED
US30,2026-08-18 19:55:00.141,SELL,53418.0,53479.32142857143,53235.357142857145,81.32142857142858,4.099999999998545,2026-08-19 15:33:05.382,53479.32142857143,LOSS,-1.0,1178.1,TICK_FEED
US30,2026-08-18 20:10:00.006,SELL,53423.0,53485.85,53238.8,82.35000000000001,4.099999999998545,2026-08-19 15:33:09.603,53485.85,LOSS,-1.0,1163.2,TICK_FEED
US30,2026-08-19 16:50:00.117,BUY,53465.1,53536.72142857143,53708.55714285714,57.27857142857143,5.099999999998545,2026-08-19 16:50:00.117,53536.72142857143,LOSS,-1.0,0.0,TICK_FEED
US30,2026-08-19 19:10:00.041,BUY,53579.1,53502.19285714286,53771.614285714284,89.80714285714286,4.099999999998545,2026-08-19 19:32:08.624,53502.19285714286,LOSS,-1.0,22.1,TICK_FEED
US30,2026-08-19 21:00:00.197,BUY,53504.0,53413.62142857143,53717.75714285715,101.37857142857143,41.0,2026-08-20 11:30:19.328,53413.62142857143,LOSS,-1.0,870.3,TICK_FEED
US30,2026-08-20 13:35:00.339,SELL,53422.0,53454.54,53317.92,45.54000000000009,4.099999999998545,2026-08-20 14:28:35.759,53317.92,WIN,2.0,53.6,TICK_FEED
US30,2026-08-20 14:00:00.046,SELL,53432.0,53423.618571428575,53298.76285714286,41.61857142857152,5.099999999998545,2026-08-20 14:00:00.046,53423.618571428575,LOSS,-1.0,0.0,TICK_FEED
US30,2026-08-20 17:00:00.118,SELL,53152.0,53189.921428571426,52962.15714285714,75.92142857142858,5.099999999998545,2026-08-20 17:53:33.282,53189.921428571426,LOSS,-1.0,53.6,TICK_FEED
US30,2026-08-20 18:20:00.070,SELL,53171.0,53219.892857142855,52968.21428571428,83.89285714285714,5.099999999998545,2026-08-20 20:34:59.665,52968.21428571428,WIN,2.0,135.0,TICK_FEED
US30,2026-08-20 18:30:00.052,SELL,53154.0,53179.892857142855,52928.21428571428,83.89285714285714,5.099999999998545,2026-08-20 21:00:42.291,52928.21428571428,WIN,2.0,150.7,TICK_FEED
US30,2026-08-21 17:45:00.115,BUY,53113.1,53074.91785714286,53249.16428571429,58.08214285714286,5.099999999998545,2026-08-21 18:45:06.274,53249.16428571429,WIN,2.0,60.1,TICK_FEED
US30,2026-08-21 19:25:00.029,BUY,53163.1,53127.41071428572,53336.17857142857,69.58928571428571,4.099999999998545,2026-08-21 22:01:48.868,53336.17857142857,WIN,2.0,156.8,TICK_FEED
US30,2026-08-21 19:35:00.632,BUY,53172.1,53139.91071428572,53348.67857142857,69.58928571428571,4.099999999998545,2026-08-21 22:23:21.274,53348.67857142857,WIN,2.0,168.3,TICK_FEED
US30,2026-08-21 19:55:00.309,BUY,53182.1,53135.41071428572,53344.17857142857,69.58928571428571,4.099999999998545,2026-08-21 22:07:59.205,53344.17857142857,WIN,2.0,133.0,TICK_FEED
US30,2026-08-21 20:05:00.265,BUY,53187.1,53119.975,53342.05,74.025,5.099999999998545,2026-08-21 22:01:55.322,53342.05,WIN,2.0,116.9,TICK_FEED
US30,2026-08-21 20:15:00.719,BUY,53186.1,53112.975,53335.05,74.025,5.099999999998545,2026-08-21 22:00:54.262,53335.05,WIN,2.0,105.9,TICK_FEED
US30,2026-08-21 20:35:00.098,BUY,53186.1,53113.975,53336.05,74.025,4.099999999998545,2026-08-21 22:01:48.868,53336.05,WIN,2.0,86.8,TICK_FEED
US30,2026-08-24 01:50:09.988,BUY,53281.6,53191.860714285714,53445.17857142857,84.43928571428572,12.0,2026-08-24 14:06:19.458,53191.860714285714,LOSS,-1.0,736.2,TICK_FEED
US30,2026-08-24 18:20:00.312,BUY,53364.1,53338.014285714286,53565.97142857143,75.9857142857143,4.099999999998545,2026-08-24 20:35:56.653,53338.014285714286,LOSS,-1.0,135.9,TICK_FEED
US30,2026-08-24 21:10:00.288,BUY,53374.1,53324.02857142857,53590.94285714286,88.97142857142858,5.099999999998545,2026-08-25 11:24:49.708,53590.94285714286,WIN,2.0,854.8,TICK_FEED
US30,2026-08-25 14:25:02.543,BUY,53659.1,53596.07357142857,53781.852857142854,61.92642857142876,5.099999999998545,2026-08-25 16:30:21.499,53596.07357142857,LOSS,-1.0,125.3,TICK_FEED
US30,2026-08-25 16:15:00.428,BUY,53686.1,53613.87142857143,53830.25714285715,72.12857142857143,5.099999999998545,2026-08-25 16:30:18.892,53613.87142857143,LOSS,-1.0,15.3,TICK_FEED
US30,2026-08-26 13:35:00.571,BUY,53625.1,53586.615,53728.77,47.38499999999991,5.099999999998545,2026-08-26 15:55:38.114,53586.615,LOSS,-1.0,140.6,TICK_FEED
US30,2026-08-26 16:35:00.068,BUY,53577.1,53578.325,53742.35,54.675000000000004,5.099999999998545,2026-08-26 16:35:00.068,53578.325,LOSS,-1.0,0.0,TICK_FEED
US30,2026-08-26 16:50:00.091,BUY,53569.1,53566.325,53730.35,54.675000000000004,5.099999999998545,2026-08-26 16:50:00.091,53566.325,LOSS,-1.0,0.0,TICK_FEED
US30,2026-08-26 17:05:00.004,BUY,53610.1,53552.78071428571,53736.438571428575,61.21928571428591,5.099999999998545,2026-08-26 17:15:38.265,53552.78071428571,LOSS,-1.0,10.6,TICK_FEED
US30,2026-08-26 21:00:00.440,SELL,53474.0,53535.940714285716,53308.11857142857,75.94071428571448,4.099999999998545,2026-08-26 22:02:28.874,53535.940714285716,LOSS,-1.0,62.5,TICK_FEED
US30,2026-08-26 21:10:00.195,SELL,53471.0,53541.940714285716,53314.11857142857,75.94071428571448,4.099999999998545,2026-08-26 22:43:01.972,53541.940714285716,LOSS,-1.0,93.0,TICK_FEED
US30,2026-08-26 22:50:00.125,SELL,53546.0,53578.42642857143,53352.147142857146,75.42642857142876,7.099999999998545,2026-08-26 23:02:48.216,53578.42642857143,LOSS,-1.0,12.8,TICK_FEED
US30,2026-08-27 17:05:00.054,SELL,53461.0,53499.392857142855,53288.21428571428,70.39285714285714,4.099999999998545,2026-08-27 17:20:55.864,53499.392857142855,LOSS,-1.0,15.9,TICK_FEED
US30,2026-08-27 22:45:00.112,BUY,53572.1,53473.9,53768.2,98.10000000000001,5.099999999998545,2026-08-28 17:58:59.480,53768.2,WIN,2.0,1154.0,TICK_FEED
US30,2026-08-28 16:45:00.043,BUY,53640.1,53626.88214285715,53771.235714285714,48.11785714285715,5.099999999998545,2026-08-28 16:59:58.747,53626.88214285715,LOSS,-1.0,15.0,TICK_FEED
US30,2026-08-28 17:40:00.113,BUY,53635.1,53631.389285714286,53795.22142857143,54.61071428571429,4.099999999998545,2026-08-28 17:40:00.113,53631.389285714286,LOSS,-1.0,0.0,TICK_FEED
US30,2026-08-31 18:55:00.130,SELL,53263.0,53317.510714285716,53069.97857142857,82.51071428571429,5.099999999998545,2026-09-01 11:12:27.199,53069.97857142857,WIN,2.0,977.5,TICK_FEED
US30,2026-08-31 19:15:00.167,SELL,53242.0,53314.86785714285,53069.264285714286,81.86785714285713,5.099999999998545,2026-09-01 11:12:27.199,53069.264285714286,WIN,2.0,957.5,TICK_FEED
US30,2026-09-01 13:50:00.006,SELL,52928.0,52971.421428571426,52757.15714285714,71.42142857142858,5.099999999998545,2026-09-01 16:35:53.312,52971.421428571426,LOSS,-1.0,165.9,TICK_FEED
US30,2026-09-01 14:50:00.599,SELL,52930.0,52979.985714285714,52752.02857142857,75.9857142857143,5.099999999998545,2026-09-01 16:38:25.709,52979.985714285714,LOSS,-1.0,108.4,TICK_FEED
US30,2026-09-01 16:50:00.023,SELL,52930.0,52977.392857142855,52739.21428571428,79.39285714285714,5.099999999998545,2026-09-01 17:01:25.215,52977.392857142855,LOSS,-1.0,11.4,TICK_FEED
US30,2026-09-01 17:50:00.176,SELL,53043.0,53103.22857142857,52835.54285714286,89.22857142857143,4.099999999998545,2026-09-01 19:27:24.841,52835.54285714286,WIN,2.0,97.4,TICK_FEED
US30,2026-09-01 18:50:00.099,SELL,53004.0,53094.51285714286,52783.974285714285,103.51285714285696,4.099999999998545,2026-09-01 19:31:04.185,52783.974285714285,WIN,2.0,41.1,TICK_FEED
US30,2026-09-02 20:00:00.097,BUY,53007.1,52950.203571428574,53255.59285714286,101.79642857142858,4.099999999998545,2026-09-03 15:30:01.602,53255.59285714286,WIN,2.0,1170.0,TICK_FEED
US30,2026-09-03 08:45:00.196,BUY,53114.1,53069.522142857146,53268.955714285716,66.47785714285706,6.099999999998545,2026-09-03 13:37:48.417,53069.522142857146,LOSS,-1.0,292.8,TICK_FEED
US30,2026-09-03 12:00:00.078,BUY,53179.1,53137.118571428575,53295.76285714286,52.88142857142848,5.099999999998545,2026-09-03 12:51:15.583,53137.118571428575,LOSS,-1.0,51.3,TICK_FEED
US30,2026-09-03 17:35:00.021,BUY,53372.1,53351.392857142855,53599.21428571428,82.60714285714286,4.099999999998545,2026-09-03 18:09:00.413,53599.21428571428,WIN,2.0,34.0,TICK_FEED
US30,2026-09-03 20:20:00.099,BUY,53675.1,53572.27857142857,53913.44285714286,113.72142857142858,5.099999999998545,2026-09-04 15:30:03.315,53572.27857142857,LOSS,-1.0,1150.1,TICK_FEED
US30,2026-09-04 08:30:00.188,BUY,53719.1,53659.515,53852.97,64.4849999999999,6.099999999998545,2026-09-04 10:03:23.806,53659.515,LOSS,-1.0,93.4,TICK_FEED
US30,2026-09-04 20:00:00.068,SELL,53428.0,53486.51285714286,53256.974285714285,76.51285714285696,5.099999999998545,2026-09-04 23:31:31.201,53256.974285714285,WIN,2.0,211.5,TICK_FEED
US30,2026-09-04 20:20:00.015,SELL,53422.0,53492.51285714286,53262.974285714285,76.51285714285696,5.099999999998545,2026-09-04 23:31:23.895,53262.974285714285,WIN,2.0,191.4,TICK_FEED
US30,2026-09-07 12:05:00.492,SELL,53240.0,53291.387142857144,53113.22571428571,59.38714285714305,6.099999999998545,2026-09-07 17:18:25.541,53113.22571428571,WIN,2.0,313.4,TICK_FEED
US30,2026-09-08 05:25:00.123,SELL,53105.0,53162.88214285715,52956.235714285714,68.88214285714332,6.099999999998545,2026-09-08 09:19:53.811,52956.235714285714,WIN,2.0,234.9,TICK_FEED
US30,2026-09-08 10:30:00.162,SELL,53033.0,53063.989285714284,52866.021428571425,65.98928571428618,5.099999999998545,2026-09-08 12:59:24.887,53063.989285714284,LOSS,-1.0,149.4,TICK_FEED
US30,2026-09-08 13:50:02.742,SELL,53030.0,53096.08571428571,52884.328571428574,70.58571428571474,5.099999999998545,2026-09-08 15:49:46.465,53096.08571428571,LOSS,-1.0,119.7,TICK_FEED
US30,2026-09-08 18:35:00.018,SELL,52905.5,52955.67,52668.66,95.66999999999982,4.099999999998545,2026-09-09 12:47:51.093,52668.66,WIN,2.0,1092.9,TICK_FEED
US30,2026-09-08 18:45:00.157,SELL,52883.0,52963.67,52676.66,95.66999999999982,4.099999999998545,2026-09-09 12:44:40.480,52676.66,WIN,2.0,1079.7,TICK_FEED
US30,2026-09-08 21:20:00.163,SELL,52908.5,52988.51642857143,52694.467142857146,98.01642857142838,4.099999999998545,2026-09-09 12:35:40.813,52694.467142857146,WIN,2.0,915.7,TICK_FEED
US30,2026-09-09 16:30:00.096,SELL,52571.0,52601.00714285715,52390.985714285714,70.00714285714287,6.099999999998545,2026-09-09 17:17:42.774,52390.985714285714,WIN,2.0,47.7,TICK_FEED
US30,2026-09-09 18:40:00.007,SELL,52459.0,52492.95714285714,52227.58571428571,88.45714285714287,7.099999999998545,2026-09-09 19:57:03.926,52492.95714285714,LOSS,-1.0,77.1,TICK_FEED
US30,2026-09-09 20:35:00.057,SELL,52498.0,52573.96428571428,52247.07142857143,108.96428571428571,4.099999999998545,2026-09-10 05:42:27.888,52573.96428571428,LOSS,-1.0,547.5,TICK_FEED
US30,2026-09-09 21:05:00.120,SELL,52495.5,52592.41785714286,52253.66428571429,112.91785714285714,4.099999999998545,2026-09-10 06:57:00.450,52592.41785714286,LOSS,-1.0,592.0,TICK_FEED
US30,2026-09-10 13:30:00.268,SELL,52536.5,52568.137142857144,52423.72571428571,48.13714285714305,4.099999999998545,2026-09-10 13:56:38.055,52568.137142857144,LOSS,-1.0,26.6,TICK_FEED
US30,2026-09-10 14:05:00.417,SELL,52528.0,52558.947857142855,52418.10428571428,46.94785714285733,6.099999999998545,2026-09-10 15:06:52.054,52418.10428571428,WIN,2.0,61.9,TICK_FEED
US30,2026-09-11 18:05:00.106,BUY,52539.6,52449.995,52759.01,103.00500000000018,4.099999999998545,2026-09-11 23:58:10.869,52580.7,TIMEOUT,0.4,353.2,TICK_FEED
US30,2026-09-11 18:15:00.105,BUY,52549.1,52487.495,52796.51,103.00500000000018,4.099999999998545,2026-09-11 23:58:10.869,52580.7,TIMEOUT,0.31,343.2,TICK_FEED
US30,2026-09-14 02:25:00.054,BUY,52463.1,52337.575,52710.85,124.425,8.099999999998545,2026-09-14 15:35:18.964,52337.575,LOSS,-1.0,790.3,TICK_FEED
US30,2026-09-14 11:55:00.197,BUY,52455.1,52438.95857142857,52658.08285714286,73.04142857142838,4.099999999998545,2026-09-14 12:16:52.510,52438.95857142857,LOSS,-1.0,21.9,TICK_FEED
US30,2026-09-14 17:20:00.052,SELL,52451.0,52464.485714285714,52196.02857142857,89.4857142857143,4.099999999998545,2026-09-14 18:35:10.982,52464.485714285714,LOSS,-1.0,75.2,TICK_FEED
US30,2026-09-14 21:40:00.205,BUY,52501.1,52387.375,52755.25,122.625,4.099999999998545,2026-09-15 05:30:14.671,52387.375,LOSS,-1.0,470.2,TICK_FEED
US30,2026-09-15 03:00:00.055,SELL,52472.0,52569.34857142857,52229.30285714286,113.34857142857125,7.099999999998545,2026-09-15 08:09:02.445,52229.30285714286,WIN,2.0,309.0,TICK_FEED
US30,2026-09-15 09:20:00.326,SELL,52290.0,52364.79857142857,52104.40285714286,86.79857142857125,7.099999999998545,2026-09-15 10:52:11.193,52104.40285714286,WIN,2.0,92.2,TICK_FEED
SPX500,2026-06-30 12:35:01.372,BUY,7455.7,7447.680714285714,7480.138571428572,10.81928571428561,1.699999999999818,2026-06-30 15:32:34.383,7447.680714285714,LOSS,-1.0,177.6,TICK_FEED
SPX500,2026-06-30 18:00:00.132,BUY,7477.5,7470.152142857143,7511.095714285714,13.647857142857097,1.699999999999818,2026-06-30 19:50:44.998,7511.095714285714,WIN,2.0,110.7,TICK_FEED
SPX500,2026-07-01 01:15:09.223,BUY,7503.4,7490.037857142857,7535.2242857142855,15.062142857142753,1.699999999999818,2026-07-01 04:13:22.464,7490.037857142857,LOSS,-1.0,178.2,TICK_FEED
SPX500,2026-07-01 16:50:00.050,BUY,7476.6,7476.980714285714,7504.038571428571,9.019285714285726,1.7000000000007276,2026-07-01 16:50:00.050,7476.980714285714,LOSS,-1.0,0.0,TICK_FEED
SPX500,2026-07-01 20:20:00.375,BUY,7522.2,7508.891428571429,7547.617142857143,12.90857142857144,1.699999999999818,2026-07-01 21:15:23.803,7508.891428571429,LOSS,-1.0,55.4,TICK_FEED
SPX500,2026-07-02 01:25:00.197,BUY,7495.2,7478.4,7524.3,15.3,1.699999999999818,2026-07-02 10:12:31.148,7478.4,LOSS,-1.0,527.5,TICK_FEED
SPX500,2026-07-06 01:10:01.473,BUY,7514.8,7508.620714285715,7528.658571428572,6.679285714285808,1.699999999999818,2026-07-06 02:57:53.884,7528.658571428572,WIN,2.0,107.9,TICK_FEED
SPX500,2026-07-06 03:40:00.045,BUY,7524.9,7516.543571428571,7539.512857142857,7.656428571428654,1.699999999999818,2026-07-06 04:24:31.328,7516.543571428571,LOSS,-1.0,44.5,TICK_FEED
SPX500,2026-07-08 11:15:02.003,SELL,7505.4,7492.997857142857,7456.104285714286,12.297857142857097,1.7000000000007276,2026-07-08 11:15:02.003,7492.997857142857,LOSS,-1.0,0.0,TICK_FEED
SPX500,2026-07-09 13:15:00.079,BUY,7503.7,7491.410714285714,7527.378571428571,11.989285714285714,1.699999999999818,2026-07-09 13:52:36.582,7491.410714285714,LOSS,-1.0,37.6,TICK_FEED
SPX500,2026-07-09 17:25:00.032,BUY,7505.0,7499.535,7539.63,13.365000000000036,1.699999999999818,2026-07-09 17:25:05.317,7499.535,LOSS,-1.0,0.1,TICK_FEED
SPX500,2026-07-10 17:45:00.099,BUY,7555.1,7546.6050000000005,7575.09,9.49499999999993,1.7000000000007276,2026-07-10 17:56:01.120,7546.6050000000005,LOSS,-1.0,11.0,TICK_FEED
SPX500,2026-07-10 18:45:00.058,BUY,7554.6,7544.994285714285,7580.711428571428,11.905714285714216,1.7000000000007276,2026-07-10 22:03:12.007,7580.711428571428,WIN,2.0,198.2,TICK_FEED
SPX500,2026-07-14 17:25:00.180,BUY,7536.7,7522.635714285714,7576.828571428572,18.06428571428595,1.699999999999818,2026-07-15 08:00:21.692,7576.828571428572,WIN,2.0,875.4,TICK_FEED
SPX500,2026-07-14 19:35:02.070,BUY,7545.7,7525.682857142857,7586.9342857142865,20.417142857143116,1.699999999999818,2026-07-15 16:36:54.435,7586.9342857142865,WIN,2.0,1261.9,TICK_FEED
SPX500,2026-07-15 15:30:00.395,BUY,7560.1,7560.651428571428,7584.797142857143,8.048571428571591,1.7000000000007276,2026-07-15 15:30:00.395,7560.651428571428,LOSS,-1.0,0.0,TICK_FEED
SPX500,2026-07-15 17:25:00.130,BUY,7573.0,7570.301428571428,7598.497142857143,9.398571428571593,1.699999999999818,2026-07-15 17:25:02.434,7570.301428571428,LOSS,-1.0,0.0,TICK_FEED
SPX500,2026-07-15 18:05:00.116,BUY,7567.4,7563.427857142857,7594.844285714285,10.472142857143009,1.699999999999818,2026-07-15 18:05:17.529,7563.427857142857,LOSS,-1.0,0.3,TICK_FEED
SPX500,2026-07-16 18:10:00.026,SELL,7569.0,7580.347857142857,7539.404285714285,13.647857142857271,1.699999999999818,2026-07-16 21:36:40.537,7539.404285714285,WIN,2.0,206.7,TICK_FEED
SPX500,2026-07-16 18:45:00.186,SELL,7569.8,7582.247857142857,7541.3042857142855,13.647857142857271,1.699999999999818,2026-07-16 21:07:26.416,7541.3042857142855,WIN,2.0,142.4,TICK_FEED
SPX500,2026-07-16 18:55:00.552,SELL,7571.5,7582.847857142857,7541.904285714285,13.647857142857271,1.699999999999818,2026-07-16 21:07:26.305,7541.904285714285,WIN,2.0,132.4,TICK_FEED
SPX500,2026-07-16 23:10:00.203,SELL,7535.0,7549.147142857143,7496.805714285714,17.44714285714295,1.699999999999818,2026-07-17 05:34:39.338,7496.805714285714,WIN,2.0,384.7,TICK_FEED
SPX500,2026-07-17 01:15:04.996,SELL,7535.8,7549.98,7498.139999999999,17.28000000000013,1.699999999999818,2026-07-17 05:23:37.840,7498.139999999999,WIN,2.0,248.5,TICK_FEED
SPX500,2026-07-17 12:40:00.312,SELL,7472.7,7483.928571428571,7440.342857142857,14.528571428571428,1.699999999999818,2026-07-17 13:14:36.633,7483.928571428571,LOSS,-1.0,34.6,TICK_FEED
SPX500,2026-07-17 14:10:02.219,SELL,7480.1,7491.823571428572,7452.152857142858,13.22357142857136,1.699999999999818,2026-07-17 16:27:49.406,7452.152857142858,WIN,2.0,137.8,TICK_FEED
SPX500,2026-07-17 14:40:00.332,SELL,7482.6,7492.823571428572,7453.152857142858,13.22357142857136,1.699999999999818,2026-07-17 16:27:40.972,7453.152857142858,WIN,2.0,107.7,TICK_FEED
SPX500,2026-07-17 17:55:00.108,SELL,7485.5,7497.634285714285,7450.731428571429,15.634285714285586,1.699999999999818,2026-07-17 18:56:00.246,7497.634285714285,LOSS,-1.0,61.0,TICK_FEED
SPX500,2026-07-20 15:25:00.200,BUY,7494.2,7483.587142857143,7526.825714285715,14.412857142857247,1.699999999999818,2026-07-20 17:10:11.331,7483.587142857143,LOSS,-1.0,105.2,TICK_FEED
SPX500,2026-07-20 15:45:00.808,BUY,7494.9,7482.687142857143,7525.925714285715,14.412857142857247,1.699999999999818,2026-07-20 17:10:17.866,7482.687142857143,LOSS,-1.0,85.3,TICK_FEED
SPX500,2026-07-20 16:00:00.125,BUY,7497.2,7483.415,7525.67,14.085000000000141,1.699999999999818,2026-07-20 17:10:12.472,7483.415,LOSS,-1.0,70.2,TICK_FEED
SPX500,2026-07-20 16:15:00.178,BUY,7496.9,7482.115,7524.37,14.085000000000141,1.699999999999818,2026-07-20 17:10:18.283,7482.115,LOSS,-1.0,55.3,TICK_FEED
SPX500,2026-07-20 18:05:00.047,BUY,7479.2,7470.352857142857,7517.294285714286,15.647142857142892,1.699999999999818,2026-07-20 18:05:53.689,7470.352857142857,LOSS,-1.0,0.9,TICK_FEED
SPX500,2026-07-20 18:20:00.069,BUY,7486.2,7473.352857142857,7520.294285714286,15.647142857142892,1.699999999999818,2026-07-20 20:08:26.875,7473.352857142857,LOSS,-1.0,108.4,TICK_FEED
SPX500,2026-07-20 18:50:00.206,BUY,7486.2,7478.352857142857,7525.294285714286,15.647142857142892,1.699999999999818,2026-07-20 19:41:26.401,7478.352857142857,LOSS,-1.0,51.4,TICK_FEED
SPX500,2026-07-20 21:00:00.219,BUY,7479.0,7463.118571428571,7513.762857142857,16.881428571428597,1.699999999999818,2026-07-20 21:41:06.145,7463.118571428571,LOSS,-1.0,41.1,TICK_FEED
SPX500,2026-07-21 17:10:00.598,BUY,7485.0,7477.833571428571,7511.332857142857,11.16642857142862,1.699999999999818,2026-07-21 18:21:50.821,7511.332857142857,WIN,2.0,71.8,TICK_FEED
SPX500,2026-07-22 12:30:00.136,SELL,7496.4,7499.623571428571,7476.152857142857,7.823571428571418,1.7000000000007276,2026-07-22 13:02:12.560,7499.623571428571,LOSS,-1.0,32.2,TICK_FEED
SPX500,2026-07-22 13:10:00.461,SELL,7496.4,7502.597142857143,7478.605714285714,7.9971428571427765,1.7000000000007276,2026-07-22 13:20:33.916,7502.597142857143,LOSS,-1.0,10.6,TICK_FEED
SPX500,2026-07-22 23:10:00.066,BUY,7507.4,7507.925,7550.45,14.17499999999994,1.699999999999818,2026-07-22 23:10:00.066,7507.925,LOSS,-1.0,0.0,TICK_FEED
SPX500,2026-07-23 02:45:01.387,BUY,7494.4,7481.735,7527.23,15.164999999999976,1.699999999999818,2026-07-23 10:08:28.680,7481.735,LOSS,-1.0,443.5,TICK_FEED
SPX500,2026-07-23 16:45:00.301,SELL,7448.6,7450.3607142857145,7401.278571428572,16.360714285714227,1.699999999999818,2026-07-23 16:45:00.509,7450.3607142857145,LOSS,-1.0,0.0,TICK_FEED
SPX500,2026-07-23 19:45:00.095,SELL,7419.5,7430.289285714285,7370.021428571428,20.089285714285715,1.699999999999818,2026-07-24 04:44:05.826,7430.289285714285,LOSS,-1.0,539.1,TICK_FEED
SPX500,2026-07-23 20:00:00.143,SELL,7417.1,7432.845714285714,7371.208571428571,20.545714285714308,1.699999999999818,2026-07-24 10:25:55.062,7432.845714285714,LOSS,-1.0,865.9,TICK_FEED
SPX500,2026-07-23 20:30:00.082,SELL,7417.3,7431.645714285714,7370.0085714285715,20.545714285714308,1.699999999999818,2026-07-24 10:17:58.512,7431.645714285714,LOSS,-1.0,828.0,TICK_FEED
SPX500,2026-07-24 01:10:00.442,SELL,7417.0,7437.532142857143,7369.935714285714,22.53214285714292,1.699999999999818,2026-07-24 12:35:02.188,7437.532142857143,LOSS,-1.0,685.0,TICK_FEED
SPX500,2026-07-24 16:50:00.515,SELL,7426.2,7417.831428571429,7384.737142857143,11.031428571428595,1.699999999999818,2026-07-24 16:50:00.515,7417.831428571429,LOSS,-1.0,0.0,TICK_FEED
SPX500,2026-07-24 17:15:00.198,SELL,7424.5,7425.821428571428,7389.757142857143,12.021428571428572,1.699999999999818,2026-07-24 17:15:00.198,7425.821428571428,LOSS,-1.0,0.0,TICK_FEED
SPX500,2026-07-24 17:30:00.113,SELL,7420.8,7424.021428571428,7387.957142857143,12.021428571428572,1.699999999999818,2026-07-24 17:55:27.736,7424.021428571428,LOSS,-1.0,25.5,TICK_FEED
SPX500,2026-07-28 10:45:00.248,SELL,7407.9,7419.283571428572,7375.832857142857,14.483571428571441,1.7000000000007276,2026-07-28 11:24:55.131,7419.283571428572,LOSS,-1.0,39.9,TICK_FEED
SPX500,2026-07-30 18:40:00.198,BUY,7388.8,7376.1050000000005,7431.59,18.494999999999987,1.699999999999818,2026-07-30 20:51:29.116,7431.59,WIN,2.0,131.5,TICK_FEED
SPX500,2026-07-31 01:30:00.000,BUY,7452.0,7430.94,7494.12,21.060000000000024,1.699999999999818,2026-07-31 17:04:33.772,7430.94,LOSS,-1.0,934.6,TICK_FEED
SPX500,2026-08-03 01:00:02.090,BUY,7536.5,7507.410714285715,7573.078571428572,21.889285714285773,3.0,2026-08-03 17:16:53.767,7573.078571428572,WIN,2.0,976.9,TICK_FEED
SPX500,2026-08-03 16:35:00.152,BUY,7538.5,7538.18,7561.9400000000005,7.919999999999988,1.699999999999818,2026-08-03 16:35:00.152,7538.18,LOSS,-1.0,0.0,TICK_FEED
SPX500,2026-08-05 12:20:01.162,BUY,7765.4,7756.286428571429,7785.427142857143,9.713571428571393,1.699999999999818,2026-08-05 16:07:04.467,7785.427142857143,WIN,2.0,227.1,TICK_FEED
SPX500,2026-08-05 16:50:00.151,BUY,7785.8,7781.253571428571,7804.492857142857,7.7464285714284555,1.699999999999818,2026-08-05 16:50:10.340,7781.253571428571,LOSS,-1.0,0.2,TICK_FEED
SPX500,2026-08-06 02:00:00.395,SELL,7743.2,7759.357857142857,7710.584285714286,16.257857142857063,1.699999999999818,2026-08-06 18:55:03.941,7710.584285714286,WIN,2.0,1015.1,TICK_FEED
SPX500,2026-08-06 12:00:00.052,SELL,7743.7,7748.654285714286,7718.4914285714285,10.054285714285866,1.699999999999818,2026-08-06 17:18:44.132,7748.654285714286,LOSS,-1.0,318.7,TICK_FEED
SPX500,2026-08-06 17:25:00.365,SELL,7741.1,7743.545,7713.71,9.945000000000105,1.699999999999818,2026-08-06 18:37:06.980,7713.71,WIN,2.0,72.1,TICK_FEED
SPX500,2026-08-06 18:00:00.153,SELL,7739.1,7742.486428571428,7709.527142857142,10.986428571428664,1.699999999999818,2026-08-06 18:00:31.461,7742.486428571428,LOSS,-1.0,0.5,TICK_FEED
SPX500,2026-08-06 18:10:00.132,SELL,7734.7,7739.286428571429,7706.3271428571425,10.986428571428664,1.699999999999818,2026-08-06 19:16:02.626,7706.3271428571425,WIN,2.0,66.0,TICK_FEED
SPX500,2026-08-06 21:40:00.246,SELL,7717.1,7729.269285714286,7690.061428571428,13.069285714285783,1.699999999999818,2026-08-07 12:24:24.736,7729.269285714286,LOSS,-1.0,884.4,TICK_FEED
SPX500,2026-08-06 22:20:00.462,SELL,7720.8,7730.493571428571,7690.012857142857,13.493571428571464,1.699999999999818,2026-08-07 14:00:35.503,7730.493571428571,LOSS,-1.0,940.6,TICK_FEED
SPX500,2026-08-07 16:40:00.134,BUY,7739.1,7738.03,7763.139999999999,8.36999999999993,1.7000000000007276,2026-08-07 16:40:00.134,7738.03,LOSS,-1.0,0.0,TICK_FEED
SPX500,2026-08-07 17:15:00.442,BUY,7726.6,7735.282857142857,7764.134285714285,9.617142857142763,1.7000000000007276,2026-08-07 17:15:00.442,7735.282857142857,LOSS,-1.0,0.0,TICK_FEED
SPX500,2026-08-07 19:45:00.012,BUY,7754.3,7741.4514285714295,7776.397142857143,11.6485714285713,1.699999999999818,2026-08-07 21:14:52.247,7741.4514285714295,LOSS,-1.0,89.9,TICK_FEED
SPX500,2026-08-07 20:35:02.073,BUY,7747.3,7737.874285714286,7775.751428571429,12.625714285714205,1.699999999999818,2026-08-07 21:44:28.397,7737.874285714286,LOSS,-1.0,69.4,TICK_FEED
SPX500,2026-08-07 20:50:00.541,BUY,7751.2,7736.974285714286,7774.851428571429,12.625714285714205,1.699999999999818,2026-08-07 21:44:35.231,7736.974285714286,LOSS,-1.0,54.6,TICK_FEED
SPX500,2026-08-10 02:00:01.729,BUY,7751.9,7736.549285714285,7780.501428571429,14.65071428571432,1.699999999999818,2026-08-11 20:02:42.850,7736.549285714285,LOSS,-1.0,2522.7,TICK_FEED
SPX500,2026-08-10 03:05:00.124,BUY,7751.5,7741.800714285714,7785.598571428571,14.59928571428568,1.699999999999818,2026-08-11 19:25:26.493,7741.800714285714,LOSS,-1.0,2420.4,TICK_FEED
SPX500,2026-08-11 22:45:00.139,SELL,7734.7,7742.4400000000005,7708.42,11.339999999999977,1.699999999999818,2026-08-12 09:38:38.654,7742.4400000000005,LOSS,-1.0,653.6,TICK_FEED
SPX500,2026-08-12 17:40:03.070,BUY,7756.9,7749.216428571428,7773.767142857143,8.18357142857144,2.0,2026-08-12 17:51:18.596,7749.216428571428,LOSS,-1.0,11.3,TICK_FEED
SPX500,2026-08-12 19:00:00.053,BUY,7749.1,7739.791428571429,7767.717142857144,9.30857142857144,2.0,2026-08-13 13:48:18.481,7767.717142857144,WIN,2.0,1128.3,TICK_FEED
SPX500,2026-08-13 15:35:00.264,BUY,7766.9,7762.782142857143,7777.535714285714,4.917857142856967,2.0,2026-08-13 16:33:28.563,7777.535714285714,WIN,2.0,58.5,TICK_FEED
SPX500,2026-08-13 19:25:00.185,BUY,7789.1,7781.919285714286,7811.561428571428,9.880714285714157,2.0,2026-08-14 13:05:26.855,7811.561428571428,WIN,2.0,1060.4,TICK_FEED
SPX500,2026-08-13 19:40:00.047,BUY,7791.5,7780.919285714286,7810.561428571428,9.880714285714157,2.0,2026-08-13 22:08:45.780,7810.561428571428,WIN,2.0,148.8,TICK_FEED
SPX500,2026-08-14 16:50:00.271,BUY,7806.3,7805.163571428571,7817.872857142856,4.2364285714284895,2.0,2026-08-14 16:50:00.271,7805.163571428571,LOSS,-1.0,0.0,TICK_FEED
SPX500,2026-08-14 22:10:01.252,SELL,7786.4,7792.737857142857,7770.424285714286,7.437857142857073,2.0,2026-08-14 23:59:59.596,7786.7,TIMEOUT,-0.04,110.0,TICK_FEED
SPX500,2026-08-17 12:00:01.732,BUY,7801.8,7795.298571428571,7810.302857142858,5.001428571428642,2.0,2026-08-17 15:04:09.538,7795.298571428571,LOSS,-1.0,184.1,TICK_FEED
SPX500,2026-08-17 13:25:05.214,BUY,7800.1,7803.062142857143,7817.2757142857145,4.73785714285719,2.0,2026-08-17 13:25:05.214,7803.062142857143,LOSS,-1.0,0.0,TICK_FEED
SPX500,2026-08-17 14:00:00.165,BUY,7801.8,7795.105714285714,7810.688571428572,5.194285714285785,2.0,2026-08-17 15:04:23.314,7795.105714285714,LOSS,-1.0,64.4,TICK_FEED
SPX500,2026-08-17 14:30:02.038,BUY,7801.0,7794.605714285714,7810.188571428572,5.194285714285785,2.0,2026-08-17 15:04:23.810,7794.605714285714,LOSS,-1.0,34.4,TICK_FEED
SPX500,2026-08-17 19:25:00.439,SELL,7779.3,7784.472857142858,7764.454285714286,6.672857142857213,2.0,2026-08-17 20:23:57.654,7764.454285714286,WIN,2.0,59.0,TICK_FEED
SPX500,2026-08-18 10:10:00.456,SELL,7723.4,7729.6792857142855,7704.2414285714285,8.479285714285632,2.0,2026-08-18 17:12:24.501,7704.2414285714285,WIN,2.0,422.4,TICK_FEED
SPX500,2026-08-18 10:25:02.968,SELL,7722.5,7728.479285714286,7703.041428571429,8.479285714285632,2.0,2026-08-18 18:01:00.203,7703.041428571429,WIN,2.0,456.0,TICK_FEED
SPX500,2026-08-18 12:05:00.167,SELL,7714.7,7720.243571428571,7694.612857142857,8.543571428571289,2.0,2026-08-18 13:37:59.729,7720.243571428571,LOSS,-1.0,93.0,TICK_FEED
SPX500,2026-08-18 14:35:01.356,SELL,7718.7,7725.4857142857145,7700.028571428572,8.48571428571411,2.0,2026-08-18 15:21:40.603,7725.4857142857145,LOSS,-1.0,46.7,TICK_FEED
SPX500,2026-08-18 16:40:00.075,SELL,7715.7,7721.071428571428,7694.4571428571435,8.871428571428396,2.0,2026-08-18 16:41:40.127,7721.071428571428,LOSS,-1.0,1.7,TICK_FEED
SPX500,2026-08-18 19:25:00.550,SELL,7710.9,7716.839999999999,7685.52,10.439999999999802,2.0,2026-08-19 08:54:28.463,7685.52,WIN,2.0,809.5,TICK_FEED
SPX500,2026-08-18 20:15:00.070,SELL,7710.6,7717.129285714286,7687.641428571429,9.829285714285575,2.0,2026-08-19 07:49:07.034,7687.641428571429,WIN,2.0,694.1,TICK_FEED
SPX500,2026-08-19 07:30:01.748,SELL,7692.4,7698.595714285714,7670.708571428571,9.29571428571425,2.0,2026-08-19 09:54:21.109,7698.595714285714,LOSS,-1.0,144.3,TICK_FEED
SPX500,2026-08-19 17:15:00.035,BUY,7714.2,7710.505714285714,7744.988571428571,11.494285714285727,2.0,2026-08-19 17:58:53.569,7744.988571428571,WIN,2.0,43.9,TICK_FEED
SPX500,2026-08-19 17:25:00.085,BUY,7722.0,7712.905714285714,7747.388571428571,11.494285714285727,2.0,2026-08-19 18:01:18.208,7747.388571428571,WIN,2.0,36.3,TICK_FEED
SPX500,2026-08-19 19:00:00.275,BUY,7732.1,7723.079285714286,7765.141428571429,14.020714285714252,2.0,2026-08-19 19:51:10.451,7723.079285714286,LOSS,-1.0,51.2,TICK_FEED
SPX500,2026-08-19 21:00:01.314,BUY,7721.1,7709.697857142857,7756.504285714286,15.602142857142844,2.0,2026-08-19 22:47:22.878,7709.697857142857,LOSS,-1.0,107.4,TICK_FEED
SPX500,2026-08-20 13:35:00.586,SELL,7710.9,7718.935714285714,7692.128571428571,8.935714285714226,2.0,2026-08-20 14:00:03.154,7718.935714285714,LOSS,-1.0,25.0,TICK_FEED
SPX500,2026-08-20 14:00:00.546,SELL,7715.5,7718.419285714286,7694.061428571429,8.11928571428561,2.0,2026-08-20 14:00:03.031,7718.419285714286,LOSS,-1.0,0.0,TICK_FEED
SPX500,2026-08-20 17:00:00.242,SELL,7688.3,7694.407142857142,7659.885714285714,11.507142857142739,2.0,2026-08-20 17:39:16.766,7694.407142857142,LOSS,-1.0,39.3,TICK_FEED
SPX500,2026-08-20 17:10:00.328,SELL,7689.7,7694.207142857143,7659.685714285714,11.507142857142739,2.0,2026-08-20 17:24:03.231,7694.207142857143,LOSS,-1.0,14.0,TICK_FEED
SPX500,2026-08-20 17:25:00.219,SELL,7690.7,7696.707142857143,7662.185714285714,11.507142857142739,2.0,2026-08-20 17:43:05.795,7696.707142857143,LOSS,-1.0,18.1,TICK_FEED
SPX500,2026-08-20 18:05:00.099,SELL,7701.8,7700.83,7663.84,12.329999999999954,2.0,2026-08-20 18:05:00.099,7700.83,LOSS,-1.0,0.0,TICK_FEED
SPX500,2026-08-21 16:25:00.146,BUY,7675.7,7673.903571428571,7695.7928571428565,7.296428571428396,2.0,2026-08-21 16:25:00.146,7673.903571428571,LOSS,-1.0,0.0,TICK_FEED
SPX500,2026-08-21 19:25:00.528,BUY,7684.4,7675.217142857143,7705.765714285713,10.182857142856886,2.0,2026-08-21 20:40:26.382,7675.217142857143,LOSS,-1.0,75.4,TICK_FEED
SPX500,2026-08-21 19:35:00.632,BUY,7682.6,7675.717142857143,7706.265714285713,10.182857142856886,2.0,2026-08-21 20:34:59.229,7675.717142857143,LOSS,-1.0,60.0,TICK_FEED
SPX500,2026-08-21 19:55:00.059,BUY,7682.4,7673.9171428571435,7704.465714285714,10.182857142856886,2.0,2026-08-21 21:00:22.211,7673.9171428571435,LOSS,-1.0,65.4,TICK_FEED
SPX500,2026-08-24 01:40:09.783,BUY,7675.1,7664.555714285714,7700.388571428571,11.94428571428555,2.0,2026-08-24 08:32:05.156,7664.555714285714,LOSS,-1.0,411.9,TICK_FEED
SPX500,2026-08-24 12:25:01.321,SELL,7666.7,7676.282142857142,7645.135714285714,10.3821428571428,2.0,2026-08-24 16:45:01.152,7645.135714285714,WIN,2.0,260.0,TICK_FEED
SPX500,2026-08-24 13:05:07.057,SELL,7669.0,7677.247857142856,7647.104285714286,10.047857142857039,2.0,2026-08-24 16:44:51.466,7647.104285714286,WIN,2.0,219.7,TICK_FEED
SPX500,2026-08-24 15:30:00.327,SELL,7668.0,7673.973571428572,7641.052857142858,10.97357142857136,2.0,2026-08-24 19:03:49.466,7673.973571428572,LOSS,-1.0,213.8,TICK_FEED
SPX500,2026-08-24 16:10:07.659,SELL,7665.5,7675.454285714286,7642.591428571429,10.954285714285692,2.0,2026-08-24 19:22:04.243,7675.454285714286,LOSS,-1.0,191.9,TICK_FEED
SPX500,2026-08-24 16:30:00.092,SELL,7668.7,7667.354285714286,7634.4914285714285,10.954285714285692,2.0,2026-08-24 16:30:00.092,7667.354285714286,LOSS,-1.0,0.0,TICK_FEED
SPX500,2026-08-24 18:00:00.312,SELL,7657.9,7663.680714285714,7628.638571428572,11.680714285714334,2.0,2026-08-24 18:39:22.176,7663.680714285714,LOSS,-1.0,39.4,TICK_FEED
SPX500,2026-08-24 19:50:00.717,SELL,7665.1,7676.007142857144,7638.785714285715,12.407142857142915,2.0,2026-08-25 09:23:41.373,7676.007142857144,LOSS,-1.0,813.7,TICK_FEED
SPX500,2026-08-24 20:15:00.430,SELL,7666.1,7675.058571428572,7637.682857142858,12.4585714285715,2.0,2026-08-25 09:23:37.402,7675.058571428572,LOSS,-1.0,788.6,TICK_FEED
SPX500,2026-08-25 11:15:00.141,BUY,7671.4,7663.131428571428,7689.437142857142,8.768571428571347,2.0,2026-08-25 12:34:05.920,7689.437142857142,WIN,2.0,79.1,TICK_FEED
SPX500,2026-08-25 14:35:02.105,BUY,7688.5,7680.387142857143,7707.425714285714,9.012857142857015,2.0,2026-08-25 16:43:31.790,7680.387142857143,LOSS,-1.0,128.5,TICK_FEED
SPX500,2026-08-25 18:25:04.615,BUY,7670.4,7662.913571428571,7695.872857142856,10.986428571428608,2.0,2026-08-26 03:59:29.776,7662.913571428571,LOSS,-1.0,574.4,TICK_FEED
SPX500,2026-08-25 18:50:00.648,BUY,7669.7,7662.113571428572,7695.072857142857,10.986428571428608,2.0,2026-08-26 03:59:37.845,7662.113571428572,LOSS,-1.0,549.6,TICK_FEED
SPX500,2026-08-26 14:55:00.423,BUY,7677.2,7668.450000000001,7691.400000000001,7.650000000000059,2.0,2026-08-26 15:36:53.889,7668.450000000001,LOSS,-1.0,41.9,TICK_FEED
SPX500,2026-08-26 17:50:00.420,BUY,7678.3,7666.864285714286,7696.371428571429,9.835714285714285,2.0,2026-08-26 19:37:33.125,7666.864285714286,LOSS,-1.0,107.5,TICK_FEED
SPX500,2026-08-26 18:40:00.038,BUY,7677.3,7670.721428571428,7702.157142857142,10.478571428571428,2.0,2026-08-26 19:01:13.091,7670.721428571428,LOSS,-1.0,21.2,TICK_FEED
SPX500,2026-08-28 17:30:00.054,BUY,7733.7,7732.784285714286,7754.731428571429,7.315714285714298,2.0,2026-08-28 17:30:00.054,7732.784285714286,LOSS,-1.0,0.0,TICK_FEED
SPX500,2026-08-28 22:45:00.161,SELL,7715.0,7730.242857142857,7674.314285714287,18.642857142857025,2.0,2026-08-28 23:59:59.594,7716.9,TIMEOUT,-0.1,75.0,TICK_FEED
SPX500,2026-08-28 23:00:00.086,SELL,7712.4,7731.27,7673.760000000001,19.169999999999813,2.0,2026-08-28 23:59:59.594,7716.9,TIMEOUT,-0.23,60.0,TICK_FEED
SPX500,2026-08-31 01:00:01.166,SELL,7714.9,7716.177857142857,7659.844285714285,18.77785714285699,2.100000000000364,2026-08-31 01:00:01.166,7716.177857142857,LOSS,-1.0,0.0,TICK_FEED
SPX500,2026-08-31 16:30:00.113,SELL,7692.5,7693.257857142858,7663.384285714286,9.95785714285712,2.0,2026-08-31 16:30:00.113,7693.257857142858,LOSS,-1.0,0.0,TICK_FEED
SPX500,2026-08-31 18:30:00.038,SELL,7679.0,7687.242142857142,7657.715714285714,9.84214285714288,2.0,2026-08-31 20:50:33.773,7687.242142857142,LOSS,-1.0,140.6,TICK_FEED
SPX500,2026-08-31 21:30:00.575,SELL,7682.4,7690.423571428571,7658.852857142857,10.523571428571417,2.0,2026-08-31 22:42:13.266,7690.423571428571,LOSS,-1.0,72.2,TICK_FEED
SPX500,2026-09-01 18:00:00.070,SELL,7654.1,7662.142142857143,7624.515714285714,12.542142857142881,2.0,2026-09-01 18:40:08.536,7662.142142857143,LOSS,-1.0,40.1,TICK_FEED
SPX500,2026-09-01 22:50:00.078,SELL,7630.2,7644.183571428571,7595.3328571428565,16.28357142857144,2.0,2026-09-02 03:22:44.863,7644.183571428571,LOSS,-1.0,272.7,TICK_FEED
SPX500,2026-09-02 01:10:01.747,SELL,7634.9,7650.465714285715,7602.868571428572,15.865714285714297,2.0,2026-09-02 15:20:59.777,7650.465714285715,LOSS,-1.0,851.0,TICK_FEED
SPX500,2026-09-02 14:00:00.046,SELL,7618.9,7620.724999999999,7595.75,8.325000000000001,2.0,2026-09-02 14:00:00.046,7620.724999999999,LOSS,-1.0,0.0,TICK_FEED
SPX500,2026-09-02 19:50:00.047,BUY,7669.0,7657.259999999999,7696.679999999999,13.139999999999919,2.0,2026-09-03 08:21:22.916,7657.259999999999,LOSS,-1.0,751.4,TICK_FEED
SPX500,2026-09-02 20:40:00.301,BUY,7665.0,7654.357857142857,7694.684285714286,13.442142857142821,2.0,2026-09-03 08:23:37.345,7654.357857142857,LOSS,-1.0,703.6,TICK_FEED
SPX500,2026-09-03 08:45:09.103,BUY,7665.7,7657.67,7689.26,10.530000000000012,2.0,2026-09-03 15:30:04.307,7689.26,WIN,2.0,404.9,TICK_FEED
SPX500,2026-09-04 14:30:00.370,BUY,7753.7,7747.717857142857,7762.664285714285,4.98214285714274,2.0,2026-09-04 15:04:18.673,7747.717857142857,LOSS,-1.0,34.3,TICK_FEED
SPX500,2026-09-04 15:25:01.201,BUY,7750.6,7747.746428571429,7762.307142857143,4.853571428571311,2.0,2026-09-04 15:25:06.005,7747.746428571429,LOSS,-1.0,0.1,TICK_FEED
SPX500,2026-09-04 20:00:00.266,SELL,7723.5,7729.199285714286,7698.901428571429,10.099285714285621,2.0,2026-09-04 23:59:59.161,7709.9,TIMEOUT,1.35,240.0,TICK_FEED
SPX500,2026-09-07 04:05:02.349,SELL,7714.9,7723.0085714285715,7686.982857142857,12.008571428571381,2.0,2026-09-07 10:04:28.523,7723.0085714285715,LOSS,-1.0,359.4,TICK_FEED
SPX500,2026-09-07 17:00:02.162,SELL,7708.5,7712.890714285714,7691.618571428571,7.090714285714298,2.0,2026-09-08 04:33:59.251,7712.890714285714,LOSS,-1.0,694.0,TICK_FEED
SPX500,2026-09-08 13:45:03.787,SELL,7700.4,7707.621428571428,7676.957142857143,10.221428571428456,2.0,2026-09-08 15:32:14.723,7707.621428571428,LOSS,-1.0,107.2,TICK_FEED
SPX500,2026-09-08 18:35:00.380,SELL,7696.0,7706.807857142858,7664.784285714286,14.00785714285712,2.0,2026-09-09 12:53:45.225,7664.784285714286,WIN,2.0,1098.7,TICK_FEED
SPX500,2026-09-08 18:45:00.157,SELL,7697.8,7707.007857142857,7664.984285714286,14.00785714285712,2.0,2026-09-09 12:53:44.985,7664.984285714286,WIN,2.0,1088.7,TICK_FEED
SPX500,2026-09-08 19:05:00.296,SELL,7694.1,7704.49,7663.719999999999,13.590000000000035,2.0,2026-09-09 12:53:55.626,7663.719999999999,WIN,2.0,1068.9,TICK_FEED
SPX500,2026-09-09 18:40:00.007,SELL,7648.7,7652.272857142857,7621.454285714286,10.272857142857154,2.0,2026-09-09 18:40:01.098,7652.272857142857,LOSS,-1.0,0.0,TICK_FEED
SPX500,2026-09-09 20:35:00.299,SELL,7647.7,7657.189285714286,7618.521428571428,12.889285714285773,2.0,2026-09-10 03:23:44.137,7657.189285714286,LOSS,-1.0,408.7,TICK_FEED
SPX500,2026-09-09 21:05:03.143,SELL,7650.7,7660.436428571428,7620.727142857142,13.236428571428664,2.0,2026-09-10 07:50:17.096,7660.436428571428,LOSS,-1.0,645.2,TICK_FEED
SPX500,2026-09-09 21:30:02.430,SELL,7648.1,7660.536428571429,7620.8271428571425,13.236428571428664,2.0,2026-09-10 07:50:17.096,7660.536428571429,LOSS,-1.0,620.2,TICK_FEED
SPX500,2026-09-10 18:50:00.137,SELL,7610.0,7617.2757142857145,7580.748571428572,12.175714285714204,2.0,2026-09-10 20:02:04.063,7617.2757142857145,LOSS,-1.0,72.1,TICK_FEED
SPX500,2026-09-10 20:20:02.531,SELL,7608.8,7619.686428571428,7578.627142857143,13.68642857142849,2.0,2026-09-11 08:39:44.011,7619.686428571428,LOSS,-1.0,739.7,TICK_FEED
SPX500,2026-09-11 18:05:00.107,BUY,7665.9,7652.016428571428,7695.467142857143,14.483571428571498,2.0,2026-09-11 23:59:59.101,7661.2,TIMEOUT,-0.32,355.0,TICK_FEED
SPX500,2026-09-14 15:00:00.084,SELL,7613.5,7622.068571428571,7584.962857142857,12.368571428571581,2.0,2026-09-14 16:49:00.457,7622.068571428571,LOSS,-1.0,109.0,TICK_FEED
SPX500,2026-09-14 15:20:00.114,SELL,7612.5,7624.368571428571,7587.262857142857,12.368571428571581,2.0,2026-09-14 16:49:11.879,7624.368571428571,LOSS,-1.0,89.2,TICK_FEED
NAS100,2026-06-30 12:35:00.012,BUY,29824.3,29767.979285714286,30017.941428571427,83.32071428571442,3.5,2026-06-30 16:35:28.449,30017.941428571427,WIN,2.0,240.5,TICK_FEED
NAS100,2026-07-01 17:30:00.034,SELL,30067.7,30094.06642857143,29871.567142857144,74.16642857142816,3.399999999997817,2026-07-01 18:19:06.262,30094.06642857143,LOSS,-1.0,49.1,TICK_FEED
NAS100,2026-07-01 18:05:00.066,SELL,30043.6,30092.581428571426,29842.137142857144,83.48142857142825,3.3000000000029104,2026-07-01 18:19:04.778,30092.581428571426,LOSS,-1.0,14.1,TICK_FEED
NAS100,2026-07-01 18:45:00.072,SELL,30074.1,30117.88142857143,29867.437142857147,83.48142857142825,2.900000000001455,2026-07-01 22:57:17.151,29867.437142857147,WIN,2.0,252.3,TICK_FEED
NAS100,2026-07-01 19:25:00.055,SELL,30050.4,30116.91857142857,29848.96285714286,89.31857142857082,2.899999999997817,2026-07-01 22:57:40.651,29848.96285714286,WIN,2.0,212.7,TICK_FEED
NAS100,2026-07-02 12:20:00.117,SELL,29748.2,29851.027142857143,29525.445714285714,108.52714285714244,3.7999999999992724,2026-07-02 14:44:17.884,29851.027142857143,LOSS,-1.0,144.3,TICK_FEED
NAS100,2026-07-02 12:55:00.631,SELL,29767.7,29852.527142857143,29526.945714285714,108.52714285714244,3.7999999999992724,2026-07-02 14:44:17.884,29852.527142857143,LOSS,-1.0,109.3,TICK_FEED
NAS100,2026-07-03 14:50:00.442,BUY,29671.1,29622.125,29807.75,61.875,3.399999999997817,2026-07-03 19:59:59.773,29692.0,TIMEOUT,0.34,310.0,TICK_FEED
NAS100,2026-07-06 01:10:00.110,BUY,29680.4,29650.87285714286,29787.454285714288,45.52714285714313,4.0,2026-07-06 02:12:56.817,29787.454285714288,WIN,2.0,62.9,TICK_FEED
NAS100,2026-07-06 08:20:00.103,SELL,29610.2,29661.00642857143,29420.687142857143,80.10642857142895,2.7000000000007276,2026-07-06 10:10:50.169,29661.00642857143,LOSS,-1.0,110.8,TICK_FEED
NAS100,2026-07-06 08:45:00.213,SELL,29584.9,29648.806428571428,29408.487142857142,80.10642857142895,3.0,2026-07-06 09:40:35.442,29648.806428571428,LOSS,-1.0,55.6,TICK_FEED
NAS100,2026-07-07 09:10:00.127,SELL,29456.6,29539.610714285714,29246.17857142857,97.81071428571452,2.900000000001455,2026-07-07 10:22:42.099,29539.610714285714,LOSS,-1.0,72.7,TICK_FEED
NAS100,2026-07-07 14:00:00.126,SELL,29460.1,29502.480714285713,29259.53857142857,80.98071428571457,3.3000000000029104,2026-07-07 15:10:04.128,29502.480714285713,LOSS,-1.0,70.1,TICK_FEED
NAS100,2026-07-08 11:15:00.018,SELL,29211.4,29171.627142857145,28851.445714285717,106.7271428571429,3.5,2026-07-08 11:15:00.018,29171.627142857145,LOSS,-1.0,0.0,TICK_FEED
NAS100,2026-07-08 13:55:00.472,SELL,28843.3,28948.169285714284,28566.06142857143,127.36928571428544,4.5,2026-07-08 15:05:53.574,28948.169285714284,LOSS,-1.0,70.9,TICK_FEED
NAS100,2026-07-09 17:35:00.066,BUY,29547.5,29485.244285714285,29800.411428571428,105.05571428571409,3.2999999999992724,2026-07-10 19:15:03.511,29800.411428571428,WIN,2.0,1540.1,TICK_FEED
NAS100,2026-07-09 17:45:00.090,BUY,29567.3,29498.544285714284,29813.711428571427,105.05571428571409,3.0,2026-07-10 17:33:07.896,29498.544285714284,LOSS,-1.0,1428.1,TICK_FEED
NAS100,2026-07-09 17:55:00.003,BUY,29570.5,29487.744285714285,29802.911428571428,105.05571428571409,3.2999999999992724,2026-07-10 17:33:08.098,29487.744285714285,LOSS,-1.0,1418.1,TICK_FEED
NAS100,2026-07-10 18:10:00.030,BUY,29672.7,29593.16,29862.079999999998,89.63999999999939,3.400000000001455,2026-07-10 20:30:03.509,29862.079999999998,WIN,2.0,140.1,TICK_FEED
NAS100,2026-07-13 17:40:00.138,SELL,29504.6,29549.844285714284,29265.61142857143,94.74428571428567,3.400000000001455,2026-07-13 18:00:01.897,29549.844285714284,LOSS,-1.0,20.0,TICK_FEED
NAS100,2026-07-13 17:50:00.062,SELL,29508.8,29551.944285714286,29267.71142857143,94.74428571428567,3.2999999999992724,2026-07-13 18:00:02.797,29551.944285714286,LOSS,-1.0,10.0,TICK_FEED
NAS100,2026-07-13 18:35:00.002,SELL,29510.3,29594.98642857143,29310.92714285714,94.68642857142866,3.2000000000007276,2026-07-13 19:35:29.863,29310.92714285714,WIN,2.0,60.5,TICK_FEED
NAS100,2026-07-14 16:35:00.050,BUY,29518.2,29477.432857142856,29818.134285714288,113.56714285714322,3.100000000002183,2026-07-14 17:05:21.446,29477.432857142856,LOSS,-1.0,30.4,TICK_FEED
NAS100,2026-07-14 17:30:00.010,BUY,29508.0,29474.760714285712,29825.27857142857,116.83928571428619,3.400000000001455,2026-07-15 06:49:55.364,29825.27857142857,WIN,2.0,799.9,TICK_FEED
NAS100,2026-07-14 19:30:00.080,BUY,29602.8,29483.969999999998,29850.36,122.13000000000066,3.399999999997817,2026-07-15 08:00:00.226,29850.36,WIN,2.0,750.0,TICK_FEED
NAS100,2026-07-15 12:00:00.292,BUY,29764.6,29704.86142857143,29915.577142857142,70.2385714285711,3.599999999998545,2026-07-15 15:05:16.974,29704.86142857143,LOSS,-1.0,185.3,TICK_FEED
NAS100,2026-07-15 21:45:00.081,SELL,29486.1,29585.07285714286,29227.554285714286,119.1728571428571,3.0,2026-07-16 03:14:49.028,29585.07285714286,LOSS,-1.0,329.8,TICK_FEED
NAS100,2026-07-15 22:05:00.045,SELL,29479.6,29586.977142857144,29208.745714285717,126.07714285714269,3.400000000001455,2026-07-16 03:14:49.136,29586.977142857144,LOSS,-1.0,309.8,TICK_FEED
NAS100,2026-07-16 12:35:00.111,SELL,29440.2,29514.14214285714,29244.315714285716,89.94214285714183,4.200000000000728,2026-07-16 14:49:54.726,29244.315714285716,WIN,2.0,134.9,TICK_FEED
NAS100,2026-07-16 16:30:00.071,SELL,29291.0,29354.594285714284,29077.11142857143,92.49428571428521,6.299999999999272,2026-07-16 16:30:29.537,29354.594285714284,LOSS,-1.0,0.5,TICK_FEED
NAS100,2026-07-16 17:50:00.032,SELL,29266.4,29323.402142857143,29003.895714285718,106.50214285714245,3.599999999998545,2026-07-16 22:15:07.617,29003.895714285718,WIN,2.0,265.1,TICK_FEED
NAS100,2026-07-16 18:00:00.091,SELL,29262.2,29346.16,29018.38,109.25999999999968,3.599999999998545,2026-07-16 22:07:39.058,29018.38,WIN,2.0,247.6,TICK_FEED
NAS100,2026-07-16 18:40:00.049,SELL,29282.1,29333.359999999997,29005.579999999998,109.25999999999968,3.400000000001455,2026-07-16 22:15:06.632,29005.579999999998,WIN,2.0,215.1,TICK_FEED
NAS100,2026-07-16 18:55:00.005,SELL,29246.4,29327.96,29000.18,109.25999999999968,2.899999999997817,2026-07-16 22:15:42.431,29000.18,WIN,2.0,200.7,TICK_FEED
NAS100,2026-07-17 14:15:00.028,SELL,28594.0,28680.095714285715,28376.80857142857,101.0957142857142,3.7000000000007276,2026-07-17 16:35:49.910,28376.80857142857,WIN,2.0,140.8,TICK_FEED
NAS100,2026-07-17 14:30:00.084,SELL,28598.2,28686.595714285715,28383.30857142857,101.0957142857142,4.200000000000728,2026-07-17 16:34:37.725,28383.30857142857,WIN,2.0,124.6,TICK_FEED
NAS100,2026-07-17 17:55:00.108,SELL,28596.0,28677.217142857142,28332.465714285714,114.91714285714299,6.0,2026-07-17 18:40:25.629,28677.217142857142,LOSS,-1.0,45.4,TICK_FEED
NAS100,2026-07-20 17:25:00.039,BUY,28816.8,28768.300714285713,29090.19857142857,107.29928571428609,2.899999999997817,2026-07-20 17:50:00.823,28768.300714285713,LOSS,-1.0,25.0,TICK_FEED
NAS100,2026-07-20 18:05:00.047,BUY,28775.5,28723.988571428574,29049.22285714286,108.4114285714289,3.0,2026-07-20 21:41:34.981,28723.988571428574,LOSS,-1.0,216.6,TICK_FEED
NAS100,2026-07-20 18:20:00.069,BUY,28821.0,28738.988571428574,29064.22285714286,108.4114285714289,3.099999999998545,2026-07-20 21:40:56.187,28738.988571428574,LOSS,-1.0,200.9,TICK_FEED
NAS100,2026-07-20 21:05:00.073,BUY,28819.5,28721.752142857145,29059.695714285717,112.64785714285756,3.099999999998545,2026-07-20 21:43:46.603,28721.752142857145,LOSS,-1.0,38.8,TICK_FEED
NAS100,2026-07-21 17:15:00.105,BUY,28982.8,28929.515714285713,29164.068571428572,78.18428571428576,3.2999999999992724,2026-07-21 17:15:41.292,28929.515714285713,LOSS,-1.0,0.7,TICK_FEED
NAS100,2026-07-22 02:10:00.580,BUY,29126.4,29062.89142857143,29279.817142857144,72.30857142857163,3.0,2026-07-22 06:51:47.577,29062.89142857143,LOSS,-1.0,281.8,TICK_FEED
NAS100,2026-07-22 11:35:00.147,SELL,28964.2,28999.742142857143,28824.415714285715,58.442142857142535,4.0,2026-07-22 12:07:38.636,28999.742142857143,LOSS,-1.0,32.6,TICK_FEED
NAS100,2026-07-22 12:30:00.137,SELL,28978.0,29012.455714285712,28829.588571428572,60.95571428571363,3.2999999999992724,2026-07-22 13:03:05.563,29012.455714285712,LOSS,-1.0,33.1,TICK_FEED
NAS100,2026-07-22 12:50:00.147,SELL,28967.8,29011.75571428571,28828.88857142857,60.95571428571363,3.5,2026-07-22 13:03:05.563,29011.75571428571,LOSS,-1.0,13.1,TICK_FEED
NAS100,2026-07-22 21:50:00.189,BUY,29089.1,29015.479285714286,29289.74142857143,91.4207142857142,2.899999999997817,2026-07-22 22:59:57.144,29015.479285714286,LOSS,-1.0,69.9,TICK_FEED
NAS100,2026-07-23 16:45:00.093,SELL,28711.8,28728.697857142855,28392.104285714286,112.19785714285686,3.100000000002183,2026-07-23 18:07:11.743,28392.104285714286,WIN,2.0,82.2,TICK_FEED
NAS100,2026-07-23 19:50:00.071,SELL,28493.6,28596.555,28210.590000000004,128.65499999999972,3.400000000001455,2026-07-23 23:12:07.203,28596.555,LOSS,-1.0,202.1,TICK_FEED
NAS100,2026-07-23 20:00:00.036,SELL,28497.9,28602.014285714286,28211.67142857143,130.11428571428547,2.599999999998545,2026-07-23 23:12:18.505,28602.014285714286,LOSS,-1.0,192.3,TICK_FEED
NAS100,2026-07-23 20:30:00.082,SELL,28509.5,28606.714285714283,28216.371428571427,130.11428571428547,2.900000000001455,2026-07-23 23:30:00.677,28606.714285714283,LOSS,-1.0,180.0,TICK_FEED
NAS100,2026-07-24 01:00:00.853,SELL,28561.6,28657.661428571428,28236.577142857142,140.36142857142818,6.700000000000728,2026-07-24 16:52:17.158,28236.577142857142,WIN,2.0,952.3,TICK_FEED
NAS100,2026-07-24 01:10:00.028,SELL,28519.8,28640.86142857143,28219.777142857143,140.36142857142818,2.7000000000007276,2026-07-24 16:52:28.779,28219.777142857143,WIN,2.0,942.5,TICK_FEED
NAS100,2026-07-24 11:00:00.115,SELL,28473.1,28544.662142857145,28261.875714285718,94.26214285714211,3.600000000002183,2026-07-24 12:32:53.044,28544.662142857145,LOSS,-1.0,92.9,TICK_FEED
NAS100,2026-07-24 19:35:00.162,SELL,28400.1,28497.73,28155.64,114.02999999999996,3.100000000002183,2026-07-24 21:34:30.857,28155.64,WIN,2.0,119.5,TICK_FEED
NAS100,2026-07-27 15:45:00.135,BUY,28539.9,28460.605,28732.089999999997,90.49499999999958,3.5,2026-07-27 16:29:40.768,28460.605,LOSS,-1.0,44.7,TICK_FEED
NAS100,2026-07-27 19:45:00.074,SELL,28000.7,28093.87,27763.66,110.06999999999935,3.399999999997817,2026-07-27 22:10:19.590,28093.87,LOSS,-1.0,145.3,TICK_FEED
NAS100,2026-07-28 01:05:00.051,SELL,28058.0,28175.564285714285,27783.87142857143,130.56428571428478,3.400000000001455,2026-07-28 08:30:27.088,27783.87142857143,WIN,2.0,445.5,TICK_FEED
NAS100,2026-07-28 10:55:00.105,SELL,27814.0,27904.794285714284,27594.911428571428,103.29428571428544,3.7999999999992724,2026-07-28 11:41:07.017,27904.794285714284,LOSS,-1.0,46.1,TICK_FEED
NAS100,2026-07-28 12:30:00.021,SELL,27881.6,27952.614285714288,27651.37142857143,100.41428571428548,3.600000000002183,2026-07-28 16:42:40.434,27651.37142857143,WIN,2.0,252.7,TICK_FEED
NAS100,2026-07-28 16:25:00.020,SELL,27867.2,27915.519285714283,27629.261428571426,95.4192857142859,3.099999999998545,2026-07-28 16:43:04.276,27629.261428571426,WIN,2.0,18.1,TICK_FEED
NAS100,2026-07-30 18:30:00.112,BUY,27893.3,27811.317857142854,28236.664285714283,141.78214285714262,3.7000000000007276,2026-07-30 23:30:00.559,28236.664285714283,WIN,2.0,300.0,TICK_FEED
NAS100,2026-07-31 06:15:00.107,BUY,28302.0,28210.044285714288,28590.01142857143,126.65571428571434,2.599999999998545,2026-07-31 16:35:08.647,28590.01142857143,WIN,2.0,620.1,TICK_FEED
NAS100,2026-08-03 01:00:02.090,BUY,28501.5,28356.549285714285,28789.301428571427,144.2507142857146,6.0,2026-08-03 14:38:54.746,28356.549285714285,LOSS,-1.0,818.9,TICK_FEED
NAS100,2026-08-04 12:35:00.175,BUY,28949.8,28883.05857142857,29110.282857142854,75.74142857142839,3.2999999999992724,2026-08-04 14:50:03.001,29110.282857142854,WIN,2.0,135.0,TICK_FEED
NAS100,2026-08-05 02:00:00.075,BUY,29722.0,29621.925714285717,29951.248571428572,109.77428571428561,3.0,2026-08-05 16:45:08.210,29951.248571428572,WIN,2.0,885.1,TICK_FEED
NAS100,2026-08-05 16:25:00.151,BUY,29810.1,29804.90857142857,29992.982857142855,62.69142857142886,2.599999999998545,2026-08-05 16:37:01.472,29804.90857142857,LOSS,-1.0,12.0,TICK_FEED
NAS100,2026-08-05 17:05:00.001,BUY,29860.5,29825.43642857143,30036.827142857146,70.4635714285718,2.900000000001455,2026-08-05 17:22:32.278,29825.43642857143,LOSS,-1.0,17.5,TICK_FEED
NAS100,2026-08-06 06:15:00.067,SELL,29474.6,29561.040714285715,29233.318571428572,109.24071428571425,2.600000000002183,2026-08-06 16:25:06.758,29233.318571428572,WIN,2.0,610.1,TICK_FEED
NAS100,2026-08-06 14:45:00.614,SELL,29390.5,29428.64785714286,29201.40428571429,75.7478571428571,3.5,2026-08-06 16:32:02.486,29201.40428571429,WIN,2.0,107.0,TICK_FEED
NAS100,2026-08-06 15:40:00.109,SELL,29348.4,29407.637142857144,29168.725714285712,79.63714285714305,2.7999999999992724,2026-08-06 16:32:51.798,29168.725714285712,WIN,2.0,52.9,TICK_FEED
NAS100,2026-08-07 03:15:00.117,SELL,29472.7,29529.703571428574,29216.79285714286,104.30357142857143,2.7000000000007276,2026-08-07 11:28:40.343,29529.703571428574,LOSS,-1.0,493.7,TICK_FEED
NAS100,2026-08-07 16:30:00.095,BUY,29618.7,29632.859999999997,29845.079999999998,70.7400000000001,6.100000000002183,2026-08-07 16:30:00.095,29632.859999999997,LOSS,-1.0,0.0,TICK_FEED
NAS100,2026-08-07 16:40:00.009,BUY,29632.3,29615.359999999997,29827.579999999998,70.7400000000001,3.5,2026-08-07 16:40:05.105,29615.359999999997,LOSS,-1.0,0.1,TICK_FEED
NAS100,2026-08-07 17:15:00.069,BUY,29486.2,29536.357857142855,29779.184285714284,80.942142857143,2.900000000001455,2026-08-07 17:15:00.069,29536.357857142855,LOSS,-1.0,0.0,TICK_FEED
NAS100,2026-08-07 17:25:00.040,BUY,29603.7,29579.357857142855,29822.184285714284,80.942142857143,2.900000000001455,2026-08-07 17:39:29.668,29579.357857142855,LOSS,-1.0,14.5,TICK_FEED
NAS100,2026-08-07 17:45:00.097,BUY,29578.6,29525.357857142855,29768.184285714284,80.942142857143,3.099999999998545,2026-08-07 23:59:44.863,29735.3,TIMEOUT,1.94,374.7,TICK_FEED
NAS100,2026-08-07 17:55:00.087,BUY,29583.7,29537.657857142854,29780.484285714283,80.942142857143,3.2000000000007276,2026-08-07 23:59:44.863,29735.3,TIMEOUT,1.87,364.7,TICK_FEED
NAS100,2026-08-07 20:05:00.102,BUY,29645.9,29567.207142857143,29853.985714285714,95.59285714285738,3.100000000002183,2026-08-07 23:59:44.863,29735.3,TIMEOUT,0.94,234.7,TICK_FEED
NAS100,2026-08-07 20:35:00.085,BUY,29637.0,29564.507142857143,29851.285714285714,95.59285714285738,2.900000000001455,2026-08-07 23:59:44.863,29735.3,TIMEOUT,1.03,204.7,TICK_FEED
NAS100,2026-08-10 22:50:00.006,SELL,29687.3,29713.362142857142,29498.07571428571,71.76214285714352,2.7000000000007276,2026-08-11 04:11:25.797,29713.362142857142,LOSS,-1.0,321.4,TICK_FEED
NAS100,2026-08-12 16:45:00.022,BUY,29813.6,29827.644999999997,29962.51,44.95500000000019,2.7999999999992724,2026-08-12 16:45:00.022,29827.644999999997,LOSS,-1.0,0.0,TICK_FEED
NAS100,2026-08-12 17:05:00.099,BUY,29771.5,29772.004285714287,29929.49142857143,52.49571428571443,2.599999999998545,2026-08-12 17:05:00.099,29772.004285714287,LOSS,-1.0,0.0,TICK_FEED
NAS100,2026-08-12 17:20:00.004,BUY,29792.2,29780.304285714286,29937.79142857143,52.49571428571443,3.2999999999992724,2026-08-12 17:20:08.473,29780.304285714286,LOSS,-1.0,0.1,TICK_FEED
NAS100,2026-08-12 17:35:00.066,BUY,29791.7,29779.804285714286,29937.29142857143,52.49571428571443,3.100000000002183,2026-08-12 17:35:06.668,29779.804285714286,LOSS,-1.0,0.1,TICK_FEED
NAS100,2026-08-12 19:05:00.057,BUY,29764.6,29724.262857142858,29898.374285714286,58.037142857143046,3.0,2026-08-12 23:32:55.795,29724.262857142858,LOSS,-1.0,267.9,TICK_FEED
NAS100,2026-08-12 19:20:00.132,BUY,29775.4,29734.16285714286,29908.274285714288,58.037142857143046,2.900000000001455,2026-08-12 23:30:00.337,29734.16285714286,LOSS,-1.0,250.0,TICK_FEED
NAS100,2026-08-13 03:00:00.016,BUY,29720.9,29687.359285714287,29888.181428571428,66.94071428571401,2.600000000002183,2026-08-13 16:35:52.214,29888.181428571428,WIN,2.0,815.9,TICK_FEED
NAS100,2026-08-13 10:35:00.391,BUY,29780.7,29740.917857142857,29882.764285714286,47.28214285714239,3.2999999999992724,2026-08-13 11:17:21.583,29740.917857142857,LOSS,-1.0,42.4,TICK_FEED
NAS100,2026-08-13 19:05:00.193,BUY,30066.5,30010.867857142857,30210.764285714286,66.6321428571424,3.0,2026-08-14 18:14:15.306,30010.867857142857,LOSS,-1.0,1389.3,TICK_FEED
NAS100,2026-08-13 19:20:00.079,BUY,30060.2,30011.967857142856,30211.864285714284,66.6321428571424,2.900000000001455,2026-08-14 18:14:15.194,30011.967857142856,LOSS,-1.0,1374.3,TICK_FEED
NAS100,2026-08-17 10:30:00.106,BUY,30206.4,30181.635,30300.03,39.46500000000033,2.8000000000029104,2026-08-17 15:04:23.810,30181.635,LOSS,-1.0,274.4,TICK_FEED
NAS100,2026-08-17 13:25:00.129,BUY,30213.4,30220.038571428573,30341.422857142858,40.46142857142867,3.0,2026-08-17 13:25:00.129,30220.038571428573,LOSS,-1.0,0.0,TICK_FEED
NAS100,2026-08-17 14:40:00.096,BUY,30224.9,30188.359285714287,30308.181428571428,39.940714285714,2.8000000000029104,2026-08-17 15:04:14.748,30188.359285714287,LOSS,-1.0,24.2,TICK_FEED
NAS100,2026-08-17 18:50:00.196,BUY,30144.9,30116.113571428574,30267.87285714286,50.58642857142843,3.2000000000007276,2026-08-17 19:41:15.852,30116.113571428574,LOSS,-1.0,51.3,TICK_FEED
NAS100,2026-08-18 10:10:00.080,SELL,29804.2,29853.265,29659.269999999997,64.66500000000056,3.599999999998545,2026-08-18 12:24:58.284,29659.269999999997,WIN,2.0,135.0,TICK_FEED
NAS100,2026-08-18 14:30:00.042,SELL,29685.3,29737.121428571427,29539.05714285714,66.02142857142928,3.400000000001455,2026-08-18 16:55:28.882,29539.05714285714,WIN,2.0,145.5,TICK_FEED
NAS100,2026-08-18 19:25:00.054,SELL,29572.0,29625.399285714288,29362.90142857143,87.49928571428632,2.7999999999992724,2026-08-19 15:45:13.259,29625.399285714288,LOSS,-1.0,1220.2,TICK_FEED
NAS100,2026-08-18 20:15:00.070,SELL,29563.1,29616.274285714288,29367.95142857143,82.77428571428632,3.0,2026-08-19 09:08:23.197,29367.95142857143,WIN,2.0,773.4,TICK_FEED
NAS100,2026-08-19 01:25:00.106,SELL,29507.7,29556.18,29318.039999999997,79.38000000000018,2.7999999999992724,2026-08-19 11:03:51.637,29556.18,LOSS,-1.0,578.9,TICK_FEED
NAS100,2026-08-19 21:05:00.092,SELL,29493.8,29544.501428571428,29210.897142857142,111.20142857142876,3.100000000002183,2026-08-20 01:03:38.088,29544.501428571428,LOSS,-1.0,238.6,TICK_FEED
NAS100,2026-08-20 17:15:00.121,SELL,29299.0,29332.933571428573,29072.132857142857,86.93357142857208,3.099999999998545,2026-08-20 17:23:55.036,29332.933571428573,LOSS,-1.0,8.9,TICK_FEED
NAS100,2026-08-20 17:25:00.219,SELL,29328.0,29368.233571428573,29107.432857142856,86.93357142857208,3.099999999998545,2026-08-20 18:01:28.124,29368.233571428573,LOSS,-1.0,36.5,TICK_FEED
NAS100,2026-08-20 23:05:00.053,SELL,29244.3,29325.062857142857,29007.774285714284,105.76285714285743,3.0,2026-08-21 05:23:17.293,29325.062857142857,LOSS,-1.0,378.3,TICK_FEED
NAS100,2026-08-21 19:55:00.059,BUY,29323.1,29266.05,29494.199999999997,76.04999999999977,2.899999999997817,2026-08-21 23:59:59.879,29303.3,TIMEOUT,-0.26,245.0,TICK_FEED
NAS100,2026-08-21 20:40:00.071,BUY,29327.4,29256.969285714287,29487.76142857143,76.93071428571409,3.900000000001455,2026-08-21 23:59:59.879,29303.3,TIMEOUT,-0.31,200.0,TICK_FEED
NAS100,2026-08-21 21:05:00.197,SELL,29330.0,29383.352857142858,29152.194285714286,77.05285714285705,2.900000000001455,2026-08-21 23:59:59.879,29306.2,TIMEOUT,0.31,175.0,TICK_FEED
NAS100,2026-08-24 16:30:00.218,SELL,29177.9,29135.980714285713,28884.938571428567,83.68071428571527,3.7999999999992724,2026-08-24 16:30:00.218,29135.980714285713,LOSS,-1.0,0.0,TICK_FEED
NAS100,2026-08-24 18:00:00.062,SELL,29022.2,29095.043571428574,28802.112857142856,97.64357142857246,2.899999999997817,2026-08-24 18:37:35.695,29095.043571428574,LOSS,-1.0,37.6,TICK_FEED
NAS100,2026-08-24 20:00:00.018,SELL,29109.6,29197.359285714287,28898.681428571424,99.5592857142867,3.0,2026-08-25 09:06:54.194,29197.359285714287,LOSS,-1.0,786.9,TICK_FEED
NAS100,2026-08-24 20:15:00.057,SELL,29132.7,29205.159285714286,28906.481428571424,99.5592857142867,3.099999999998545,2026-08-25 09:07:54.406,29205.159285714286,LOSS,-1.0,772.9,TICK_FEED
NAS100,2026-08-25 04:20:00.507,SELL,29070.1,29137.375000000004,28846.45,96.97500000000048,2.900000000001455,2026-08-25 07:05:28.371,29137.375000000004,LOSS,-1.0,165.5,TICK_FEED
NAS100,2026-08-25 11:20:00.050,BUY,29182.7,29193.57,29387.16,64.52999999999996,3.2999999999992724,2026-08-25 11:20:00.050,29193.57,LOSS,-1.0,0.0,TICK_FEED
NAS100,2026-08-25 14:20:00.162,BUY,29276.9,29226.01357142857,29423.672857142858,65.88642857142843,3.0,2026-08-25 16:30:00.883,29226.01357142857,LOSS,-1.0,130.0,TICK_FEED
NAS100,2026-08-25 16:40:00.091,BUY,29262.3,29218.922142857144,29434.555714285714,71.87785714285681,4.899999999997817,2026-08-25 17:01:11.060,29218.922142857144,LOSS,-1.0,21.2,TICK_FEED
NAS100,2026-08-25 18:25:00.019,BUY,29181.7,29141.147142857142,29375.00571428571,77.95285714285681,3.2000000000007276,2026-08-26 03:00:30.542,29141.147142857142,LOSS,-1.0,515.5,TICK_FEED
NAS100,2026-08-25 18:50:00.029,BUY,29174.0,29122.147142857142,29356.00571428571,77.95285714285681,2.7999999999992724,2026-08-26 03:28:18.075,29122.147142857142,LOSS,-1.0,518.3,TICK_FEED
NAS100,2026-08-26 15:30:00.045,SELL,29193.1,29183.210714285717,28997.778571428575,61.81071428571429,23.80000000000291,2026-08-26 15:30:00.045,29183.210714285717,LOSS,-1.0,0.0,TICK_FEED
NAS100,2026-08-26 17:45:00.106,BUY,29170.4,29108.720714285715,29333.95857142857,75.07928571428582,2.900000000001455,2026-08-26 23:50:43.442,29333.95857142857,WIN,2.0,365.7,TICK_FEED
NAS100,2026-08-26 18:35:00.135,BUY,29179.2,29118.115714285712,29352.66857142857,78.18428571428576,2.900000000001455,2026-08-26 19:43:32.479,29118.115714285712,LOSS,-1.0,68.5,TICK_FEED
NAS100,2026-08-26 19:55:00.047,BUY,29133.6,29082.559999999998,29321.78,79.73999999999985,2.5,2026-08-26 23:49:54.046,29321.78,WIN,2.0,234.9,TICK_FEED
NAS100,2026-08-27 22:00:00.103,BUY,29522.8,29449.957857142857,29711.684285714287,87.242142857143,3.0,2026-08-28 17:50:27.223,29711.684285714287,WIN,2.0,1190.5,TICK_FEED
NAS100,2026-08-31 03:55:00.236,SELL,29343.5,29415.472857142853,29117.354285714286,99.3728571428564,2.7999999999992724,2026-08-31 08:17:34.407,29415.472857142853,LOSS,-1.0,262.6,TICK_FEED
NAS100,2026-08-31 17:20:00.041,SELL,29377.1,29389.428571428572,29197.34285714286,64.02857142857097,3.0,2026-08-31 17:37:34.912,29389.428571428572,LOSS,-1.0,17.6,TICK_FEED
NAS100,2026-09-01 19:10:00.082,SELL,29222.5,29281.213571428572,29022.57285714286,86.21357142857134,3.2000000000007276,2026-09-01 21:41:10.324,29022.57285714286,WIN,2.0,151.2,TICK_FEED
NAS100,2026-09-01 22:35:00.009,SELL,29080.7,29169.770714285714,28859.058571428573,103.57071428571396,2.899999999997817,2026-09-02 17:34:23.090,29169.770714285714,LOSS,-1.0,1139.4,TICK_FEED
NAS100,2026-09-01 22:50:00.077,SELL,29086.0,29169.270714285714,28858.558571428573,103.57071428571396,11.599999999998545,2026-09-02 17:34:22.689,29169.270714285714,LOSS,-1.0,1124.4,TICK_FEED
NAS100,2026-09-02 01:00:01.318,SELL,29096.6,29186.04642857143,28887.407142857144,99.54642857142811,7.700000000000728,2026-09-03 06:18:30.716,29186.04642857143,LOSS,-1.0,1758.5,TICK_FEED
NAS100,2026-09-02 04:35:00.090,SELL,29087.0,29134.475000000002,28886.750000000004,82.57499999999953,2.7999999999992724,2026-09-02 17:20:27.551,29134.475000000002,LOSS,-1.0,765.5,TICK_FEED
NAS100,2026-09-02 10:35:00.165,SELL,29052.3,29103.55,28907.8,65.24999999999977,3.2999999999992724,2026-09-02 14:02:23.995,28907.8,WIN,2.0,207.4,TICK_FEED
NAS100,2026-09-02 11:05:00.030,SELL,29059.4,29099.092142857142,28922.415714285715,58.892142857142765,4.0,2026-09-02 12:33:07.515,28922.415714285715,WIN,2.0,88.1,TICK_FEED
NAS100,2026-09-02 14:00:00.045,SELL,28952.6,28958.3,28788.199999999997,56.7,3.0,2026-09-02 14:09:58.574,28958.3,LOSS,-1.0,10.0,TICK_FEED
NAS100,2026-09-02 15:45:00.074,SELL,29034.7,29085.864285714288,28893.97142857143,63.964285714285715,2.899999999997817,2026-09-02 16:42:42.554,29085.864285714288,LOSS,-1.0,57.7,TICK_FEED
NAS100,2026-09-03 09:25:00.208,BUY,29134.9,29082.414285714287,29267.17142857143,61.58571428571429,2.8000000000029104,2026-09-03 13:36:58.768,29082.414285714287,LOSS,-1.0,252.0,TICK_FEED
NAS100,2026-09-03 17:45:00.160,BUY,29254.1,29198.222857142857,29430.65428571429,77.47714285714315,3.099999999998545,2026-09-03 18:11:28.794,29430.65428571429,WIN,2.0,26.5,TICK_FEED
NAS100,2026-09-04 04:55:00.461,BUY,29496.9,29441.223571428574,29660.75285714286,73.17642857142876,2.8000000000029104,2026-09-04 13:46:43.396,29660.75285714286,WIN,2.0,531.7,TICK_FEED
NAS100,2026-09-04 10:05:00.114,BUY,29563.6,29531.892857142855,29650.114285714284,39.40714285714286,3.0,2026-09-04 13:25:53.583,29650.114285714284,WIN,2.0,200.9,TICK_FEED
NAS100,2026-09-04 15:20:00.068,BUY,29626.4,29596.132142857143,29709.435714285715,37.76785714285737,3.2000000000007276,2026-09-04 15:30:07.420,29596.132142857143,LOSS,-1.0,10.1,TICK_FEED
NAS100,2026-09-07 01:00:00.806,BUY,29526.3,29475.571428571428,29718.957142857143,81.12857142857143,21.0,2026-09-08 06:59:24.980,29718.957142857143,WIN,2.0,1799.4,TICK_FEED
NAS100,2026-09-08 02:35:00.910,BUY,29524.5,29500.862142857142,29639.275714285715,46.13785714285766,2.7999999999992724,2026-09-08 04:10:10.810,29639.275714285715,WIN,2.0,95.2,TICK_FEED
NAS100,2026-09-09 20:25:00.078,SELL,29452.8,29520.443571428572,29257.21285714286,87.74357142857104,2.7999999999992724,2026-09-10 14:56:50.490,29257.21285714286,WIN,2.0,1111.8,TICK_FEED
NAS100,2026-09-10 18:50:00.016,SELL,29213.7,29266.63142857143,29028.337142857144,79.43142857142848,3.099999999998545,2026-09-11 07:02:59.610,29028.337142857144,WIN,2.0,733.0,TICK_FEED
NAS100,2026-09-10 20:25:00.045,SELL,29193.7,29276.505714285715,29022.088571428572,84.80571428571434,2.899999999997817,2026-09-11 11:24:19.985,29276.505714285715,LOSS,-1.0,899.3,TICK_FEED
NAS100,2026-09-11 18:00:00.068,BUY,29350.7,29299.516428571427,29542.76714285714,81.08357142857162,2.7999999999992724,2026-09-11 23:59:59.946,29381.3,TIMEOUT,0.38,360.0,TICK_FEED
NAS100,2026-09-14 14:50:00.111,SELL,28956.0,29007.717857142856,28768.864285714284,79.61785714285713,2.7999999999992724,2026-09-14 16:48:07.818,29007.717857142856,LOSS,-1.0,118.1,TICK_FEED
NAS100,2026-09-14 16:35:00.045,SELL,28901.3,28947.177142857145,28760.645714285714,62.1771428571429,3.5,2026-09-14 16:44:07.611,28947.177142857145,LOSS,-1.0,9.1,TICK_FEED
NAS100,2026-09-14 17:35:00.036,SELL,29017.0,29042.767142857145,28831.665714285715,70.367142857143,3.0,2026-09-14 18:05:43.043,29042.767142857145,LOSS,-1.0,30.7,TICK_FEED
