trade_id,symbol,direction,entry_time,entry_price,sl_price,tp1_price,tp2_price,current_sl,sl_dist,tp1_dist,tp2_dist,total_lots,part_lots,run_lots,tp1_hit,tp2_hit,starting_balance,exit_time,exit_price,exit_reason,duration_m,net_pnl,ending_balance,entry_dt,month
1,BTCUSD,BUY,2026-01-01 18:35:00+00:00,88142.0,87878.49229338528,88510.91078926061,88669.01541322944,87878.49229338528,263.5077066147175,368.9107892606045,527.015413229435,0.19,0.1,0.09,False,False,5000.0,2026-01-01 21:05:00+00:00,88412.0,EOD_EXIT,150.0,50.35,5050.35,2026-01-01 18:35:00+00:00,2026-01
2,BTCUSD,BUY,2026-01-02 07:05:00+00:00,88873.5,88561.48415407492,89310.3221842951,89497.53169185015,88873.5,312.0158459250764,436.8221842951069,624.0316918501528,0.16,0.08,0.08,True,False,5050.35,2026-01-02 09:05:00+00:00,89497.53169185015,FULL_TP2,120.0,84.07,5134.42,2026-01-02 07:05:00+00:00,2026-01
3,BTCUSD,BUY,2026-01-02 11:45:00+00:00,89419.25,89079.51814880606,89894.87459167151,90098.71370238786,89079.51814880606,339.7318511939324,475.62459167150536,679.4637023878648,0.15,0.07,0.08,False,False,5134.42,2026-01-02 13:10:00+00:00,89079.51814880606,SL,85.0,-50.75,5083.67,2026-01-02 11:45:00+00:00,2026-01
4,BTCUSD,BUY,2026-01-02 14:35:00+00:00,89598.04,89163.65952730573,90206.17266177197,90466.80094538853,89163.65952730573,434.38047269426716,608.132661771974,868.7609453885343,0.12,0.06,0.06,False,False,5083.67,2026-01-02 15:00:00+00:00,89163.65952730573,SL,25.0,-50.6,5033.07,2026-01-02 14:35:00+00:00,2026-01
5,BTCUSD,BUY,2026-01-02 20:40:00+00:00,89891.66,89287.83385611346,90737.01660144117,91099.3122877731,89287.83385611346,603.8261438865483,845.3566014411675,1207.6522877730965,0.08,0.04,0.04,False,False,5033.07,2026-01-02 23:00:00+00:00,89978.5,EOD_EXIT,140.0,6.55,5039.62,2026-01-02 20:40:00+00:00,2026-01
6,BTCUSD,BUY,2026-01-03 15:30:00+00:00,90064.5,89683.2575353743,90598.23945047597,90826.9849292514,90064.5,381.24246462569926,533.739450475979,762.4849292513985,0.13,0.07,0.06,True,False,5039.62,2026-01-03 21:05:00+00:00,90452.0,EOD_EXIT,335.0,59.96,5099.58,2026-01-03 15:30:00+00:00,2026-01
7,BTCUSD,BUY,2026-01-04 06:50:00+00:00,91408.5,91041.0687361009,91922.90376945873,92143.36252779819,91041.0687361009,367.43126389909304,514.4037694587303,734.8625277981861,0.14,0.07,0.07,False,False,5099.58,2026-01-04 11:45:00+00:00,91041.0687361009,SL,295.0,-50.7,5048.88,2026-01-04 06:50:00+00:00,2026-01
8,BTCUSD,BUY,2026-01-05 16:45:00+00:00,93833.5,93317.48203728902,94555.92514779537,94865.53592542195,93833.5,516.0179627109754,722.4251477953655,1032.0359254219509,0.1,0.05,0.05,True,False,5048.88,2026-01-05 20:25:00+00:00,93833.5,TP1_THEN_BE,220.0,35.62,5084.5,2026-01-05 16:45:00+00:00,2026-01
9,BTCUSD,BUY,2026-01-06 14:20:00+00:00,94141.0,93690.84010636549,94771.22385108832,95041.31978726904,93690.84010636549,450.15989363451456,630.2238510883203,900.3197872690291,0.11,0.06,0.05,False,False,5084.5,2026-01-06 14:35:00+00:00,93690.84010636549,SL,15.0,-50.55,5033.95,2026-01-06 14:20:00+00:00,2026-01
10,BTCUSD,SELL,2026-01-06 18:35:00+00:00,92082.66,92720.54263229112,91189.62431479244,90806.89473541778,92720.54263229112,637.8826322911125,893.0356852075574,1275.765264582225,0.08,0.04,0.04,False,False,5033.95,2026-01-06 20:10:00+00:00,92720.54263229112,SL,95.0,-50.4,4983.55,2026-01-06 18:35:00+00:00,2026-01
11,BTCUSD,SELL,2026-01-07 11:25:00+00:00,91965.71,92544.300138032,91155.68380675522,90808.52972393601,91965.71,578.590138031997,810.0261932447956,1157.180276063994,0.09,0.04,0.05,True,False,4983.55,2026-01-07 17:50:00+00:00,90808.52972393601,FULL_TP2,385.0,89.81,5073.36,2026-01-07 11:25:00+00:00,2026-01
12,BTCUSD,SELL,2026-01-08 07:50:00+00:00,90081.5,90685.31631904832,89236.15715333234,88873.86736190335,90081.5,603.8163190483215,845.3428466676501,1207.632638096643,0.08,0.04,0.04,True,False,5073.36,2026-01-08 14:05:00+00:00,90081.5,TP1_THEN_BE,375.0,33.41,5106.77,2026-01-08 07:50:00+00:00,2026-01
13,BTCUSD,BUY,2026-01-08 20:05:00+00:00,90996.0,90393.30024002377,91839.7796639667,92201.39951995245,90393.30024002377,602.6997599762218,843.7796639667105,1205.3995199524436,0.08,0.04,0.04,False,False,5106.77,2026-01-08 21:05:00+00:00,91125.78,EOD_EXIT,60.0,9.98,5116.75,2026-01-08 20:05:00+00:00,2026-01
14,BTCUSD,SELL,2026-01-09 11:05:00+00:00,90382.5,90873.73419158807,89694.77213177671,89400.03161682388,90873.73419158807,491.23419158806115,687.7278682232856,982.4683831761223,0.1,0.05,0.05,False,False,5116.75,2026-01-09 14:25:00+00:00,90873.73419158807,SL,200.0,-50.5,5066.25,2026-01-09 11:05:00+00:00,2026-01
15,BTCUSD,BUY,2026-01-09 16:45:00+00:00,91363.0,90732.68715351619,92245.43798507733,92623.62569296762,90732.68715351619,630.3128464838055,882.4379850773277,1260.625692967611,0.08,0.04,0.04,False,False,5066.25,2026-01-09 17:25:00+00:00,90732.68715351619,SL,40.0,-50.4,5015.85,2026-01-09 16:45:00+00:00,2026-01
16,BTCUSD,SELL,2026-01-12 12:10:00+00:00,90445.5,90899.25854461525,89810.23803753864,89537.9829107695,90899.25854461525,453.758544615254,635.2619624613556,907.517089230508,0.11,0.06,0.05,False,False,5015.85,2026-01-12 13:40:00+00:00,90899.25854461525,SL,90.0,-50.55,4965.3,2026-01-12 12:10:00+00:00,2026-01
17,BTCUSD,BUY,2026-01-12 17:20:00+00:00,91762.0,91165.65370291055,92596.88481592522,92954.69259417888,91165.65370291055,596.3462970894414,834.8848159252178,1192.6925941788827,0.08,0.04,0.04,False,False,4965.3,2026-01-12 20:00:00+00:00,91165.65370291055,SL,160.0,-50.4,4914.9,2026-01-12 17:20:00+00:00,2026-01
18,BTCUSD,BUY,2026-01-13 11:55:00+00:00,92017.5,91533.24522162974,92695.45668971835,92986.00955674051,92017.5,484.2547783702573,677.9566897183602,968.5095567405147,0.1,0.05,0.05,True,False,4914.9,2026-01-13 14:35:00+00:00,92986.00955674051,FULL_TP2,160.0,81.82,4996.73,2026-01-13 11:55:00+00:00,2026-01
19,BTCUSD,BUY,2026-01-14 18:20:00+00:00,97329.0,96622.42501182109,98318.20498345047,98742.14997635782,96622.42501182109,706.5749881789087,989.2049834504721,1413.1499763578174,0.07,0.04,0.03,False,False,4996.73,2026-01-14 21:05:00+00:00,97387.72,EOD_EXIT,165.0,3.76,5000.49,2026-01-14 18:20:00+00:00,2026-01
20,BTCUSD,BUY,2026-01-15 06:25:00+00:00,96458.2,95848.3532600022,97311.98543599692,97677.89347999559,95848.3532600022,609.8467399977998,853.7854359969197,1219.6934799955995,0.08,0.04,0.04,False,False,5000.49,2026-01-15 13:40:00+00:00,95848.3532600022,SL,435.0,-50.4,4950.09,2026-01-15 06:25:00+00:00,2026-01
21,BTCUSD,SELL,2026-01-16 06:35:00+00:00,95473.0,95997.90551993744,94738.13227208759,94423.18896012512,95473.0,524.9055199374379,734.8677279124131,1049.8110398748759,0.1,0.05,0.05,True,False,4950.09,2026-01-16 14:30:00+00:00,94423.18896012512,FULL_TP2,475.0,88.73,5038.82,2026-01-16 06:35:00+00:00,2026-01
22,BTCUSD,SELL,2026-01-16 18:20:00+00:00,94875.5,95378.12568066019,94171.82404707573,93870.24863867962,95378.12568066019,502.6256806601903,703.6759529242664,1005.2513613203806,0.1,0.05,0.05,False,False,5038.82,2026-01-16 19:55:00+00:00,95378.12568066019,SL,95.0,-50.5,4988.32,2026-01-16 18:20:00+00:00,2026-01
23,BTCUSD,SELL,2026-01-17 12:00:00+00:00,95170.0,95473.64489242085,94744.8971506108,94562.71021515828,95473.64489242085,303.64489242085716,425.1028493892,607.2897848417143,0.16,0.08,0.08,False,False,4988.32,2026-01-17 13:35:00+00:00,95473.64489242085,SL,95.0,-50.8,4937.52,2026-01-17 12:00:00+00:00,2026-01
24,BTCUSD,BUY,2026-01-17 16:40:00+00:00,95403.38,95107.37701966806,95817.78417246473,95995.3859606639,95107.37701966806,296.00298033194827,414.40417246472754,592.0059606638965,0.17,0.09,0.08,False,False,4937.52,2026-01-17 21:05:00+00:00,95258.0,EOD_EXIT,265.0,-25.56,4911.96,2026-01-17 16:40:00+00:00,2026-01
25,BTCUSD,SELL,2026-01-18 06:10:00+00:00,95036.0,95255.3654198325,94728.8884122345,94597.269160335,95255.3654198325,219.36541983249862,307.11158776549803,438.73083966499723,0.23,0.12,0.11,False,False,4911.96,2026-01-18 09:00:00+00:00,95255.3654198325,SL,170.0,-51.15,4860.81,2026-01-18 06:10:00+00:00,2026-01
26,BTCUSD,SELL,2026-01-18 11:10:00+00:00,95071.0,95276.3300992999,94783.53786098014,94660.3398014002,95276.3300992999,205.33009929989777,287.46213901985686,410.66019859979554,0.24,0.12,0.12,False,False,4860.81,2026-01-18 13:15:00+00:00,95276.3300992999,SL,125.0,-51.2,4809.61,2026-01-18 11:10:00+00:00,2026-01
27,BTCUSD,BUY,2026-01-18 19:20:00+00:00,95396.0,95170.5190805204,95711.67328727143,95846.96183895918,95170.5190805204,225.48091947959102,315.6732872714274,450.96183895918205,0.22,0.11,0.11,False,False,4809.61,2026-01-18 21:05:00+00:00,95429.32,EOD_EXIT,105.0,6.23,4815.84,2026-01-18 19:20:00+00:00,2026-01
28,BTCUSD,SELL,2026-01-20 11:15:00+00:00,91019.0,91450.59082942782,90414.77283880106,90155.81834114436,91019.0,431.59082942781663,604.2271611989432,863.1816588556333,0.12,0.06,0.06,True,False,4815.84,2026-01-20 14:00:00+00:00,90155.81834114436,FULL_TP2,165.0,87.44,4903.28,2026-01-20 11:15:00+00:00,2026-01
29,BTCUSD,SELL,2026-01-20 15:30:00+00:00,90294.0,90808.1162387882,89574.2372656965,89265.76752242359,90294.0,514.11623878821,719.762734303494,1028.23247757642,0.1,0.05,0.05,True,False,4903.28,2026-01-20 17:50:00+00:00,89265.76752242359,FULL_TP2,140.0,86.9,4990.18,2026-01-20 15:30:00+00:00,2026-01
30,BTCUSD,SELL,2026-01-20 19:50:00+00:00,89398.0,89980.3719904735,88582.67921333709,88233.25601905299,89980.3719904735,582.371990473502,815.3207866629028,1164.743980947004,0.09,0.04,0.05,False,False,4990.18,2026-01-20 21:05:00+00:00,89427.5,EOD_EXIT,75.0,-3.11,4987.08,2026-01-20 19:50:00+00:00,2026-01
31,BTCUSD,SELL,2026-01-21 08:55:00+00:00,88996.0,89581.05035646021,88176.92950095571,87825.89928707958,88996.0,585.0503564602092,819.0704990442928,1170.1007129204183,0.09,0.04,0.05,True,False,4987.08,2026-01-21 13:05:00+00:00,88996.0,TP1_THEN_BE,250.0,32.31,5019.39,2026-01-21 08:55:00+00:00,2026-01
32,BTCUSD,SELL,2026-01-23 11:30:00+00:00,89035.0,89488.47846971339,88400.13014240126,88128.04306057323,89488.47846971339,453.47846971338805,634.8698575987432,906.9569394267761,0.11,0.06,0.05,False,False,5019.39,2026-01-23 13:20:00+00:00,89488.47846971339,SL,110.0,-50.55,4968.84,2026-01-23 11:30:00+00:00,2026-01
33,BTCUSD,SELL,2026-01-24 18:05:00+00:00,89176.7,89466.47996587251,88771.0080477785,88597.14006825499,89466.47996587251,289.77996587250556,405.69195222150773,579.5599317450111,0.17,0.09,0.08,False,False,4968.84,2026-01-24 21:05:00+00:00,89265.52,EOD_EXIT,180.0,-15.95,4952.89,2026-01-24 18:05:00+00:00,2026-01
34,BTCUSD,SELL,2026-01-25 11:00:00+00:00,88323.5,88595.78691653768,87942.29831684726,87778.92616692465,88595.78691653768,272.2869165376781,381.20168315274935,544.5738330753562,0.18,0.09,0.09,False,False,4952.89,2026-01-25 11:20:00+00:00,88595.78691653768,SL,20.0,-50.9,4901.99,2026-01-25 11:00:00+00:00,2026-01
35,BTCUSD,SELL,2026-01-25 20:35:00+00:00,86307.0,86781.0905186804,85643.27327384744,85358.81896263921,86781.0905186804,474.09051868039523,663.7267261525533,948.1810373607905,0.11,0.06,0.05,False,False,4901.99,2026-01-25 21:05:00+00:00,86324.5,EOD_EXIT,30.0,-2.48,4899.52,2026-01-25 20:35:00+00:00,2026-01
36,BTCUSD,BUY,2026-01-26 11:00:00+00:00,87864.0,87379.72789466786,88541.98094746501,88832.5442106643,87379.72789466786,484.27210533215055,677.9809474650107,968.5442106643011,0.1,0.05,0.05,False,False,4899.52,2026-01-26 13:30:00+00:00,87379.72789466786,SL,150.0,-50.5,4849.02,2026-01-26 11:00:00+00:00,2026-01
37,BTCUSD,BUY,2026-01-26 20:40:00+00:00,88053.65,87434.60706349243,88920.3101111106,89291.73587301515,87434.60706349243,619.0429365075743,866.6601111106039,1238.0858730151485,0.08,0.04,0.04,False,False,4849.02,2026-01-26 21:05:00+00:00,87947.28,EOD_EXIT,25.0,-8.91,4840.11,2026-01-26 20:40:00+00:00,2026-01
38,BTCUSD,SELL,2026-01-27 12:05:00+00:00,87794.5,88224.25356601606,87192.84500757752,86934.99286796787,88224.25356601606,429.7535660160614,601.654992422486,859.5071320321229,0.12,0.06,0.06,False,False,4840.11,2026-01-27 13:15:00+00:00,88224.25356601606,SL,70.0,-50.6,4789.51,2026-01-27 12:05:00+00:00,2026-01
39,BTCUSD,BUY,2026-01-28 08:35:00+00:00,89215.0,88750.52488915686,89865.2651551804,90143.95022168627,89215.0,464.47511084314056,650.2651551803967,928.9502216862811,0.11,0.06,0.05,True,False,4789.51,2026-01-28 12:10:00+00:00,90143.95022168627,FULL_TP2,215.0,84.91,4874.42,2026-01-28 08:35:00+00:00,2026-01
40,BTCUSD,BUY,2026-01-28 15:35:00+00:00,89593.5,89036.15220594841,90373.78691167221,90708.19558810316,89593.5,557.3477940515832,780.2869116722163,1114.6955881031663,0.09,0.04,0.05,True,False,4874.42,2026-01-28 17:00:00+00:00,89593.5,TP1_THEN_BE,85.0,30.76,4905.18,2026-01-28 15:35:00+00:00,2026-01
41,BTCUSD,BUY,2026-01-28 19:20:00+00:00,89564.0,88924.68226999408,90459.04482200828,90842.63546001184,88924.68226999408,639.317730005916,895.0448220082824,1278.635460011832,0.08,0.04,0.04,False,False,4905.18,2026-01-28 19:45:00+00:00,88924.68226999408,SL,25.0,-50.4,4854.78,2026-01-28 19:20:00+00:00,2026-01
42,BTCUSD,SELL,2026-01-29 07:05:00+00:00,87891.5,88427.71383917198,87140.80062515923,86819.07232165604,87891.5,536.2138391719761,750.6993748407665,1072.4276783439523,0.09,0.04,0.05,True,False,4854.78,2026-01-29 14:00:00+00:00,86819.07232165604,FULL_TP2,415.0,83.2,4937.98,2026-01-29 07:05:00+00:00,2026-01
43,BTCUSD,SELL,2026-01-30 07:30:00+00:00,82344.0,83173.95856105025,81182.05801452964,80684.08287789949,83173.95856105025,829.9585610502569,1161.9419854703597,1659.9171221005138,0.06,0.03,0.03,False,False,4937.98,2026-01-30 13:30:00+00:00,83173.95856105025,SL,360.0,-50.3,4887.68,2026-01-30 07:30:00+00:00,2026-01
44,BTCUSD,SELL,2026-01-30 16:00:00+00:00,82593.5,83431.77555288325,81419.91422596344,80916.94889423349,83431.77555288325,838.2755528832555,1173.5857740365577,1676.551105766511,0.06,0.03,0.03,False,False,4887.68,2026-01-30 17:45:00+00:00,83431.77555288325,SL,105.0,-50.3,4837.38,2026-01-30 16:00:00+00:00,2026-01
45,BTCUSD,SELL,2026-02-01 12:45:00+00:00,78412.0,79209.76669520329,77295.1266267154,76816.46660959344,78412.0,797.7666952032819,1116.8733732845944,1595.5333904065637,0.06,0.03,0.03,True,False,4837.38,2026-02-01 13:50:00+00:00,78412.0,TP1_THEN_BE,65.0,33.21,4870.59,2026-02-01 12:45:00+00:00,2026-02
46,BTCUSD,SELL,2026-02-01 16:30:00+00:00,77306.5,78166.62142288893,76102.3300079555,75586.25715422216,78166.62142288893,860.1214228889246,1204.1699920444944,1720.2428457778492,0.06,0.03,0.03,False,False,4870.59,2026-02-01 17:05:00+00:00,78166.62142288893,SL,35.0,-50.3,4820.29,2026-02-01 16:30:00+00:00,2026-02
47,BTCUSD,SELL,2026-02-01 18:20:00+00:00,77644.5,78469.55887993994,76489.41756808409,75994.38224012012,77644.5,825.0588799399407,1155.082431915917,1650.1177598798813,0.06,0.03,0.03,True,False,4820.29,2026-02-01 21:05:00+00:00,77076.0,EOD_EXIT,165.0,51.41,4871.69,2026-02-01 18:20:00+00:00,2026-02
48,BTCUSD,BUY,2026-02-02 20:35:00+00:00,78432.5,77503.84464216606,79732.61750096752,80289.81071566789,77503.84464216606,928.6553578339414,1300.1175009675178,1857.3107156678827,0.05,0.03,0.02,False,False,4871.69,2026-02-02 21:05:00+00:00,78684.5,EOD_EXIT,30.0,12.35,4884.04,2026-02-02 20:35:00+00:00,2026-02
49,BTCUSD,SELL,2026-02-04 06:25:00+00:00,76343.5,77271.8696014704,75043.78255794143,74486.7607970592,76343.5,928.3696014704,1299.71744205856,1856.7392029408,0.05,0.03,0.02,True,False,4884.04,2026-02-04 13:55:00+00:00,74486.7607970592,FULL_TP2,450.0,75.88,4959.92,2026-02-04 06:25:00+00:00,2026-02
50,BTCUSD,SELL,2026-02-04 20:00:00+00:00,73286.27,74305.63959559798,71859.15256616283,71247.53080880403,73286.27,1019.3695955979831,1427.1174338371763,2038.7391911959662,0.05,0.03,0.02,True,False,4959.92,2026-02-04 21:10:00+00:00,72148.0,EOD_EXIT,70.0,65.33,5025.25,2026-02-04 20:00:00+00:00,2026-02
51,BTCUSD,SELL,2026-02-05 07:00:00+00:00,70666.5,71695.26546136195,69226.22835409327,68608.9690772761,71695.26546136195,1028.7654613619543,1440.271645906736,2057.5309227239086,0.05,0.03,0.02,False,False,5025.25,2026-02-05 08:10:00+00:00,71695.26546136195,SL,70.0,-50.25,4975.0,2026-02-05 07:00:00+00:00,2026-02
52,BTCUSD,SELL,2026-02-05 14:00:00+00:00,68840.0,69906.26833337182,67347.22433327946,66707.46333325637,68840.0,1066.2683333718185,1492.7756667205458,2132.536666743637,0.05,0.03,0.02,True,False,4975.0,2026-02-05 14:25:00+00:00,66707.46333325637,FULL_TP2,25.0,87.18,5062.18,2026-02-05 14:00:00+00:00,2026-02
53,BTCUSD,BUY,2026-02-06 18:25:00+00:00,70185.0,68673.23354405929,72301.473038317,73208.53291188143,68673.23354405929,1511.766455940714,2116.4730383169995,3023.532911881428,0.03,0.01,0.02,False,False,5062.18,2026-02-06 23:00:00+00:00,70220.43,EOD_EXIT,275.0,0.91,5063.1,2026-02-06 18:25:00+00:00,2026-02
54,BTCUSD,BUY,2026-02-07 16:40:00+00:00,69247.0,68103.58139762704,70847.78604332215,71533.83720474591,68103.58139762704,1143.4186023729594,1600.786043322143,2286.837204745919,0.04,0.02,0.02,False,False,5063.1,2026-02-07 21:05:00+00:00,69599.5,EOD_EXIT,265.0,13.9,5077.0,2026-02-07 16:40:00+00:00,2026-02
55,BTCUSD,SELL,2026-02-09 12:50:00+00:00,68740.5,69478.05401624058,67707.92437726317,67265.39196751882,69478.05401624058,737.5540162405865,1032.575622736821,1475.108032481173,0.07,0.04,0.03,False,False,5077.0,2026-02-09 13:40:00+00:00,69478.05401624058,SL,50.0,-50.35,5026.65,2026-02-09 12:50:00+00:00,2026-02
56,BTCUSD,SELL,2026-02-10 17:25:00+00:00,68862.5,69636.59297315303,67778.76983758574,67314.31405369392,69636.59297315303,774.092973153038,1083.730162414253,1548.185946306076,0.06,0.03,0.03,False,False,5026.65,2026-02-10 21:05:00+00:00,68557.23,EOD_EXIT,220.0,18.02,5044.66,2026-02-10 17:25:00+00:00,2026-02
57,BTCUSD,SELL,2026-02-11 12:15:00+00:00,66797.0,67427.10745860706,65914.84955795012,65536.7850827859,67427.10745860706,630.107458607057,882.1504420498798,1260.214917214114,0.08,0.04,0.04,False,False,5044.66,2026-02-11 12:30:00+00:00,67427.10745860706,SL,15.0,-50.4,4994.26,2026-02-11 12:15:00+00:00,2026-02
58,BTCUSD,SELL,2026-02-11 15:25:00+00:00,66551.0,67346.07107381914,65437.90049665321,64960.85785236173,67346.07107381914,795.0710738191343,1113.099503346788,1590.1421476382686,0.06,0.03,0.03,False,False,4994.26,2026-02-11 18:05:00+00:00,67346.07107381914,SL,160.0,-50.3,4943.96,2026-02-11 15:25:00+00:00,2026-02
59,BTCUSD,SELL,2026-02-12 06:05:00+00:00,66948.3,67645.42814870988,65972.32059180619,65554.04370258025,67645.42814870988,697.1281487098723,975.9794081938212,1394.2562974197447,0.07,0.04,0.03,False,False,4943.96,2026-02-12 08:55:00+00:00,67645.42814870988,SL,170.0,-50.35,4893.61,2026-02-12 06:05:00+00:00,2026-02
60,BTCUSD,BUY,2026-02-12 12:35:00+00:00,67908.09,67269.6627527186,68801.88814619395,69184.94449456278,67269.6627527186,638.4272472813935,893.7981461939509,1276.854494562787,0.08,0.04,0.04,False,False,4893.61,2026-02-12 14:00:00+00:00,67269.6627527186,SL,85.0,-50.4,4843.21,2026-02-12 12:35:00+00:00,2026-02
61,BTCUSD,SELL,2026-02-12 19:20:00+00:00,65549.5,66325.84130973685,64462.62216636842,63996.817380526314,66325.84130973685,776.3413097368415,1086.877833631578,1552.682619473683,0.06,0.03,0.03,False,False,4843.21,2026-02-12 21:05:00+00:00,65753.0,EOD_EXIT,105.0,-12.51,4830.7,2026-02-12 19:20:00+00:00,2026-02
62,BTCUSD,SELL,2026-02-13 06:40:00+00:00,66066.0,66682.18760814765,65203.3373485933,64833.624783704705,66682.18760814765,616.1876081476463,862.6626514067048,1232.3752162952926,0.08,0.04,0.04,False,False,4830.7,2026-02-13 07:45:00+00:00,66682.18760814765,SL,65.0,-50.4,4780.3,2026-02-13 06:40:00+00:00,2026-02
63,BTCUSD,BUY,2026-02-14 16:10:00+00:00,69832.5,69316.0348555979,70555.55120216294,70865.4302888042,69316.0348555979,516.4651444021036,723.0512021629451,1032.9302888042073,0.1,0.05,0.05,False,False,4780.3,2026-02-14 21:05:00+00:00,69846.0,EOD_EXIT,295.0,0.85,4781.15,2026-02-14 16:10:00+00:00,2026-02
64,BTCUSD,BUY,2026-02-15 08:25:00+00:00,70596.0,70104.76913485475,71283.72321120335,71578.4617302905,70104.76913485475,491.2308651452513,687.7232112033518,982.4617302905026,0.1,0.05,0.05,False,False,4781.15,2026-02-15 11:10:00+00:00,70104.76913485475,SL,165.0,-50.5,4730.65,2026-02-15 08:25:00+00:00,2026-02
65,BTCUSD,SELL,2026-02-16 17:55:00+00:00,67819.0,68437.02658132672,66953.7627861426,66582.94683734656,68437.02658132672,618.0265813267175,865.2372138574045,1236.053162653435,0.08,0.04,0.04,False,False,4730.65,2026-02-16 19:50:00+00:00,68437.02658132672,SL,115.0,-50.4,4680.25,2026-02-16 17:55:00+00:00,2026-02
66,BTCUSD,SELL,2026-02-17 16:15:00+00:00,67311.03,67923.62696296304,66453.39425185173,66085.8360740739,67923.62696296304,612.5969629630468,857.6357481482655,1225.1939259260937,0.08,0.04,0.04,False,False,4680.25,2026-02-17 17:40:00+00:00,67923.62696296304,SL,85.0,-50.4,4629.85,2026-02-17 16:15:00+00:00,2026-02
67,BTCUSD,SELL,2026-02-17 19:05:00+00:00,67516.0,68169.2195982616,66601.49256243376,66209.56080347681,68169.2195982616,653.2195982615945,914.5074375662322,1306.439196523189,0.08,0.04,0.04,False,False,4629.85,2026-02-17 21:05:00+00:00,67518.5,EOD_EXIT,120.0,-0.6,4629.25,2026-02-17 19:05:00+00:00,2026-02
68,BTCUSD,SELL,2026-02-18 15:10:00+00:00,67036.0,67591.67248822986,66258.0585164782,65924.65502354028,67036.0,555.6724882298612,777.9414835218056,1111.3449764597224,0.09,0.04,0.05,True,False,4629.25,2026-02-18 18:35:00+00:00,65924.65502354028,FULL_TP2,205.0,86.23,4715.49,2026-02-18 15:10:00+00:00,2026-02
69,BTCUSD,SELL,2026-02-19 08:45:00+00:00,66746.0,67188.07818313914,66127.09054360521,65861.84363372173,66746.0,442.07818313913873,618.9094563947942,884.1563662782775,0.11,0.06,0.05,True,False,4715.49,2026-02-19 12:45:00+00:00,65861.84363372173,FULL_TP2,240.0,80.79,4796.28,2026-02-19 08:45:00+00:00,2026-02
70,BTCUSD,SELL,2026-02-19 15:25:00+00:00,66141.5,66659.79281511414,65415.89005884021,65104.91436977172,66659.79281511414,518.292815114138,725.6099411597932,1036.585630228276,0.1,0.05,0.05,False,False,4796.28,2026-02-19 16:10:00+00:00,66659.79281511414,SL,45.0,-50.5,4745.78,2026-02-19 15:25:00+00:00,2026-02
71,BTCUSD,SELL,2026-02-19 17:00:00+00:00,66237.37,66792.22967221576,65460.56645889793,65127.650655568475,66792.22967221576,554.8596722157607,776.803541102065,1109.7193444315214,0.09,0.04,0.05,False,False,4745.78,2026-02-19 17:20:00+00:00,66792.22967221576,SL,20.0,-50.45,4695.33,2026-02-19 17:00:00+00:00,2026-02
72,BTCUSD,BUY,2026-02-20 07:55:00+00:00,67858.0,67425.42471476592,68463.60539932772,68723.15057046818,67425.42471476592,432.5752852340868,605.6053993277214,865.1505704681736,0.12,0.06,0.06,False,False,4695.33,2026-02-20 10:40:00+00:00,67425.42471476592,SL,165.0,-50.6,4644.73,2026-02-20 07:55:00+00:00,2026-02
73,BTCUSD,BUY,2026-02-20 16:55:00+00:00,67597.0,67023.19159709901,68400.33176406138,68744.61680580198,67023.19159709901,573.8084029009906,803.3317640613868,1147.6168058019812,0.09,0.04,0.05,False,False,4644.73,2026-02-20 23:00:00+00:00,67981.81,EOD_EXIT,365.0,34.18,4678.91,2026-02-20 16:55:00+00:00,2026-02
74,BTCUSD,SELL,2026-02-22 18:10:00+00:00,67379.44,67667.67958946172,66975.90457475359,66802.96082107656,67667.67958946172,288.2395894617225,403.5354252464115,576.479178923445,0.17,0.09,0.08,False,False,4678.91,2026-02-22 21:05:00+00:00,67468.5,EOD_EXIT,175.0,-15.99,4662.92,2026-02-22 18:10:00+00:00,2026-02
75,BTCUSD,SELL,2026-02-24 06:45:00+00:00,63015.0,63642.25314751559,62136.845593478174,61760.493704968816,63642.25314751559,627.2531475155905,878.1544065218267,1254.506295031181,0.08,0.04,0.04,False,False,4662.92,2026-02-24 13:45:00+00:00,63642.25314751559,SL,420.0,-50.4,4612.52,2026-02-24 06:45:00+00:00,2026-02
76,BTCUSD,BUY,2026-02-25 19:35:00+00:00,69110.5,68419.92723578034,70077.30186990752,70491.64552843932,68419.92723578034,690.572764219656,966.8018699075184,1381.145528439312,0.07,0.04,0.03,False,False,4612.52,2026-02-25 21:05:00+00:00,69045.0,EOD_EXIT,90.0,-4.93,4607.59,2026-02-25 19:35:00+00:00,2026-02
77,BTCUSD,BUY,2026-02-26 08:10:00+00:00,68324.0,67664.33733983987,69247.52772422419,69643.32532032026,67664.33733983987,659.6626601601317,923.5277242241843,1319.3253203202635,0.08,0.04,0.04,False,False,4607.59,2026-02-26 13:05:00+00:00,67664.33733983987,SL,295.0,-50.4,4557.19,2026-02-26 08:10:00+00:00,2026-02
78,BTCUSD,SELL,2026-02-26 19:50:00+00:00,67328.0,68003.94184251639,66381.68142047705,65976.1163149672,68003.94184251639,675.9418425163949,946.3185795229527,1351.8836850327898,0.07,0.04,0.03,False,False,4557.19,2026-02-26 21:05:00+00:00,67453.0,EOD_EXIT,75.0,-9.1,4548.09,2026-02-26 19:50:00+00:00,2026-02
79,BTCUSD,SELL,2026-02-27 15:05:00+00:00,65922.0,66506.36873938145,65103.88376486597,64753.26252123709,65922.0,584.3687393814525,818.1162351340336,1168.737478762905,0.09,0.04,0.05,True,False,4548.09,2026-02-27 23:00:00+00:00,65922.0,TP1_THEN_BE,475.0,32.27,4580.36,2026-02-27 15:05:00+00:00,2026-02
80,BTCUSD,SELL,2026-02-28 11:10:00+00:00,63925.5,64556.538136057454,63042.046609519566,62663.42372788509,64556.538136057454,631.0381360574527,883.4533904804337,1262.0762721149054,0.08,0.04,0.04,False,False,4580.36,2026-02-28 12:45:00+00:00,64556.538136057454,SL,95.0,-50.4,4529.96,2026-02-28 11:10:00+00:00,2026-02
81,BTCUSD,SELL,2026-02-28 14:10:00+00:00,64230.0,64917.33075616553,63267.73694136825,62855.33848766894,64917.33075616553,687.3307561655326,962.2630586317456,1374.6615123310653,0.07,0.04,0.03,False,False,4529.96,2026-02-28 14:35:00+00:00,64917.33075616553,SL,25.0,-50.35,4479.61,2026-02-28 14:10:00+00:00,2026-02
82,BTCUSD,BUY,2026-03-01 12:50:00+00:00,67156.59,66513.36996516488,68057.09804876916,68443.03006967022,66513.36996516488,643.2200348351117,900.5080487691564,1286.4400696702235,0.08,0.04,0.04,False,False,4479.61,2026-03-01 15:45:00+00:00,66513.36996516488,SL,175.0,-50.4,4429.21,2026-03-01 12:50:00+00:00,2026-03
83,BTCUSD,BUY,2026-03-02 19:30:00+00:00,69131.5,68274.79668401128,70330.88464238422,70844.90663197746,68274.79668401128,856.7033159887259,1199.3846423842162,1713.4066319774518,0.06,0.03,0.03,False,False,4429.21,2026-03-02 21:05:00+00:00,69479.0,EOD_EXIT,95.0,20.55,4449.76,2026-03-02 19:30:00+00:00,2026-03
84,BTCUSD,SELL,2026-03-03 12:15:00+00:00,67089.5,67802.40841657347,66091.42821679715,65663.68316685308,67802.40841657347,712.9084165734627,998.0717832028477,1425.8168331469253,0.07,0.04,0.03,False,False,4449.76,2026-03-03 14:40:00+00:00,67802.40841657347,SL,145.0,-50.35,4399.41,2026-03-03 12:15:00+00:00,2026-03
85,BTCUSD,BUY,2026-03-04 11:55:00+00:00,71333.0,70475.98561223349,72532.82014287311,73047.028775533,71333.0,857.0143877665045,1199.820142873106,1714.028775533009,0.06,0.03,0.03,True,False,4399.41,2026-03-04 14:30:00+00:00,73047.028775533,FULL_TP2,155.0,87.12,4486.53,2026-03-04 11:55:00+00:00,2026-03
86,BTCUSD,SELL,2026-03-05 18:50:00+00:00,70926.0,71722.90737455022,69810.32967562968,69332.18525089955,71722.90737455022,796.9073745502275,1115.6703243703184,1593.814749100455,0.06,0.03,0.03,False,False,4486.53,2026-03-05 21:05:00+00:00,71123.0,EOD_EXIT,135.0,-12.12,4474.41,2026-03-05 18:50:00+00:00,2026-03
87,BTCUSD,SELL,2026-03-06 08:05:00+00:00,70675.0,71312.21511961,69782.898832546,69400.56976077998,70675.0,637.2151196100064,892.1011674540089,1274.4302392200127,0.08,0.04,0.04,True,False,4474.41,2026-03-06 12:55:00+00:00,69400.56976077998,FULL_TP2,290.0,86.26,4560.67,2026-03-06 08:05:00+00:00,2026-03
88,BTCUSD,SELL,2026-03-06 18:25:00+00:00,68214.0,68900.1953355977,67253.32653016322,66841.6093288046,68900.1953355977,686.1953355977048,960.6734698367867,1372.3906711954096,0.07,0.04,0.03,False,False,4560.67,2026-03-06 23:00:00+00:00,68121.0,EOD_EXIT,275.0,6.16,4566.83,2026-03-06 18:25:00+00:00,2026-03
89,BTCUSD,SELL,2026-03-07 11:35:00+00:00,67995.0,68463.3842648881,67339.26202915667,67058.23147022382,67995.0,468.3842648880925,655.7379708433294,936.768529776185,0.11,0.06,0.05,True,False,4566.83,2026-03-07 18:50:00+00:00,67058.23147022382,FULL_TP2,435.0,85.63,4652.46,2026-03-07 11:35:00+00:00,2026-03
90,BTCUSD,SELL,2026-03-08 14:25:00+00:00,67151.0,67596.67488449575,66527.05516170595,66259.65023100849,67596.67488449575,445.67488449575194,623.9448382940527,891.3497689915039,0.11,0.06,0.05,False,False,4652.46,2026-03-08 21:05:00+00:00,66259.65023100849,FULL_TP2,400.0,81.45,4733.92,2026-03-08 14:25:00+00:00,2026-03
91,BTCUSD,BUY,2026-03-09 06:50:00+00:00,67488.22,66839.6429409311,68396.22788269646,68785.3741181378,67488.22,648.5770590689009,908.0078826964611,1297.1541181378018,0.08,0.04,0.04,True,False,4733.92,2026-03-09 10:15:00+00:00,67488.22,TP1_THEN_BE,205.0,35.92,4769.84,2026-03-09 06:50:00+00:00,2026-03
92,BTCUSD,BUY,2026-03-09 11:05:00+00:00,67834.5,67187.11892417804,68740.83350615074,69129.26215164392,67834.5,647.38107582196,906.333506150744,1294.76215164392,0.08,0.04,0.04,True,False,4769.84,2026-03-09 12:40:00+00:00,69129.26215164392,FULL_TP2,95.0,87.64,4857.48,2026-03-09 11:05:00+00:00,2026-03
93,BTCUSD,BUY,2026-03-09 15:45:00+00:00,69033.5,68351.45464711185,69988.3634940434,70397.5907057763,68351.45464711185,682.0453528881457,954.8634940434039,1364.0907057762913,0.07,0.04,0.03,False,False,4857.48,2026-03-09 16:40:00+00:00,68351.45464711185,SL,55.0,-50.35,4807.13,2026-03-09 15:45:00+00:00,2026-03
94,BTCUSD,BUY,2026-03-09 18:20:00+00:00,69039.15,68363.04482496528,69985.69724504859,70391.36035006943,68363.04482496528,676.1051750347145,946.5472450486003,1352.210350069429,0.07,0.04,0.03,False,False,4807.13,2026-03-09 21:05:00+00:00,68764.0,EOD_EXIT,165.0,-19.61,4787.52,2026-03-09 18:20:00+00:00,2026-03
95,BTCUSD,BUY,2026-03-10 06:05:00+00:00,70149.0,69458.55194619653,71115.62727532485,71529.89610760692,70149.0,690.4480538034632,966.6272753248484,1380.8961076069263,0.07,0.04,0.03,True,False,4787.52,2026-03-10 12:35:00+00:00,70149.0,TP1_THEN_BE,390.0,38.32,4825.83,2026-03-10 06:05:00+00:00,2026-03
96,BTCUSD,SELL,2026-03-11 06:30:00+00:00,69664.0,70314.3413753963,68753.5220744452,68363.31724920742,70314.3413753963,650.341375396289,910.4779255548045,1300.682750792578,0.08,0.04,0.04,False,False,4825.83,2026-03-11 12:20:00+00:00,70314.3413753963,SL,350.0,-50.4,4775.43,2026-03-11 06:30:00+00:00,2026-03
97,BTCUSD,BUY,2026-03-11 15:10:00+00:00,70473.5,69746.22143083374,71491.68999683276,71928.05713833252,69746.22143083374,727.2785691662604,1018.1899968327645,1454.5571383325207,0.07,0.04,0.03,False,False,4775.43,2026-03-11 21:05:00+00:00,70702.9,EOD_EXIT,355.0,15.71,4791.14,2026-03-11 15:10:00+00:00,2026-03
98,BTCUSD,BUY,2026-03-12 18:30:00+00:00,70353.0,69723.91257897655,71233.72238943283,71611.1748420469,69723.91257897655,629.0874210234488,880.7223894328282,1258.1748420468975,0.08,0.04,0.04,False,False,4791.14,2026-03-12 21:05:00+00:00,70223.0,EOD_EXIT,155.0,-10.8,4780.34,2026-03-12 18:30:00+00:00,2026-03
99,BTCUSD,BUY,2026-03-13 06:15:00+00:00,71491.0,70901.71412991371,72316.0002181208,72669.57174017256,71491.0,589.2858700862794,825.000218120791,1178.5717401725587,0.08,0.04,0.04,True,False,4780.34,2026-03-13 11:45:00+00:00,72669.57174017256,FULL_TP2,330.0,79.74,4860.09,2026-03-13 06:15:00+00:00,2026-03
100,BTCUSD,SELL,2026-03-14 08:35:00+00:00,70630.0,71151.68382092318,69899.64265070757,69586.63235815366,71151.68382092318,521.6838209231719,730.3573492924406,1043.3676418463438,0.1,0.05,0.05,False,False,4860.09,2026-03-14 21:05:00+00:00,70747.21,EOD_EXIT,750.0,-12.22,4847.86,2026-03-14 08:35:00+00:00,2026-03
101,BTCUSD,BUY,2026-03-15 06:15:00+00:00,71635.0,71297.81603611406,72107.05754944032,72309.36792777188,71297.81603611406,337.18396388594095,472.0575494403173,674.3679277718819,0.15,0.07,0.08,False,False,4847.86,2026-03-15 12:10:00+00:00,71297.81603611406,SL,355.0,-50.75,4797.11,2026-03-15 06:15:00+00:00,2026-03
102,BTCUSD,BUY,2026-03-15 14:00:00+00:00,71574.0,71261.72723890698,72011.18186553022,72198.54552218603,71261.72723890698,312.2727610930152,437.1818655302213,624.5455221860304,0.16,0.08,0.08,False,False,4797.11,2026-03-15 20:35:00+00:00,72198.54552218603,FULL_TP2,395.0,84.14,4881.25,2026-03-15 14:00:00+00:00,2026-03
103,BTCUSD,BUY,2026-03-16 06:05:00+00:00,73870.0,73267.95747226726,74712.85953882584,75074.08505546549,73267.95747226726,602.0425277327438,842.8595388258412,1204.0850554654876,0.08,0.04,0.04,False,False,4881.25,2026-03-16 07:30:00+00:00,73267.95747226726,SL,85.0,-50.4,4830.85,2026-03-16 06:05:00+00:00,2026-03
104,BTCUSD,BUY,2026-03-16 15:50:00+00:00,73826.0,73157.94967579425,74761.27045388804,75162.10064841149,73826.0,668.0503242057429,935.2704538880399,1336.1006484114857,0.07,0.04,0.03,True,False,4830.85,2026-03-16 21:05:00+00:00,74881.09,EOD_EXIT,315.0,68.71,4899.57,2026-03-16 15:50:00+00:00,2026-03
105,BTCUSD,SELL,2026-03-17 14:45:00+00:00,73795.0,74439.78199496293,72892.30520705189,72505.43601007412,74439.78199496293,644.7819949629379,902.694792948113,1289.5639899258758,0.08,0.04,0.04,False,False,4899.57,2026-03-17 16:20:00+00:00,74439.78199496293,SL,95.0,-50.4,4849.17,2026-03-17 14:45:00+00:00,2026-03
106,BTCUSD,BUY,2026-03-17 20:10:00+00:00,74731.0,74120.87306617232,75585.17770735874,75951.25386765534,74120.87306617232,610.1269338276712,854.1777073587397,1220.2538676553424,0.08,0.04,0.04,False,False,4849.17,2026-03-17 21:05:00+00:00,74666.1,EOD_EXIT,55.0,-5.59,4843.57,2026-03-17 20:10:00+00:00,2026-03
107,BTCUSD,SELL,2026-03-18 17:50:00+00:00,71085.0,71682.25357568372,70248.8449940428,69890.49284863258,71682.25357568372,597.253575683713,836.1550059571982,1194.507151367426,0.08,0.04,0.04,False,False,4843.57,2026-03-18 21:05:00+00:00,71006.5,EOD_EXIT,195.0,5.88,4849.45,2026-03-18 17:50:00+00:00,2026-03
108,BTCUSD,SELL,2026-03-19 14:20:00+00:00,69231.0,69851.9382728903,68361.68641795358,67989.1234542194,69851.9382728903,620.9382728903029,869.313582046424,1241.8765457806057,0.08,0.04,0.04,False,False,4849.45,2026-03-19 16:50:00+00:00,69851.9382728903,SL,150.0,-50.4,4799.05,2026-03-19 14:20:00+00:00,2026-03
109,BTCUSD,BUY,2026-03-20 06:35:00+00:00,70731.0,70200.03148161594,71474.35592573769,71792.93703676814,70200.03148161594,530.9685183840683,743.3559257376955,1061.9370367681365,0.09,0.04,0.05,False,False,4799.05,2026-03-20 09:20:00+00:00,70200.03148161594,SL,165.0,-50.45,4748.6,2026-03-20 06:35:00+00:00,2026-03
110,BTCUSD,BUY,2026-03-20 10:05:00+00:00,70722.5,70171.96242467807,71493.2526054507,71823.57515064387,70171.96242467807,550.5375753219331,770.7526054507063,1101.0751506438662,0.09,0.04,0.05,False,False,4748.6,2026-03-20 12:30:00+00:00,70171.96242467807,SL,145.0,-50.45,4698.15,2026-03-20 10:05:00+00:00,2026-03
111,BTCUSD,SELL,2026-03-20 15:35:00+00:00,69726.0,70298.21714308772,68924.8959996772,68581.56571382457,70298.21714308772,572.2171430877139,801.1040003227994,1144.4342861754278,0.09,0.04,0.05,False,False,4698.15,2026-03-20 20:15:00+00:00,70298.21714308772,SL,280.0,-50.45,4647.7,2026-03-20 15:35:00+00:00,2026-03
112,BTCUSD,SELL,2026-03-22 15:20:00+00:00,68727.22,69126.70546060012,68167.94035515985,67928.24907879978,68727.22,399.4854606001116,559.2796448401562,798.9709212002232,0.13,0.07,0.06,True,False,4647.7,2026-03-22 20:05:00+00:00,67928.24907879978,FULL_TP2,285.0,86.44,4734.14,2026-03-22 15:20:00+00:00,2026-03
113,BTCUSD,BUY,2026-03-23 16:30:00+00:00,70880.2,70060.11014889751,72028.32579154348,72520.37970220497,70060.11014889751,820.0898511024895,1148.1257915434853,1640.179702204979,0.06,0.03,0.03,False,False,4734.14,2026-03-23 21:05:00+00:00,70667.36,EOD_EXIT,275.0,-13.07,4721.07,2026-03-23 16:30:00+00:00,2026-03
114,BTCUSD,BUY,2026-03-24 10:35:00+00:00,71203.0,70631.70173492488,72002.81757110517,72345.59653015024,70631.70173492488,571.2982650751205,799.8175711051687,1142.596530150241,0.09,0.04,0.05,False,False,4721.07,2026-03-24 12:05:00+00:00,70631.70173492488,SL,90.0,-50.45,4670.62,2026-03-24 10:35:00+00:00,2026-03
115,BTCUSD,SELL,2026-03-24 18:45:00+00:00,69268.5,69876.83234410052,68416.83471825927,68051.83531179896,69876.83234410052,608.3323441005227,851.6652817407318,1216.6646882010455,0.08,0.04,0.04,False,False,4670.62,2026-03-24 19:20:00+00:00,69876.83234410052,SL,35.0,-50.4,4620.22,2026-03-24 18:45:00+00:00,2026-03
116,BTCUSD,BUY,2026-03-25 06:30:00+00:00,71154.5,70638.94205212506,71876.28112702492,72185.6158957499,71154.5,515.5579478749491,721.7811270249288,1031.1158957498983,0.1,0.05,0.05,True,False,4620.22,2026-03-25 11:20:00+00:00,71154.5,TP1_THEN_BE,290.0,35.59,4655.81,2026-03-25 06:30:00+00:00,2026-03
117,BTCUSD,BUY,2026-03-25 12:05:00+00:00,71653.27,71124.45134885413,72393.61611160423,72710.90730229176,71124.45134885413,528.818651145879,740.3461116042306,1057.637302291758,0.09,0.04,0.05,False,False,4655.81,2026-03-25 14:05:00+00:00,71124.45134885413,SL,120.0,-50.45,4605.36,2026-03-25 12:05:00+00:00,2026-03
118,BTCUSD,BUY,2026-03-25 15:30:00+00:00,71393.0,70852.72473157161,72149.38537579974,72473.55053685678,70852.72473157161,540.2752684283878,756.3853757997429,1080.5505368567756,0.09,0.04,0.05,False,False,4605.36,2026-03-25 16:35:00+00:00,70852.72473157161,SL,65.0,-50.45,4554.91,2026-03-25 15:30:00+00:00,2026-03
119,BTCUSD,SELL,2026-03-26 12:30:00+00:00,69210.5,69669.00539062859,68568.59245311999,68293.48921874283,69669.00539062859,458.50539062858473,641.9075468800186,917.0107812571695,0.11,0.06,0.05,False,False,4554.91,2026-03-26 12:45:00+00:00,69669.00539062859,SL,15.0,-50.55,4504.36,2026-03-26 12:30:00+00:00,2026-03
120,BTCUSD,SELL,2026-03-26 19:00:00+00:00,68409.0,68904.99102431563,67714.61256595812,67417.01795136875,68904.99102431563,495.9910243156267,694.3874340418773,991.9820486312534,0.1,0.05,0.05,False,False,4504.36,2026-03-26 19:10:00+00:00,68904.99102431563,SL,10.0,-50.5,4453.86,2026-03-26 19:00:00+00:00,2026-03
121,BTCUSD,SELL,2026-03-27 06:05:00+00:00,68552.05,69004.29781644426,67918.90305697803,67647.55436711147,69004.29781644426,452.24781644426275,633.1469430219678,904.4956328885255,0.11,0.06,0.05,False,False,4453.86,2026-03-27 07:35:00+00:00,67647.55436711147,FULL_TP2,90.0,82.66,4536.52,2026-03-27 06:05:00+00:00,2026-03
122,BTCUSD,SELL,2026-03-27 15:00:00+00:00,65889.5,66469.53141204335,65077.45602313931,64729.4371759133,66469.53141204335,580.0314120433501,812.0439768606901,1160.0628240867002,0.09,0.04,0.05,False,False,4536.52,2026-03-27 23:00:00+00:00,66405.0,EOD_EXIT,480.0,-46.85,4489.68,2026-03-27 15:00:00+00:00,2026-03
123,BTCUSD,BUY,2026-03-28 17:20:00+00:00,66836.62,66462.51495271904,67360.36706619334,67584.83009456191,66462.51495271904,374.105047280961,523.7470661933454,748.210094561922,0.13,0.07,0.06,False,False,4489.68,2026-03-28 21:05:00+00:00,66552.0,EOD_EXIT,225.0,-37.65,4452.03,2026-03-28 17:20:00+00:00,2026-03
124,BTCUSD,BUY,2026-03-29 06:05:00+00:00,66767.5,66469.87027524131,67184.18161466217,67362.75944951738,66469.87027524131,297.6297247586893,416.681614662165,595.2594495173786,0.17,0.09,0.08,False,False,4452.03,2026-03-29 10:05:00+00:00,66469.87027524131,SL,240.0,-50.85,4401.18,2026-03-29 06:05:00+00:00,2026-03
125,BTCUSD,BUY,2026-03-30 07:50:00+00:00,67407.0,66932.09316710521,68071.8695660527,68356.81366578958,67407.0,474.9068328947872,664.8695660527021,949.8136657895744,0.11,0.06,0.05,True,False,4401.18,2026-03-30 13:55:00+00:00,67407.0,TP1_THEN_BE,365.0,39.34,4440.52,2026-03-30 07:50:00+00:00,2026-03
126,BTCUSD,SELL,2026-03-31 14:55:00+00:00,66513.5,67063.69758537917,65743.22338046918,65413.10482924168,67063.69758537917,550.1975853791597,770.2766195308235,1100.3951707583194,0.09,0.04,0.05,False,False,4440.52,2026-03-31 15:10:00+00:00,67063.69758537917,SL,15.0,-50.45,4390.07,2026-03-31 14:55:00+00:00,2026-03
127,BTCUSD,BUY,2026-04-01 11:20:00+00:00,68544.0,68002.65842090455,69301.87821073362,69626.68315819089,68002.65842090455,541.3415790954426,757.8782107336197,1082.6831581908853,0.09,0.04,0.05,False,False,4390.07,2026-04-01 13:40:00+00:00,68002.65842090455,SL,140.0,-50.45,4339.62,2026-04-01 11:20:00+00:00,2026-04
128,BTCUSD,BUY,2026-04-01 14:45:00+00:00,68529.35,67989.84318175194,69284.6595455473,69608.36363649613,67989.84318175194,539.5068182480641,755.3095455472896,1079.0136364961281,0.09,0.04,0.05,False,False,4339.62,2026-04-01 18:00:00+00:00,67989.84318175194,SL,195.0,-50.45,4289.17,2026-04-01 14:45:00+00:00,2026-04
129,BTCUSD,SELL,2026-04-02 08:35:00+00:00,66534.5,67052.14251547497,65809.80047833503,65499.21496905005,66534.5,517.6425154749734,724.6995216649627,1035.2850309499468,0.1,0.05,0.05,True,False,4289.17,2026-04-02 14:30:00+00:00,66534.5,TP1_THEN_BE,355.0,35.73,4324.91,2026-04-02 08:35:00+00:00,2026-04
130,BTCUSD,BUY,2026-04-03 19:50:00+00:00,66858.0,66507.2563957105,67349.0410460053,67559.48720857898,66507.2563957105,350.74360428949456,491.04104600529234,701.4872085789891,0.14,0.07,0.07,False,False,4324.91,2026-04-03 23:00:00+00:00,66879.99,EOD_EXIT,190.0,2.38,4327.28,2026-04-03 19:50:00+00:00,2026-04
131,BTCUSD,BUY,2026-04-04 10:40:00+00:00,67018.0,66808.91572995938,67310.71797805685,67436.16854008123,66808.91572995938,209.08427004061483,292.7179780568607,418.16854008122965,0.24,0.12,0.12,False,False,4327.28,2026-04-04 15:10:00+00:00,67436.16854008123,FULL_TP2,270.0,84.11,4411.39,2026-04-04 10:40:00+00:00,2026-04
132,BTCUSD,BUY,2026-04-04 19:10:00+00:00,67473.11,67269.6065528184,67758.01482605425,67880.11689436321,67269.6065528184,203.50344718160355,284.90482605424495,407.0068943632071,0.25,0.12,0.13,False,False,4411.39,2026-04-04 19:40:00+00:00,67269.6065528184,SL,30.0,-51.25,4360.14,2026-04-04 19:10:00+00:00,2026-04
133,BTCUSD,SELL,2026-04-05 11:45:00+00:00,66962.0,67157.72378303348,66687.98670375314,66570.55243393304,66962.0,195.72378303347517,274.0132962468652,391.44756606695034,0.26,0.13,0.13,True,False,4360.14,2026-04-05 15:15:00+00:00,66962.0,TP1_THEN_BE,210.0,34.32,4394.46,2026-04-05 11:45:00+00:00,2026-04
134,BTCUSD,BUY,2026-04-05 20:20:00+00:00,67453.0,67196.47945204469,67812.12876713744,67966.04109591062,67196.47945204469,256.5205479553131,359.1287671374383,513.0410959106262,0.19,0.1,0.09,False,False,4394.46,2026-04-05 21:05:00+00:00,67595.0,EOD_EXIT,45.0,26.03,4420.49,2026-04-05 20:20:00+00:00,2026-04
135,BTCUSD,BUY,2026-04-06 07:50:00+00:00,69167.0,68792.93025022991,69690.69764967811,69915.13949954016,69167.0,374.0697497700832,523.6976496781165,748.1394995401664,0.13,0.07,0.06,True,False,4420.49,2026-04-06 09:15:00+00:00,69915.13949954016,FULL_TP2,85.0,80.9,4501.39,2026-04-06 07:50:00+00:00,2026-04
136,BTCUSD,BUY,2026-04-06 14:25:00+00:00,69544.99,69159.01252397451,70085.3584664357,70316.94495205101,69544.99,385.9774760255001,540.3684664357,771.9549520510002,0.13,0.07,0.06,True,False,4501.39,2026-04-06 16:45:00+00:00,70316.94495205101,FULL_TP2,140.0,83.49,4584.88,2026-04-06 14:25:00+00:00,2026-04
137,BTCUSD,BUY,2026-04-06 18:20:00+00:00,69817.0,69383.46653027998,70423.94685760803,70684.06693944005,69383.46653027998,433.5334697200208,606.9468576080291,867.0669394400416,0.12,0.06,0.06,False,False,4584.88,2026-04-06 21:05:00+00:00,69685.0,EOD_EXIT,165.0,-16.44,4568.44,2026-04-06 18:20:00+00:00,2026-04
138,BTCUSD,SELL,2026-04-07 10:25:00+00:00,68735.5,69137.0197598803,68173.37233616758,67932.46048023939,68735.5,401.5197598803041,562.1276638324257,803.0395197606082,0.12,0.06,0.06,True,False,4568.44,2026-04-07 14:05:00+00:00,67932.46048023939,FULL_TP2,220.0,81.31,4649.75,2026-04-07 10:25:00+00:00,2026-04
139,BTCUSD,SELL,2026-04-07 19:40:00+00:00,68483.85,68960.30168237607,67816.81764467352,67530.94663524788,68960.30168237607,476.45168237606487,667.0323553264908,952.9033647521297,0.1,0.05,0.05,False,False,4649.75,2026-04-07 19:50:00+00:00,68960.30168237607,SL,10.0,-50.5,4599.25,2026-04-07 19:40:00+00:00,2026-04
140,BTCUSD,BUY,2026-04-08 08:15:00+00:00,71808.55,71266.23531520732,72567.79055870976,72893.17936958538,71808.55,542.3146847926891,759.2405587097647,1084.6293695853783,0.09,0.04,0.05,True,False,4599.25,2026-04-08 13:35:00+00:00,71808.55,TP1_THEN_BE,320.0,29.92,4629.17,2026-04-08 08:15:00+00:00,2026-04
141,BTCUSD,SELL,2026-04-09 06:25:00+00:00,70863.5,71341.60555631442,70194.1522211598,69907.28888737115,71341.60555631442,478.1055563144249,669.3477788401948,956.2111126288498,0.1,0.05,0.05,False,False,4629.17,2026-04-09 08:40:00+00:00,71341.60555631442,SL,135.0,-50.5,4578.67,2026-04-09 06:25:00+00:00,2026-04
142,BTCUSD,BUY,2026-04-09 19:45:00+00:00,72244.0,71691.50597524794,73017.49163465288,73348.98804950411,71691.50597524794,552.4940247520599,773.4916346528838,1104.9880495041198,0.09,0.04,0.05,False,False,4578.67,2026-04-09 21:05:00+00:00,72273.44,EOD_EXIT,80.0,2.2,4580.87,2026-04-09 19:45:00+00:00,2026-04
143,BTCUSD,BUY,2026-04-10 16:30:00+00:00,72806.5,72278.10986041311,73546.24619542166,73863.28027917379,72278.10986041311,528.3901395868957,739.7461954216539,1056.7802791737913,0.09,0.04,0.05,False,False,4580.87,2026-04-10 23:00:00+00:00,72879.27,EOD_EXIT,390.0,6.1,4586.97,2026-04-10 16:30:00+00:00,2026-04
144,BTCUSD,SELL,2026-04-12 07:00:00+00:00,71625.0,72035.84787809954,71049.81297066066,70803.30424380093,71625.0,410.84787809953644,575.1870293393509,821.6957561990729,0.12,0.06,0.06,True,False,4586.97,2026-04-12 14:40:00+00:00,70803.30424380093,FULL_TP2,460.0,83.21,4670.18,2026-04-12 07:00:00+00:00,2026-04
145,BTCUSD,SELL,2026-04-12 16:45:00+00:00,70877.0,71231.34803716454,70380.91274796963,70168.3039256709,71231.34803716454,354.34803716454894,496.08725203036846,708.6960743290979,0.14,0.07,0.07,False,False,4670.18,2026-04-12 17:50:00+00:00,71231.34803716454,SL,65.0,-50.7,4619.48,2026-04-12 16:45:00+00:00,2026-04
146,BTCUSD,SELL,2026-04-12 20:00:00+00:00,71096.47,71412.83629085425,70653.55719280406,70463.73741829151,71412.83629085425,316.3662908542445,442.91280719594226,632.732581708489,0.16,0.08,0.08,False,False,4619.48,2026-04-12 20:40:00+00:00,71412.83629085425,SL,40.0,-50.8,4568.68,2026-04-12 20:00:00+00:00,2026-04
147,BTCUSD,SELL,2026-04-13 07:15:00+00:00,70860.0,71205.1863549201,70376.73910311186,70169.62729015981,71205.1863549201,345.18635492009696,483.26089688813573,690.3727098401939,0.14,0.07,0.07,False,False,4568.68,2026-04-13 12:50:00+00:00,71205.1863549201,SL,335.0,-50.7,4517.98,2026-04-13 07:15:00+00:00,2026-04
148,BTCUSD,BUY,2026-04-13 18:30:00+00:00,72378.0,71898.05434781914,73049.92391305321,73337.89130436172,72378.0,479.9456521808603,671.9239130532044,959.8913043617206,0.1,0.05,0.05,True,False,4517.98,2026-04-13 19:45:00+00:00,73337.89130436172,FULL_TP2,75.0,81.09,4599.08,2026-04-13 18:30:00+00:00,2026-04
149,BTCUSD,BUY,2026-04-14 06:20:00+00:00,74469.0,73990.99634733987,75138.20511372418,75425.00730532027,74469.0,478.00365266012903,669.2051137241806,956.0073053202581,0.1,0.05,0.05,True,False,4599.08,2026-04-14 13:45:00+00:00,75425.00730532027,FULL_TP2,445.0,80.76,4679.84,2026-04-14 06:20:00+00:00,2026-04
150,BTCUSD,SELL,2026-04-15 10:30:00+00:00,73855.0,74327.67993663,73193.248088718,72909.64012673999,74327.67993663,472.67993663000254,661.7519112820036,945.3598732600051,0.11,0.06,0.05,False,False,4679.84,2026-04-15 12:35:00+00:00,74327.67993663,SL,125.0,-50.55,4629.29,2026-04-15 10:30:00+00:00,2026-04
151,BTCUSD,SELL,2026-04-15 14:40:00+00:00,73981.0,74457.49378956918,73313.90869460315,73028.01242086165,74457.49378956918,476.4937895691769,667.0913053968476,952.9875791383538,0.1,0.05,0.05,False,False,4629.29,2026-04-15 19:00:00+00:00,74457.49378956918,SL,260.0,-50.5,4578.79,2026-04-15 14:40:00+00:00,2026-04
152,BTCUSD,BUY,2026-04-16 07:00:00+00:00,75070.0,74609.12276907668,75715.22812329265,75991.75446184663,74609.12276907668,460.87723092331424,645.2281232926399,921.7544618466285,0.11,0.06,0.05,False,False,4578.79,2026-04-16 08:05:00+00:00,74609.12276907668,SL,65.0,-50.55,4528.24,2026-04-16 07:00:00+00:00,2026-04
153,BTCUSD,SELL,2026-04-16 16:50:00+00:00,74161.0,74721.25165748212,73376.64767952503,73040.49668503576,74721.25165748212,560.2516574821199,784.3523204749678,1120.5033149642397,0.09,0.04,0.05,False,False,4528.24,2026-04-16 18:45:00+00:00,74721.25165748212,SL,115.0,-50.45,4477.79,2026-04-16 16:50:00+00:00,2026-04
154,BTCUSD,BUY,2026-04-17 11:50:00+00:00,75585.0,75065.11615579756,76312.83738188341,76624.76768840487,75585.0,519.8838442024371,727.8373818834119,1039.7676884048742,0.1,0.05,0.05,True,False,4477.79,2026-04-17 13:05:00+00:00,76624.76768840487,FULL_TP2,75.0,87.88,4565.67,2026-04-17 11:50:00+00:00,2026-04
155,BTCUSD,SELL,2026-04-18 12:35:00+00:00,76091.79,76536.4725565028,75469.23442089607,75202.42488699438,76091.79,444.6825565028052,622.5555791039272,889.3651130056104,0.11,0.06,0.05,True,False,4565.67,2026-04-18 21:05:00+00:00,75853.72,EOD_EXIT,510.0,48.71,4614.37,2026-04-18 12:35:00+00:00,2026-04
156,BTCUSD,SELL,2026-04-19 20:00:00+00:00,74753.08,75176.7025704071,74160.00840143007,73905.8348591858,75176.7025704071,423.6225704071005,593.0715985699406,847.245140814201,0.12,0.06,0.06,False,False,4614.37,2026-04-19 21:05:00+00:00,74727.61,EOD_EXIT,65.0,2.46,4616.83,2026-04-19 20:00:00+00:00,2026-04
157,BTCUSD,BUY,2026-04-20 14:20:00+00:00,75547.0,75065.279390041,76221.4088539426,76510.441219918,75065.279390041,481.72060995899585,674.4088539425942,963.4412199179917,0.1,0.05,0.05,False,False,4616.83,2026-04-20 14:50:00+00:00,75065.279390041,SL,30.0,-50.5,4566.33,2026-04-20 14:20:00+00:00,2026-04
158,BTCUSD,BUY,2026-04-20 15:25:00+00:00,75774.0,75265.79229075236,76485.4907929467,76790.41541849528,75774.0,508.20770924763855,711.4907929466939,1016.4154184952771,0.1,0.05,0.05,True,False,4566.33,2026-04-20 21:05:00+00:00,76169.0,EOD_EXIT,340.0,54.82,4621.15,2026-04-20 15:25:00+00:00,2026-04
159,BTCUSD,BUY,2026-04-21 06:30:00+00:00,76071.48,75633.79632825141,76684.237140448,76946.84734349717,76071.48,437.6836717485822,612.757140448015,875.3673434971644,0.11,0.06,0.05,True,False,4621.15,2026-04-21 12:40:00+00:00,76071.48,TP1_THEN_BE,370.0,36.22,4657.37,2026-04-21 06:30:00+00:00,2026-04
160,BTCUSD,BUY,2026-04-21 14:30:00+00:00,76209.0,75712.81766988143,76903.655262166,77201.36466023713,75712.81766988143,496.18233011856614,694.6552621659926,992.3646602371323,0.1,0.05,0.05,False,False,4657.37,2026-04-21 14:55:00+00:00,75712.81766988143,SL,25.0,-50.5,4606.87,2026-04-21 14:30:00+00:00,2026-04
161,BTCUSD,SELL,2026-04-21 19:35:00+00:00,75260.5,75800.01535808502,74505.17849868098,74181.46928382998,75800.01535808502,539.5153580850105,755.3215013190146,1079.030716170021,0.09,0.04,0.05,False,False,4606.87,2026-04-21 20:30:00+00:00,75800.01535808502,SL,55.0,-50.45,4556.42,2026-04-21 19:35:00+00:00,2026-04
162,BTCUSD,BUY,2026-04-22 08:50:00+00:00,78046.28,77488.95900765795,78826.52938927886,79160.92198468409,78046.28,557.3209923420458,780.249389278864,1114.6419846840915,0.09,0.04,0.05,True,False,4556.42,2026-04-22 14:20:00+00:00,79160.92198468409,FULL_TP2,330.0,86.49,4642.91,2026-04-22 08:50:00+00:00,2026-04
163,BTCUSD,BUY,2026-04-22 18:15:00+00:00,78984.0,78462.12203274365,79714.6291541589,80027.75593451272,78462.12203274365,521.8779672563595,730.6291541589032,1043.755934512719,0.1,0.05,0.05,False,False,4642.91,2026-04-22 20:50:00+00:00,78462.12203274365,SL,155.0,-50.5,4592.41,2026-04-22 18:15:00+00:00,2026-04
164,BTCUSD,SELL,2026-04-23 17:00:00+00:00,77940.0,78449.03507776352,77227.35089113106,76921.92984447295,77940.0,509.03507776352376,712.6491088689332,1018.0701555270475,0.1,0.05,0.05,True,False,4592.41,2026-04-23 18:00:00+00:00,77940.0,TP1_THEN_BE,60.0,35.13,4627.54,2026-04-23 17:00:00+00:00,2026-04
165,BTCUSD,SELL,2026-04-23 18:55:00+00:00,77671.23,78232.2982864947,76885.73439890741,76549.0934270106,78232.2982864947,561.0682864947006,785.4956010925808,1122.1365729894012,0.09,0.04,0.05,False,False,4627.54,2026-04-23 21:05:00+00:00,77874.0,EOD_EXIT,130.0,-18.7,4608.84,2026-04-23 18:55:00+00:00,2026-04
166,BTCUSD,BUY,2026-04-24 15:55:00+00:00,78048.5,77579.64605963108,78704.8955165165,78986.20788073784,77579.64605963108,468.8539403689242,656.3955165164939,937.7078807378484,0.11,0.06,0.05,False,False,4608.84,2026-04-24 17:30:00+00:00,77579.64605963108,SL,95.0,-50.55,4558.29,2026-04-24 15:55:00+00:00,2026-04
167,BTCUSD,BUY,2026-04-26 10:20:00+00:00,78028.75,77795.86708075868,78354.78608693785,78494.51583848265,77795.86708075868,232.88291924132307,326.03608693785225,465.76583848264613,0.21,0.1,0.11,False,False,4558.29,2026-04-26 12:45:00+00:00,77795.86708075868,SL,145.0,-51.05,4507.24,2026-04-26 10:20:00+00:00,2026-04
168,BTCUSD,BUY,2026-04-26 18:05:00+00:00,78111.0,77885.8359615504,78426.22965382945,78561.32807689921,78111.0,225.164038449604,315.22965382944557,450.328076899208,0.22,0.11,0.11,True,False,4507.24,2026-04-26 19:25:00+00:00,78111.0,TP1_THEN_BE,80.0,33.58,4540.82,2026-04-26 18:05:00+00:00,2026-04
169,BTCUSD,SELL,2026-04-27 11:05:00+00:00,77749.5,78171.78880330626,77158.29567537124,76904.92239338747,78171.78880330626,422.2888033062593,591.204324628763,844.5776066125186,0.12,0.06,0.06,False,False,4540.82,2026-04-27 14:35:00+00:00,78171.78880330626,SL,210.0,-50.6,4490.22,2026-04-27 11:05:00+00:00,2026-04
170,BTCUSD,SELL,2026-04-27 15:00:00+00:00,77353.98,77765.19400591498,76778.28039171902,76531.55198817003,77353.98,411.2140059149856,575.6996082809798,822.4280118299712,0.12,0.06,0.06,True,False,4490.22,2026-04-27 16:55:00+00:00,76531.55198817003,FULL_TP2,115.0,83.29,4573.51,2026-04-27 15:00:00+00:00,2026-04
171,BTCUSD,SELL,2026-04-27 19:25:00+00:00,76603.5,77042.80162387906,75988.47772656931,75724.89675224188,77042.80162387906,439.3016238790578,615.0222734306809,878.6032477581156,0.11,0.06,0.05,False,False,4573.51,2026-04-27 20:35:00+00:00,77042.80162387906,SL,70.0,-50.55,4522.96,2026-04-27 19:25:00+00:00,2026-04
172,BTCUSD,SELL,2026-04-28 06:35:00+00:00,76788.0,77177.6676025607,76242.46535641502,76008.6647948786,76788.0,389.6676025607017,545.5346435849824,779.3352051214034,0.13,0.07,0.06,True,False,4522.96,2026-04-28 13:10:00+00:00,76008.6647948786,FULL_TP2,395.0,84.3,4607.25,2026-04-28 06:35:00+00:00,2026-04
173,BTCUSD,SELL,2026-04-28 16:20:00+00:00,75936.0,76329.53659597662,75385.04876563273,75148.92680804676,76329.53659597662,393.53659597661925,550.9512343672669,787.0731919532385,0.13,0.07,0.06,False,False,4607.25,2026-04-28 19:50:00+00:00,76329.53659597662,SL,210.0,-50.65,4556.6,2026-04-28 16:20:00+00:00,2026-04
174,BTCUSD,SELL,2026-04-29 18:05:00+00:00,74986.34,75434.87426690728,74358.39202632979,74089.27146618543,75434.87426690728,448.5342669072851,627.9479736701991,897.0685338145702,0.11,0.06,0.05,False,False,4556.6,2026-04-29 18:55:00+00:00,75434.87426690728,SL,50.0,-50.55,4506.05,2026-04-29 18:05:00+00:00,2026-04
175,BTCUSD,BUY,2026-04-30 14:45:00+00:00,76345.5,75909.76629343095,76955.52718919668,77216.9674131381,75909.76629343095,435.73370656905524,610.0271891966773,871.4674131381105,0.11,0.06,0.05,False,False,4506.05,2026-04-30 21:05:00+00:00,76417.89,EOD_EXIT,380.0,7.41,4513.47,2026-04-30 14:45:00+00:00,2026-04
176,BTCUSD,BUY,2026-05-01 07:50:00+00:00,77113.5,76752.1641358672,77619.3702097859,77836.17172826559,77113.5,361.33586413279266,505.8702097859097,722.6717282655853,0.14,0.07,0.07,True,False,4513.47,2026-05-01 12:30:00+00:00,77836.17172826559,FULL_TP2,280.0,85.3,4598.77,2026-05-01 07:50:00+00:00,2026-05
177,BTCUSD,BUY,2026-05-01 17:40:00+00:00,78440.0,77971.74611292509,79095.55544190487,79376.50777414981,77971.74611292509,468.25388707490555,655.5554419048677,936.5077741498111,0.11,0.06,0.05,False,False,4598.77,2026-05-01 20:40:00+00:00,77971.74611292509,SL,180.0,-50.55,4548.22,2026-05-01 17:40:00+00:00,2026-05
178,BTCUSD,BUY,2026-05-02 06:45:00+00:00,78292.97,77911.87076827657,78826.5089244128,79055.16846344685,77911.87076827657,381.0992317234278,533.5389244127989,762.1984634468556,0.13,0.07,0.06,False,False,4548.22,2026-05-02 21:05:00+00:00,78497.0,EOD_EXIT,860.0,25.87,4574.09,2026-05-02 06:45:00+00:00,2026-05
179,BTCUSD,SELL,2026-05-03 06:10:00+00:00,78133.5,78380.59960962953,77787.56054651865,77639.30078074093,78380.59960962953,247.09960962953284,345.93945348134594,494.19921925906567,0.2,0.1,0.1,False,False,4574.09,2026-05-03 07:05:00+00:00,78380.59960962953,SL,55.0,-51.0,4523.09,2026-05-03 06:10:00+00:00,2026-05
180,BTCUSD,BUY,2026-05-03 11:15:00+00:00,78504.5,78272.89744517133,78828.74357676014,78967.70510965736,78504.5,231.60255482867646,324.24357676014705,463.2051096573529,0.22,0.11,0.11,True,False,4523.09,2026-05-03 20:20:00+00:00,78967.70510965736,FULL_TP2,545.0,85.52,4608.61,2026-05-03 11:15:00+00:00,2026-05
181,BTCUSD,BUY,2026-05-05 07:10:00+00:00,80995.5,80489.77053446989,81703.52125174215,82006.95893106022,80995.5,505.7294655301094,708.0212517421531,1011.4589310602188,0.1,0.05,0.05,True,False,4608.61,2026-05-05 14:15:00+00:00,80995.5,TP1_THEN_BE,425.0,34.9,4643.51,2026-05-05 07:10:00+00:00,2026-05
182,BTCUSD,BUY,2026-05-05 15:00:00+00:00,81408.12,80950.91828426172,82048.2024020336,82322.52343147655,80950.91828426172,457.2017157382825,640.0824020335954,914.403431476565,0.11,0.06,0.05,False,False,4643.51,2026-05-05 21:05:00+00:00,81654.0,EOD_EXIT,365.0,26.5,4670.01,2026-05-05 15:00:00+00:00,2026-05
183,BTCUSD,BUY,2026-05-06 06:35:00+00:00,81392.0,80947.4507596008,82014.36893655888,82281.0984807984,81392.0,444.54924039920263,622.3689365588837,889.0984807984053,0.11,0.06,0.05,True,False,4670.01,2026-05-06 10:30:00+00:00,82281.0984807984,FULL_TP2,235.0,81.25,4751.25,2026-05-06 06:35:00+00:00,2026-05
184,BTCUSD,BUY,2026-05-06 16:05:00+00:00,81812.0,81319.89531355427,82500.94656102401,82796.20937289145,81319.89531355427,492.1046864457239,688.9465610240135,984.2093728914479,0.1,0.05,0.05,False,False,4751.25,2026-05-06 18:10:00+00:00,81319.89531355427,SL,125.0,-50.5,4700.75,2026-05-06 16:05:00+00:00,2026-05
185,BTCUSD,SELL,2026-05-07 19:25:00+00:00,79953.15,80409.44937696341,79314.3308722512,79040.55124607314,80409.44937696341,456.299376963426,638.8191277487964,912.598753926852,0.11,0.06,0.05,False,False,4700.75,2026-05-07 21:05:00+00:00,79643.0,EOD_EXIT,100.0,33.57,4734.32,2026-05-07 19:25:00+00:00,2026-05
186,BTCUSD,SELL,2026-05-08 06:00:00+00:00,79511.5,79904.74744246408,78960.95358055028,78725.00511507184,79904.74744246408,393.2474424640793,550.546419449711,786.4948849281586,0.13,0.07,0.06,False,False,4734.32,2026-05-08 08:45:00+00:00,79904.74744246408,SL,165.0,-50.65,4683.67,2026-05-08 06:00:00+00:00,2026-05
187,BTCUSD,SELL,2026-05-08 15:15:00+00:00,79793.53,80228.29615622836,79184.8573812803,78923.99768754328,80228.29615622836,434.7661562283625,608.6726187197074,869.532312456725,0.12,0.06,0.06,False,False,4683.67,2026-05-08 17:30:00+00:00,80228.29615622836,SL,135.0,-50.6,4633.07,2026-05-08 15:15:00+00:00,2026-05
188,BTCUSD,BUY,2026-05-09 08:05:00+00:00,80344.0,80030.17798509457,80783.35082086759,80971.64402981085,80344.0,313.8220149054218,439.35082086759047,627.6440298108436,0.16,0.08,0.08,True,False,4633.07,2026-05-09 18:25:00+00:00,80971.64402981085,FULL_TP2,620.0,84.56,4717.63,2026-05-09 08:05:00+00:00,2026-05
189,BTCUSD,BUY,2026-05-10 07:05:00+00:00,80746.72,80537.71417936345,81039.32814889117,81164.7316412731,80746.72,209.0058206365509,292.60814889117125,418.0116412731018,0.24,0.12,0.12,True,False,4717.63,2026-05-10 15:40:00+00:00,81164.7316412731,FULL_TP2,515.0,84.07,4801.7,2026-05-10 07:05:00+00:00,2026-05
190,BTCUSD,BUY,2026-05-10 19:20:00+00:00,81440.5,81200.05487046513,81777.12318134881,81921.39025906974,81200.05487046513,240.44512953486725,336.6231813488141,480.8902590697345,0.21,0.1,0.11,False,False,4801.7,2026-05-10 20:10:00+00:00,81200.05487046513,SL,50.0,-51.05,4750.65,2026-05-10 19:20:00+00:00,2026-05
191,BTCUSD,SELL,2026-05-11 06:45:00+00:00,80740.0,81183.33061332186,80119.33714134939,79853.33877335627,81183.33061332186,443.33061332186253,620.6628586506075,886.6612266437251,0.11,0.06,0.05,False,False,4750.65,2026-05-11 12:00:00+00:00,81183.33061332186,SL,315.0,-50.55,4700.1,2026-05-11 06:45:00+00:00,2026-05
192,BTCUSD,SELL,2026-05-12 06:30:00+00:00,81120.0,81512.97536285916,80569.83449199719,80334.04927428169,81120.0,392.97536285915726,550.1655080028202,785.9507257183145,0.13,0.07,0.06,True,False,4700.1,2026-05-12 15:20:00+00:00,80334.04927428169,FULL_TP2,530.0,85.02,4785.12,2026-05-12 06:30:00+00:00,2026-05
193,BTCUSD,SELL,2026-05-12 20:45:00+00:00,80606.5,81009.88444330763,80041.76177936932,79799.73111338474,81009.88444330763,403.3844433076294,564.7382206306811,806.7688866152588,0.12,0.06,0.06,False,False,4785.12,2026-05-12 21:05:00+00:00,80692.5,EOD_EXIT,20.0,-10.92,4774.2,2026-05-12 20:45:00+00:00,2026-05
194,BTCUSD,BUY,2026-05-13 08:20:00+00:00,81009.5,80676.65573600563,81475.48196959212,81675.18852798874,80676.65573600563,332.84426399436626,465.9819695921127,665.6885279887325,0.15,0.07,0.08,False,False,4774.2,2026-05-13 11:05:00+00:00,80676.65573600563,SL,165.0,-50.75,4723.45,2026-05-13 08:20:00+00:00,2026-05
195,BTCUSD,BUY,2026-05-14 19:00:00+00:00,81649.0,81122.23334410228,82386.47331825682,82702.53331179544,81122.23334410228,526.7666558977214,737.47331825681,1053.5333117954428,0.09,0.04,0.05,False,False,4723.45,2026-05-14 21:05:00+00:00,81394.0,EOD_EXIT,125.0,-23.4,4700.05,2026-05-14 19:00:00+00:00,2026-05
196,BTCUSD,SELL,2026-05-15 12:10:00+00:00,80397.0,80839.47235755998,79777.53869941604,79512.05528488006,80397.0,442.4723575599743,619.461300583964,884.9447151199486,0.11,0.06,0.05,True,False,4700.05,2026-05-15 13:35:00+00:00,79512.05528488006,FULL_TP2,85.0,80.86,4780.92,2026-05-15 12:10:00+00:00,2026-05
197,BTCUSD,SELL,2026-05-15 18:30:00+00:00,79171.0,79666.35759506584,78477.49936690781,78180.28480986832,79666.35759506584,495.3575950658448,693.5006330921827,990.7151901316896,0.1,0.05,0.05,False,False,4780.92,2026-05-15 23:00:00+00:00,79040.5,EOD_EXIT,270.0,12.55,4793.47,2026-05-15 18:30:00+00:00,2026-05
198,BTCUSD,SELL,2026-05-16 12:20:00+00:00,77925.5,78300.08602654048,77401.07956284333,77176.32794691903,78300.08602654048,374.5860265404833,524.4204371566766,749.1720530809666,0.13,0.07,0.06,False,False,4793.47,2026-05-16 14:45:00+00:00,78300.08602654048,SL,145.0,-50.65,4742.82,2026-05-16 12:20:00+00:00,2026-05
199,BTCUSD,SELL,2026-05-16 18:00:00+00:00,78161.0,78489.90758832415,77700.5293763462,77503.18482335171,78489.90758832415,328.90758832414605,460.4706236538044,657.8151766482921,0.15,0.07,0.08,False,False,4742.82,2026-05-16 21:05:00+00:00,78246.38,EOD_EXIT,185.0,-13.56,4729.26,2026-05-16 18:00:00+00:00,2026-05
200,BTCUSD,SELL,2026-05-17 17:00:00+00:00,78005.0,78249.88367286381,77662.16285799067,77515.23265427239,78249.88367286381,244.88367286380807,342.8371420093313,489.76734572761615,0.2,0.1,0.1,False,False,4729.26,2026-05-17 19:00:00+00:00,78249.88367286381,SL,120.0,-51.0,4678.26,2026-05-17 17:00:00+00:00,2026-05
201,BTCUSD,SELL,2026-05-18 07:20:00+00:00,76773.0,77138.74999679925,76260.95000448106,76041.5000064015,77138.74999679925,365.74999679924827,512.0499955189475,731.4999935984965,0.14,0.07,0.07,False,False,4678.26,2026-05-18 11:40:00+00:00,77138.74999679925,SL,260.0,-50.7,4627.56,2026-05-18 07:20:00+00:00,2026-05
202,BTCUSD,SELL,2026-05-18 18:15:00+00:00,76254.46,76702.01956057583,75627.87661519385,75359.34087884835,76702.01956057583,447.5595605758256,626.5833848061559,895.1191211516513,0.11,0.06,0.05,False,False,4627.56,2026-05-18 19:00:00+00:00,76702.01956057583,SL,45.0,-50.55,4577.01,2026-05-18 18:15:00+00:00,2026-05
203,BTCUSD,SELL,2026-05-19 11:35:00+00:00,76714.0,77113.42171762804,76154.80959532075,75915.15656474393,76714.0,399.4217176280389,559.1904046792544,798.8434352560778,0.13,0.07,0.06,True,False,4577.01,2026-05-19 16:30:00+00:00,76714.0,TP1_THEN_BE,295.0,38.49,4615.5,2026-05-19 11:35:00+00:00,2026-05
204,BTCUSD,BUY,2026-05-20 08:30:00+00:00,77253.0,76905.35540776727,77739.70242912583,77948.28918446547,76905.35540776727,347.6445922327306,486.7024291258228,695.2891844654612,0.14,0.07,0.07,False,False,4615.5,2026-05-20 13:35:00+00:00,76905.35540776727,SL,305.0,-50.7,4564.8,2026-05-20 08:30:00+00:00,2026-05
205,BTCUSD,BUY,2026-05-20 14:45:00+00:00,77333.0,76974.03699222233,77835.54821088874,78050.92601555535,76974.03699222233,358.96300777767357,502.548210888743,717.9260155553471,0.14,0.07,0.07,False,False,4564.8,2026-05-20 16:25:00+00:00,76974.03699222233,SL,100.0,-50.7,4514.1,2026-05-20 14:45:00+00:00,2026-05
206,BTCUSD,BUY,2026-05-20 17:20:00+00:00,77449.0,77037.87162241708,78024.5797286161,78271.25675516586,77037.87162241708,411.1283775829255,575.5797286160956,822.256755165851,0.12,0.06,0.06,False,False,4514.1,2026-05-20 21:05:00+00:00,77663.13,EOD_EXIT,225.0,25.1,4539.2,2026-05-20 17:20:00+00:00,2026-05
207,BTCUSD,SELL,2026-05-21 16:40:00+00:00,76973.0,77373.45684957833,76412.36041059034,76172.08630084334,77373.45684957833,400.4568495783309,560.6395894096632,800.9136991566618,0.12,0.06,0.06,False,False,4539.2,2026-05-21 17:10:00+00:00,77373.45684957833,SL,30.0,-50.6,4488.6,2026-05-21 16:40:00+00:00,2026-05
208,BTCUSD,SELL,2026-05-21 18:50:00+00:00,77202.5,77639.00105907519,76591.39851729473,76329.49788184962,77639.00105907519,436.5010590751935,611.1014827052709,873.002118150387,0.11,0.06,0.05,False,False,4488.6,2026-05-21 19:50:00+00:00,77639.00105907519,SL,60.0,-50.55,4438.05,2026-05-21 18:50:00+00:00,2026-05
209,BTCUSD,SELL,2026-05-22 17:50:00+00:00,76713.0,77041.38221004095,76253.26490594268,76056.23557991811,77041.38221004095,328.38221004094623,459.7350940573247,656.7644200818925,0.15,0.07,0.08,False,False,4438.05,2026-05-22 18:45:00+00:00,76056.23557991811,FULL_TP2,55.0,83.97,4522.02,2026-05-22 17:50:00+00:00,2026-05
210,BTCUSD,SELL,2026-05-23 12:15:00+00:00,74613.5,74947.47544432028,74145.9343779516,73945.54911135943,74947.47544432028,333.97544432028604,467.5656220484004,667.9508886405721,0.15,0.07,0.08,False,False,4522.02,2026-05-23 13:20:00+00:00,74947.47544432028,SL,65.0,-50.75,4471.27,2026-05-23 12:15:00+00:00,2026-05
211,BTCUSD,BUY,2026-05-24 06:00:00+00:00,76721.5,76365.83757468629,77219.4273954392,77432.82485062742,76721.5,355.6624253137146,497.92739543920044,711.3248506274292,0.14,0.07,0.07,True,False,4471.27,2026-05-24 13:50:00+00:00,76721.5,TP1_THEN_BE,470.0,34.15,4505.43,2026-05-24 06:00:00+00:00,2026-05
212,BTCUSD,BUY,2026-05-25 08:00:00+00:00,77308.0,76938.0411823119,77825.94234476333,78047.91763537619,76938.0411823119,369.95881768809284,517.94234476333,739.9176353761857,0.14,0.07,0.07,False,False,4505.43,2026-05-25 21:05:00+00:00,77265.0,EOD_EXIT,785.0,-6.72,4498.71,2026-05-25 08:00:00+00:00,2026-05
213,BTCUSD,SELL,2026-05-26 07:10:00+00:00,76594.0,76912.96266493172,76147.4522690956,75956.07467013657,76912.96266493172,318.9626649317151,446.54773090440113,637.9253298634302,0.16,0.08,0.08,False,False,4498.71,2026-05-26 10:25:00+00:00,76912.96266493172,SL,195.0,-50.8,4447.91,2026-05-26 07:10:00+00:00,2026-05
214,BTCUSD,SELL,2026-05-27 12:45:00+00:00,75677.5,76015.78749347563,75203.89750913413,75000.92501304875,75677.5,338.28749347562376,473.6024908658732,676.5749869512475,0.15,0.07,0.08,True,False,4447.91,2026-05-27 13:30:00+00:00,75000.92501304875,FULL_TP2,45.0,86.53,4534.44,2026-05-27 12:45:00+00:00,2026-05
215,BTCUSD,SELL,2026-05-27 16:20:00+00:00,74923.0,75337.88598009052,74342.15962787328,74093.22803981896,75337.88598009052,414.88598009051753,580.8403721267246,829.7719601810351,0.12,0.06,0.06,False,False,4534.44,2026-05-27 21:05:00+00:00,75019.0,EOD_EXIT,285.0,-12.12,4522.32,2026-05-27 16:20:00+00:00,2026-05
216,BTCUSD,SELL,2026-05-28 11:05:00+00:00,73242.84,73675.51720570716,72637.09191200996,72377.48558858565,73242.84,432.6772057071686,605.748087990036,865.3544114143372,0.12,0.06,0.06,True,False,4522.32,2026-05-28 14:15:00+00:00,73242.84,TP1_THEN_BE,190.0,35.74,4558.06,2026-05-28 11:05:00+00:00,2026-05
217,BTCUSD,SELL,2026-05-29 07:35:00+00:00,73372.0,73768.18503244013,72817.34095458382,72579.62993511974,73768.18503244013,396.18503244013067,554.659045416183,792.3700648802613,0.13,0.07,0.06,False,False,4558.06,2026-05-29 09:20:00+00:00,73768.18503244013,SL,105.0,-50.65,4507.41,2026-05-29 07:35:00+00:00,2026-05
218,BTCUSD,BUY,2026-05-29 20:20:00+00:00,73630.0,73137.41764784112,74319.61529302242,74615.16470431774,73137.41764784112,492.58235215887146,689.61529302242,985.1647043177429,0.1,0.05,0.05,False,False,4507.41,2026-05-29 23:00:00+00:00,73353.5,EOD_EXIT,160.0,-28.15,4479.26,2026-05-29 20:20:00+00:00,2026-05
219,BTCUSD,SELL,2026-05-30 07:15:00+00:00,73416.0,73799.4308603356,72879.19679553017,72649.1382793288,73799.4308603356,383.43086033559723,536.8032044698361,766.8617206711945,0.13,0.07,0.06,False,False,4479.26,2026-05-30 14:00:00+00:00,73799.4308603356,SL,405.0,-50.65,4428.61,2026-05-30 07:15:00+00:00,2026-05
220,BTCUSD,BUY,2026-05-30 17:20:00+00:00,73890.0,73625.15549220337,74260.78231091528,74419.68901559326,73625.15549220337,264.8445077966293,370.78231091528096,529.6890155932585,0.19,0.1,0.09,False,False,4428.61,2026-05-30 21:05:00+00:00,73868.0,EOD_EXIT,225.0,-5.13,4423.48,2026-05-30 17:20:00+00:00,2026-05
221,BTCUSD,SELL,2026-06-01 10:00:00+00:00,72680.0,73030.52866266925,72189.25987226304,71978.94267466149,72680.0,350.52866266925605,490.7401277369584,701.0573253385121,0.14,0.07,0.07,True,False,4423.48,2026-06-01 12:05:00+00:00,71978.94267466149,FULL_TP2,125.0,82.73,4506.21,2026-06-01 10:00:00+00:00,2026-06
222,BTCUSD,SELL,2026-06-01 19:00:00+00:00,71368.76,71826.9527106204,70727.29020513142,70452.37457875916,71826.9527106204,458.19271062041315,641.4697948685783,916.3854212408263,0.11,0.06,0.05,False,False,4506.21,2026-06-01 21:05:00+00:00,71055.0,EOD_EXIT,125.0,33.96,4540.17,2026-06-01 19:00:00+00:00,2026-06
223,BTCUSD,SELL,2026-06-02 20:15:00+00:00,67014.0,67626.2976331558,66156.78331358188,65789.4047336884,67626.2976331558,612.2976331558026,857.2166864181236,1224.5952663116052,0.08,0.04,0.04,False,False,4540.17,2026-06-02 21:05:00+00:00,67626.2976331558,SL,50.0,-50.4,4489.77,2026-06-02 20:15:00+00:00,2026-06
224,BTCUSD,SELL,2026-06-03 19:15:00+00:00,65841.31,66437.65877209243,65006.421719070604,64648.61245581515,65841.31,596.3487720924242,834.8882809293938,1192.6975441848483,0.08,0.04,0.04,True,False,4489.77,2026-06-03 21:05:00+00:00,65414.0,EOD_EXIT,110.0,50.09,4539.86,2026-06-03 19:15:00+00:00,2026-06
225,BTCUSD,SELL,2026-06-04 20:00:00+00:00,63328.29,64172.549519123306,62146.32667322738,61639.77096175339,64172.549519123306,844.2595191233044,1181.963326772626,1688.5190382466087,0.06,0.03,0.03,False,False,4539.86,2026-06-04 21:05:00+00:00,63771.0,EOD_EXIT,65.0,-26.86,4513.0,2026-06-04 20:00:00+00:00,2026-06
226,BTCUSD,SELL,2026-06-05 10:20:00+00:00,62483.0,63401.35081702694,61197.30885616228,60646.29836594611,62483.0,918.3508170269438,1285.6911438377213,1836.7016340538876,0.05,0.03,0.02,True,False,4513.0,2026-06-05 13:55:00+00:00,60646.29836594611,FULL_TP2,215.0,75.05,4588.05,2026-06-05 10:20:00+00:00,2026-06
227,BTCUSD,SELL,2026-06-05 17:35:00+00:00,60825.0,61821.902051769466,59429.33712752274,58831.19589646106,60825.0,996.9020517694689,1395.6628724772563,1993.8041035389379,0.05,0.03,0.02,True,False,4588.05,2026-06-05 20:05:00+00:00,60825.0,TP1_THEN_BE,150.0,41.62,4629.67,2026-06-05 17:35:00+00:00,2026-06
228,BTCUSD,SELL,2026-06-06 15:00:00+00:00,60588.0,61355.34026315646,59513.72363158096,59053.31947368708,61355.34026315646,767.3402631564597,1074.2763684190436,1534.6805263129195,0.07,0.04,0.03,False,False,4629.67,2026-06-06 21:05:00+00:00,60705.0,EOD_EXIT,365.0,-8.54,4621.13,2026-06-06 15:00:00+00:00,2026-06
229,BTCUSD,BUY,2026-06-07 06:15:00+00:00,61794.5,61258.88433510134,62544.361930858126,62865.73132979732,61794.5,535.6156648986613,749.8619308581258,1071.2313297973226,0.09,0.04,0.05,True,False,4621.13,2026-06-07 08:45:00+00:00,62865.73132979732,FULL_TP2,150.0,83.11,4704.24,2026-06-07 06:15:00+00:00,2026-06
230,BTCUSD,BUY,2026-06-07 11:25:00+00:00,62491.0,61964.44986462631,63228.17018952317,63544.100270747374,61964.44986462631,526.5501353736885,737.1701895231638,1053.100270747377,0.09,0.04,0.05,False,False,4704.24,2026-06-07 12:15:00+00:00,61964.44986462631,SL,50.0,-50.45,4653.79,2026-06-07 11:25:00+00:00,2026-06
231,BTCUSD,BUY,2026-06-07 14:25:00+00:00,62053.0,61515.15506289504,62805.982911946936,63128.68987420991,61515.15506289504,537.8449371049542,752.9829119469358,1075.6898742099083,0.09,0.04,0.05,False,False,4653.79,2026-06-07 19:15:00+00:00,61515.15506289504,SL,290.0,-50.45,4603.34,2026-06-07 14:25:00+00:00,2026-06
232,BTCUSD,BUY,2026-06-08 10:30:00+00:00,63250.0,62667.068159180206,64066.10457714771,64415.86368163959,62667.068159180206,582.9318408197928,816.1045771477098,1165.8636816395856,0.09,0.04,0.05,False,False,4603.34,2026-06-08 12:10:00+00:00,62667.068159180206,SL,100.0,-50.45,4552.89,2026-06-08 10:30:00+00:00,2026-06
233,BTCUSD,BUY,2026-06-08 12:40:00+00:00,63579.5,62986.35285153804,64409.90600784675,64765.79429692393,62986.35285153804,593.1471484619641,830.4060078467497,1186.2942969239282,0.08,0.04,0.04,False,False,4552.89,2026-06-08 21:05:00+00:00,63747.0,EOD_EXIT,505.0,13.0,4565.89,2026-06-08 12:40:00+00:00,2026-06
234,BTCUSD,SELL,2026-06-09 12:35:00+00:00,62557.0,63015.90127045861,61914.538221357936,61639.19745908277,62557.0,458.90127045861607,642.4617786420624,917.8025409172321,0.11,0.06,0.05,True,False,4565.89,2026-06-09 14:20:00+00:00,61639.19745908277,FULL_TP2,105.0,83.89,4649.77,2026-06-09 12:35:00+00:00,2026-06
235,BTCUSD,SELL,2026-06-10 06:30:00+00:00,61119.0,61582.148426328175,60470.59220314056,60192.70314734366,61582.148426328175,463.1484263281725,648.4077968594414,926.296852656345,0.11,0.06,0.05,False,False,4649.77,2026-06-10 07:15:00+00:00,61582.148426328175,SL,45.0,-50.55,4599.22,2026-06-10 06:30:00+00:00,2026-06
236,BTCUSD,SELL,2026-06-10 08:30:00+00:00,61353.45,61805.72573494623,60720.26397107528,60448.89853010754,61353.45,452.27573494623033,633.1860289247225,904.5514698924607,0.11,0.06,0.05,True,False,4599.22,2026-06-10 09:35:00+00:00,61353.45,TP1_THEN_BE,65.0,37.44,4636.66,2026-06-10 08:30:00+00:00,2026-06
237,BTCUSD,SELL,2026-06-10 11:00:00+00:00,60933.56,61399.816249882235,60280.80125016486,60001.047500235516,61399.816249882235,466.25624988224007,652.7587498351361,932.5124997644801,0.11,0.06,0.05,False,False,4636.66,2026-06-10 12:30:00+00:00,61399.816249882235,SL,90.0,-50.55,4586.11,2026-06-10 11:00:00+00:00,2026-06
238,BTCUSD,BUY,2026-06-10 17:00:00+00:00,62299.0,61709.119460475675,63124.83275533406,63478.76107904866,61709.119460475675,589.8805395243273,825.8327553340582,1179.7610790486547,0.08,0.04,0.04,False,False,4586.11,2026-06-10 17:30:00+00:00,61709.119460475675,SL,30.0,-50.4,4535.71,2026-06-10 17:00:00+00:00,2026-06
239,BTCUSD,BUY,2026-06-10 19:45:00+00:00,61901.0,61302.41902459382,62739.01336556865,63098.16195081236,61302.41902459382,598.5809754061804,838.0133655686525,1197.1619508123608,0.08,0.04,0.04,False,False,4535.71,2026-06-10 21:05:00+00:00,61547.0,EOD_EXIT,80.0,-28.72,4506.99,2026-06-10 19:45:00+00:00,2026-06
240,BTCUSD,BUY,2026-06-11 10:35:00+00:00,62825.0,62362.30447884792,63472.77372961292,63750.39104230417,62362.30447884792,462.6955211520832,647.7737296129164,925.3910423041664,0.11,0.06,0.05,False,False,4506.99,2026-06-11 17:00:00+00:00,62362.30447884792,SL,385.0,-50.55,4456.44,2026-06-11 10:35:00+00:00,2026-06
241,BTCUSD,BUY,2026-06-11 17:30:00+00:00,63206.4,62758.970142716105,63832.801800197456,64101.259714567794,63206.4,447.4298572838959,626.4018001974542,894.8597145677918,0.11,0.06,0.05,True,False,4456.44,2026-06-11 20:45:00+00:00,63206.4,TP1_THEN_BE,195.0,37.03,4493.48,2026-06-11 17:30:00+00:00,2026-06
242,BTCUSD,BUY,2026-06-12 14:25:00+00:00,63568.5,63147.69216983596,64157.63096222966,64410.11566032808,63568.5,420.80783016404183,589.1309622296585,841.6156603280837,0.12,0.06,0.06,True,False,4493.48,2026-06-12 15:55:00+00:00,63568.5,TP1_THEN_BE,90.0,34.75,4528.23,2026-06-12 14:25:00+00:00,2026-06
243,BTCUSD,BUY,2026-06-13 10:30:00+00:00,63803.15,63500.31047154698,64227.12533983423,64408.82905690605,63803.15,302.83952845302235,423.97533983423125,605.6790569060447,0.17,0.09,0.08,True,False,4528.23,2026-06-13 21:05:00+00:00,64256.0,EOD_EXIT,635.0,73.54,4601.76,2026-06-13 10:30:00+00:00,2026-06
244,BTCUSD,SELL,2026-06-14 16:50:00+00:00,63901.0,64142.92728692879,63562.3017982997,63417.14542614243,64142.92728692879,241.92728692878646,338.698201700301,483.8545738575729,0.21,0.1,0.11,False,False,4601.76,2026-06-14 21:05:00+00:00,63970.0,EOD_EXIT,255.0,-15.54,4586.22,2026-06-14 16:50:00+00:00,2026-06
245,BTCUSD,BUY,2026-06-15 10:20:00+00:00,65695.79,65343.656921053866,66188.77631052457,66400.05615789225,65695.79,352.1330789461297,492.9863105245815,704.2661578922593,0.14,0.07,0.07,True,False,4586.22,2026-06-15 12:40:00+00:00,66400.05615789225,FULL_TP2,140.0,83.11,4669.33,2026-06-15 10:20:00+00:00,2026-06
246,BTCUSD,BUY,2026-06-15 14:15:00+00:00,66480.83,66085.71710985577,67033.9880462019,67271.05578028844,66480.83,395.11289014422204,553.1580462019108,790.2257802884441,0.13,0.07,0.06,True,False,4669.33,2026-06-15 19:15:00+00:00,66480.83,TP1_THEN_BE,300.0,38.07,4707.4,2026-06-15 14:15:00+00:00,2026-06
247,BTCUSD,BUY,2026-06-16 10:20:00+00:00,66650.5,66239.8458830845,67225.4157636817,67471.80823383099,66239.8458830845,410.6541169154928,574.9157636816899,821.3082338309856,0.12,0.06,0.06,False,False,4707.4,2026-06-16 13:05:00+00:00,66239.8458830845,SL,165.0,-50.6,4656.8,2026-06-16 10:20:00+00:00,2026-06
248,BTCUSD,SELL,2026-06-16 16:05:00+00:00,65775.0,66220.78338649351,65150.90325890909,64883.43322701299,66220.78338649351,445.78338649350434,624.096741090906,891.5667729870087,0.11,0.06,0.05,False,False,4656.8,2026-06-16 21:05:00+00:00,65857.0,EOD_EXIT,300.0,-9.57,4647.23,2026-06-16 16:05:00+00:00,2026-06
249,BTCUSD,SELL,2026-06-17 12:20:00+00:00,64609.0,64969.05705237825,64104.920126670455,63888.885895243504,64969.05705237825,360.0570523782481,504.0798733295473,720.1141047564962,0.14,0.07,0.07,False,False,4647.23,2026-06-17 12:45:00+00:00,64969.05705237825,SL,25.0,-50.7,4596.53,2026-06-17 12:20:00+00:00,2026-06
250,BTCUSD,SELL,2026-06-17 18:00:00+00:00,65179.34,65637.93593727592,64537.30568781371,64262.14812544815,65637.93593727592,458.59593727592267,642.0343121862917,917.1918745518453,0.11,0.06,0.05,False,False,4596.53,2026-06-17 18:35:00+00:00,65637.93593727592,SL,35.0,-50.55,4545.98,2026-06-17 18:00:00+00:00,2026-06
251,BTCUSD,SELL,2026-06-18 19:00:00+00:00,62568.0,63094.766309982944,61830.52716602387,61514.467380034104,63094.766309982944,526.7663099829463,737.4728339761248,1053.5326199658925,0.09,0.04,0.05,False,False,4545.98,2026-06-18 20:00:00+00:00,63094.766309982944,SL,60.0,-50.45,4495.53,2026-06-18 19:00:00+00:00,2026-06
252,BTCUSD,SELL,2026-06-19 07:30:00+00:00,62591.0,63005.8862156508,62010.15929808888,61761.2275686984,63005.8862156508,414.8862156507988,580.8407019111183,829.7724313015976,0.12,0.06,0.06,False,False,4495.53,2026-06-19 13:40:00+00:00,63005.8862156508,SL,370.0,-50.6,4444.93,2026-06-19 07:30:00+00:00,2026-06
253,BTCUSD,BUY,2026-06-19 20:40:00+00:00,63025.0,62643.74850957543,63558.752086594395,63787.50298084914,62643.74850957543,381.25149042457053,533.7520865943987,762.5029808491411,0.13,0.07,0.06,False,False,4444.93,2026-06-19 23:00:00+00:00,63225.0,EOD_EXIT,140.0,25.35,4470.28,2026-06-19 20:40:00+00:00,2026-06
254,BTCUSD,BUY,2026-06-20 14:45:00+00:00,63892.0,63586.64849659853,64319.49210476206,64502.70300680294,63586.64849659853,305.3515034014695,427.49210476205724,610.703006802939,0.16,0.08,0.08,False,False,4470.28,2026-06-20 21:05:00+00:00,63857.5,EOD_EXIT,380.0,-6.32,4463.96,2026-06-20 14:45:00+00:00,2026-06
255,BTCUSD,BUY,2026-06-21 15:00:00+00:00,64138.0,63887.04175184821,64489.3415474125,64639.91649630357,63887.04175184821,250.9582481517862,351.34154741250063,501.9164963035724,0.2,0.1,0.1,False,False,4463.96,2026-06-21 18:00:00+00:00,63887.04175184821,SL,180.0,-51.0,4412.96,2026-06-21 15:00:00+00:00,2026-06
256,BTCUSD,BUY,2026-06-22 07:15:00+00:00,64143.0,63763.27733814833,64674.611726592346,64902.44532370335,64143.0,379.722661851675,531.611726592345,759.44532370335,0.13,0.07,0.06,True,False,4412.96,2026-06-22 12:25:00+00:00,64902.44532370335,FULL_TP2,310.0,82.13,4495.09,2026-06-22 07:15:00+00:00,2026-06
257,BTCUSD,BUY,2026-06-22 20:05:00+00:00,64458.5,64038.805071981034,65046.07289922655,65297.889856037924,64038.805071981034,419.694928018962,587.5728992265467,839.389856037924,0.12,0.06,0.06,False,False,4495.09,2026-06-22 21:05:00+00:00,64308.5,EOD_EXIT,60.0,-18.6,4476.49,2026-06-22 20:05:00+00:00,2026-06
258,BTCUSD,SELL,2026-06-23 12:20:00+00:00,62303.0,62725.32821864048,61711.74049390332,61458.343562719034,62725.32821864048,422.32821864048293,591.2595060966761,844.6564372809659,0.12,0.06,0.06,False,False,4476.49,2026-06-23 14:15:00+00:00,62725.32821864048,SL,115.0,-50.6,4425.89,2026-06-23 12:20:00+00:00,2026-06
259,BTCUSD,SELL,2026-06-23 15:10:00+00:00,62291.0,62723.78604094502,61685.099542676966,61425.427918109955,62723.78604094502,432.7860409450225,605.9004573230314,865.572081890045,0.12,0.06,0.06,False,False,4425.89,2026-06-23 16:10:00+00:00,62723.78604094502,SL,60.0,-50.6,4375.29,2026-06-23 15:10:00+00:00,2026-06
260,BTCUSD,SELL,2026-06-23 17:10:00+00:00,62340.0,62764.14337203933,61746.19927914494,61491.71325592134,62764.14337203933,424.1433720393304,593.8007208550625,848.2867440786608,0.12,0.06,0.06,False,False,4375.29,2026-06-23 21:05:00+00:00,62436.84,EOD_EXIT,235.0,-12.22,4363.07,2026-06-23 17:10:00+00:00,2026-06
261,BTCUSD,SELL,2026-06-24 06:45:00+00:00,62655.0,63016.23745173205,62149.26756757513,61932.52509653591,63016.23745173205,361.23745173204725,505.7324324248661,722.4749034640945,0.14,0.07,0.07,False,False,4363.07,2026-06-24 11:45:00+00:00,63016.23745173205,SL,300.0,-50.7,4312.37,2026-06-24 06:45:00+00:00,2026-06
262,BTCUSD,SELL,2026-06-25 16:35:00+00:00,59236.63,60007.769438904754,58157.03478553334,57694.351122190485,60007.769438904754,771.1394389047578,1079.5952144666608,1542.2788778095155,0.06,0.03,0.03,False,False,4312.37,2026-06-25 21:05:00+00:00,59429.0,EOD_EXIT,270.0,-11.84,4300.53,2026-06-25 16:35:00+00:00,2026-06
263,BTCUSD,SELL,2026-06-26 12:40:00+00:00,59039.0,59684.391598262046,58135.451762433135,57748.2168034759,59684.391598262046,645.3915982620485,903.5482375668679,1290.783196524097,0.08,0.04,0.04,False,False,4300.53,2026-06-26 13:50:00+00:00,59684.391598262046,SL,70.0,-50.4,4250.13,2026-06-26 12:40:00+00:00,2026-06
264,BTCUSD,BUY,2026-06-29 12:05:00+00:00,60384.0,59953.53871817661,60986.64579455274,61244.922563646775,59953.53871817661,430.46128182338623,602.6457945527407,860.9225636467725,0.12,0.06,0.06,False,False,4250.13,2026-06-29 12:35:00+00:00,59953.53871817661,SL,30.0,-50.6,4199.53,2026-06-29 12:05:00+00:00,2026-06
265,BTCUSD,BUY,2026-06-29 19:25:00+00:00,60353.0,59797.74943490962,61130.350791126526,61463.50113018075,59797.74943490962,555.2505650903757,777.350791126526,1110.5011301807515,0.09,0.04,0.05,False,False,4199.53,2026-06-29 21:05:00+00:00,60217.35,EOD_EXIT,100.0,-12.66,4186.87,2026-06-29 19:25:00+00:00,2026-06
266,BTCUSD,SELL,2026-06-30 07:05:00+00:00,59384.5,59803.35521192905,58798.10270329934,58546.789576141906,59384.5,418.855211929046,586.3972967006644,837.710423858092,0.12,0.06,0.06,True,False,4186.87,2026-06-30 12:50:00+00:00,58546.789576141906,FULL_TP2,345.0,84.85,4271.72,2026-06-30 07:05:00+00:00,2026-06
267,BTCUSD,SELL,2026-06-30 14:50:00+00:00,58380.0,58789.03817488382,57807.34655516265,57561.92365023236,58789.03817488382,409.0381748838208,572.6534448373491,818.0763497676415,0.12,0.06,0.06,False,False,4271.72,2026-06-30 21:05:00+00:00,58558.5,EOD_EXIT,375.0,-22.02,4249.7,2026-06-30 14:50:00+00:00,2026-06
268,BTCUSD,SELL,2026-07-01 10:20:00+00:00,58656.1,59079.71555303748,58063.03822574752,57808.868893925035,59079.71555303748,423.61555303748156,593.0617742524742,847.2311060749631,0.12,0.06,0.06,False,False,4249.7,2026-07-01 13:45:00+00:00,59079.71555303748,SL,205.0,-50.6,4199.1,2026-07-01 10:20:00+00:00,2026-07
269,BTCUSD,BUY,2026-07-01 17:20:00+00:00,60083.0,59577.1842252437,60791.14208465883,61094.63154951261,59577.1842252437,505.8157747563049,708.1420846588268,1011.6315495126098,0.1,0.05,0.05,False,False,4199.1,2026-07-01 21:05:00+00:00,60168.0,EOD_EXIT,225.0,8.0,4207.1,2026-07-01 17:20:00+00:00,2026-07
270,BTCUSD,BUY,2026-07-02 08:30:00+00:00,60376.5,59883.96499024091,61066.04901366273,61361.570019518185,60376.5,492.5350097590921,689.5490136627288,985.0700195181842,0.1,0.05,0.05,True,False,4207.1,2026-07-02 12:30:00+00:00,61361.570019518185,FULL_TP2,240.0,83.23,4290.33,2026-07-02 08:30:00+00:00,2026-07
271,BTCUSD,BUY,2026-07-02 15:40:00+00:00,61623.5,61097.93535120203,62359.29050831716,62674.629297595944,61097.93535120203,525.5646487979714,735.7905083171598,1051.1292975959427,0.1,0.05,0.05,False,False,4290.33,2026-07-02 16:25:00+00:00,61097.93535120203,SL,45.0,-50.5,4239.83,2026-07-02 15:40:00+00:00,2026-07
272,BTCUSD,BUY,2026-07-02 17:00:00+00:00,61625.0,61096.92088955685,62364.31075462041,62681.1582208863,61096.92088955685,528.0791104431491,739.3107546204087,1056.1582208862983,0.09,0.04,0.05,False,False,4239.83,2026-07-02 21:05:00+00:00,61458.0,EOD_EXIT,245.0,-15.48,4224.35,2026-07-02 17:00:00+00:00,2026-07
273,BTCUSD,BUY,2026-07-03 10:10:00+00:00,61638.98,61281.000228259836,62140.15168043623,62354.93954348033,61638.98,357.97977174016376,501.1716804362292,715.9595434803275,0.14,0.07,0.07,True,False,4224.35,2026-07-03 14:10:00+00:00,61638.98,TP1_THEN_BE,240.0,34.38,4258.73,2026-07-03 10:10:00+00:00,2026-07
274,BTCUSD,BUY,2026-07-03 14:50:00+00:00,62178.5,61827.50055964518,62669.89921649675,62880.498880709645,61827.50055964518,350.9994403548214,491.3992164967499,701.9988807096428,0.14,0.07,0.07,False,False,4258.73,2026-07-03 15:40:00+00:00,61827.50055964518,SL,50.0,-50.7,4208.03,2026-07-03 14:50:00+00:00,2026-07
275,BTCUSD,BUY,2026-07-03 16:25:00+00:00,62004.5,61620.166707041,62542.5666101426,62773.16658591801,62004.5,384.3332929590041,538.0666101426057,768.6665859180082,0.13,0.07,0.06,True,False,4208.03,2026-07-03 20:35:00+00:00,62773.16658591801,FULL_TP2,250.0,83.13,4291.16,2026-07-03 16:25:00+00:00,2026-07
276,BTCUSD,BUY,2026-07-04 14:05:00+00:00,62540.2,62286.29539682613,62895.666444443414,63048.00920634774,62540.2,253.90460317387104,355.46644444341945,507.8092063477421,0.2,0.1,0.1,True,False,4291.16,2026-07-04 17:30:00+00:00,63048.00920634774,FULL_TP2,205.0,85.33,4376.49,2026-07-04 14:05:00+00:00,2026-07
277,BTCUSD,BUY,2026-07-04 20:40:00+00:00,63206.2,62923.02108702567,63602.650478164054,63772.55782594865,62923.02108702567,283.1789129743275,396.45047816405844,566.357825948655,0.18,0.09,0.09,False,False,4376.49,2026-07-04 21:05:00+00:00,63144.66,EOD_EXIT,25.0,-11.98,4364.51,2026-07-04 20:40:00+00:00,2026-07
278,BTCUSD,SELL,2026-07-05 14:20:00+00:00,62617.19,62865.11539744351,62270.09444357909,62121.339205112985,62865.11539744351,247.9253974435083,347.0955564209116,495.8507948870166,0.2,0.1,0.1,False,False,4364.51,2026-07-05 15:00:00+00:00,62865.11539744351,SL,40.0,-51.0,4313.51,2026-07-05 14:20:00+00:00,2026-07
279,BTCUSD,SELL,2026-07-05 15:50:00+00:00,62674.84,62916.82215476897,62336.064983323435,62190.87569046205,62916.82215476897,241.9821547689721,338.77501667656094,483.9643095379442,0.21,0.1,0.11,False,False,4313.51,2026-07-05 21:05:00+00:00,62572.0,EOD_EXIT,315.0,20.55,4334.06,2026-07-05 15:50:00+00:00,2026-07
280,BTCUSD,SELL,2026-07-06 11:10:00+00:00,62725.5,63046.26717645089,62276.42595296875,62083.965647098215,63046.26717645089,320.76717645089326,449.07404703125053,641.5343529017865,0.16,0.08,0.08,False,False,4334.06,2026-07-06 12:00:00+00:00,62083.965647098215,FULL_TP2,50.0,86.45,4420.51,2026-07-06 11:10:00+00:00,2026-07
281,BTCUSD,BUY,2026-07-06 20:30:00+00:00,63827.0,63363.38989297269,64476.05414983823,64754.220214054614,63363.38989297269,463.610107027306,649.0541498382283,927.220214054612,0.11,0.06,0.05,False,False,4420.51,2026-07-06 21:05:00+00:00,64375.06,EOD_EXIT,35.0,59.74,4480.25,2026-07-06 20:30:00+00:00,2026-07
282,BTCUSD,SELL,2026-07-08 08:20:00+00:00,62155.0,62592.746076311145,61542.15549316439,61279.5078473777,62155.0,437.74607631114816,612.8445068356074,875.4921526222963,0.11,0.06,0.05,True,False,4480.25,2026-07-08 17:20:00+00:00,62155.0,TP1_THEN_BE,540.0,36.22,4516.47,2026-07-08 08:20:00+00:00,2026-07
283,BTCUSD,SELL,2026-07-08 19:15:00+00:00,62014.0,62460.08305594247,61389.483721680546,61121.83388811506,62460.08305594247,446.08305594246906,624.5162783194567,892.1661118849381,0.11,0.06,0.05,False,False,4516.47,2026-07-08 21:05:00+00:00,62017.61,EOD_EXIT,110.0,-0.95,4515.52,2026-07-08 19:15:00+00:00,2026-07
284,BTCUSD,BUY,2026-07-09 10:00:00+00:00,62890.5,62497.36725816513,63440.885838568815,63676.76548366974,62497.36725816513,393.1327418348698,550.3858385688177,786.2654836697396,0.13,0.07,0.06,False,False,4515.52,2026-07-09 12:45:00+00:00,62497.36725816513,SL,165.0,-50.65,4464.87,2026-07-09 10:00:00+00:00,2026-07
285,BTCUSD,BUY,2026-07-09 17:35:00+00:00,62960.0,62533.831231339565,63556.63627612461,63812.33753732087,62533.831231339565,426.1687686604361,596.6362761246105,852.3375373208722,0.12,0.06,0.06,False,False,4464.87,2026-07-09 21:05:00+00:00,63307.0,EOD_EXIT,210.0,41.04,4505.91,2026-07-09 17:35:00+00:00,2026-07
286,BTCUSD,BUY,2026-07-10 07:50:00+00:00,63933.5,63555.46656882733,64462.746803641734,64689.56686234534,63933.5,378.0334311726691,529.2468036417367,756.0668623453382,0.13,0.07,0.06,True,False,4505.91,2026-07-10 14:20:00+00:00,63933.5,TP1_THEN_BE,390.0,36.4,4542.31,2026-07-10 07:50:00+00:00,2026-07
287,BTCUSD,BUY,2026-07-10 17:00:00+00:00,64087.5,63699.296762687474,64630.98453223753,64863.906474625044,63699.296762687474,388.20323731252296,543.4845322375321,776.4064746250459,0.13,0.07,0.06,False,False,4542.31,2026-07-10 18:50:00+00:00,63699.296762687474,SL,110.0,-50.65,4491.66,2026-07-10 17:00:00+00:00,2026-07
288,BTCUSD,BUY,2026-07-10 19:35:00+00:00,63980.0,63602.753637215224,64508.14490789869,64734.49272556956,63602.753637215224,377.2463627847775,528.1449078986884,754.492725569555,0.13,0.07,0.06,False,False,4491.66,2026-07-10 23:00:00+00:00,63980.24,EOD_EXIT,205.0,-0.62,4491.04,2026-07-10 19:35:00+00:00,2026-07
289,BTCUSD,BUY,2026-07-11 08:15:00+00:00,64199.58,63929.48130754104,64577.718169442545,64739.77738491792,63929.48130754104,270.0986924589602,378.13816944254427,540.1973849179204,0.19,0.1,0.09,False,False,4491.04,2026-07-11 15:35:00+00:00,63929.48130754104,SL,440.0,-50.95,4440.09,2026-07-11 08:15:00+00:00,2026-07
290,BTCUSD,BUY,2026-07-11 20:15:00+00:00,64289.3,64073.276024797226,64591.73356528389,64721.34795040555,64073.276024797226,216.02397520277475,302.4335652838846,432.0479504055495,0.23,0.12,0.11,False,False,4440.09,2026-07-11 21:05:00+00:00,64347.04,EOD_EXIT,50.0,12.13,4452.22,2026-07-11 20:15:00+00:00,2026-07
291,BTCUSD,SELL,2026-07-12 10:15:00+00:00,63842.0,64071.834262564975,63520.23203240904,63382.33147487006,64071.834262564975,229.83426256497262,321.76796759096163,459.66852512994524,0.22,0.11,0.11,False,False,4452.22,2026-07-12 12:10:00+00:00,64071.834262564975,SL,115.0,-51.1,4401.12,2026-07-12 10:15:00+00:00,2026-07
292,BTCUSD,SELL,2026-07-13 07:00:00+00:00,62708.0,63018.51116842379,62273.28436420669,62086.977663152415,63018.51116842379,310.5111684237937,434.7156357933112,621.0223368475874,0.16,0.08,0.08,False,False,4401.12,2026-07-13 08:25:00+00:00,63018.51116842379,SL,85.0,-50.8,4350.32,2026-07-13 07:00:00+00:00,2026-07
293,BTCUSD,SELL,2026-07-13 10:40:00+00:00,62863.0,63164.99449600112,62440.207705598434,62259.01100799776,62863.0,301.99449600112075,422.79229440156905,603.9889920022415,0.17,0.09,0.08,True,False,4350.32,2026-07-13 13:40:00+00:00,62259.01100799776,FULL_TP2,180.0,85.52,4435.84,2026-07-13 10:40:00+00:00,2026-07
294,BTCUSD,SELL,2026-07-13 16:00:00+00:00,62525.0,62887.64486863183,62017.297183915434,61799.71026273633,62525.0,362.644868631835,507.70281608456895,725.28973726367,0.14,0.07,0.07,True,False,4435.84,2026-07-13 18:10:00+00:00,61799.71026273633,FULL_TP2,130.0,85.61,4521.45,2026-07-13 16:00:00+00:00,2026-07
295,BTCUSD,BUY,2026-07-14 18:55:00+00:00,64530.0,64108.9440285836,65119.47835998295,65372.111942832795,64108.9440285836,421.0559714163972,589.478359982956,842.1119428327944,0.12,0.06,0.06,False,False,4521.45,2026-07-14 21:05:00+00:00,64553.0,EOD_EXIT,130.0,2.16,4523.61,2026-07-14 18:55:00+00:00,2026-07
296,BTCUSD,BUY,2026-07-15 10:05:00+00:00,64773.0,64422.36164863139,65263.89369191605,65474.27670273721,64773.0,350.6383513686055,490.8936919160477,701.276702737211,0.14,0.07,0.07,True,False,4523.61,2026-07-15 13:15:00+00:00,65474.27670273721,FULL_TP2,190.0,82.75,4606.36,2026-07-15 10:05:00+00:00,2026-07
297,BTCUSD,BUY,2026-07-15 20:15:00+00:00,64963.0,64582.295152263636,65495.98678683091,65724.40969547273,64582.295152263636,380.70484773636247,532.9867868309075,761.4096954727249,0.13,0.07,0.06,False,False,4606.36,2026-07-15 21:05:00+00:00,64890.66,EOD_EXIT,50.0,-10.05,4596.31,2026-07-15 20:15:00+00:00,2026-07
298,BTCUSD,SELL,2026-07-16 11:15:00+00:00,64055.23,64395.375681963626,63579.02604525094,63374.938636072766,64395.375681963626,340.14568196361915,476.2039547490668,680.2913639272383,0.15,0.07,0.08,False,False,4596.31,2026-07-16 13:35:00+00:00,64395.375681963626,SL,140.0,-50.75,4545.56,2026-07-16 11:15:00+00:00,2026-07
299,BTCUSD,SELL,2026-07-16 16:20:00+00:00,64400.0,64779.84538301251,63868.21646378249,63640.309233974986,64779.84538301251,379.84538301250615,531.7835362175085,759.6907660250123,0.13,0.07,0.06,False,False,4545.56,2026-07-16 21:05:00+00:00,64104.22,EOD_EXIT,285.0,37.8,4583.36,2026-07-16 16:20:00+00:00,2026-07
300,BTCUSD,SELL,2026-07-17 12:40:00+00:00,63039.0,63358.79058169398,62591.29318562843,62399.418836612036,63039.0,319.7905816939815,447.70681437157407,639.581163387963,0.16,0.08,0.08,True,False,4583.36,2026-07-17 13:55:00+00:00,63039.0,TP1_THEN_BE,75.0,35.02,4618.37,2026-07-17 12:40:00+00:00,2026-07
301,BTCUSD,SELL,2026-07-17 15:10:00+00:00,62849.5,63199.3173862907,62359.75565919302,62149.8652274186,63199.3173862907,349.8173862906988,489.74434080697824,699.6347725813976,0.14,0.07,0.07,False,False,4618.37,2026-07-17 15:25:00+00:00,63199.3173862907,SL,15.0,-50.7,4567.67,2026-07-17 15:10:00+00:00,2026-07
302,BTCUSD,BUY,2026-07-17 20:55:00+00:00,64061.5,63668.218408981316,64612.094227426154,64848.06318203737,63668.218408981316,393.28159101868386,550.5942274261573,786.5631820373677,0.13,0.07,0.06,False,False,4567.67,2026-07-17 23:00:00+00:00,63878.02,EOD_EXIT,125.0,-24.5,4543.17,2026-07-17 20:55:00+00:00,2026-07
303,BTCUSD,BUY,2026-07-18 06:05:00+00:00,63911.51,63638.69132011421,64293.45615184011,64457.14735977159,63911.51,272.8186798857916,381.9461518401082,545.6373597715832,0.18,0.09,0.09,True,False,4543.17,2026-07-18 18:20:00+00:00,64457.14735977159,FULL_TP2,735.0,82.58,4625.75,2026-07-18 06:05:00+00:00,2026-07
304,BTCUSD,SELL,2026-07-20 08:40:00+00:00,63868.66,64190.85071539408,63417.5929984483,63224.27856921185,64190.85071539408,322.1907153940756,451.0670015517058,644.3814307881512,0.16,0.08,0.08,False,False,4625.75,2026-07-20 09:30:00+00:00,64190.85071539408,SL,50.0,-50.8,4574.95,2026-07-20 08:40:00+00:00,2026-07
305,BTCUSD,BUY,2026-07-20 20:30:00+00:00,65349.0,64918.79571485492,65951.28599920312,66209.40857029016,64918.79571485492,430.2042851450807,602.285999203113,860.4085702901614,0.12,0.06,0.06,False,False,4574.95,2026-07-20 21:05:00+00:00,65278.38,EOD_EXIT,35.0,-9.07,4565.88,2026-07-20 20:30:00+00:00,2026-07
306,BTCUSD,BUY,2026-07-21 11:40:00+00:00,66285.0,65937.05752797917,66772.11946082916,66980.88494404165,66285.0,347.9424720208294,487.11946082916114,695.8849440416589,0.14,0.07,0.07,True,False,4565.88,2026-07-21 17:45:00+00:00,66285.0,TP1_THEN_BE,365.0,33.4,4599.28,2026-07-21 11:40:00+00:00,2026-07
307,BTCUSD,BUY,2026-07-21 19:25:00+00:00,66353.0,66000.6528494144,66846.28601081984,67057.6943011712,66000.6528494144,352.3471505856011,493.2860108198415,704.6943011712023,0.14,0.07,0.07,False,False,4599.28,2026-07-21 21:05:00+00:00,66317.5,EOD_EXIT,100.0,-5.67,4593.61,2026-07-21 19:25:00+00:00,2026-07
308,BTCUSD,SELL,2026-07-22 12:05:00+00:00,65835.0,66118.5032358235,65438.0954698471,65267.993528353,66118.5032358235,283.5032358234995,396.90453015289927,567.006471646999,0.18,0.09,0.09,False,False,4593.61,2026-07-22 14:05:00+00:00,66118.5032358235,SL,120.0,-50.9,4542.71,2026-07-22 12:05:00+00:00,2026-07
309,BTCUSD,SELL,2026-07-22 14:25:00+00:00,65571.0,65878.80636150087,65140.071093898776,64955.38727699825,65878.80636150087,307.8063615008745,430.9289061012243,615.612723001749,0.16,0.08,0.08,False,False,4542.71,2026-07-22 15:00:00+00:00,65878.80636150087,SL,35.0,-50.8,4491.91,2026-07-22 14:25:00+00:00,2026-07
310,BTCUSD,SELL,2026-07-22 17:55:00+00:00,65980.0,66324.02482005008,65498.365251929885,65291.95035989984,66324.02482005008,344.0248200500803,481.6347480701124,688.0496401001606,0.15,0.07,0.08,False,False,4491.91,2026-07-22 21:05:00+00:00,65891.62,EOD_EXIT,190.0,12.51,4504.41,2026-07-22 17:55:00+00:00,2026-07
311,BTCUSD,SELL,2026-07-23 19:40:00+00:00,64676.0,64986.366469329645,64241.4869429385,64055.26706134071,64986.366469329645,310.3664693296434,434.5130570615007,620.7329386592868,0.16,0.08,0.08,False,False,4504.41,2026-07-23 20:05:00+00:00,64986.366469329645,SL,25.0,-50.8,4453.61,2026-07-23 19:40:00+00:00,2026-07
312,BTCUSD,SELL,2026-07-24 12:35:00+00:00,64958.0,65249.218225015844,64550.29448497782,64375.56354996831,65249.218225015844,291.2182250158436,407.705515022181,582.4364500316872,0.17,0.09,0.08,False,False,4453.61,2026-07-24 13:05:00+00:00,64375.56354996831,FULL_TP2,30.0,82.44,4536.05,2026-07-24 12:35:00+00:00,2026-07
313,BTCUSD,SELL,2026-07-24 16:30:00+00:00,63963.0,64326.0380884183,63454.746676214374,63236.92382316339,64326.0380884183,363.0380884183026,508.2533237856236,726.0761768366052,0.14,0.07,0.07,False,False,4536.05,2026-07-24 23:00:00+00:00,64082.41,EOD_EXIT,390.0,-17.42,4518.64,2026-07-24 16:30:00+00:00,2026-07
314,BTCUSD,BUY,2026-07-26 18:50:00+00:00,64687.29,64540.21243825482,64893.19858644325,64981.44512349035,64540.21243825482,147.07756174517797,205.90858644324916,294.15512349035595,0.34,0.17,0.17,False,False,4518.64,2026-07-26 21:05:00+00:00,64592.0,EOD_EXIT,135.0,-34.1,4484.54,2026-07-26 18:50:00+00:00,2026-07
315,BTCUSD,SELL,2026-07-27 18:30:00+00:00,64722.5,65066.50240882801,64240.89662764079,64034.495182343984,65066.50240882801,344.0024088280083,481.60337235921156,688.0048176560166,0.15,0.07,0.08,False,False,4484.54,2026-07-27 21:05:00+00:00,64846.83,EOD_EXIT,155.0,-19.4,4465.14,2026-07-27 18:30:00+00:00,2026-07
316,BTCUSD,SELL,2026-07-28 11:10:00+00:00,63276.0,63576.92739163092,62854.701651716714,62674.145216738165,63276.0,300.9273916309164,421.29834828328296,601.8547832618328,0.17,0.09,0.08,True,False,4465.14,2026-07-28 13:45:00+00:00,62674.145216738165,FULL_TP2,155.0,85.22,4550.35,2026-07-28 11:10:00+00:00,2026-07
317,BTCUSD,BUY,2026-07-29 08:45:00+00:00,64361.5,64024.389241162244,64833.45506237286,65035.72151767551,64024.389241162244,337.11075883775663,471.95506237285923,674.2215176755133,0.15,0.07,0.08,False,False,4550.35,2026-07-29 14:35:00+00:00,64024.389241162244,SL,350.0,-50.75,4499.6,2026-07-29 08:45:00+00:00,2026-07
318,BTCUSD,BUY,2026-07-29 17:50:00+00:00,64103.0,63728.95176729838,64626.66752578227,64851.09646540324,63728.95176729838,374.04823270162325,523.6675257822725,748.0964654032465,0.13,0.07,0.06,False,False,4499.6,2026-07-29 18:30:00+00:00,63728.95176729838,SL,40.0,-50.65,4448.95,2026-07-29 17:50:00+00:00,2026-07
319,BTCUSD,BUY,2026-07-30 16:05:00+00:00,64766.0,64405.422743384544,65270.80815926164,65487.15451323092,64405.422743384544,360.5772566154589,504.80815926164246,721.1545132309178,0.14,0.07,0.07,False,False,4448.95,2026-07-30 21:05:00+00:00,64693.0,EOD_EXIT,300.0,-10.92,4438.03,2026-07-30 16:05:00+00:00,2026-07
320,BTCUSD,SELL,2026-07-31 06:45:00+00:00,64187.0,64516.38442482718,63725.86180524195,63528.23115034564,64187.0,329.3844248271805,461.1381947580527,658.768849654361,0.15,0.07,0.08,True,False,4438.03,2026-07-31 10:05:00+00:00,63528.23115034564,FULL_TP2,200.0,84.23,4522.26,2026-07-31 06:45:00+00:00,2026-07
321,BTCUSD,SELL,2026-07-31 19:25:00+00:00,62940.0,63304.00130290265,62430.39817593629,62211.9973941947,63304.00130290265,364.00130290265025,509.6018240637103,728.0026058053005,0.14,0.07,0.07,False,False,4522.26,2026-07-31 23:00:00+00:00,62876.2,EOD_EXIT,215.0,8.23,4530.5,2026-07-31 19:25:00+00:00,2026-07
322,BTCUSD,BUY,2026-08-02 06:45:00+00:00,63416.5,63207.986097066554,63708.419464106824,63833.52780586689,63207.986097066554,208.51390293344693,291.91946410682567,417.02780586689386,0.24,0.12,0.12,False,False,4530.5,2026-08-02 08:35:00+00:00,63207.986097066554,SL,110.0,-51.2,4479.3,2026-08-02 06:45:00+00:00,2026-08
323,BTCUSD,SELL,2026-08-03 11:05:00+00:00,62507.5,62759.99028245926,62154.01360455704,62002.519435081485,62759.99028245926,252.4902824592591,353.4863954429627,504.9805649185182,0.2,0.1,0.1,False,False,4479.3,2026-08-03 13:15:00+00:00,62759.99028245926,SL,130.0,-51.0,4428.3,2026-08-03 11:05:00+00:00,2026-08
324,BTCUSD,BUY,2026-08-03 20:15:00+00:00,63909.0,63579.024546715846,64370.96563459782,64568.950906568316,63579.024546715846,329.9754532841571,461.96563459781987,659.9509065683142,0.15,0.07,0.08,False,False,4428.3,2026-08-03 21:05:00+00:00,63662.0,EOD_EXIT,50.0,-37.8,4390.5,2026-08-03 20:15:00+00:00,2026-08
325,BTCUSD,BUY,2026-08-04 10:45:00+00:00,63686.0,63392.8758251031,64096.373844855654,64272.24834979379,63686.0,293.1241748968934,410.37384485565076,586.2483497937868,0.17,0.09,0.08,True,False,4390.5,2026-08-04 18:20:00+00:00,64272.24834979379,FULL_TP2,455.0,82.98,4473.48,2026-08-04 10:45:00+00:00,2026-08
326,BTCUSD,BUY,2026-08-04 20:40:00+00:00,64336.0,64008.4664000705,64794.5470399013,64991.067199859004,64008.4664000705,327.53359992950055,458.54703990130076,655.0671998590011,0.15,0.07,0.08,False,False,4473.48,2026-08-04 21:05:00+00:00,64245.5,EOD_EXIT,25.0,-14.33,4459.15,2026-08-04 20:40:00+00:00,2026-08
327,BTCUSD,BUY,2026-08-05 08:25:00+00:00,64209.0,63909.28686650071,64628.59838689901,64808.42626699858,63909.28686650071,299.7131334992893,419.598386899005,599.4262669985786,0.17,0.09,0.08,False,False,4459.15,2026-08-05 13:30:00+00:00,63909.28686650071,SL,305.0,-50.85,4408.3,2026-08-05 08:25:00+00:00,2026-08
328,BTCUSD,BUY,2026-08-06 08:30:00+00:00,64826.0,64588.91003759334,65157.92594736932,65300.17992481331,64588.91003759334,237.08996240665564,331.9259473693179,474.1799248133113,0.21,0.1,0.11,False,False,4408.3,2026-08-06 09:30:00+00:00,64588.91003759334,SL,60.0,-51.05,4357.25,2026-08-06 08:30:00+00:00,2026-08
329,BTCUSD,BUY,2026-08-06 16:40:00+00:00,64635.0,64364.201709033725,65014.11760735279,65176.59658193255,64364.201709033725,270.7982909662761,379.11760735278654,541.5965819325522,0.18,0.09,0.09,False,False,4357.25,2026-08-06 18:30:00+00:00,64364.201709033725,SL,110.0,-50.9,4306.35,2026-08-06 16:40:00+00:00,2026-08
330,BTCUSD,BUY,2026-08-07 19:10:00+00:00,64775.0,64497.058982603456,65164.11742435516,65330.88203479308,64497.058982603456,277.94101739654104,389.1174243551574,555.8820347930821,0.18,0.09,0.09,False,False,4306.35,2026-08-07 23:00:00+00:00,64854.19,EOD_EXIT,230.0,13.35,4319.71,2026-08-07 19:10:00+00:00,2026-08
331,BTCUSD,BUY,2026-08-08 07:05:00+00:00,64963.41,64775.53093322661,65226.44069348276,65339.16813354679,64775.53093322661,187.87906677339316,263.0306934827504,375.7581335467863,0.27,0.14,0.13,False,False,4319.71,2026-08-08 21:05:00+00:00,65022.76,EOD_EXIT,840.0,14.67,4334.38,2026-08-08 07:05:00+00:00,2026-08
332,BTCUSD,SELL,2026-08-09 08:45:00+00:00,64767.41,64859.71377534142,64638.18471452202,64582.80244931717,64859.71377534142,92.30377534141664,129.22528547798328,184.60755068283328,0.54,0.27,0.27,False,False,4334.38,2026-08-09 10:10:00+00:00,64859.71377534142,SL,85.0,-52.7,4281.68,2026-08-09 08:45:00+00:00,2026-08
333,BTCUSD,BUY,2026-08-09 18:40:00+00:00,65177.0,65077.18587823273,65316.739770474174,65376.628243534535,65077.18587823273,99.8141217672678,139.73977047417492,199.6282435345356,0.5,0.25,0.25,False,False,4281.68,2026-08-09 20:10:00+00:00,65077.18587823273,SL,90.0,-52.5,4229.18,2026-08-09 18:40:00+00:00,2026-08
334,BTCUSD,SELL,2026-08-11 18:25:00+00:00,63393.0,63630.220076549114,63060.89189283124,62918.55984690177,63630.220076549114,237.22007654911488,332.1081071687608,474.44015309822976,0.21,0.1,0.11,False,False,4229.18,2026-08-11 20:05:00+00:00,63630.220076549114,SL,100.0,-51.05,4178.13,2026-08-11 18:25:00+00:00,2026-08
335,BTCUSD,SELL,2026-08-12 06:05:00+00:00,63656.0,63866.23984658944,63361.66421477479,63235.520306821134,63866.23984658944,210.23984658943436,294.3357852252081,420.47969317886873,0.24,0.12,0.12,False,False,4178.13,2026-08-12 09:15:00+00:00,63866.23984658944,SL,190.0,-51.2,4126.93,2026-08-12 06:05:00+00:00,2026-08
336,BTCUSD,SELL,2026-08-14 10:45:00+00:00,62751.1,62993.68023924862,62411.48766505192,62265.93952150275,62993.68023924862,242.58023924862482,339.6123349480747,485.16047849724964,0.21,0.1,0.11,False,False,4126.93,2026-08-14 15:55:00+00:00,62993.68023924862,SL,310.0,-51.05,4075.88,2026-08-14 10:45:00+00:00,2026-08
337,BTCUSD,SELL,2026-08-14 18:05:00+00:00,62959.17,63212.69303777796,62604.237747110856,62452.12392444409,63212.69303777796,253.5230377779568,354.9322528891395,507.0460755559136,0.2,0.1,0.1,False,False,4075.88,2026-08-14 23:00:00+00:00,62813.35,EOD_EXIT,295.0,28.16,4104.05,2026-08-14 18:05:00+00:00,2026-08
338,BTCUSD,SELL,2026-08-15 11:55:00+00:00,62939.37,63100.85084222631,62713.296820883166,62616.408315547385,63100.85084222631,161.48084222630942,226.07317911683316,322.96168445261884,0.31,0.15,0.16,False,False,4104.05,2026-08-15 21:05:00+00:00,63016.85,EOD_EXIT,550.0,-25.57,4078.48,2026-08-15 11:55:00+00:00,2026-08
339,BTCUSD,BUY,2026-08-16 19:20:00+00:00,63113.7,63030.22264036139,63230.56830349405,63280.65471927722,63030.22264036139,83.47735963860971,116.86830349405359,166.95471927721943,0.6,0.3,0.3,False,False,4078.48,2026-08-16 19:50:00+00:00,63030.22264036139,SL,30.0,-53.0,4025.48,2026-08-16 19:20:00+00:00,2026-08
340,BTCUSD,BUY,2026-08-17 10:30:00+00:00,63403.5,63227.18899756598,63650.335403407626,63756.12200486804,63403.5,176.31100243401852,246.8354034076259,352.62200486803704,0.28,0.14,0.14,True,False,4025.48,2026-08-17 13:15:00+00:00,63403.5,TP1_THEN_BE,165.0,33.16,4058.64,2026-08-17 10:30:00+00:00,2026-08
341,BTCUSD,BUY,2026-08-17 20:25:00+00:00,64342.0,64095.87962729689,64686.56852178435,64834.24074540622,64095.87962729689,246.12037270310893,344.56852178435247,492.24074540621785,0.2,0.1,0.1,False,False,4058.64,2026-08-17 21:05:00+00:00,64373.0,EOD_EXIT,40.0,5.2,4063.84,2026-08-17 20:25:00+00:00,2026-08
342,BTCUSD,BUY,2026-08-18 08:40:00+00:00,64211.0,63986.6805467012,64525.04723461832,64659.6389065976,63986.6805467012,224.31945329880165,314.0472346183223,448.6389065976033,0.22,0.11,0.11,False,False,4063.84,2026-08-18 13:25:00+00:00,63986.6805467012,SL,285.0,-51.1,4012.74,2026-08-18 08:40:00+00:00,2026-08
343,BTCUSD,BUY,2026-08-18 14:00:00+00:00,64303.0,64090.161337689635,64600.97412723451,64728.67732462073,64303.0,212.83866231036492,297.9741272345109,425.67732462072985,0.23,0.12,0.11,True,False,4012.74,2026-08-18 14:25:00+00:00,64728.67732462073,FULL_TP2,25.0,81.43,4094.17,2026-08-18 14:00:00+00:00,2026-08
344,BTCUSD,BUY,2026-08-18 18:25:00+00:00,64745.34,64493.2881324384,65098.212614586235,65249.44373512319,64493.2881324384,252.05186756159736,352.8726145862363,504.1037351231947,0.2,0.1,0.1,False,False,4094.17,2026-08-18 21:05:00+00:00,64586.0,EOD_EXIT,160.0,-32.87,4061.3,2026-08-18 18:25:00+00:00,2026-08
345,BTCUSD,SELL,2026-08-19 08:10:00+00:00,64183.0,64372.54175631762,63917.64154115533,63803.91648736476,64372.54175631762,189.54175631762038,265.3584588446685,379.08351263524077,0.26,0.13,0.13,False,False,4061.3,2026-08-19 08:35:00+00:00,64372.54175631762,SL,25.0,-51.3,4010.0,2026-08-19 08:10:00+00:00,2026-08
346,BTCUSD,BUY,2026-08-20 06:15:00+00:00,69433.5,68883.96962144563,70202.8425299761,70532.56075710873,68883.96962144563,549.5303785543623,769.3425299761071,1099.0607571087246,0.09,0.04,0.05,False,False,4010.0,2026-08-20 08:05:00+00:00,70532.56075710873,FULL_TP2,110.0,85.28,4095.28,2026-08-20 06:15:00+00:00,2026-08
347,BTCUSD,BUY,2026-08-20 15:00:00+00:00,72253.31,71591.67785952456,73179.5949966656,73576.57428095087,71591.67785952456,661.6321404754362,926.2849966656107,1323.2642809508725,0.08,0.04,0.04,False,False,4095.28,2026-08-20 21:05:00+00:00,72592.69,EOD_EXIT,365.0,26.75,4122.03,2026-08-20 15:00:00+00:00,2026-08
348,BTCUSD,BUY,2026-08-21 14:45:00+00:00,77303.0,76251.74220181626,78774.76091745723,79405.51559636748,76251.74220181626,1051.2577981837373,1471.7609174572322,2102.5155963674747,0.05,0.03,0.02,False,False,4122.03,2026-08-21 23:00:00+00:00,78368.22,EOD_EXIT,495.0,53.01,4175.04,2026-08-21 14:45:00+00:00,2026-08
349,BTCUSD,BUY,2026-08-23 16:30:00+00:00,77390.74,76884.18906834825,78099.91130431247,78403.84186330352,76884.18906834825,506.550931651754,709.1713043124556,1013.101863303508,0.1,0.05,0.05,False,False,4175.04,2026-08-23 21:05:00+00:00,77641.0,EOD_EXIT,275.0,24.53,4199.56,2026-08-23 16:30:00+00:00,2026-08
350,BTCUSD,BUY,2026-08-24 14:05:00+00:00,78913.14,78219.05395812815,79884.86045862059,80301.3120837437,78913.14,694.0860418718497,971.7204586205895,1388.1720837436994,0.07,0.04,0.03,True,False,4199.56,2026-08-24 15:55:00+00:00,78913.14,TP1_THEN_BE,110.0,38.52,4238.08,2026-08-24 14:05:00+00:00,2026-08
351,BTCUSD,BUY,2026-08-24 16:10:00+00:00,79475.5,78707.86504552886,80550.1889362596,81010.76990894227,78707.86504552886,767.6349544711363,1074.6889362595907,1535.2699089422727,0.07,0.04,0.03,False,False,4238.08,2026-08-24 17:00:00+00:00,78707.86504552886,SL,50.0,-50.35,4187.73,2026-08-24 16:10:00+00:00,2026-08
352,BTCUSD,BUY,2026-08-24 20:45:00+00:00,78844.5,78106.39329303805,79877.84938974673,80320.71341392389,78106.39329303805,738.1067069619463,1033.3493897467247,1476.2134139238926,0.07,0.04,0.03,False,False,4187.73,2026-08-24 21:05:00+00:00,78951.5,EOD_EXIT,20.0,7.14,4194.87,2026-08-24 20:45:00+00:00,2026-08
353,BTCUSD,BUY,2026-08-25 07:05:00+00:00,80705.0,80024.22995682544,81658.07806044439,82066.54008634912,80024.22995682544,680.7700431745599,953.0780604443837,1361.5400863491197,0.07,0.04,0.03,False,False,4194.87,2026-08-25 07:45:00+00:00,80024.22995682544,SL,40.0,-50.35,4144.52,2026-08-25 07:05:00+00:00,2026-08
354,BTCUSD,SELL,2026-08-25 18:55:00+00:00,79093.5,79794.47687776315,78112.13237113159,77691.5462444737,79093.5,700.9768777631479,981.3676288684069,1401.9537555262957,0.07,0.04,0.03,True,False,4144.52,2026-08-25 21:10:00+00:00,78261.0,EOD_EXIT,135.0,63.88,4208.4,2026-08-25 18:55:00+00:00,2026-08
355,BTCUSD,SELL,2026-08-26 06:20:00+00:00,78835.5,79412.96988080555,78027.04216687221,77680.56023838888,78835.5,577.4698808055612,808.4578331277855,1154.9397616111223,0.09,0.04,0.05,True,False,4208.4,2026-08-26 15:00:00+00:00,77680.56023838888,FULL_TP2,520.0,89.64,4298.04,2026-08-26 06:20:00+00:00,2026-08
356,BTCUSD,SELL,2026-08-26 16:35:00+00:00,77958.5,78543.28257768489,77139.80439124115,76788.93484463022,78543.28257768489,584.7825776848928,818.6956087588499,1169.5651553697855,0.09,0.04,0.05,False,False,4298.04,2026-08-26 17:30:00+00:00,78543.28257768489,SL,55.0,-50.45,4247.59,2026-08-26 16:35:00+00:00,2026-08
357,BTCUSD,SELL,2026-08-26 20:20:00+00:00,78309.5,78849.18719781493,77553.9379230591,77230.12560437014,78849.18719781493,539.6871978149271,755.5620769408979,1079.3743956298542,0.09,0.04,0.05,False,False,4247.59,2026-08-26 21:05:00+00:00,78596.5,EOD_EXIT,45.0,-26.28,4221.31,2026-08-26 20:20:00+00:00,2026-08
358,BTCUSD,BUY,2026-08-27 14:00:00+00:00,79672.0,79137.85243132884,80419.80659613962,80740.29513734233,79672.0,534.1475686711626,747.8065961396276,1068.2951373423252,0.09,0.04,0.05,True,False,4221.31,2026-08-27 15:10:00+00:00,80740.29513734233,FULL_TP2,70.0,82.88,4304.18,2026-08-27 14:00:00+00:00,2026-08
359,BTCUSD,SELL,2026-08-28 12:30:00+00:00,79456.79,79911.34498718465,78820.41301794148,78547.68002563067,79456.79,454.5549871846561,636.3769820585185,909.1099743693122,0.11,0.06,0.05,True,False,4304.18,2026-08-28 14:10:00+00:00,78547.68002563067,FULL_TP2,100.0,83.09,4387.27,2026-08-28 12:30:00+00:00,2026-08
360,BTCUSD,SELL,2026-08-28 15:40:00+00:00,78778.5,79296.76978383552,78052.92230263026,77741.96043232894,78778.5,518.2697838355278,725.577697369739,1036.5395676710557,0.1,0.05,0.05,True,False,4387.27,2026-08-28 16:15:00+00:00,77741.96043232894,FULL_TP2,35.0,87.61,4474.88,2026-08-28 15:40:00+00:00,2026-08
361,BTCUSD,SELL,2026-08-29 06:00:00+00:00,77566.0,78028.77225921517,76918.11883709875,76640.45548156965,78028.77225921517,462.77225921517424,647.8811629012439,925.5445184303485,0.11,0.06,0.05,False,False,4474.88,2026-08-29 14:45:00+00:00,78028.77225921517,SL,525.0,-50.55,4424.33,2026-08-29 06:00:00+00:00,2026-08
362,BTCUSD,BUY,2026-08-30 15:30:00+00:00,78770.5,78498.48563718348,79151.32010794313,79314.52872563303,78770.5,272.0143628165203,380.8201079431284,544.0287256330406,0.18,0.09,0.09,True,False,4424.33,2026-08-30 16:55:00+00:00,79314.52872563303,FULL_TP2,85.0,82.34,4506.66,2026-08-30 15:30:00+00:00,2026-08
363,BTCUSD,BUY,2026-08-30 18:35:00+00:00,79123.5,78800.73265484406,79575.37428321832,79769.03469031188,78800.73265484406,322.76734515593955,451.8742832183153,645.5346903118791,0.15,0.07,0.08,False,False,4506.66,2026-08-30 19:35:00+00:00,78800.73265484406,SL,60.0,-50.75,4455.91,2026-08-30 18:35:00+00:00,2026-08
364,BTCUSD,BUY,2026-08-31 20:15:00+00:00,79074.0,78568.26003581582,79782.03594985785,80085.47992836835,78568.26003581582,505.7399641841796,708.0359498578514,1011.4799283683592,0.1,0.05,0.05,False,False,4455.91,2026-08-31 21:05:00+00:00,78867.5,EOD_EXIT,50.0,-21.15,4434.76,2026-08-31 20:15:00+00:00,2026-08
365,BTCUSD,SELL,2026-09-02 15:10:00+00:00,76752.5,77262.17708418732,76038.95208213775,75733.14583162536,77262.17708418732,509.6770841873239,713.5479178622534,1019.3541683746478,0.1,0.05,0.05,False,False,4434.76,2026-09-02 15:30:00+00:00,77262.17708418732,SL,20.0,-50.5,4384.26,2026-09-02 15:10:00+00:00,2026-09
366,BTCUSD,SELL,2026-09-02 17:05:00+00:00,77048.88,77564.11396544724,76327.55244837388,76018.41206910554,77564.11396544724,515.2339654472332,721.3275516261265,1030.4679308944665,0.1,0.05,0.05,False,False,4384.26,2026-09-02 21:05:00+00:00,77257.27,EOD_EXIT,240.0,-21.34,4362.92,2026-09-02 17:05:00+00:00,2026-09
367,BTCUSD,BUY,2026-09-03 08:05:00+00:00,77883.5,77431.33942497802,78516.52480503076,78787.82115004394,77431.33942497802,452.1605750219682,633.0248050307555,904.3211500439364,0.11,0.06,0.05,False,False,4362.92,2026-09-03 10:40:00+00:00,77431.33942497802,SL,155.0,-50.55,4312.37,2026-09-03 08:05:00+00:00,2026-09
368,BTCUSD,BUY,2026-09-04 08:25:00+00:00,80947.0,80447.70309114389,81646.01567239856,81945.59381771222,80447.70309114389,499.2969088561075,699.0156723985505,998.593817712215,0.1,0.05,0.05,False,False,4312.37,2026-09-04 12:30:00+00:00,80447.70309114389,SL,245.0,-50.5,4261.87,2026-09-04 08:25:00+00:00,2026-09
369,BTCUSD,SELL,2026-09-04 17:45:00+00:00,79473.0,80116.97349437822,78571.43710787049,78185.05301124355,80116.97349437822,643.9734943782229,901.562892129512,1287.9469887564458,0.08,0.04,0.04,False,False,4261.87,2026-09-04 23:00:00+00:00,79670.5,EOD_EXIT,315.0,-16.2,4245.67,2026-09-04 17:45:00+00:00,2026-09
370,BTCUSD,SELL,2026-09-06 19:40:00+00:00,79791.92,80040.44908895828,79443.97927545839,79294.86182208342,80040.44908895828,248.5290889582874,347.9407245416023,497.0581779165748,0.2,0.1,0.1,False,False,4245.67,2026-09-06 21:05:00+00:00,80040.44908895828,SL,85.0,-51.0,4194.67,2026-09-06 19:40:00+00:00,2026-09
371,BTCUSD,SELL,2026-09-07 11:45:00+00:00,79372.5,79677.59854702259,78945.36203416839,78762.30290595483,79372.5,305.09854702258383,427.13796583161735,610.1970940451677,0.16,0.08,0.08,True,False,4194.67,2026-09-07 15:35:00+00:00,78762.30290595483,FULL_TP2,230.0,82.19,4276.86,2026-09-07 11:45:00+00:00,2026-09
372,BTCUSD,SELL,2026-09-07 20:35:00+00:00,79185.0,79484.38198097445,78765.86522663578,78586.23603805111,79484.38198097445,299.38198097444246,419.1347733642194,598.7639619488849,0.17,0.09,0.08,False,False,4276.86,2026-09-07 21:05:00+00:00,79170.5,EOD_EXIT,30.0,1.61,4278.48,2026-09-07 20:35:00+00:00,2026-09
373,BTCUSD,SELL,2026-09-08 11:00:00+00:00,78435.5,78783.45286511592,77948.36598883772,77739.59426976817,78435.5,347.95286511591326,487.1340111622785,695.9057302318265,0.14,0.07,0.07,True,False,4278.48,2026-09-08 13:40:00+00:00,77739.59426976817,FULL_TP2,160.0,82.11,4360.59,2026-09-08 11:00:00+00:00,2026-09
374,BTCUSD,SELL,2026-09-08 17:25:00+00:00,78566.5,78981.54731506792,77985.43375890491,77736.40536986415,78981.54731506792,415.04731506792376,581.0662410950932,830.0946301358475,0.12,0.06,0.06,False,False,4360.59,2026-09-08 21:05:00+00:00,78505.0,EOD_EXIT,220.0,6.78,4367.37,2026-09-08 17:25:00+00:00,2026-09
