trade_id,symbol,direction,entry_time,entry_price,sl_price,tp1_price,tp2_price,current_sl,sl_dist,tp1_dist,tp2_dist,total_lots,part_lots,run_lots,tp1_hit,tp2_hit,starting_balance,exit_time,exit_price,exit_reason,duration_m,net_pnl,ending_balance,entry_dt,month
1,GBPUSD,SELL,2026-01-02 19:40:00+00:00,1.34531,1.3469105660936156,1.343069207468938,1.3417887545940455,1.3469105660936156,0.0016005660936156724,0.002240792531061941,0.0035212454059544793,0.31,0.15,0.16,False,False,5000.0,2026-01-04 21:05:00+00:00,1.3452,EOD_EXIT,2965.0,1.86,5001.86,2026-01-02 19:40:00+00:00,2026-01
2,GBPUSD,SELL,2026-01-05 06:30:00+00:00,1.34231,1.3437771890384376,1.3402559353461871,1.339082184115437,1.3437771890384376,0.0014671890384376418,0.0020540646538126984,0.003227815884562812,0.34,0.17,0.17,False,False,5001.86,2026-01-05 07:25:00+00:00,1.3437771890384376,SL,55.0,-51.7,4950.16,2026-01-05 06:30:00+00:00,2026-01
3,GBPUSD,SELL,2026-01-05 07:45:00+00:00,1.3426,1.3440781041071206,1.340530654250031,1.3393481709643345,1.3440781041071206,0.0014781041071206644,0.00206934574996893,0.003251829035665462,0.34,0.17,0.17,False,False,4950.16,2026-01-05 08:55:00+00:00,1.3440781041071206,SL,70.0,-51.7,4898.46,2026-01-05 07:45:00+00:00,2026-01
4,GBPUSD,BUY,2026-01-06 07:10:00+00:00,1.35601,1.3546151632771153,1.3579627714120386,1.3590786407903463,1.3546151632771153,0.0013948367228847182,0.0019527714120386053,0.0030686407903463804,0.36,0.18,0.18,False,False,4898.46,2026-01-06 08:10:00+00:00,1.3546151632771153,SL,60.0,-51.8,4846.66,2026-01-06 07:10:00+00:00,2026-01
5,GBPUSD,SELL,2026-01-06 17:40:00+00:00,1.3502100000000001,1.3519044090174281,1.3478378273756009,1.3464823001616586,1.3519044090174281,0.0016944090174280016,0.002372172624399202,0.0037276998383416037,0.3,0.15,0.15,False,False,4846.66,2026-01-06 21:05:00+00:00,1.34995,EOD_EXIT,205.0,6.3,4852.96,2026-01-06 17:40:00+00:00,2026-01
6,GBPUSD,SELL,2026-01-07 11:10:00+00:00,1.34939,1.3506257936314927,1.3476598889159106,1.3466712540107166,1.34939,0.0012357936314925163,0.0017301110840895226,0.002718745989283536,0.4,0.2,0.2,True,False,4852.96,2026-01-07 14:35:00+00:00,1.34939,TP1_THEN_BE,205.0,32.6,4885.56,2026-01-07 11:10:00+00:00,2026-01
7,GBPUSD,SELL,2026-01-08 06:10:00+00:00,1.3452,1.3461876023406192,1.343817356723133,1.3430272748506378,1.3452,0.0009876023406191637,0.0013826432768668292,0.00217272514936216,0.51,0.26,0.25,True,False,4885.56,2026-01-08 12:40:00+00:00,1.3430272748506378,FULL_TP2,390.0,87.72,4973.28,2026-01-08 06:10:00+00:00,2026-01
8,GBPUSD,SELL,2026-01-08 15:25:00+00:00,1.34315,1.344451173759285,1.3413283567370011,1.3402874177295732,1.344451173759285,0.0013011737592849497,0.0018216432629989295,0.0028625822704268894,0.38,0.19,0.19,False,False,4973.28,2026-01-08 20:45:00+00:00,1.344451173759285,SL,320.0,-51.9,4921.38,2026-01-08 15:25:00+00:00,2026-01
9,GBPUSD,SELL,2026-01-09 07:25:00+00:00,1.34196,1.3430121154173424,1.3404870384157208,1.339645346081847,1.34196,0.00105211541734234,0.001472961584279276,0.0023146539181531484,0.48,0.24,0.24,True,False,4921.38,2026-01-09 12:00:00+00:00,1.34196,TP1_THEN_BE,275.0,32.95,4954.33,2026-01-09 07:25:00+00:00,2026-01
10,GBPUSD,SELL,2026-01-09 15:20:00+00:00,1.34088,1.3425344230780392,1.3385638076907453,1.337240269228314,1.3425344230780392,0.0016544230780390886,0.0023161923092547237,0.003639730771685995,0.3,0.15,0.15,False,False,4954.33,2026-01-11 21:05:00+00:00,1.3399,EOD_EXIT,3225.0,27.9,4982.23,2026-01-09 15:20:00+00:00,2026-01
11,GBPUSD,BUY,2026-01-12 14:30:00+00:00,1.3474,1.345726352561438,1.3497431064139866,1.3510820243648363,1.345726352561438,0.0016736474385619818,0.0023431064139867743,0.0036820243648363602,0.3,0.15,0.15,False,False,4982.23,2026-01-12 16:20:00+00:00,1.345726352561438,SL,110.0,-51.5,4930.73,2026-01-12 14:30:00+00:00,2026-01
12,GBPUSD,BUY,2026-01-12 18:25:00+00:00,1.34628,1.344722210940942,1.348460904682681,1.3497071359299273,1.344722210940942,0.001557789059057894,0.0021809046826810514,0.003427135929927367,0.32,0.16,0.16,False,False,4930.73,2026-01-12 21:05:00+00:00,1.34628,EOD_EXIT,160.0,-1.6,4929.13,2026-01-12 18:25:00+00:00,2026-01
13,GBPUSD,BUY,2026-01-13 07:10:00+00:00,1.34706,1.3459276278591454,1.3486453209971963,1.3495512187098797,1.3459276278591454,0.0011323721408544785,0.0015853209971962697,0.0024912187098798527,0.44,0.22,0.22,False,False,4929.13,2026-01-13 11:45:00+00:00,1.3459276278591454,SL,275.0,-52.2,4876.93,2026-01-13 07:10:00+00:00,2026-01
14,GBPUSD,BUY,2026-01-13 12:40:00+00:00,1.34741,1.3462516672009908,1.3490316659186128,1.3499583321578201,1.3462516672009908,0.0011583327990091245,0.0016216659186127742,0.0025483321578200742,0.43,0.21,0.22,False,False,4876.93,2026-01-13 13:35:00+00:00,1.3462516672009908,SL,55.0,-52.15,4824.78,2026-01-13 12:40:00+00:00,2026-01
15,GBPUSD,SELL,2026-01-13 18:20:00+00:00,1.3429,1.3444339812704598,1.3407524262213564,1.3395252412049885,1.3444339812704598,0.0015339812704597393,0.0021475737786436347,0.0033747587950114268,0.33,0.17,0.16,False,False,4824.78,2026-01-13 21:05:00+00:00,1.34227,EOD_EXIT,165.0,19.14,4843.92,2026-01-13 18:20:00+00:00,2026-01
16,GBPUSD,BUY,2026-01-14 14:55:00+00:00,1.34555,1.3442972592061673,1.347303837111366,1.3483060297464322,1.3442972592061673,0.0012527407938328363,0.0017538371113659708,0.00275602974643224,0.4,0.2,0.2,False,False,4843.92,2026-01-14 15:50:00+00:00,1.3442972592061673,SL,55.0,-52.0,4791.92,2026-01-14 14:55:00+00:00,2026-01
17,GBPUSD,SELL,2026-01-15 18:30:00+00:00,1.33875,1.340181726982672,1.3367455822242595,1.335600200638122,1.340181726982672,0.0014317269826718498,0.0020044177757405895,0.00314979936187807,0.35,0.17,0.18,False,False,4791.92,2026-01-15 21:05:00+00:00,1.33781,EOD_EXIT,155.0,31.15,4823.07,2026-01-15 18:30:00+00:00,2026-01
18,GBPUSD,BUY,2026-01-16 12:45:00+00:00,1.34064,1.3394998375655067,1.3422362274082906,1.3431483573558853,1.3394998375655067,0.001140162434493281,0.0015962274082905934,0.0025083573558852186,0.44,0.22,0.22,False,False,4823.07,2026-01-16 13:40:00+00:00,1.3394998375655067,SL,55.0,-52.2,4770.87,2026-01-16 12:45:00+00:00,2026-01
19,GBPUSD,SELL,2026-01-16 18:10:00+00:00,1.3376299999999999,1.3389693506705158,1.3357549090612775,1.3346834285248648,1.3376299999999999,0.0013393506705159655,0.0018750909387223514,0.002946571475135124,0.37,0.18,0.19,True,False,4770.87,2026-01-18 21:10:00+00:00,1.3346834285248648,FULL_TP2,3060.0,87.89,4858.76,2026-01-16 18:10:00+00:00,2026-01
20,GBPUSD,BUY,2026-01-19 07:40:00+00:00,1.33981,1.3382783699314664,1.341954282095947,1.3431795861507736,1.33981,0.001531630068533517,0.0021442820959469235,0.0033695861507737376,0.33,0.17,0.16,True,False,4858.76,2026-01-19 15:30:00+00:00,1.3431795861507736,FULL_TP2,470.0,88.72,4947.47,2026-01-19 07:40:00+00:00,2026-01
21,GBPUSD,BUY,2026-01-19 20:00:00+00:00,1.34275,1.3415459686322888,1.3444356439147958,1.3453988690089649,1.3415459686322888,0.0012040313677112522,0.001685643914795753,0.002648869008964755,0.42,0.21,0.21,False,False,4947.47,2026-01-19 21:05:00+00:00,1.3425099999999999,EOD_EXIT,65.0,-12.18,4935.29,2026-01-19 20:00:00+00:00,2026-01
22,GBPUSD,BUY,2026-01-20 06:25:00+00:00,1.34456,1.3434772966019404,1.3460757847572835,1.3469419474757311,1.34456,0.0010827033980596449,0.0015157847572835027,0.002381947475731219,0.46,0.23,0.23,True,False,4935.29,2026-01-20 06:35:00+00:00,1.3469419474757311,FULL_TP2,10.0,87.35,5022.64,2026-01-20 06:25:00+00:00,2026-01
23,GBPUSD,BUY,2026-01-20 15:55:00+00:00,1.34687,1.344997607702277,1.3494913492168124,1.350989263054991,1.344997607702277,0.0018723922977231255,0.0026213492168123756,0.004119263054990876,0.27,0.14,0.13,False,False,5022.64,2026-01-20 17:35:00+00:00,1.344997607702277,SL,100.0,-51.35,4971.29,2026-01-20 15:55:00+00:00,2026-01
24,GBPUSD,BUY,2026-01-23 06:40:00+00:00,1.35002,1.3486124062705722,1.351990631221199,1.3531167062047413,1.3486124062705722,0.0014075937294278438,0.001970631221198981,0.003096706204741257,0.36,0.18,0.18,False,False,4971.29,2026-01-23 07:05:00+00:00,1.3486124062705722,SL,25.0,-51.8,4919.49,2026-01-23 06:40:00+00:00,2026-01
25,GBPUSD,BUY,2026-01-23 07:45:00+00:00,1.34951,1.3479986629655312,1.351625871848256,1.3528349414758312,1.34951,0.001511337034468718,0.002115871848256205,0.0033249414758311797,0.33,0.17,0.16,True,False,4919.49,2026-01-23 08:45:00+00:00,1.3528349414758312,FULL_TP2,60.0,87.52,5007.01,2026-01-23 07:45:00+00:00,2026-01
26,GBPUSD,BUY,2026-01-23 11:35:00+00:00,1.35289,1.3512061397063342,1.3552474044111318,1.3565944926460645,1.35289,0.0016838602936656841,0.0023574044111319575,0.0037044926460645055,0.3,0.15,0.15,True,False,5007.01,2026-01-23 14:50:00+00:00,1.3565944926460645,FULL_TP2,195.0,89.43,5096.44,2026-01-23 11:35:00+00:00,2026-01
27,GBPUSD,BUY,2026-01-26 06:05:00+00:00,1.36665,1.3647465319276144,1.3693148553013397,1.370837629759248,1.3647465319276144,0.0019034680723855025,0.0026648553013397035,0.004187629759248106,0.26,0.13,0.13,False,False,5096.44,2026-01-26 06:50:00+00:00,1.3647465319276144,SL,45.0,-51.3,5045.14,2026-01-26 06:05:00+00:00,2026-01
28,GBPUSD,BUY,2026-01-26 07:45:00+00:00,1.36624,1.3642460653613562,1.3690315084941012,1.370626656205016,1.36624,0.0019939346386436893,0.0027915084941011648,0.004386656205016117,0.25,0.12,0.13,True,False,5045.14,2026-01-26 14:50:00+00:00,1.370626656205016,FULL_TP2,425.0,89.27,5134.41,2026-01-26 07:45:00+00:00,2026-01
29,GBPUSD,BUY,2026-01-26 17:20:00+00:00,1.36987,1.367854504402325,1.372691693836745,1.3743040903148849,1.367854504402325,0.002015495597675025,0.0028216938367450345,0.0044340903148850554,0.25,0.12,0.13,False,False,5134.41,2026-01-26 18:15:00+00:00,1.367854504402325,SL,55.0,-51.25,5083.16,2026-01-26 17:20:00+00:00,2026-01
30,GBPUSD,BUY,2026-01-27 08:30:00+00:00,1.36812,1.3665768519133823,1.3702804073212649,1.3715149257905592,1.36812,0.001543148086617817,0.0021604073212649435,0.0033949257905591976,0.32,0.16,0.16,True,False,5083.16,2026-01-27 11:10:00+00:00,1.3715149257905592,FULL_TP2,160.0,87.29,5170.45,2026-01-27 08:30:00+00:00,2026-01
31,GBPUSD,BUY,2026-01-27 15:20:00+00:00,1.37647,1.3743031053538772,1.379503652504572,1.3812371682214704,1.3743031053538772,0.0021668946461228782,0.0030336525045720295,0.004767168221470332,0.23,0.12,0.11,False,False,5170.45,2026-01-27 19:45:00+00:00,1.3812371682214704,FULL_TP2,265.0,87.69,5258.14,2026-01-27 15:20:00+00:00,2026-01
32,GBPUSD,BUY,2026-01-28 15:00:00+00:00,1.37897,1.3763549872251466,1.382631017884795,1.3847230281046778,1.3763549872251466,0.002615012774853515,0.003661017884794921,0.005753028104677734,0.19,0.1,0.09,False,False,5258.14,2026-01-28 15:30:00+00:00,1.3763549872251466,SL,30.0,-50.95,5207.19,2026-01-28 15:00:00+00:00,2026-01
33,GBPUSD,BUY,2026-01-28 18:45:00+00:00,1.3784399999999999,1.3758332350341278,1.382089470952221,1.3841748829249185,1.3758332350341278,0.002606764965872148,0.003649470952221007,0.005734882924918726,0.19,0.1,0.09,False,False,5207.19,2026-01-28 21:05:00+00:00,1.3802699999999999,EOD_EXIT,140.0,33.82,5241.01,2026-01-28 18:45:00+00:00,2026-01
34,GBPUSD,BUY,2026-01-29 07:10:00+00:00,1.38446,1.382287372057529,1.3875016791194592,1.389239781473436,1.382287372057529,0.002172627942470893,0.00304167911945925,0.004779781473435964,0.23,0.12,0.11,False,False,5241.01,2026-01-29 07:40:00+00:00,1.382287372057529,SL,30.0,-51.15,5189.86,2026-01-29 07:10:00+00:00,2026-01
35,GBPUSD,SELL,2026-01-29 18:30:00+00:00,1.37917,1.3818229400839612,1.3754558838824544,1.3733335318152855,1.3818229400839612,0.002652940083961113,0.0037141161175455583,0.0058364681847144495,0.19,0.1,0.09,False,False,5189.86,2026-01-29 21:05:00+00:00,1.38082,EOD_EXIT,155.0,-32.3,5157.56,2026-01-29 18:30:00+00:00,2026-01
36,GBPUSD,SELL,2026-01-30 08:10:00+00:00,1.37518,1.3775489356646933,1.3718634900694295,1.3699683415376749,1.3775489356646933,0.0023689356646932635,0.0033165099305705686,0.00521165846232518,0.21,0.1,0.11,False,False,5157.56,2026-01-30 10:50:00+00:00,1.3775489356646933,SL,160.0,-51.05,5106.51,2026-01-30 08:10:00+00:00,2026-01
37,GBPUSD,SELL,2026-01-30 18:45:00+00:00,1.36943,1.3720888669751201,1.3657075862348318,1.3635804926547357,1.3720888669751201,0.0026588669751200817,0.003722413765168114,0.00584950734526418,0.19,0.1,0.09,False,False,5106.51,2026-02-01 21:05:00+00:00,1.36921,EOD_EXIT,3020.0,3.23,5109.74,2026-01-30 18:45:00+00:00,2026-01
38,GBPUSD,SELL,2026-02-02 17:15:00+00:00,1.3648500000000001,1.3673629370533396,1.361331888125325,1.3593215384826534,1.3673629370533396,0.0025129370533393887,0.003518111874675144,0.005528461517346655,0.2,0.1,0.1,False,False,5109.74,2026-02-02 21:05:00+00:00,1.36631,EOD_EXIT,230.0,-30.2,5079.54,2026-02-02 17:15:00+00:00,2026-02
39,GBPUSD,BUY,2026-02-03 06:30:00+00:00,1.37008,1.368417649523151,1.3724072906675884,1.3737371710490676,1.368417649523151,0.0016623504768488668,0.0023272906675884135,0.0036571710490675073,0.3,0.15,0.15,False,False,5079.54,2026-02-03 07:15:00+00:00,1.368417649523151,SL,45.0,-51.5,5028.04,2026-02-03 06:30:00+00:00,2026-02
40,GBPUSD,BUY,2026-02-03 19:05:00+00:00,1.3688500000000001,1.366829573204781,1.3716785975133068,1.373294938949482,1.366829573204781,0.0020204267952189966,0.002828597513306595,0.004444938949481793,0.25,0.12,0.13,False,False,5028.04,2026-02-03 21:05:00+00:00,1.36944,EOD_EXIT,120.0,13.5,5041.54,2026-02-03 19:05:00+00:00,2026-02
41,GBPUSD,BUY,2026-02-04 10:35:00+00:00,1.37141,1.3697300077354027,1.3737619891704362,1.375105982982114,1.3697300077354027,0.0016799922645972878,0.002351989170436203,0.0036959829821140333,0.3,0.15,0.15,False,False,5041.54,2026-02-04 13:05:00+00:00,1.3697300077354027,SL,150.0,-51.5,4990.04,2026-02-04 10:35:00+00:00,2026-02
42,GBPUSD,SELL,2026-02-04 19:45:00+00:00,1.36514,1.367111031898054,1.3623805553427246,1.3608037298242814,1.367111031898054,0.001971031898053857,0.0027594446572753993,0.0043362701757184855,0.25,0.12,0.13,False,False,4990.04,2026-02-04 21:05:00+00:00,1.3651900000000001,EOD_EXIT,80.0,-2.5,4987.54,2026-02-04 19:45:00+00:00,2026-02
43,GBPUSD,SELL,2026-02-05 07:40:00+00:00,1.36133,1.3628317028200492,1.359227616051931,1.3580262537958916,1.36133,0.0015017028200492856,0.002102383948069,0.0033037462041084287,0.33,0.17,0.16,True,False,4987.54,2026-02-05 08:10:00+00:00,1.3580262537958916,FULL_TP2,30.0,86.95,5074.49,2026-02-05 07:40:00+00:00,2026-02
44,GBPUSD,SELL,2026-02-05 11:05:00+00:00,1.35664,1.3587168771929257,1.3537323719299044,1.352070870175564,1.3587168771929257,0.002076877192925532,0.0029076280700957445,0.00456912982443617,0.24,0.12,0.12,False,False,5074.49,2026-02-05 12:00:00+00:00,1.3587168771929257,SL,55.0,-51.2,5023.29,2026-02-05 11:05:00+00:00,2026-02
45,GBPUSD,SELL,2026-02-05 12:45:00+00:00,1.35742,1.3598563859648596,1.354009059649197,1.3520599508773092,1.35742,0.0024363859648594346,0.0034109403508032084,0.005360049122690756,0.21,0.1,0.11,True,False,5023.29,2026-02-05 15:00:00+00:00,1.3520599508773092,FULL_TP2,135.0,92.02,5115.31,2026-02-05 12:45:00+00:00,2026-02
46,GBPUSD,SELL,2026-02-05 17:45:00+00:00,1.35423,1.356978326448895,1.350382342971547,1.3481836818124309,1.356978326448895,0.002748326448895103,0.003847657028453144,0.006046318187569228,0.18,0.09,0.09,False,False,5115.31,2026-02-05 21:05:00+00:00,1.3532,EOD_EXIT,200.0,17.64,5132.95,2026-02-05 17:45:00+00:00,2026-02
47,GBPUSD,BUY,2026-02-06 18:45:00+00:00,1.3618299999999999,1.3601211031724874,1.3642224555585174,1.3655895730205272,1.3601211031724874,0.001708896827512466,0.0023924555585174523,0.0037595730205274257,0.29,0.14,0.15,False,False,5132.95,2026-02-08 21:05:00+00:00,1.3601211031724874,SL,3020.0,-51.45,5081.5,2026-02-06 18:45:00+00:00,2026-02
48,GBPUSD,BUY,2026-02-09 08:05:00+00:00,1.36059,1.358900178467837,1.362955750145028,1.3643076073707585,1.36059,0.001689821532162961,0.002365750145028145,0.0037176073707585145,0.3,0.15,0.15,True,False,5081.5,2026-02-09 10:55:00+00:00,1.3643076073707585,FULL_TP2,170.0,89.75,5171.25,2026-02-09 08:05:00+00:00,2026-02
49,GBPUSD,BUY,2026-02-09 14:00:00+00:00,1.36581,1.3636835397015383,1.3687870444178463,1.3704882126566156,1.36581,0.002126460298461691,0.002977044417846367,0.00467821265661572,0.24,0.12,0.12,True,False,5171.25,2026-02-09 21:05:00+00:00,1.369,EOD_EXIT,425.0,72.8,5244.06,2026-02-09 14:00:00+00:00,2026-02
50,GBPUSD,SELL,2026-02-10 19:50:00+00:00,1.36465,1.3664343769053708,1.3621518723324806,1.3607243708081838,1.3664343769053708,0.0017843769053709879,0.002498127667519383,0.003925629191816174,0.28,0.14,0.14,False,False,5244.06,2026-02-10 21:05:00+00:00,1.36443,EOD_EXIT,75.0,4.76,5248.82,2026-02-10 19:50:00+00:00,2026-02
51,GBPUSD,BUY,2026-02-11 06:20:00+00:00,1.36714,1.3657146119286818,1.3691355432998455,1.3702758537569002,1.36714,0.00142538807131823,0.001995543299845522,0.0031358537569001065,0.35,0.17,0.18,True,False,5248.82,2026-02-11 09:40:00+00:00,1.3702758537569002,FULL_TP2,200.0,88.62,5337.44,2026-02-11 06:20:00+00:00,2026-02
52,GBPUSD,SELL,2026-02-11 17:15:00+00:00,1.36491,1.3671995759121676,1.3617045937229655,1.3598729329932315,1.3671995759121676,0.002289575912167547,0.003205406277034566,0.005037067006768604,0.22,0.11,0.11,False,False,5337.44,2026-02-11 21:05:00+00:00,1.36286,EOD_EXIT,230.0,44.0,5381.44,2026-02-11 17:15:00+00:00,2026-02
53,GBPUSD,SELL,2026-02-12 11:40:00+00:00,1.36313,1.3648219404577913,1.360761283359092,1.359407730992859,1.3648219404577913,0.001691940457791409,0.0023687166409079724,0.0037222690071411,0.3,0.15,0.15,False,False,5381.44,2026-02-12 12:35:00+00:00,1.3648219404577913,SL,55.0,-51.5,5329.94,2026-02-12 11:40:00+00:00,2026-02
54,GBPUSD,SELL,2026-02-12 19:30:00+00:00,1.36163,1.363582535549778,1.3588964502303107,1.3573344217904884,1.363582535549778,0.0019525355497779986,0.002733549769689198,0.004295578209511597,0.26,0.13,0.13,False,False,5329.94,2026-02-12 21:05:00+00:00,1.3618299999999999,EOD_EXIT,95.0,-6.5,5323.44,2026-02-12 19:30:00+00:00,2026-02
55,GBPUSD,BUY,2026-02-13 19:50:00+00:00,1.36528,1.3634392792768397,1.3678570090124245,1.3693295855909526,1.3634392792768397,0.0018407207231602917,0.002577009012424408,0.004049585590952642,0.27,0.14,0.13,False,False,5323.44,2026-02-15 21:05:00+00:00,1.3645800000000001,EOD_EXIT,2955.0,-20.25,5303.19,2026-02-13 19:50:00+00:00,2026-02
56,GBPUSD,BUY,2026-02-16 06:40:00+00:00,1.36481,1.363543432972207,1.3665831938389104,1.367596447461145,1.363543432972207,0.001266567027793131,0.0017731938389103832,0.0027864474611448884,0.39,0.2,0.19,False,False,5303.19,2026-02-16 12:10:00+00:00,1.363543432972207,SL,330.0,-51.95,5251.24,2026-02-16 06:40:00+00:00,2026-02
57,GBPUSD,SELL,2026-02-17 06:00:00+00:00,1.35884,1.3597451089961492,1.3575728474053912,1.3568487602084718,1.35884,0.0009051089961492159,0.0012671525946089022,0.0019912397915282753,0.55,0.28,0.27,True,False,5251.24,2026-02-17 06:30:00+00:00,1.3568487602084718,FULL_TP2,30.0,86.49,5337.73,2026-02-17 06:00:00+00:00,2026-02
58,GBPUSD,SELL,2026-02-17 10:15:00+00:00,1.35861,1.3600119949510365,1.356647207068549,1.3555256111077199,1.35861,0.0014019949510364863,0.001962792931451081,0.00308438889228027,0.36,0.18,0.18,True,False,5337.73,2026-02-17 11:25:00+00:00,1.3555256111077199,FULL_TP2,70.0,89.05,5426.78,2026-02-17 10:15:00+00:00,2026-02
59,GBPUSD,SELL,2026-02-18 15:35:00+00:00,1.3543,1.3558087768571079,1.352187712400049,1.3509806909143627,1.3543,0.0015087768571079155,0.0021122875999510815,0.0033193090856374146,0.33,0.17,0.16,True,False,5426.78,2026-02-18 17:30:00+00:00,1.3509806909143627,FULL_TP2,115.0,87.37,5514.15,2026-02-18 15:35:00+00:00,2026-02
60,GBPUSD,SELL,2026-02-19 15:05:00+00:00,1.34451,1.346308502845745,1.341992096015957,1.340553293739361,1.346308502845745,0.0017985028457450647,0.0025179039840430902,0.003956706260639143,0.28,0.14,0.14,False,False,5514.15,2026-02-19 17:40:00+00:00,1.346308502845745,SL,155.0,-51.4,5462.75,2026-02-19 15:05:00+00:00,2026-02
61,GBPUSD,SELL,2026-02-19 18:35:00+00:00,1.34471,1.3464873362799206,1.3422217292081113,1.3407998601841749,1.3464873362799206,0.001777336279920527,0.0024882707918887376,0.00391013981582516,0.28,0.14,0.14,False,False,5462.75,2026-02-19 20:15:00+00:00,1.3464873362799206,SL,100.0,-51.4,5411.35,2026-02-19 18:35:00+00:00,2026-02
62,GBPUSD,SELL,2026-02-20 07:00:00+00:00,1.3441100000000001,1.3455554163762482,1.342086417073253,1.3409300839722544,1.3455554163762482,0.0014454163762480786,0.00202358292674731,0.003179916027745773,0.35,0.17,0.18,False,False,5411.35,2026-02-20 08:05:00+00:00,1.3455554163762482,SL,65.0,-51.75,5359.6,2026-02-20 07:00:00+00:00,2026-02
63,GBPUSD,BUY,2026-02-20 12:50:00+00:00,1.3481,1.3465258688667925,1.3503037835864908,1.351563088493057,1.3465258688667925,0.0015741311332076549,0.0022037835864907166,0.003463088493056841,0.32,0.16,0.16,False,False,5359.6,2026-02-20 14:05:00+00:00,1.3465258688667925,SL,75.0,-51.6,5308.0,2026-02-20 12:50:00+00:00,2026-02
64,GBPUSD,BUY,2026-02-20 15:55:00+00:00,1.34978,1.3478029241619325,1.3525479061732946,1.3541295668437485,1.3478029241619325,0.001977075838067486,0.0027679061732944804,0.0043495668437484696,0.25,0.12,0.13,False,False,5308.0,2026-02-20 16:15:00+00:00,1.3478029241619325,SL,20.0,-51.25,5256.75,2026-02-20 15:55:00+00:00,2026-02
65,GBPUSD,BUY,2026-02-20 17:20:00+00:00,1.34947,1.3473960417518704,1.3523735415473814,1.3540327081458852,1.3473960417518704,0.002073958248129609,0.0029035415473814526,0.00456270814588514,0.24,0.12,0.12,False,False,5256.75,2026-02-22 21:05:00+00:00,1.34885,EOD_EXIT,3105.0,-16.08,5240.67,2026-02-20 17:20:00+00:00,2026-02
66,GBPUSD,BUY,2026-02-23 15:45:00+00:00,1.35098,1.3490974177709882,1.3536156151206165,1.355121680903826,1.3490974177709882,0.0018825822290117786,0.00263561512061649,0.004141680903825913,0.27,0.14,0.13,False,False,5240.67,2026-02-23 16:20:00+00:00,1.3490974177709882,SL,35.0,-51.35,5189.32,2026-02-23 15:45:00+00:00,2026-02
67,GBPUSD,SELL,2026-02-23 18:00:00+00:00,1.34957,1.351460438468345,1.3469233861443168,1.3454110353696407,1.351460438468345,0.001890438468345092,0.002646613855683129,0.004158964630359203,0.26,0.13,0.13,False,False,5189.32,2026-02-23 21:05:00+00:00,1.34888,EOD_EXIT,185.0,16.64,5205.96,2026-02-23 18:00:00+00:00,2026-02
68,GBPUSD,BUY,2026-02-25 06:55:00+00:00,1.3525800000000001,1.3512984419069056,1.3543741813303323,1.3553994278048078,1.3512984419069056,0.0012815580930944411,0.0017941813303322175,0.0028194278048077706,0.39,0.2,0.19,False,False,5205.96,2026-02-25 07:25:00+00:00,1.3512984419069056,SL,30.0,-51.95,5154.01,2026-02-25 06:55:00+00:00,2026-02
69,GBPUSD,BUY,2026-02-25 19:30:00+00:00,1.3555,1.35396890921764,1.357643527095304,1.358868399721192,1.35396890921764,0.0015310907823601085,0.002143527095304152,0.003368399721192239,0.33,0.17,0.16,False,False,5154.01,2026-02-25 21:05:00+00:00,1.35545,EOD_EXIT,95.0,-3.3,5150.71,2026-02-25 19:30:00+00:00,2026-02
70,GBPUSD,SELL,2026-02-26 11:00:00+00:00,1.35287,1.3542284184911582,1.3509682141123787,1.349881479319452,1.3542284184911582,0.001358418491158138,0.001901785887621393,0.0029885206805479038,0.37,0.18,0.19,False,False,5150.71,2026-02-26 11:50:00+00:00,1.3542284184911582,SL,50.0,-51.85,5098.86,2026-02-26 11:00:00+00:00,2026-02
71,GBPUSD,SELL,2026-02-26 14:15:00+00:00,1.3527,1.3542128190324616,1.3505820533545538,1.3493717981285847,1.3527,0.0015128190324615281,0.002117946645446139,0.003328201871415362,0.33,0.17,0.16,True,False,5098.86,2026-02-26 16:10:00+00:00,1.3493717981285847,FULL_TP2,115.0,87.61,5186.46,2026-02-26 14:15:00+00:00,2026-02
72,GBPUSD,SELL,2026-02-26 20:45:00+00:00,1.34816,1.3501720668512982,1.3453431064081824,1.3437334529271439,1.3501720668512982,0.0020120668512982253,0.002816893591817515,0.0044265470728560965,0.25,0.12,0.13,False,False,5186.46,2026-02-26 21:05:00+00:00,1.3479700000000001,EOD_EXIT,20.0,3.5,5189.96,2026-02-26 20:45:00+00:00,2026-02
73,GBPUSD,SELL,2026-02-27 08:45:00+00:00,1.34839,1.3501525143821158,1.3459224798650378,1.3445124683593452,1.34839,0.0017625143821158383,0.0024675201349621733,0.0038775316406548447,0.28,0.14,0.14,True,False,5189.96,2026-02-27 12:35:00+00:00,1.3445124683593452,FULL_TP2,230.0,87.43,5277.39,2026-02-27 08:45:00+00:00,2026-02
74,GBPUSD,SELL,2026-02-27 14:50:00+00:00,1.34507,1.3469945030958383,1.3423756956658264,1.3408360931891556,1.3469945030958383,0.0019245030958383257,0.002694304334173656,0.004233906810844317,0.26,0.13,0.13,False,False,5277.39,2026-02-27 17:30:00+00:00,1.3469945030958383,SL,160.0,-51.3,5226.09,2026-02-27 14:50:00+00:00,2026-02
75,GBPUSD,SELL,2026-03-02 14:25:00+00:00,1.33899,1.341942388494853,1.3348566561072057,1.3324947453113232,1.341942388494853,0.0029523884948530177,0.004133343892794224,0.00649525468867664,0.17,0.09,0.08,False,False,5226.09,2026-03-02 18:20:00+00:00,1.341942388494853,SL,235.0,-50.85,5175.24,2026-03-02 14:25:00+00:00,2026-03
76,GBPUSD,SELL,2026-03-02 19:10:00+00:00,1.33877,1.341783052748519,1.3345517261520734,1.3321412839532583,1.341783052748519,0.0030130527485189504,0.00421827384792653,0.006628716046741691,0.17,0.09,0.08,False,False,5175.24,2026-03-02 21:05:00+00:00,1.34017,EOD_EXIT,115.0,-24.65,5150.59,2026-03-02 19:10:00+00:00,2026-03
77,GBPUSD,SELL,2026-03-03 12:50:00+00:00,1.3298,1.3325431207296474,1.3259596309784938,1.323765134394776,1.3298,0.00274312072964734,0.0038403690215062757,0.006034865605224148,0.18,0.09,0.09,True,False,5150.59,2026-03-03 14:40:00+00:00,1.3298,TP1_THEN_BE,110.0,33.66,5184.26,2026-03-03 12:50:00+00:00,2026-03
78,GBPUSD,BUY,2026-03-04 14:30:00+00:00,1.3378700000000001,1.334884472194121,1.3420497389282307,1.344438161172934,1.334884472194121,0.0029855278058789846,0.004179738928230578,0.006568161172933767,0.17,0.09,0.08,False,False,5184.26,2026-03-04 16:25:00+00:00,1.334884472194121,SL,115.0,-50.85,5133.41,2026-03-04 14:30:00+00:00,2026-03
79,GBPUSD,BUY,2026-03-04 18:25:00+00:00,1.33616,1.3333818867226233,1.3400493585883275,1.342271849210229,1.3333818867226233,0.002778113277376862,0.0038893585883276066,0.006111849210229097,0.18,0.09,0.09,False,False,5133.41,2026-03-04 21:05:00+00:00,1.33713,EOD_EXIT,160.0,16.56,5149.97,2026-03-04 18:25:00+00:00,2026-03
80,GBPUSD,SELL,2026-03-05 07:10:00+00:00,1.33229,1.3345476786455233,1.3291292498962675,1.3273231069798488,1.3345476786455233,0.0022576786455232724,0.003160750103732581,0.004966893020151199,0.22,0.11,0.11,False,False,5149.97,2026-03-05 08:05:00+00:00,1.3345476786455233,SL,55.0,-51.1,5098.87,2026-03-05 07:10:00+00:00,2026-03
81,GBPUSD,BUY,2026-03-06 18:15:00+00:00,1.33952,1.3367568774335803,1.3433883715929875,1.3455988696461232,1.3367568774335803,0.002763122566419658,0.003868371592987521,0.0060788696461232476,0.18,0.09,0.09,False,False,5098.87,2026-03-08 20:00:00+00:00,1.3367568774335803,SL,2985.0,-50.9,5047.97,2026-03-06 18:15:00+00:00,2026-03
82,GBPUSD,SELL,2026-03-09 07:25:00+00:00,1.33104,1.3338130241875998,1.3271577661373601,1.3249393467872803,1.3338130241875998,0.002773024187599892,0.0038822338626398486,0.006100653212719763,0.18,0.09,0.09,False,False,5047.97,2026-03-09 08:20:00+00:00,1.3338130241875998,SL,55.0,-50.9,4997.07,2026-03-09 07:25:00+00:00,2026-03
83,GBPUSD,BUY,2026-03-09 17:15:00+00:00,1.33918,1.3364830524499531,1.3429557265700656,1.345113284610103,1.33918,0.0026969475500468344,0.0037757265700655677,0.005933284610103036,0.19,0.1,0.09,True,False,4997.07,2026-03-09 21:05:00+00:00,1.34456,EOD_EXIT,230.0,85.23,5082.29,2026-03-09 17:15:00+00:00,2026-03
84,GBPUSD,BUY,2026-03-10 12:10:00+00:00,1.34534,1.3431159504129082,1.3484536694219285,1.3502329090916019,1.3431159504129082,0.002224049587091789,0.003113669421928504,0.004892909091601936,0.22,0.11,0.11,False,False,5082.29,2026-03-10 17:15:00+00:00,1.3431159504129082,SL,305.0,-51.1,5031.19,2026-03-10 12:10:00+00:00,2026-03
85,GBPUSD,SELL,2026-03-11 14:10:00+00:00,1.3413599999999999,1.3436084704244007,1.3382121414058388,1.3364133650663184,1.3436084704244007,0.002248470424400726,0.0031478585941610163,0.004946634933681598,0.22,0.11,0.11,False,False,5031.19,2026-03-11 21:05:00+00:00,1.34047,EOD_EXIT,415.0,18.48,5049.67,2026-03-11 14:10:00+00:00,2026-03
86,GBPUSD,SELL,2026-03-12 07:50:00+00:00,1.33734,1.339157244284852,1.3347958580012071,1.3333420625733254,1.339157244284852,0.001817244284852026,0.0025441419987928364,0.003997937426674458,0.28,0.14,0.14,False,False,5049.67,2026-03-12 08:40:00+00:00,1.339157244284852,SL,50.0,-51.4,4998.27,2026-03-12 07:50:00+00:00,2026-03
87,GBPUSD,SELL,2026-03-12 17:20:00+00:00,1.33487,1.3369396906258184,1.3319724331238543,1.3303166806231996,1.3369396906258184,0.0020696906258183116,0.002897566876145636,0.0045533193768002855,0.24,0.12,0.12,False,False,4998.27,2026-03-12 21:05:00+00:00,1.3345,EOD_EXIT,225.0,7.68,5005.95,2026-03-12 17:20:00+00:00,2026-03
88,GBPUSD,SELL,2026-03-13 17:15:00+00:00,1.3235299999999999,1.3256430459027342,1.320571735736172,1.3188812990139844,1.3256430459027342,0.002113045902734311,0.0029582642638280353,0.004648700986015484,0.24,0.12,0.12,False,False,5005.95,2026-03-15 21:05:00+00:00,1.3229199999999999,EOD_EXIT,3110.0,13.44,5019.39,2026-03-13 17:15:00+00:00,2026-03
89,GBPUSD,SELL,2026-03-16 07:40:00+00:00,1.3242,1.3259004158751162,1.3218194177748375,1.3204590850747446,1.3259004158751162,0.001700415875116093,0.00238058222516253,0.0037409149252554045,0.29,0.14,0.15,False,False,5019.39,2026-03-16 09:15:00+00:00,1.3259004158751162,SL,95.0,-51.45,4967.94,2026-03-16 07:40:00+00:00,2026-03
90,GBPUSD,BUY,2026-03-16 16:00:00+00:00,1.33095,1.3290507049143336,1.3336090131199332,1.3351284491884665,1.33095,0.0018992950856665351,0.002659013119933149,0.004178449188466378,0.26,0.13,0.13,True,False,4967.94,2026-03-16 21:05:00+00:00,1.33172,EOD_EXIT,305.0,43.28,5011.22,2026-03-16 16:00:00+00:00,2026-03
91,GBPUSD,BUY,2026-03-17 10:05:00+00:00,1.3330199999999999,1.3312591924514303,1.3354851305679973,1.336893776606853,1.3312591924514303,0.001760807548569551,0.002465130567997371,0.0038737766068530125,0.28,0.14,0.14,False,False,5011.22,2026-03-17 11:00:00+00:00,1.3312591924514303,SL,55.0,-51.4,4959.82,2026-03-17 10:05:00+00:00,2026-03
92,GBPUSD,BUY,2026-03-17 11:30:00+00:00,1.33324,1.3314299644191854,1.3357740498131403,1.337222078277792,1.33324,0.0018100355808145716,0.0025340498131404,0.003982078277792058,0.28,0.14,0.14,True,False,4959.82,2026-03-17 21:05:00+00:00,1.33587,EOD_EXIT,575.0,70.9,5030.72,2026-03-17 11:30:00+00:00,2026-03
93,GBPUSD,BUY,2026-03-18 08:40:00+00:00,1.33588,1.3345224362164527,1.337780589296966,1.3388666403238039,1.3345224362164527,0.0013575637835471963,0.0019005892969660746,0.0029866403238038323,0.37,0.18,0.19,False,False,5030.72,2026-03-18 11:10:00+00:00,1.3345224362164527,SL,150.0,-51.85,4978.87,2026-03-18 08:40:00+00:00,2026-03
94,GBPUSD,SELL,2026-03-18 17:30:00+00:00,1.33244,1.3343184960428671,1.3298101055399862,1.3283073087056927,1.33244,0.0018784960428669729,0.0026298944600137617,0.004132691294307341,0.27,0.14,0.13,True,False,4978.87,2026-03-18 18:20:00+00:00,1.3283073087056927,FULL_TP2,50.0,89.19,5068.06,2026-03-18 17:30:00+00:00,2026-03
95,GBPUSD,SELL,2026-03-19 06:50:00+00:00,1.3262800000000001,1.3280658566051795,1.323779800752749,1.3223511154686054,1.3280658566051795,0.0017858566051794215,0.00250019924725119,0.003928884531394727,0.28,0.14,0.14,False,False,5068.06,2026-03-19 08:20:00+00:00,1.3280658566051795,SL,90.0,-51.4,5016.66,2026-03-19 06:50:00+00:00,2026-03
96,GBPUSD,BUY,2026-03-20 06:05:00+00:00,1.34154,1.339682196530706,1.3441409248570115,1.3456271676324467,1.339682196530706,0.0018578034692939888,0.002600924857011584,0.0040871676324467756,0.27,0.14,0.13,False,False,5016.66,2026-03-20 08:40:00+00:00,1.339682196530706,SL,155.0,-51.35,4965.31,2026-03-20 06:05:00+00:00,2026-03
97,GBPUSD,SELL,2026-03-20 17:55:00+00:00,1.33257,1.3352486545258566,1.3288198836638008,1.3266769600431154,1.3352486545258566,0.0026786545258566143,0.00375011633619926,0.005893039956884552,0.19,0.1,0.09,False,False,4965.31,2026-03-22 21:05:00+00:00,1.33149,EOD_EXIT,3070.0,19.57,4984.88,2026-03-20 17:55:00+00:00,2026-03
98,GBPUSD,SELL,2026-03-23 06:50:00+00:00,1.32903,1.3313551776145514,1.3257747513396279,1.3239146092479865,1.3313551776145514,0.002325177614551503,0.003255248660372104,0.005115390752013307,0.22,0.11,0.11,False,False,4984.88,2026-03-23 07:10:00+00:00,1.3313551776145514,SL,20.0,-51.1,4933.78,2026-03-23 06:50:00+00:00,2026-03
99,GBPUSD,SELL,2026-03-23 08:20:00+00:00,1.32941,1.331880484779894,1.3259513213081486,1.3239749334842335,1.32941,0.002470484779893893,0.00345867869185145,0.005435066515766565,0.2,0.1,0.1,True,False,4933.78,2026-03-23 10:05:00+00:00,1.32941,TP1_THEN_BE,105.0,33.59,4967.37,2026-03-23 08:20:00+00:00,2026-03
100,GBPUSD,BUY,2026-03-23 16:30:00+00:00,1.34164,1.3371498754158992,1.3479261744177409,1.3515182740850216,1.3371498754158992,0.004490124584100712,0.006286174417740997,0.009878274085021567,0.11,0.06,0.05,False,False,4967.37,2026-03-23 21:05:00+00:00,1.34328,EOD_EXIT,275.0,17.49,4984.86,2026-03-23 16:30:00+00:00,2026-03
101,GBPUSD,SELL,2026-03-24 14:45:00+00:00,1.33837,1.3412695249568947,1.3343106650603478,1.331991045094832,1.3412695249568947,0.0028995249568945464,0.004059334939652365,0.006378954905168002,0.17,0.09,0.08,False,False,4984.86,2026-03-24 19:20:00+00:00,1.3412695249568947,SL,275.0,-50.85,4934.01,2026-03-24 14:45:00+00:00,2026-03
102,GBPUSD,SELL,2026-03-25 06:30:00+00:00,1.33742,1.3396237798606907,1.3343347081950332,1.3325716843064808,1.3396237798606907,0.0022037798606905734,0.0030852918049668024,0.004848315693519262,0.23,0.12,0.11,False,False,4934.01,2026-03-25 07:00:00+00:00,1.3396237798606907,SL,30.0,-51.15,4882.86,2026-03-25 06:30:00+00:00,2026-03
103,GBPUSD,SELL,2026-03-25 08:30:00+00:00,1.3391199999999999,1.3414548918186566,1.3358511514538804,1.3339832379989551,1.3414548918186566,0.0023348918186566676,0.0032688485461193346,0.005136762001044669,0.21,0.1,0.11,False,False,4882.86,2026-03-25 10:00:00+00:00,1.3414548918186566,SL,90.0,-51.05,4831.81,2026-03-25 08:30:00+00:00,2026-03
104,GBPUSD,SELL,2026-03-26 08:25:00+00:00,1.3345799999999999,1.3362317110246813,1.332267604565446,1.330946235745701,1.3345799999999999,0.0016517110246813732,0.0023123954345539224,0.0036337642542990213,0.3,0.15,0.15,True,False,4831.81,2026-03-26 12:15:00+00:00,1.3345799999999999,TP1_THEN_BE,230.0,33.19,4864.99,2026-03-26 08:25:00+00:00,2026-03
105,GBPUSD,SELL,2026-03-26 14:30:00+00:00,1.3349199999999999,1.3368209534716788,1.3322586651396495,1.3307379023623063,1.3349199999999999,0.0019009534716788905,0.0026613348603504467,0.0041820976376935595,0.26,0.13,0.13,True,False,4864.99,2026-03-26 19:10:00+00:00,1.3349199999999999,TP1_THEN_BE,280.0,33.3,4898.29,2026-03-26 14:30:00+00:00,2026-03
106,GBPUSD,SELL,2026-03-27 15:00:00+00:00,1.3295,1.3314683346782115,1.3267443314505039,1.3251696637079347,1.3295,0.0019683346782114726,0.0027556685494960617,0.00433033629206524,0.25,0.12,0.13,True,False,4898.29,2026-03-27 19:55:00+00:00,1.3251696637079347,FULL_TP2,295.0,88.11,4986.4,2026-03-27 15:00:00+00:00,2026-03
107,GBPUSD,SELL,2026-03-30 10:30:00+00:00,1.3234,1.3251538522613828,1.3209446068340638,1.3195415250249574,1.3251538522613828,0.001753852261382934,0.0024553931659361075,0.003858474975042455,0.29,0.14,0.15,False,False,4986.4,2026-03-30 11:25:00+00:00,1.3251538522613828,SL,55.0,-51.45,4934.95,2026-03-30 10:30:00+00:00,2026-03
108,GBPUSD,SELL,2026-03-30 11:55:00+00:00,1.32304,1.3247828628141414,1.3205999920602023,1.3192057018088892,1.32304,0.0017428628141412832,0.0024400079397977966,0.0038342981911108232,0.29,0.14,0.15,True,False,4934.95,2026-03-30 13:40:00+00:00,1.3192057018088892,FULL_TP2,105.0,90.22,5025.18,2026-03-30 11:55:00+00:00,2026-03
109,GBPUSD,SELL,2026-03-30 17:55:00+00:00,1.31849,1.320545617786682,1.3156121350986452,1.3139676408692995,1.320545617786682,0.002055617786681991,0.002877864901354787,0.00452235913070038,0.24,0.12,0.12,False,False,5025.18,2026-03-30 21:05:00+00:00,1.31814,EOD_EXIT,190.0,7.2,5032.38,2026-03-30 17:55:00+00:00,2026-03
110,GBPUSD,SELL,2026-03-31 06:10:00+00:00,1.3198400000000001,1.321566970418854,1.3174222414136048,1.316040665078522,1.321566970418854,0.0017269704188537822,0.002417758586395295,0.003799334921478321,0.29,0.14,0.15,False,False,5032.38,2026-03-31 08:45:00+00:00,1.321566970418854,SL,155.0,-51.45,4980.93,2026-03-31 06:10:00+00:00,2026-03
111,GBPUSD,BUY,2026-03-31 16:55:00+00:00,1.32149,1.3188545786735673,1.325179589857006,1.3272879269181523,1.3188545786735673,0.0026354213264328154,0.0036895898570059415,0.005797926918152194,0.19,0.1,0.09,False,False,4980.93,2026-03-31 21:05:00+00:00,1.3225500000000001,EOD_EXIT,250.0,19.19,5000.12,2026-03-31 16:55:00+00:00,2026-03
112,GBPUSD,BUY,2026-04-01 08:00:00+00:00,1.32775,1.3254774323790695,1.3309315946693028,1.332749648766047,1.32775,0.0022725676209305367,0.003181594669302751,0.004999648766047181,0.22,0.11,0.11,True,False,5000.12,2026-04-01 14:50:00+00:00,1.332749648766047,FULL_TP2,410.0,88.89,5089.01,2026-04-01 08:00:00+00:00,2026-04
113,GBPUSD,BUY,2026-04-01 16:40:00+00:00,1.33228,1.3297611846669617,1.3358063414662535,1.3378213937326842,1.3297611846669617,0.0025188153330383102,0.003526341466253634,0.005541393732684283,0.2,0.1,0.1,False,False,5089.01,2026-04-01 18:30:00+00:00,1.3297611846669617,SL,110.0,-51.0,5038.01,2026-04-01 16:40:00+00:00,2026-04
114,GBPUSD,SELL,2026-04-02 17:30:00+00:00,1.3229600000000001,1.3251741717286123,1.319860159579943,1.3180888221970535,1.3251741717286123,0.0022141717286121463,0.0030998404200570048,0.004871177802946722,0.23,0.12,0.11,False,False,5038.01,2026-04-02 21:05:00+00:00,1.32225,EOD_EXIT,215.0,15.18,5053.19,2026-04-02 17:30:00+00:00,2026-04
115,GBPUSD,BUY,2026-04-06 12:40:00+00:00,1.32439,1.3229083535941137,1.3264643049682405,1.3276496220929497,1.32439,0.0014816464058861997,0.0020743049682406794,0.0032596220929496395,0.34,0.17,0.17,True,False,5053.19,2026-04-06 14:50:00+00:00,1.32439,TP1_THEN_BE,130.0,33.56,5086.76,2026-04-06 12:40:00+00:00,2026-04
116,GBPUSD,BUY,2026-04-06 18:15:00+00:00,1.3241,1.3225325552481921,1.3262944226525313,1.3275483784539777,1.3225325552481921,0.0015674447518079625,0.0021944226525311473,0.0034483784539775177,0.32,0.16,0.16,False,False,5086.76,2026-04-06 21:05:00+00:00,1.32361,EOD_EXIT,170.0,-17.28,5069.48,2026-04-06 18:15:00+00:00,2026-04
117,GBPUSD,BUY,2026-04-07 08:05:00+00:00,1.32442,1.3230310026866896,1.3263645962386343,1.3274757940892825,1.32442,0.0013889973133102986,0.0019445962386344178,0.0030557940892826574,0.36,0.18,0.18,True,False,5069.48,2026-04-07 08:40:00+00:00,1.3274757940892825,FULL_TP2,35.0,88.21,5157.68,2026-04-07 08:05:00+00:00,2026-04
118,GBPUSD,BUY,2026-04-07 12:30:00+00:00,1.32541,1.32366556090521,1.327852214732706,1.3292477660085382,1.32366556090521,0.0017444390947900742,0.0024422147327061035,0.0038377660085381635,0.29,0.14,0.15,False,False,5157.68,2026-04-07 13:30:00+00:00,1.32366556090521,SL,60.0,-51.45,5106.23,2026-04-07 12:30:00+00:00,2026-04
119,GBPUSD,BUY,2026-04-07 14:25:00+00:00,1.32538,1.3235504581274513,1.327941358621568,1.329404992119607,1.32538,0.0018295418725485864,0.0025613586215680207,0.00402499211960689,0.27,0.14,0.13,True,False,5106.23,2026-04-07 20:10:00+00:00,1.329404992119607,FULL_TP2,345.0,86.83,5193.07,2026-04-07 14:25:00+00:00,2026-04
120,GBPUSD,BUY,2026-04-08 07:50:00+00:00,1.3431600000000001,1.3406483688129853,1.3466762836618207,1.3486855886114326,1.3406483688129853,0.002511631187014716,0.003516283661820602,0.005525588611432376,0.2,0.1,0.1,False,False,5193.07,2026-04-08 08:40:00+00:00,1.3406483688129853,SL,50.0,-51.0,5142.07,2026-04-08 07:50:00+00:00,2026-04
121,GBPUSD,SELL,2026-04-09 07:15:00+00:00,1.33818,1.3399709631241816,1.3356726516261457,1.3342398811268004,1.3399709631241816,0.0017909631241816125,0.0025073483738542574,0.003940118873199548,0.28,0.14,0.14,False,False,5142.07,2026-04-09 08:50:00+00:00,1.3399709631241816,SL,95.0,-51.4,5090.67,2026-04-09 07:15:00+00:00,2026-04
122,GBPUSD,BUY,2026-04-09 15:20:00+00:00,1.34276,1.3408122959086144,1.3454867857279396,1.347044949001048,1.34276,0.0019477040913854719,0.0027267857279396606,0.004284949001048038,0.26,0.13,0.13,True,False,5090.67,2026-04-09 21:05:00+00:00,1.34306,EOD_EXIT,345.0,38.05,5128.71,2026-04-09 15:20:00+00:00,2026-04
123,GBPUSD,BUY,2026-04-10 07:00:00+00:00,1.34228,1.340936705674184,1.3441606120561422,1.3452352475167948,1.34228,0.001343294325815881,0.0018806120561422335,0.0029552475167949387,0.37,0.18,0.19,True,False,5128.71,2026-04-10 12:30:00+00:00,1.3452352475167948,FULL_TP2,330.0,88.15,5216.87,2026-04-10 07:00:00+00:00,2026-04
124,GBPUSD,BUY,2026-04-10 15:05:00+00:00,1.34679,1.3451979531761393,1.3490188655534048,1.3502925030124933,1.3451979531761393,0.0015920468238605839,0.002228865553404817,0.0035025030124932847,0.31,0.15,0.16,False,False,5216.87,2026-04-10 16:40:00+00:00,1.3451979531761393,SL,95.0,-51.55,5165.32,2026-04-10 15:05:00+00:00,2026-04
125,GBPUSD,BUY,2026-04-10 17:35:00+00:00,1.34604,1.3444355820753446,1.3482861850945174,1.3495697194342415,1.3444355820753446,0.001604417924655299,0.0022461850945174186,0.0035297194342416584,0.31,0.15,0.16,False,False,5165.32,2026-04-12 21:05:00+00:00,1.3444355820753446,SL,3090.0,-51.55,5113.77,2026-04-10 17:35:00+00:00,2026-04
126,GBPUSD,BUY,2026-04-14 06:00:00+00:00,1.35193,1.3506504210490795,1.353721410531289,1.3547450736920255,1.35193,0.0012795789509206256,0.0017914105312888757,0.0028150736920253766,0.39,0.2,0.19,True,False,5113.77,2026-04-14 09:40:00+00:00,1.3547450736920255,FULL_TP2,220.0,87.36,5201.13,2026-04-14 06:00:00+00:00,2026-04
127,GBPUSD,BUY,2026-04-14 17:25:00+00:00,1.3569200000000001,1.3553557376753114,1.3591099672545643,1.3603613771143153,1.3553557376753114,0.001564262324688699,0.0021899672545641785,0.003441377114315138,0.32,0.16,0.16,False,False,5201.13,2026-04-14 21:05:00+00:00,1.35642,EOD_EXIT,220.0,-17.6,5183.53,2026-04-14 17:25:00+00:00,2026-04
128,GBPUSD,BUY,2026-04-15 06:00:00+00:00,1.35697,1.3557757780817883,1.3586419106854963,1.3595972882200658,1.3557757780817883,0.0011942219182116544,0.001671910685496316,0.00262728822006564,0.42,0.21,0.21,False,False,5183.53,2026-04-15 06:45:00+00:00,1.3557757780817883,SL,45.0,-52.1,5131.43,2026-04-15 06:00:00+00:00,2026-04
129,GBPUSD,BUY,2026-04-15 18:10:00+00:00,1.35728,1.3559455918662968,1.3591481713871847,1.3602156978941473,1.3559455918662968,0.0013344081337033228,0.0018681713871846518,0.00293569789414731,0.37,0.18,0.19,False,False,5131.43,2026-04-15 20:30:00+00:00,1.3559455918662968,SL,140.0,-51.85,5079.58,2026-04-15 18:10:00+00:00,2026-04
130,GBPUSD,BUY,2026-04-16 07:00:00+00:00,1.35765,1.3564407322851886,1.359342974800736,1.3603103889725852,1.3564407322851886,0.0012092677148114604,0.0016929748007360446,0.002660388972585213,0.41,0.2,0.21,False,False,5079.58,2026-04-16 07:30:00+00:00,1.3564407322851886,SL,30.0,-52.05,5027.53,2026-04-16 07:00:00+00:00,2026-04
131,GBPUSD,SELL,2026-04-16 12:15:00+00:00,1.35397,1.3552668747167018,1.3521543753966172,1.3511168756232557,1.3552668747167018,0.0012968747167019315,0.0018156246033827039,0.0028531243767442494,0.39,0.2,0.19,False,False,5027.53,2026-04-16 13:35:00+00:00,1.3552668747167018,SL,80.0,-51.95,4975.58,2026-04-16 12:15:00+00:00,2026-04
132,GBPUSD,SELL,2026-04-16 16:40:00+00:00,1.35277,1.354284332538102,1.3506499344466574,1.3494384684161758,1.354284332538102,0.0015143325381019375,0.0021200655533427123,0.003331531583824263,0.33,0.17,0.16,False,False,4975.58,2026-04-16 21:05:00+00:00,1.35236,EOD_EXIT,265.0,11.88,4987.46,2026-04-16 16:40:00+00:00,2026-04
133,GBPUSD,SELL,2026-04-20 08:15:00+00:00,1.34968,1.351387034645633,1.3472901514961138,1.3459245237796074,1.351387034645633,0.0017070346456330033,0.0023898485038862044,0.0037554762203926076,0.29,0.14,0.15,False,False,4987.46,2026-04-20 09:55:00+00:00,1.351387034645633,SL,100.0,-51.45,4936.01,2026-04-20 08:15:00+00:00,2026-04
134,GBPUSD,BUY,2026-04-22 07:45:00+00:00,1.35209,1.3504478301766156,1.3543890377527381,1.3557027736114458,1.3504478301766156,0.0016421698233844066,0.002299037752738169,0.003612773611445695,0.3,0.15,0.15,False,False,4936.01,2026-04-22 11:45:00+00:00,1.3504478301766156,SL,240.0,-51.5,4884.51,2026-04-22 07:45:00+00:00,2026-04
135,GBPUSD,SELL,2026-04-23 06:25:00+00:00,1.34871,1.3499941606467343,1.346912175094572,1.3458848465771847,1.3499941606467343,0.0012841606467342516,0.001797824905427952,0.002825153422815354,0.39,0.2,0.19,False,False,4884.51,2026-04-23 08:35:00+00:00,1.3499941606467343,SL,130.0,-51.95,4832.56,2026-04-23 06:25:00+00:00,2026-04
136,GBPUSD,SELL,2026-04-23 10:15:00+00:00,1.349,1.3503854378964852,1.3470603869449207,1.3459520366277324,1.3503854378964852,0.0013854378964852478,0.0019396130550793469,0.0030479633722675452,0.36,0.18,0.18,False,False,4832.56,2026-04-23 11:45:00+00:00,1.3503854378964852,SL,90.0,-51.8,4780.76,2026-04-23 10:15:00+00:00,2026-04
137,GBPUSD,SELL,2026-04-23 12:45:00+00:00,1.34857,1.3501060153291122,1.3464195785392428,1.345190766275953,1.3501060153291122,0.001536015329112267,0.0021504214607571733,0.0033792337240469874,0.33,0.17,0.16,False,False,4780.76,2026-04-23 13:50:00+00:00,1.3501060153291122,SL,65.0,-51.65,4729.11,2026-04-23 12:45:00+00:00,2026-04
138,GBPUSD,SELL,2026-04-23 15:40:00+00:00,1.3492600000000001,1.3509980450721792,1.3468267368989493,1.345436300841206,1.3492600000000001,0.00173804507217915,0.00243326310105081,0.00382369915879413,0.29,0.14,0.15,True,False,4729.11,2026-04-23 17:40:00+00:00,1.345436300841206,FULL_TP2,120.0,89.97,4819.08,2026-04-23 15:40:00+00:00,2026-04
139,GBPUSD,SELL,2026-04-23 19:00:00+00:00,1.34677,1.3486375836970665,1.3441553828241068,1.3426613158664535,1.3486375836970665,0.0018675836970665717,0.0026146171758932002,0.004108684133546458,0.27,0.14,0.13,False,False,4819.08,2026-04-23 21:05:00+00:00,1.34657,EOD_EXIT,125.0,4.05,4823.13,2026-04-23 19:00:00+00:00,2026-04
140,GBPUSD,BUY,2026-04-24 12:55:00+00:00,1.35008,1.3487453332253616,1.3519485334844936,1.3530162669042043,1.3487453332253616,0.0013346667746383294,0.001868533484493661,0.002936266904204325,0.37,0.18,0.19,False,False,4823.13,2026-04-24 13:35:00+00:00,1.3487453332253616,SL,40.0,-51.85,4771.28,2026-04-24 12:55:00+00:00,2026-04
141,GBPUSD,BUY,2026-04-24 15:40:00+00:00,1.35049,1.3490282314490232,1.3525364759713676,1.353705890812149,1.35049,0.00146176855097683,0.0020464759713675618,0.003215890812149026,0.34,0.17,0.17,True,False,4771.28,2026-04-26 21:05:00+00:00,1.35049,TP1_THEN_BE,3205.0,33.09,4804.37,2026-04-24 15:40:00+00:00,2026-04
142,GBPUSD,BUY,2026-04-27 07:00:00+00:00,1.35408,1.3527772154389444,1.3559038983854779,1.3569461260343225,1.35408,0.001302784561055684,0.0018238983854779575,0.0028661260343225054,0.38,0.19,0.19,True,False,4804.37,2026-04-27 12:05:00+00:00,1.3569461260343225,FULL_TP2,305.0,87.21,4891.58,2026-04-27 07:00:00+00:00,2026-04
143,GBPUSD,BUY,2026-04-27 14:35:00+00:00,1.35594,1.3545038213717215,1.3579506500795897,1.3590995929822125,1.3545038213717215,0.0014361786282784108,0.002010650079589775,0.003159592982212504,0.35,0.17,0.18,False,False,4891.58,2026-04-27 16:45:00+00:00,1.3545038213717215,SL,130.0,-51.75,4839.83,2026-04-27 14:35:00+00:00,2026-04
144,GBPUSD,SELL,2026-04-29 08:00:00+00:00,1.34981,1.3508918601928042,1.3482953957300738,1.3474299075758305,1.3508918601928042,0.00108186019280431,0.0015146042699260341,0.0023800924241694824,0.46,0.23,0.23,False,False,4839.83,2026-04-29 10:05:00+00:00,1.3508918601928042,SL,125.0,-52.3,4787.53,2026-04-29 08:00:00+00:00,2026-04
145,GBPUSD,SELL,2026-04-29 12:35:00+00:00,1.35015,1.3512337913621064,1.348632692093051,1.3477656590033655,1.35015,0.0010837913621065112,0.0015173079069491155,0.002384340996634325,0.46,0.23,0.23,True,False,4787.53,2026-04-29 13:45:00+00:00,1.3477656590033655,FULL_TP2,70.0,87.44,4874.97,2026-04-29 12:35:00+00:00,2026-04
146,GBPUSD,SELL,2026-04-29 15:25:00+00:00,1.34864,1.3500533963639023,1.3466612450905369,1.345530527999415,1.3500533963639023,0.0014133963639023299,0.0019787549094632617,0.003109472000585126,0.35,0.17,0.18,False,False,4874.97,2026-04-29 15:50:00+00:00,1.3500533963639023,SL,25.0,-51.75,4823.22,2026-04-29 15:25:00+00:00,2026-04
147,GBPUSD,SELL,2026-04-29 15:55:00+00:00,1.34882,1.3502333963639022,1.3468412450905367,1.3457105279994148,1.34882,0.0014133963639023299,0.0019787549094632617,0.003109472000585126,0.35,0.17,0.18,True,False,4823.22,2026-04-29 18:45:00+00:00,1.3457105279994148,FULL_TP2,170.0,87.86,4911.08,2026-04-29 15:55:00+00:00,2026-04
148,GBPUSD,SELL,2026-04-29 20:10:00+00:00,1.34722,1.3488751323967365,1.344902814644569,1.3435787087271798,1.3488751323967365,0.001655132396736476,0.0023171853554310663,0.003641291272820248,0.3,0.15,0.15,False,False,4911.08,2026-04-29 21:10:00+00:00,1.34758,EOD_EXIT,60.0,-12.3,4898.78,2026-04-29 20:10:00+00:00,2026-04
149,GBPUSD,BUY,2026-05-01 06:45:00+00:00,1.36103,1.3596169015249633,1.3630083378650513,1.3641388166450805,1.3596169015249633,0.00141309847503666,0.0019783378650513237,0.003108816645080652,0.35,0.17,0.18,False,False,4898.78,2026-05-01 09:20:00+00:00,1.3596169015249633,SL,155.0,-51.75,4847.03,2026-05-01 06:45:00+00:00,2026-05
150,GBPUSD,BUY,2026-05-01 10:20:00+00:00,1.36089,1.3593335910676405,1.3630689725053033,1.3643140996511909,1.36089,0.0015564089323595104,0.0021789725053033143,0.003424099651190923,0.32,0.16,0.16,True,False,4847.03,2026-05-01 14:00:00+00:00,1.3643140996511909,FULL_TP2,220.0,88.05,4935.08,2026-05-01 10:20:00+00:00,2026-05
151,GBPUSD,SELL,2026-05-04 06:45:00+00:00,1.35785,1.3594266124773118,1.3556427425317634,1.354381452549914,1.35785,0.0015766124773118459,0.0022072574682365843,0.003468547450086061,0.32,0.16,0.16,True,False,4935.08,2026-05-04 10:00:00+00:00,1.354381452549914,FULL_TP2,195.0,89.21,5024.29,2026-05-04 06:45:00+00:00,2026-05
152,GBPUSD,SELL,2026-05-04 15:00:00+00:00,1.35551,1.3572741422258707,1.3530402008837807,1.3516288871030842,1.35551,0.0017641422258708362,0.0024697991162191705,0.0038811128969158397,0.28,0.14,0.14,True,False,5024.29,2026-05-04 16:05:00+00:00,1.3516288871030842,FULL_TP2,65.0,87.51,5111.8,2026-05-04 15:00:00+00:00,2026-05
153,GBPUSD,SELL,2026-05-04 18:15:00+00:00,1.35288,1.3548157108127692,1.3501700048621235,1.3486214362119082,1.3548157108127692,0.0019357108127690508,0.002709995137876671,0.004258563788091912,0.26,0.13,0.13,False,False,5111.8,2026-05-04 21:05:00+00:00,1.35286,EOD_EXIT,170.0,-0.78,5111.02,2026-05-04 18:15:00+00:00,2026-05
154,GBPUSD,SELL,2026-05-05 06:20:00+00:00,1.3515,1.3528459645057413,1.3496156496919618,1.3485388780873686,1.3528459645057413,0.0013459645057414995,0.0018843503080380993,0.0029611219126312992,0.37,0.18,0.19,False,False,5111.02,2026-05-05 06:30:00+00:00,1.3528459645057413,SL,10.0,-51.85,5059.17,2026-05-05 06:20:00+00:00,2026-05
155,GBPUSD,BUY,2026-05-06 14:45:00+00:00,1.36131,1.3595861268880591,1.3637234223567174,1.3651025208462702,1.3595861268880591,0.0017238731119409677,0.0024134223567173546,0.0037925208462701292,0.29,0.14,0.15,False,False,5059.17,2026-05-06 15:05:00+00:00,1.3595861268880591,SL,20.0,-51.45,5007.72,2026-05-06 14:45:00+00:00,2026-05
156,GBPUSD,BUY,2026-05-07 06:40:00+00:00,1.36072,1.3595137493350578,1.362408750930919,1.3633737514628728,1.36072,0.00120625066494223,0.0016887509309191219,0.0026537514628729064,0.41,0.2,0.21,True,False,5007.72,2026-05-07 15:55:00+00:00,1.36072,TP1_THEN_BE,555.0,31.73,5039.45,2026-05-07 06:40:00+00:00,2026-05
157,GBPUSD,BUY,2026-05-08 11:55:00+00:00,1.3612199999999999,1.3597025182766973,1.3633444744126235,1.3645584597912657,1.3612199999999999,0.0015174817233026734,0.002124474412623743,0.0033384597912658816,0.33,0.17,0.16,True,False,5039.45,2026-05-10 21:05:00+00:00,1.3612199999999999,TP1_THEN_BE,3430.0,34.47,5073.91,2026-05-08 11:55:00+00:00,2026-05
158,GBPUSD,SELL,2026-05-11 06:20:00+00:00,1.35811,1.3596196075329834,1.3559965494538233,1.3547888634274365,1.3596196075329834,0.0015096075329833654,0.0021134505461767113,0.003321136572563404,0.33,0.17,0.16,False,False,5073.91,2026-05-11 06:55:00+00:00,1.3596196075329834,SL,35.0,-51.65,5022.26,2026-05-11 06:20:00+00:00,2026-05
159,GBPUSD,BUY,2026-05-11 17:20:00+00:00,1.3643399999999999,1.362728420493311,1.3665962113093642,1.3678854749147151,1.362728420493311,0.001611579506688786,0.0022562113093643,0.0035454749147153294,0.31,0.15,0.16,False,False,5022.26,2026-05-11 18:50:00+00:00,1.362728420493311,SL,90.0,-51.55,4970.71,2026-05-11 17:20:00+00:00,2026-05
160,GBPUSD,SELL,2026-05-12 11:05:00+00:00,1.35344,1.3552493856278018,1.3509068601210774,1.3494593516188358,1.35344,0.0018093856278018946,0.0025331398789226523,0.003980648381164169,0.28,0.14,0.14,True,False,4970.71,2026-05-12 14:10:00+00:00,1.35344,TP1_THEN_BE,185.0,34.06,5004.78,2026-05-12 11:05:00+00:00,2026-05
161,GBPUSD,SELL,2026-05-12 14:35:00+00:00,1.35233,1.3543705321517059,1.3494732549876118,1.3478408292662474,1.3543705321517059,0.0020405321517058023,0.002856745012388123,0.004489170733752766,0.25,0.12,0.13,False,False,5004.78,2026-05-12 21:05:00+00:00,1.3532199999999999,EOD_EXIT,390.0,-23.5,4981.28,2026-05-12 14:35:00+00:00,2026-05
162,GBPUSD,SELL,2026-05-13 16:55:00+00:00,1.35144,1.3531807548833814,1.349002943163266,1.3476103392565608,1.3531807548833814,0.0017407548833814344,0.002437056836734008,0.003829660743439156,0.29,0.14,0.15,False,False,4981.28,2026-05-13 21:05:00+00:00,1.35178,EOD_EXIT,250.0,-11.31,4969.97,2026-05-13 16:55:00+00:00,2026-05
163,GBPUSD,SELL,2026-05-14 12:25:00+00:00,1.35092,1.3522852334916562,1.349008673111681,1.3479164863183561,1.35092,0.0013652334916562793,0.0019113268883187908,0.0030035136816438145,0.37,0.18,0.19,True,False,4969.97,2026-05-14 14:15:00+00:00,1.35092,TP1_THEN_BE,110.0,32.55,5002.52,2026-05-14 12:25:00+00:00,2026-05
164,GBPUSD,SELL,2026-05-14 14:45:00+00:00,1.35034,1.3518104819392343,1.3482813252850723,1.3471049397336847,1.35034,0.0014704819392342364,0.002058674714927931,0.0032350602663153206,0.34,0.17,0.17,True,False,5002.52,2026-05-14 16:05:00+00:00,1.3471049397336847,FULL_TP2,80.0,88.29,5090.82,2026-05-14 14:45:00+00:00,2026-05
165,GBPUSD,SELL,2026-05-15 08:15:00+00:00,1.33535,1.3370885638981056,1.3329160105426523,1.331525159424168,1.33535,0.001738563898105497,0.0024339894573476954,0.0038248405758320937,0.29,0.14,0.15,True,False,5090.82,2026-05-15 10:00:00+00:00,1.33535,TP1_THEN_BE,105.0,32.63,5123.44,2026-05-15 08:15:00+00:00,2026-05
166,GBPUSD,SELL,2026-05-15 11:55:00+00:00,1.3359,1.3379222248120037,1.3330688852631951,1.3314511054135922,1.3359,0.002022224812003566,0.002831114736804992,0.004448894586407845,0.25,0.12,0.13,True,False,5123.44,2026-05-17 21:05:00+00:00,1.3321100000000001,EOD_EXIT,3430.0,81.99,5205.44,2026-05-15 11:55:00+00:00,2026-05
167,GBPUSD,BUY,2026-05-18 11:35:00+00:00,1.33747,1.3356961686317215,1.3399533639155898,1.3413724290102127,1.33747,0.00177383136827851,0.002483363915589914,0.003902429010212722,0.28,0.14,0.14,True,False,5205.44,2026-05-18 15:50:00+00:00,1.3413724290102127,FULL_TP2,255.0,88.0,5293.44,2026-05-18 11:35:00+00:00,2026-05
168,GBPUSD,BUY,2026-05-18 19:20:00+00:00,1.34202,1.339847611297845,1.3450613441830168,1.3467992551447407,1.339847611297845,0.00217238870215488,0.0030413441830168322,0.004779255144740736,0.23,0.12,0.11,False,False,5293.44,2026-05-18 21:05:00+00:00,1.3426,EOD_EXIT,105.0,12.19,5305.63,2026-05-18 19:20:00+00:00,2026-05
169,GBPUSD,SELL,2026-05-19 16:15:00+00:00,1.3390900000000001,1.3407822070799331,1.336720910088094,1.3353671444241475,1.3407822070799331,0.0016922070799329785,0.0023690899119061695,0.003722855575852553,0.3,0.15,0.15,False,False,5305.63,2026-05-19 17:10:00+00:00,1.3407822070799331,SL,55.0,-51.5,5254.13,2026-05-19 16:15:00+00:00,2026-05
170,GBPUSD,BUY,2026-05-20 18:30:00+00:00,1.34428,1.3423871204248248,1.346930031405245,1.3484443350653852,1.3423871204248248,0.0018928795751751355,0.0026500314052451896,0.004164335065385299,0.26,0.13,0.13,False,False,5254.13,2026-05-20 21:05:00+00:00,1.34322,EOD_EXIT,155.0,-28.86,5225.27,2026-05-20 18:30:00+00:00,2026-05
171,GBPUSD,BUY,2026-05-21 06:55:00+00:00,1.34337,1.3420144029376322,1.345267835887315,1.346352313537209,1.3420144029376322,0.0013555970623677946,0.0018978358873149124,0.002982313537209148,0.37,0.18,0.19,False,False,5225.27,2026-05-21 07:15:00+00:00,1.3420144029376322,SL,20.0,-51.85,5173.42,2026-05-21 06:55:00+00:00,2026-05
172,GBPUSD,BUY,2026-05-21 08:05:00+00:00,1.34356,1.34214017396153,1.3455477564538585,1.3466836172846346,1.34214017396153,0.0014198260384702087,0.001987756453858292,0.003123617284634459,0.35,0.17,0.18,False,False,5173.42,2026-05-21 10:30:00+00:00,1.34214017396153,SL,145.0,-51.75,5121.67,2026-05-21 08:05:00+00:00,2026-05
173,GBPUSD,SELL,2026-05-21 15:05:00+00:00,1.33975,1.341499024275884,1.3373013660137625,1.3359021465930554,1.341499024275884,0.0017490242758839525,0.0024486339862375335,0.003847853406944696,0.29,0.14,0.15,False,False,5121.67,2026-05-21 17:10:00+00:00,1.341499024275884,SL,125.0,-51.45,5070.22,2026-05-21 15:05:00+00:00,2026-05
174,GBPUSD,BUY,2026-05-25 06:45:00+00:00,1.34836,1.3470258301129878,1.350227837841817,1.351295173751427,1.3470258301129878,0.0013341698870122786,0.00186783784181719,0.002935173751427013,0.37,0.18,0.19,False,False,5070.22,2026-05-25 07:15:00+00:00,1.3470258301129878,SL,30.0,-51.85,5018.37,2026-05-25 06:45:00+00:00,2026-05
175,GBPUSD,BUY,2026-05-25 08:05:00+00:00,1.34873,1.347408445352525,1.350580176506465,1.3516374202244448,1.34873,0.001321554647474867,0.0018501765064648137,0.002907420224444708,0.38,0.19,0.19,True,False,5018.37,2026-05-25 21:05:00+00:00,1.34989,EOD_EXIT,780.0,55.29,5073.66,2026-05-25 08:05:00+00:00,2026-05
176,GBPUSD,SELL,2026-05-26 08:40:00+00:00,1.3472,1.3481389258045662,1.345885503873607,1.3451343632299542,1.3481389258045662,0.0009389258045662907,0.0013144961263928069,0.0020656367700458396,0.53,0.27,0.26,False,False,5073.66,2026-05-26 09:30:00+00:00,1.3481389258045662,SL,50.0,-52.65,5021.01,2026-05-26 08:40:00+00:00,2026-05
177,GBPUSD,SELL,2026-05-26 11:35:00+00:00,1.3476,1.3485728061197637,1.3462380714323305,1.3454598265365194,1.3476,0.0009728061197638944,0.0013619285676694521,0.0021401734634805677,0.51,0.26,0.25,True,False,5021.01,2026-05-26 14:50:00+00:00,1.3454598265365194,FULL_TP2,195.0,86.36,5107.37,2026-05-26 11:35:00+00:00,2026-05
178,GBPUSD,SELL,2026-05-26 17:35:00+00:00,1.34422,1.3453987512848244,1.3425697482012457,1.3416267471733863,1.3453987512848244,0.0011787512848243783,0.0016502517987541296,0.0025932528266136325,0.42,0.21,0.21,False,False,5107.37,2026-05-26 21:05:00+00:00,1.34418,EOD_EXIT,210.0,-0.42,5106.95,2026-05-26 17:35:00+00:00,2026-05
179,GBPUSD,SELL,2026-05-27 07:10:00+00:00,1.34494,1.3458396276467313,1.3436805212945764,1.3429608191771913,1.34494,0.0008996276467311829,0.001259478705423656,0.0019791808228086026,0.56,0.28,0.28,True,False,5106.95,2026-05-27 11:55:00+00:00,1.3429608191771913,FULL_TP2,285.0,87.88,5194.84,2026-05-27 07:10:00+00:00,2026-05
180,GBPUSD,SELL,2026-05-27 14:50:00+00:00,1.34286,1.34392260053185,1.3413723592554099,1.3405222788299298,1.34392260053185,0.0010626005318500986,0.001487640744590138,0.002337721170070217,0.47,0.23,0.24,False,False,5194.84,2026-05-27 21:05:00+00:00,1.34206,EOD_EXIT,375.0,35.25,5230.09,2026-05-27 14:50:00+00:00,2026-05
181,GBPUSD,BUY,2026-05-28 19:40:00+00:00,1.3440699999999999,1.342535523767795,1.3462182667250866,1.3474458477108504,1.342535523767795,0.0015344762322048202,0.0021482667250867483,0.0033758477108506045,0.33,0.17,0.16,False,False,5230.09,2026-05-28 21:05:00+00:00,1.34387,EOD_EXIT,85.0,-8.25,5221.84,2026-05-28 19:40:00+00:00,2026-05
182,GBPUSD,BUY,2026-05-29 19:05:00+00:00,1.34653,1.3450940699855205,1.3485403020202713,1.3496890460318551,1.3450940699855205,0.0014359300144795796,0.0020103020202714116,0.0031590460318550754,0.35,0.17,0.18,False,False,5221.84,2026-05-29 20:55:00+00:00,1.3450940699855205,SL,110.0,-51.75,5170.09,2026-05-29 19:05:00+00:00,2026-05
183,GBPUSD,BUY,2026-06-01 08:20:00+00:00,1.34671,1.345467147994285,1.3484499928080012,1.3494442744125734,1.345467147994285,0.0012428520057151341,0.0017399928080011875,0.0027342744125732955,0.4,0.2,0.2,False,False,5170.09,2026-06-01 13:00:00+00:00,1.345467147994285,SL,280.0,-52.0,5118.09,2026-06-01 08:20:00+00:00,2026-06
184,GBPUSD,SELL,2026-06-03 08:20:00+00:00,1.34471,1.345857885701314,1.3431029600181605,1.3421846514571094,1.345857885701314,0.0011478857013138928,0.0016070399818394498,0.0025253485428905643,0.44,0.22,0.22,False,False,5118.09,2026-06-03 10:05:00+00:00,1.345857885701314,SL,105.0,-52.2,5065.89,2026-06-03 08:20:00+00:00,2026-06
185,GBPUSD,SELL,2026-06-03 10:35:00+00:00,1.34463,1.3457986871608267,1.3429938379748425,1.342058888246181,1.34463,0.0011686871608267838,0.0016361620251574972,0.0025711117538189244,0.43,0.21,0.22,True,False,5065.89,2026-06-03 14:00:00+00:00,1.342058888246181,FULL_TP2,205.0,88.77,5154.66,2026-06-03 10:35:00+00:00,2026-06
186,GBPUSD,SELL,2026-06-03 16:05:00+00:00,1.34231,1.3436049884383396,1.340497016186324,1.3394610254356525,1.3436049884383396,0.001294988438339771,0.0018129838136756791,0.002848974564347496,0.39,0.2,0.19,False,False,5154.66,2026-06-03 21:05:00+00:00,1.34152,EOD_EXIT,300.0,28.86,5183.52,2026-06-03 16:05:00+00:00,2026-06
187,GBPUSD,SELL,2026-06-04 07:10:00+00:00,1.3425500000000001,1.3435999596703214,1.3410800564615504,1.3402400887252934,1.3425500000000001,0.001049959670321209,0.0014699435384496924,0.0023099112747066598,0.48,0.24,0.24,True,False,5183.52,2026-06-04 08:00:00+00:00,1.3425500000000001,TP1_THEN_BE,50.0,32.88,5216.4,2026-06-04 07:10:00+00:00,2026-06
188,GBPUSD,SELL,2026-06-05 20:55:00+00:00,1.33339,1.33504115973827,1.331078376366422,1.329757448575806,1.33504115973827,0.0016511597382700268,0.0023116236335780373,0.003632551424194059,0.3,0.15,0.15,False,False,5216.4,2026-06-07 21:05:00+00:00,1.3328,EOD_EXIT,2890.0,16.2,5232.6,2026-06-05 20:55:00+00:00,2026-06
189,GBPUSD,SELL,2026-06-08 08:10:00+00:00,1.33292,1.334556130396358,1.330629417445099,1.3293205131280128,1.33292,0.00163613039635787,0.002290582554901018,0.0035994868719873147,0.31,0.15,0.16,True,False,5232.6,2026-06-08 10:05:00+00:00,1.33292,TP1_THEN_BE,115.0,32.81,5265.41,2026-06-08 08:10:00+00:00,2026-06
190,GBPUSD,SELL,2026-06-08 18:55:00+00:00,1.33383,1.3354952343148914,1.3314986719591522,1.3301664845072392,1.3354952343148914,0.001665234314891347,0.0023313280408478855,0.0036635154927609635,0.3,0.15,0.15,False,False,5265.41,2026-06-08 21:05:00+00:00,1.3336999999999999,EOD_EXIT,130.0,2.4,5267.81,2026-06-08 18:55:00+00:00,2026-06
191,GBPUSD,BUY,2026-06-09 07:20:00+00:00,1.33662,1.3353927027752968,1.3383382161145845,1.339320053894347,1.33662,0.0012272972247032176,0.0017182161145845045,0.002700053894347079,0.41,0.2,0.21,True,False,5267.81,2026-06-09 10:20:00+00:00,1.339320053894347,FULL_TP2,180.0,89.02,5356.82,2026-06-09 07:20:00+00:00,2026-06
192,GBPUSD,BUY,2026-06-09 14:05:00+00:00,1.34064,1.3393531077186436,1.342441649193899,1.3434711630189844,1.3393531077186436,0.0012868922813564839,0.0018016491938990774,0.002831163018984265,0.39,0.2,0.19,False,False,5356.82,2026-06-09 14:15:00+00:00,1.3393531077186436,SL,10.0,-51.95,5304.87,2026-06-09 14:05:00+00:00,2026-06
193,GBPUSD,BUY,2026-06-09 17:25:00+00:00,1.33857,1.3369958920035934,1.3407737511949696,1.342033037592095,1.3369958920035934,0.0015741079964067771,0.002203751194969488,0.00346303759209491,0.32,0.16,0.16,False,False,5304.87,2026-06-09 21:05:00+00:00,1.33704,EOD_EXIT,220.0,-50.56,5254.31,2026-06-09 17:25:00+00:00,2026-06
194,GBPUSD,BUY,2026-06-10 08:35:00+00:00,1.33899,1.337712081557026,1.3407790858201631,1.341801420574542,1.337712081557026,0.0012779184429737626,0.0017890858201632675,0.0028114205745422777,0.39,0.2,0.19,False,False,5254.31,2026-06-10 11:00:00+00:00,1.337712081557026,SL,145.0,-51.95,5202.36,2026-06-10 08:35:00+00:00,2026-06
195,GBPUSD,BUY,2026-06-10 12:30:00+00:00,1.33925,1.3379408116761304,1.3410828636534176,1.3421302143125131,1.33925,0.001309188323869572,0.0018328636534174006,0.0028802143125130587,0.38,0.19,0.19,True,False,5202.36,2026-06-10 13:45:00+00:00,1.3421302143125131,FULL_TP2,75.0,87.65,5290.01,2026-06-10 12:30:00+00:00,2026-06
196,GBPUSD,BUY,2026-06-10 18:05:00+00:00,1.33933,1.3376372315738514,1.3416998757966079,1.3430540905375266,1.3376372315738514,0.0016927684261485037,0.002369875796607905,0.0037240905375267087,0.3,0.15,0.15,False,False,5290.01,2026-06-10 19:00:00+00:00,1.3376372315738514,SL,55.0,-51.5,5238.51,2026-06-10 18:05:00+00:00,2026-06
197,GBPUSD,BUY,2026-06-12 08:15:00+00:00,1.34146,1.3397532649589654,1.3438494290574485,1.3452148170902762,1.3397532649589654,0.0017067350410345876,0.0023894290574484225,0.003754817090276093,0.29,0.14,0.15,False,False,5238.51,2026-06-12 12:20:00+00:00,1.3397532649589654,SL,245.0,-51.45,5187.06,2026-06-12 08:15:00+00:00,2026-06
198,GBPUSD,BUY,2026-06-12 14:50:00+00:00,1.34091,1.3391370498372435,1.343392130227859,1.3448104903580644,1.3391370498372435,0.0017729501627565128,0.002482130227859118,0.0039004903580643286,0.28,0.14,0.14,False,False,5187.06,2026-06-14 21:05:00+00:00,1.34053,EOD_EXIT,3255.0,-12.04,5175.02,2026-06-12 14:50:00+00:00,2026-06
199,GBPUSD,BUY,2026-06-16 18:00:00+00:00,1.34305,1.3417366771851178,1.3448886519408352,1.345939310192741,1.3417366771851178,0.0013133228148822695,0.0018386519408351773,0.0028893101927409933,0.38,0.19,0.19,False,False,5175.02,2026-06-16 21:05:00+00:00,1.34254,EOD_EXIT,185.0,-21.28,5153.74,2026-06-16 18:00:00+00:00,2026-06
200,GBPUSD,SELL,2026-06-17 10:20:00+00:00,1.3410199999999999,1.3420482907066238,1.3395803930107264,1.338757760445427,1.3420482907066238,0.0010282907066239881,0.0014396069892735834,0.002262239554572774,0.49,0.24,0.25,False,False,5153.74,2026-06-17 14:45:00+00:00,1.338757760445427,FULL_TP2,265.0,88.66,5242.4,2026-06-17 10:20:00+00:00,2026-06
201,GBPUSD,SELL,2026-06-17 18:00:00+00:00,1.33547,1.3365875322091911,1.333905454907132,1.3330114291397792,1.3365875322091911,0.0011175322091912466,0.0015645450928677453,0.002458570860220743,0.45,0.23,0.22,False,False,5242.4,2026-06-17 18:30:00+00:00,1.3365875322091911,SL,30.0,-52.25,5190.15,2026-06-17 18:00:00+00:00,2026-06
202,GBPUSD,SELL,2026-06-18 07:05:00+00:00,1.33032,1.3319617794784366,1.3280215087301885,1.3267080851474393,1.33032,0.0016417794784366628,0.002298491269811328,0.0036119148525606583,0.3,0.15,0.15,True,False,5190.15,2026-06-18 08:40:00+00:00,1.3267080851474393,FULL_TP2,95.0,87.16,5277.3,2026-06-18 07:05:00+00:00,2026-06
203,GBPUSD,SELL,2026-06-18 15:25:00+00:00,1.32355,1.3257248698880568,1.3205051821567204,1.318765286246275,1.32355,0.002174869888056789,0.0030448178432795044,0.004784713753724936,0.23,0.12,0.11,True,False,5277.3,2026-06-18 21:05:00+00:00,1.3204,EOD_EXIT,340.0,70.04,5347.34,2026-06-18 15:25:00+00:00,2026-06
204,GBPUSD,BUY,2026-06-19 16:30:00+00:00,1.32246,1.3206345167020563,1.3250156766171213,1.3264760632554762,1.3206345167020563,0.0018254832979437315,0.0025556766171212237,0.00401606325547621,0.27,0.14,0.13,False,False,5347.34,2026-06-21 21:05:00+00:00,1.3206345167020563,SL,3155.0,-51.35,5295.99,2026-06-19 16:30:00+00:00,2026-06
205,GBPUSD,SELL,2026-06-22 06:20:00+00:00,1.3208,1.3223855487773835,1.318580231711663,1.3173117926897562,1.3208,0.0015855487773834957,0.002219768288336894,0.0034882073102436907,0.32,0.16,0.16,True,False,5295.99,2026-06-22 08:20:00+00:00,1.3208,TP1_THEN_BE,120.0,33.92,5329.91,2026-06-22 06:20:00+00:00,2026-06
206,GBPUSD,BUY,2026-06-22 14:25:00+00:00,1.32552,1.3235088790665583,1.3283355693068184,1.3299444660535717,1.3235088790665583,0.0020111209334416798,0.0028155693068183515,0.004424466053571696,0.25,0.12,0.13,False,False,5329.91,2026-06-22 21:20:00+00:00,1.32446,EOD_EXIT,415.0,-27.75,5302.16,2026-06-22 14:25:00+00:00,2026-06
207,GBPUSD,BUY,2026-06-23 06:15:00+00:00,1.32425,1.3229475653436686,1.3260734085188637,1.3271153562439286,1.3229475653436686,0.0013024346563311837,0.001823408518863657,0.0028653562439286046,0.38,0.19,0.19,False,False,5302.16,2026-06-23 06:45:00+00:00,1.3229475653436686,SL,30.0,-51.9,5250.26,2026-06-23 06:15:00+00:00,2026-06
208,GBPUSD,BUY,2026-06-23 07:05:00+00:00,1.32476,1.3234255963905495,1.3266281650532306,1.3276956879407908,1.3234255963905495,0.0013344036094503791,0.0018681650532305306,0.0029356879407908343,0.37,0.18,0.19,False,False,5250.26,2026-06-23 07:35:00+00:00,1.3234255963905495,SL,30.0,-51.85,5198.41,2026-06-23 07:05:00+00:00,2026-06
209,GBPUSD,SELL,2026-06-23 10:15:00+00:00,1.32199,1.3234967473505694,1.3198805537092029,1.3186751558287473,1.32199,0.0015067473505694143,0.00210944629079718,0.0033148441712527116,0.33,0.17,0.16,True,False,5198.41,2026-06-23 15:40:00+00:00,1.3186751558287473,FULL_TP2,325.0,87.25,5285.66,2026-06-23 10:15:00+00:00,2026-06
210,GBPUSD,SELL,2026-06-24 06:35:00+00:00,1.31887,1.320019538636929,1.3172606459082996,1.3163410149987564,1.31887,0.001149538636928851,0.0016093540917003915,0.0025289850012434724,0.43,0.21,0.22,True,False,5285.66,2026-06-24 08:30:00+00:00,1.31887,TP1_THEN_BE,115.0,31.65,5317.3,2026-06-24 06:35:00+00:00,2026-06
211,GBPUSD,SELL,2026-06-24 14:20:00+00:00,1.3151,1.3167843907288395,1.3127418529796244,1.311394340396553,1.3167843907288395,0.0016843907288395857,0.0023581470203754198,0.0037056596034470888,0.3,0.15,0.15,False,False,5317.3,2026-06-24 15:20:00+00:00,1.3167843907288395,SL,60.0,-51.5,5265.8,2026-06-24 14:20:00+00:00,2026-06
212,GBPUSD,SELL,2026-06-24 17:25:00+00:00,1.31588,1.317734492139672,1.3132837110044588,1.3118001172927212,1.317734492139672,0.0018544921396722123,0.002596288995541097,0.004079882707278867,0.27,0.14,0.13,False,False,5265.8,2026-06-24 21:05:00+00:00,1.31649,EOD_EXIT,220.0,-17.82,5247.98,2026-06-24 17:25:00+00:00,2026-06
213,GBPUSD,BUY,2026-06-25 07:30:00+00:00,1.31796,1.3166657654177933,1.3197719284150895,1.3208073160808549,1.3166657654177933,0.0012942345822067537,0.0018119284150894552,0.0028473160808548583,0.39,0.2,0.19,False,False,5247.98,2026-06-25 10:45:00+00:00,1.3166657654177933,SL,195.0,-51.95,5196.03,2026-06-25 07:30:00+00:00,2026-06
214,GBPUSD,BUY,2026-06-25 19:30:00+00:00,1.3204,1.3187808618292476,1.3226667934390535,1.3239621039756555,1.3187808618292476,0.0016191381707524885,0.0022667934390534837,0.003562103975655475,0.31,0.15,0.16,False,False,5196.03,2026-06-25 21:05:00+00:00,1.31917,EOD_EXIT,95.0,-39.68,5156.35,2026-06-25 19:30:00+00:00,2026-06
215,GBPUSD,BUY,2026-06-26 15:45:00+00:00,1.3221,1.3204345607155068,1.3244316149982907,1.3257639664258853,1.3204345607155068,0.001665439284493268,0.0023316149982905753,0.00366396642588519,0.3,0.15,0.15,False,False,5156.35,2026-06-26 16:35:00+00:00,1.3204345607155068,SL,50.0,-51.5,5104.85,2026-06-26 15:45:00+00:00,2026-06
216,GBPUSD,BUY,2026-06-29 10:45:00+00:00,1.3220399999999999,1.3207372156960708,1.3238638980255006,1.3249061254686438,1.3220399999999999,0.0013027843039290629,0.001823898025500688,0.0028661254686439385,0.38,0.19,0.19,True,False,5104.85,2026-06-29 15:30:00+00:00,1.3249061254686438,FULL_TP2,285.0,87.21,5192.06,2026-06-29 10:45:00+00:00,2026-06
217,GBPUSD,BUY,2026-06-30 06:25:00+00:00,1.32372,1.3227108681407171,1.325132784602996,1.3259400900904224,1.3227108681407171,0.0010091318592829102,0.0014127846029960741,0.0022200900904224027,0.5,0.25,0.25,False,False,5192.06,2026-06-30 08:05:00+00:00,1.3227108681407171,SL,100.0,-52.5,5139.56,2026-06-30 06:25:00+00:00,2026-06
218,GBPUSD,SELL,2026-06-30 11:05:00+00:00,1.32302,1.3241230186555988,1.3214757738821619,1.3205933589576828,1.32302,0.0011030186555987087,0.001544226117838192,0.002426641042317159,0.45,0.23,0.22,True,False,5139.56,2026-06-30 13:15:00+00:00,1.32302,TP1_THEN_BE,130.0,33.27,5172.83,2026-06-30 11:05:00+00:00,2026-06
219,GBPUSD,BUY,2026-06-30 19:55:00+00:00,1.32635,1.3248616508540376,1.328433688804347,1.3296243681211168,1.3248616508540376,0.001488349145962223,0.002083688804347112,0.0032743681211168905,0.34,0.17,0.17,False,False,5172.83,2026-06-30 21:05:00+00:00,1.32574,EOD_EXIT,70.0,-22.44,5150.39,2026-06-30 19:55:00+00:00,2026-06
220,GBPUSD,SELL,2026-07-01 06:25:00+00:00,1.32373,1.324849364200901,1.3221628901187388,1.3212673987580181,1.324849364200901,0.0011193642009008785,0.0015671098812612297,0.0024626012419819328,0.45,0.23,0.22,False,False,5150.39,2026-07-01 08:25:00+00:00,1.324849364200901,SL,120.0,-52.25,5098.14,2026-07-01 06:25:00+00:00,2026-07
221,GBPUSD,BUY,2026-07-01 19:10:00+00:00,1.3278400000000001,1.326311525839715,1.3299798638243994,1.3312026431526276,1.326311525839715,0.0015284741602851722,0.002139863824399241,0.0033626431526273793,0.33,0.17,0.16,False,False,5098.14,2026-07-01 21:05:00+00:00,1.32654,EOD_EXIT,115.0,-44.55,5053.59,2026-07-01 19:10:00+00:00,2026-07
222,GBPUSD,BUY,2026-07-02 12:35:00+00:00,1.3373599999999999,1.3356406314386777,1.339767115985851,1.3411426108349087,1.3356406314386777,0.001719368561322205,0.002407115985851087,0.0037826108349088513,0.29,0.14,0.15,False,False,5053.59,2026-07-02 13:05:00+00:00,1.3356406314386777,SL,30.0,-51.45,5002.14,2026-07-02 12:35:00+00:00,2026-07
223,GBPUSD,BUY,2026-07-02 20:15:00+00:00,1.3348,1.3328152499341124,1.3375786500922426,1.3391664501449525,1.3328152499341124,0.001984750065887537,0.002778650092242552,0.004366450144952582,0.25,0.12,0.13,False,False,5002.14,2026-07-02 21:05:00+00:00,1.33447,EOD_EXIT,50.0,-9.5,4992.64,2026-07-02 20:15:00+00:00,2026-07
224,GBPUSD,BUY,2026-07-03 07:55:00+00:00,1.33714,1.335651389227869,1.3392240550809833,1.340414943698688,1.335651389227869,0.0014886107721309332,0.0020840550809833065,0.0032749436986880534,0.34,0.17,0.17,False,False,4992.64,2026-07-03 08:50:00+00:00,1.335651389227869,SL,55.0,-51.7,4940.94,2026-07-03 07:55:00+00:00,2026-07
225,GBPUSD,BUY,2026-07-03 11:10:00+00:00,1.33625,1.3347983735354323,1.3382822770503946,1.3394435782220488,1.3347983735354323,0.0014516264645676833,0.0020322770503947564,0.0031935782220489034,0.34,0.17,0.17,False,False,4940.94,2026-07-03 13:05:00+00:00,1.3347983735354323,SL,115.0,-51.7,4889.24,2026-07-03 11:10:00+00:00,2026-07
226,GBPUSD,BUY,2026-07-07 11:00:00+00:00,1.33876,1.3376256559606197,1.3403480816551323,1.3412555568866367,1.3376256559606197,0.0011343440393803087,0.0015880816551324321,0.0024955568866366793,0.44,0.22,0.22,False,False,4889.24,2026-07-07 13:25:00+00:00,1.3376256559606197,SL,145.0,-52.2,4837.04,2026-07-07 11:00:00+00:00,2026-07
227,GBPUSD,BUY,2026-07-07 14:50:00+00:00,1.33842,1.3372392114232803,1.3400731040074074,1.341017734868783,1.3372392114232803,0.0011807885767195815,0.001653104007407414,0.0025977348687830793,0.42,0.21,0.21,False,False,4837.04,2026-07-07 14:55:00+00:00,1.3372392114232803,SL,5.0,-52.1,4784.94,2026-07-07 14:50:00+00:00,2026-07
228,GBPUSD,SELL,2026-07-07 18:45:00+00:00,1.33687,1.3380787302826866,1.3351777776042388,1.3342107933780896,1.33687,0.0012087302826866003,0.0016922223957612404,0.002659206621910521,0.41,0.2,0.21,True,False,4784.94,2026-07-07 21:05:00+00:00,1.33517,EOD_EXIT,140.0,67.49,4852.44,2026-07-07 18:45:00+00:00,2026-07
229,GBPUSD,SELL,2026-07-08 08:15:00+00:00,1.33475,1.335810957817247,1.3332646590558543,1.3324158928020569,1.33475,0.0010609578172469354,0.0014853409441457095,0.0023341071979432583,0.47,0.23,0.24,True,False,4852.44,2026-07-08 09:10:00+00:00,1.3324158928020569,FULL_TP2,55.0,87.83,4940.27,2026-07-08 08:15:00+00:00,2026-07
230,GBPUSD,SELL,2026-07-08 11:10:00+00:00,1.33401,1.3353545314593627,1.332127655956892,1.3310520307894018,1.3353545314593627,0.0013445314593628023,0.001882344043107923,0.002957969210598165,0.37,0.18,0.19,False,False,4940.27,2026-07-08 12:30:00+00:00,1.3353545314593627,SL,80.0,-51.85,4888.42,2026-07-08 11:10:00+00:00,2026-07
231,GBPUSD,BUY,2026-07-09 08:35:00+00:00,1.34189,1.3405247922946986,1.3438012907874222,1.3448934569516633,1.3405247922946986,0.0013652077053014668,0.0019112907874220533,0.0030034569516632272,0.37,0.18,0.19,False,False,4888.42,2026-07-09 10:15:00+00:00,1.3405247922946986,SL,100.0,-51.85,4836.57,2026-07-09 08:35:00+00:00,2026-07
232,GBPUSD,BUY,2026-07-10 06:15:00+00:00,1.34348,1.3421860888189128,1.3452914756535221,1.346326604598392,1.3421860888189128,0.0012939111810872513,0.0018114756535221516,0.002846604598391953,0.39,0.2,0.19,False,False,4836.57,2026-07-10 07:55:00+00:00,1.3421860888189128,SL,100.0,-51.95,4784.62,2026-07-10 06:15:00+00:00,2026-07
233,GBPUSD,SELL,2026-07-13 06:55:00+00:00,1.33776,1.3390268813565405,1.3359863661008433,1.334972861015611,1.3390268813565405,0.001266881356540476,0.0017736338991566664,0.0027871389843890475,0.39,0.2,0.19,False,False,4784.62,2026-07-13 07:35:00+00:00,1.3390268813565405,SL,40.0,-51.95,4732.67,2026-07-13 06:55:00+00:00,2026-07
234,GBPUSD,SELL,2026-07-13 16:25:00+00:00,1.33701,1.3385026283333894,1.334920320333255,1.3337262176665434,1.33701,0.0014926283333893463,0.0020896796667450846,0.003283782333456562,0.33,0.17,0.16,True,False,4732.67,2026-07-13 21:05:00+00:00,1.3345099999999999,EOD_EXIT,280.0,73.87,4806.54,2026-07-13 16:25:00+00:00,2026-07
235,GBPUSD,SELL,2026-07-14 08:15:00+00:00,1.33558,1.3367331770114688,1.3339655521839437,1.3330430105747688,1.3367331770114688,0.0011531770114687322,0.001614447816056225,0.0025369894252312113,0.43,0.21,0.22,False,False,4806.54,2026-07-14 08:35:00+00:00,1.3367331770114688,SL,20.0,-52.15,4754.39,2026-07-14 08:15:00+00:00,2026-07
236,GBPUSD,BUY,2026-07-14 11:30:00+00:00,1.33776,1.336544555432144,1.3394616223949984,1.340433978049283,1.336544555432144,0.001215444567855976,0.0017016223949983663,0.0026739780492831475,0.41,0.2,0.21,False,False,4754.39,2026-07-14 12:30:00+00:00,1.340433978049283,FULL_TP2,60.0,88.14,4842.53,2026-07-14 11:30:00+00:00,2026-07
237,GBPUSD,BUY,2026-07-14 15:00:00+00:00,1.3409,1.3391603412041198,1.3433355223142323,1.3447272493509363,1.3391603412041198,0.0017396587958802157,0.002435522314232302,0.0038272493509364748,0.29,0.14,0.15,False,False,4842.53,2026-07-14 15:30:00+00:00,1.3391603412041198,SL,30.0,-51.45,4791.08,2026-07-14 15:00:00+00:00,2026-07
238,GBPUSD,BUY,2026-07-14 19:10:00+00:00,1.33841,1.3365732823597165,1.340981404696397,1.342450778808624,1.3365732823597165,0.0018367176402835886,0.002571404696397024,0.004040778808623895,0.27,0.14,0.13,False,False,4791.08,2026-07-14 21:05:00+00:00,1.3382399999999999,EOD_EXIT,115.0,-5.94,4785.14,2026-07-14 19:10:00+00:00,2026-07
239,GBPUSD,BUY,2026-07-15 20:55:00+00:00,1.35379,1.3518064249334851,1.356567005093121,1.3581538651463327,1.3518064249334851,0.001983575066514892,0.0027770050931208486,0.004363865146332763,0.25,0.12,0.13,False,False,4785.14,2026-07-15 21:10:00+00:00,1.35305,EOD_EXIT,15.0,-19.75,4765.39,2026-07-15 20:55:00+00:00,2026-07
240,GBPUSD,BUY,2026-07-16 06:10:00+00:00,1.35381,1.3523532802426173,1.3558494076603358,1.357014783466242,1.3523532802426173,0.0014567197573827609,0.002039407660335865,0.003204783466242074,0.34,0.17,0.17,False,False,4765.39,2026-07-16 08:05:00+00:00,1.3523532802426173,SL,115.0,-51.7,4713.69,2026-07-16 06:10:00+00:00,2026-07
241,GBPUSD,SELL,2026-07-16 19:25:00+00:00,1.34669,1.3481503565142114,1.344645500880104,1.343477215668735,1.3481503565142114,0.0014603565142114069,0.0020444991198959694,0.0032127843312650954,0.34,0.17,0.17,False,False,4713.69,2026-07-16 21:05:00+00:00,1.3473,EOD_EXIT,100.0,-22.44,4691.25,2026-07-16 19:25:00+00:00,2026-07
242,GBPUSD,SELL,2026-07-17 07:40:00+00:00,1.34661,1.3477408586397845,1.3450267979043018,1.3441221109924741,1.34661,0.001130858639784567,0.0015832020956983936,0.0024878890075260476,0.44,0.22,0.22,True,False,4691.25,2026-07-17 08:55:00+00:00,1.3441221109924741,FULL_TP2,75.0,87.36,4778.61,2026-07-17 07:40:00+00:00,2026-07
243,GBPUSD,SELL,2026-07-17 12:15:00+00:00,1.34327,1.3445940805857335,1.341416287179973,1.3403570227113863,1.3445940805857335,0.0013240805857334874,0.001853712820026882,0.0029129772886136726,0.38,0.19,0.19,False,False,4778.61,2026-07-17 13:50:00+00:00,1.3445940805857335,SL,95.0,-51.9,4726.71,2026-07-17 12:15:00+00:00,2026-07
244,GBPUSD,SELL,2026-07-17 15:55:00+00:00,1.3444099999999999,1.3457816417809243,1.3424897015067057,1.3413923880819663,1.3457816417809243,0.00137164178092439,0.001920298493294146,0.0030176119180336585,0.36,0.18,0.18,False,False,4726.71,2026-07-17 17:05:00+00:00,1.3457816417809243,SL,70.0,-51.8,4674.91,2026-07-17 15:55:00+00:00,2026-07
245,GBPUSD,SELL,2026-07-17 19:15:00+00:00,1.3452,1.3465002397674142,1.3433796643256202,1.3423394725116888,1.3465002397674142,0.001300239767414146,0.0018203356743798044,0.0028605274883111214,0.38,0.19,0.19,False,False,4674.91,2026-07-19 21:05:00+00:00,1.345,EOD_EXIT,2990.0,5.7,4680.61,2026-07-17 19:15:00+00:00,2026-07
246,GBPUSD,BUY,2026-07-20 07:25:00+00:00,1.34695,1.345960309600975,1.3483355665586354,1.3491273188778556,1.345960309600975,0.0009896903990252663,0.0013855665586353727,0.002177318877855586,0.51,0.26,0.25,False,False,4680.61,2026-07-20 09:05:00+00:00,1.345960309600975,SL,100.0,-52.55,4628.06,2026-07-20 07:25:00+00:00,2026-07
247,GBPUSD,BUY,2026-07-20 10:15:00+00:00,1.34688,1.3457855175631712,1.3484122754115606,1.3492878613610237,1.3457855175631712,0.001094482436828912,0.0015322754115604767,0.0024078613610236063,0.46,0.23,0.23,False,False,4628.06,2026-07-20 12:00:00+00:00,1.3457855175631712,SL,105.0,-52.3,4575.76,2026-07-20 10:15:00+00:00,2026-07
248,GBPUSD,SELL,2026-07-20 20:15:00+00:00,1.34288,1.3441616271336065,1.341085722012951,1.340060420306066,1.3441616271336065,0.0012816271336064358,0.00179427798704901,0.0028195796939341593,0.39,0.2,0.19,False,False,4575.76,2026-07-20 21:10:00+00:00,1.34298,EOD_EXIT,55.0,-5.85,4569.91,2026-07-20 20:15:00+00:00,2026-07
249,GBPUSD,SELL,2026-07-21 14:30:00+00:00,1.3377,1.3392051557874138,1.3355927818976203,1.3343886572676893,1.3392051557874138,0.0015051557874139535,0.0021072181023795346,0.003311342732310698,0.33,0.17,0.16,False,False,4569.91,2026-07-21 21:05:00+00:00,1.33728,EOD_EXIT,395.0,12.21,4582.12,2026-07-21 14:30:00+00:00,2026-07
250,GBPUSD,SELL,2026-07-22 06:15:00+00:00,1.33804,1.3390896017405078,1.336570557563289,1.3357308761708826,1.3390896017405078,0.0010496017405078773,0.001469442436711028,0.00230912382911733,0.48,0.24,0.24,False,False,4582.12,2026-07-22 07:30:00+00:00,1.3390896017405078,SL,75.0,-52.4,4529.72,2026-07-22 06:15:00+00:00,2026-07
251,GBPUSD,SELL,2026-07-22 08:05:00+00:00,1.33761,1.3387983810925808,1.335946266470387,1.3349955615963223,1.33761,0.0011883810925807645,0.0016637335296130703,0.002614438403677682,0.42,0.21,0.21,True,False,4529.72,2026-07-22 13:20:00+00:00,1.33761,TP1_THEN_BE,315.0,32.84,4562.56,2026-07-22 08:05:00+00:00,2026-07
252,GBPUSD,SELL,2026-07-22 15:00:00+00:00,1.33759,1.338940699340573,1.335699020923198,1.3346184614507397,1.338940699340573,0.0013506993405729274,0.0018909790768020982,0.0029715385492604406,0.37,0.18,0.19,False,False,4562.56,2026-07-22 21:05:00+00:00,1.33714,EOD_EXIT,365.0,14.8,4577.36,2026-07-22 15:00:00+00:00,2026-07
253,GBPUSD,BUY,2026-07-23 06:05:00+00:00,1.33873,1.3378177714559252,1.3400071199617047,1.3407369027969647,1.3378177714559252,0.0009122285440749042,0.0012771199617048659,0.0020069027969647894,0.55,0.28,0.27,False,False,4577.36,2026-07-23 06:40:00+00:00,1.3378177714559252,SL,35.0,-52.75,4524.61,2026-07-23 06:05:00+00:00,2026-07
254,GBPUSD,SELL,2026-07-23 10:15:00+00:00,1.3368,1.3378322482675793,1.335354852425389,1.3345290538113257,1.3368,0.0010322482675792228,0.001445147574610912,0.0022709461886742904,0.48,0.24,0.24,True,False,4524.61,2026-07-23 11:35:00+00:00,1.3345290538113257,FULL_TP2,80.0,86.79,4611.4,2026-07-23 10:15:00+00:00,2026-07
255,GBPUSD,SELL,2026-07-23 17:45:00+00:00,1.33166,1.3330829914901265,1.329667811913823,1.3285294187217218,1.3330829914901265,0.0014229914901265073,0.00199218808617711,0.003130581278278316,0.35,0.17,0.18,False,False,4611.4,2026-07-23 21:05:00+00:00,1.33112,EOD_EXIT,200.0,17.15,4628.55,2026-07-23 17:45:00+00:00,2026-07
256,GBPUSD,SELL,2026-07-24 11:50:00+00:00,1.33174,1.3329377371041928,1.33006316805413,1.3291049783707758,1.3329377371041928,0.0011977371041928153,0.0016768319458699413,0.002635021629224194,0.42,0.21,0.21,False,False,4628.55,2026-07-24 14:25:00+00:00,1.3329377371041928,SL,155.0,-52.1,4576.45,2026-07-24 11:50:00+00:00,2026-07
257,GBPUSD,SELL,2026-07-27 14:15:00+00:00,1.3311899999999999,1.3324383686876358,1.3294422838373094,1.3284435888872006,1.3311899999999999,0.0012483686876360001,0.0017477161626904,0.0027464111127992004,0.4,0.2,0.2,True,False,4576.45,2026-07-27 17:25:00+00:00,1.3284435888872006,FULL_TP2,190.0,87.88,4664.33,2026-07-27 14:15:00+00:00,2026-07
258,GBPUSD,SELL,2026-07-27 20:20:00+00:00,1.32893,1.3301671710815646,1.3271979604858095,1.326208223620558,1.3301671710815646,0.0012371710815646108,0.0017320395141904549,0.002721776379442144,0.4,0.2,0.2,False,False,4664.33,2026-07-27 21:05:00+00:00,1.32869,EOD_EXIT,45.0,7.6,4671.93,2026-07-27 20:20:00+00:00,2026-07
259,GBPUSD,BUY,2026-07-30 11:55:00+00:00,1.33872,1.336980752569472,1.3411549464027392,1.3425463443471617,1.336980752569472,0.0017392474305280591,0.002434946402739283,0.0038263443471617305,0.29,0.14,0.15,False,False,4671.93,2026-07-30 12:55:00+00:00,1.336980752569472,SL,60.0,-51.45,4620.48,2026-07-30 11:55:00+00:00,2026-07
260,GBPUSD,BUY,2026-07-31 06:05:00+00:00,1.34525,1.3437327548174371,1.3473741432555881,1.3485879394016385,1.3437327548174371,0.0015172451825629359,0.00212414325558811,0.0033379394016384593,0.33,0.17,0.16,False,False,4620.48,2026-07-31 08:25:00+00:00,1.3437327548174371,SL,140.0,-51.65,4568.83,2026-07-31 06:05:00+00:00,2026-07
261,GBPUSD,BUY,2026-07-31 08:55:00+00:00,1.34589,1.3443313549191167,1.3480721031132368,1.3493190191779434,1.3443313549191167,0.0015586450808833389,0.0021821031132366743,0.003429019177943346,0.32,0.16,0.16,False,False,4568.83,2026-07-31 10:15:00+00:00,1.3443313549191167,SL,80.0,-51.6,4517.23,2026-07-31 08:55:00+00:00,2026-07
262,GBPUSD,BUY,2026-07-31 20:20:00+00:00,1.3486,1.3466985665876143,1.35126200677734,1.3527831535072483,1.3466985665876143,0.0019014334123856331,0.0026620067773398862,0.004183153507248393,0.26,0.13,0.13,False,False,4517.23,2026-08-02 21:05:00+00:00,1.34898,EOD_EXIT,2925.0,8.58,4525.81,2026-07-31 20:20:00+00:00,2026-07
263,GBPUSD,SELL,2026-08-03 20:55:00+00:00,1.34271,1.3441011133340175,1.3407624413323755,1.3396495506651616,1.3441011133340175,0.0013911133340174756,0.0019475586676244658,0.0030604493348384467,0.36,0.18,0.18,False,False,4525.81,2026-08-03 21:05:00+00:00,1.34273,EOD_EXIT,10.0,-2.52,4523.29,2026-08-03 20:55:00+00:00,2026-08
264,GBPUSD,BUY,2026-08-04 15:45:00+00:00,1.34496,1.343858536407169,1.3465020490299633,1.3473832199042282,1.343858536407169,0.0011014635928309987,0.001542049029963398,0.0024232199042281974,0.45,0.23,0.22,False,False,4523.29,2026-08-04 21:05:00+00:00,1.34481,EOD_EXIT,320.0,-9.0,4514.29,2026-08-04 15:45:00+00:00,2026-08
265,GBPUSD,BUY,2026-08-05 14:10:00+00:00,1.3477700000000001,1.3466466522055178,1.3493426869122755,1.3502413651478613,1.3466466522055178,0.0011233477944823608,0.001572686912275305,0.002471365147861194,0.45,0.23,0.22,False,False,4514.29,2026-08-05 15:15:00+00:00,1.3466466522055178,SL,65.0,-52.25,4462.04,2026-08-05 14:10:00+00:00,2026-08
266,GBPUSD,BUY,2026-08-05 17:40:00+00:00,1.34683,1.3455600345829162,1.348607951583917,1.3496239239175842,1.3455600345829162,0.001269965417083735,0.0017779515839172289,0.002793923917584217,0.39,0.2,0.19,False,False,4462.04,2026-08-05 21:05:00+00:00,1.34627,EOD_EXIT,205.0,-23.79,4438.25,2026-08-05 17:40:00+00:00,2026-08
267,GBPUSD,SELL,2026-08-07 07:00:00+00:00,1.34508,1.345837346084645,1.3440197154814975,1.3434138386137817,1.34508,0.0007573460846447319,0.0010602845185026246,0.0016661613862184103,0.66,0.33,0.33,True,False,4438.25,2026-08-07 10:40:00+00:00,1.3434138386137817,FULL_TP2,220.0,86.67,4524.92,2026-08-07 07:00:00+00:00,2026-08
268,GBPUSD,SELL,2026-08-07 11:25:00+00:00,1.34388,1.3446408751958439,1.3428147747258186,1.3422060745691435,1.3446408751958439,0.0007608751958438679,0.001065225274181415,0.0016739254308565095,0.66,0.33,0.33,False,False,4524.92,2026-08-07 11:40:00+00:00,1.3446408751958439,SL,15.0,-53.3,4471.62,2026-08-07 11:25:00+00:00,2026-08
269,GBPUSD,BUY,2026-08-07 15:15:00+00:00,1.3498,1.3484660090465304,1.3516675873348578,1.3527347800976337,1.3484660090465304,0.0013339909534698237,0.001867587334857753,0.0029347800976336122,0.37,0.18,0.19,False,False,4471.62,2026-08-09 21:05:00+00:00,1.34927,EOD_EXIT,3230.0,-21.46,4450.16,2026-08-07 15:15:00+00:00,2026-08
270,GBPUSD,BUY,2026-08-10 10:55:00+00:00,1.35,1.3490608116654228,1.3513148636684085,1.3520662143360702,1.3490608116654228,0.000939188334577361,0.0013148636684083054,0.0020662143360701945,0.53,0.27,0.26,False,False,4450.16,2026-08-10 12:35:00+00:00,1.3490608116654228,SL,100.0,-52.65,4397.51,2026-08-10 10:55:00+00:00,2026-08
271,GBPUSD,BUY,2026-08-14 15:35:00+00:00,1.35501,1.3538682167847689,1.3566084965013236,1.3575219230735087,1.3538682167847689,0.0011417832152311718,0.0015984965013236404,0.0025119230735085782,0.44,0.22,0.22,False,False,4397.51,2026-08-14 16:55:00+00:00,1.3538682167847689,SL,80.0,-52.2,4345.31,2026-08-14 15:35:00+00:00,2026-08
272,GBPUSD,BUY,2026-08-14 19:25:00+00:00,1.3535599999999999,1.3523741779360106,1.3552201508895851,1.3561688085407766,1.3523741779360106,0.0011858220639894073,0.00166015088958517,0.002608808540776696,0.42,0.21,0.21,False,False,4345.31,2026-08-16 21:05:00+00:00,1.35342,EOD_EXIT,2980.0,-7.98,4337.33,2026-08-14 19:25:00+00:00,2026-08
273,GBPUSD,BUY,2026-08-17 06:25:00+00:00,1.35548,1.3545462737797085,1.356787216708408,1.3575341976846411,1.35548,0.0009337262202914235,0.0013072167084079928,0.0020541976846411318,0.54,0.27,0.27,True,False,4337.33,2026-08-17 08:50:00+00:00,1.35548,TP1_THEN_BE,145.0,32.59,4369.93,2026-08-17 06:25:00+00:00,2026-08
274,GBPUSD,BUY,2026-08-17 10:25:00+00:00,1.35629,1.3552166515363977,1.3577926878490432,1.358651366619925,1.3552166515363977,0.0010733484636022417,0.0015026878490431383,0.002361366619924932,0.47,0.23,0.24,False,False,4369.93,2026-08-17 11:15:00+00:00,1.3552166515363977,SL,50.0,-52.35,4317.58,2026-08-17 10:25:00+00:00,2026-08
275,GBPUSD,BUY,2026-08-17 12:10:00+00:00,1.35589,1.3548231332125062,1.3573836135024913,1.3582371069324863,1.3548231332125062,0.0010668667874937816,0.0014936135024912942,0.0023471069324863198,0.47,0.23,0.24,False,False,4317.58,2026-08-17 17:35:00+00:00,1.3548231332125062,SL,325.0,-52.35,4265.23,2026-08-17 12:10:00+00:00,2026-08
276,GBPUSD,SELL,2026-08-18 06:00:00+00:00,1.3523399999999999,1.3532897281778717,1.3510103805509792,1.3502505980086819,1.3532897281778717,0.000949728177871867,0.0013296194490206139,0.0020894019913181077,0.53,0.27,0.26,False,False,4265.23,2026-08-18 08:55:00+00:00,1.3532897281778717,SL,175.0,-52.65,4212.58,2026-08-18 06:00:00+00:00,2026-08
277,GBPUSD,SELL,2026-08-18 10:10:00+00:00,1.35251,1.3535298038965067,1.351082274544891,1.3502664314276855,1.3535298038965067,0.001019803896506608,0.0014277254551092512,0.002243568572314538,0.49,0.24,0.25,False,False,4212.58,2026-08-18 13:00:00+00:00,1.3535298038965067,SL,170.0,-52.45,4160.13,2026-08-18 10:10:00+00:00,2026-08
278,GBPUSD,SELL,2026-08-18 19:55:00+00:00,1.3532,1.3541852440886306,1.3518206582759171,1.3510324630050126,1.3541852440886306,0.0009852440886306594,0.001379341724082923,0.002167536994987451,0.51,0.26,0.25,False,False,4160.13,2026-08-18 21:05:00+00:00,1.35287,EOD_EXIT,70.0,14.28,4174.41,2026-08-18 19:55:00+00:00,2026-08
279,GBPUSD,BUY,2026-08-19 12:15:00+00:00,1.35602,1.3550465351759244,1.3573828507537058,1.3581616226129662,1.35602,0.0009734648240755621,0.0013628507537057869,0.002141622612966237,0.51,0.26,0.25,True,False,4174.41,2026-08-19 12:35:00+00:00,1.3581616226129662,FULL_TP2,20.0,86.42,4260.83,2026-08-19 12:15:00+00:00,2026-08
280,GBPUSD,BUY,2026-08-19 18:45:00+00:00,1.3608,1.3592846275688129,1.362921521403662,1.3641338193486119,1.3592846275688129,0.0015153724311871759,0.002121521403662046,0.003333819348611787,0.33,0.17,0.16,False,False,4260.83,2026-08-19 21:05:00+00:00,1.35996,EOD_EXIT,140.0,-29.37,4231.46,2026-08-19 18:45:00+00:00,2026-08
281,GBPUSD,BUY,2026-08-20 06:35:00+00:00,1.36069,1.359446179796975,1.3624313482842347,1.3634264044466546,1.36069,0.0012438202030248611,0.0017413482842348054,0.0027364044466546946,0.4,0.2,0.2,True,False,4231.46,2026-08-20 08:20:00+00:00,1.3634264044466546,FULL_TP2,105.0,87.56,4319.02,2026-08-20 06:35:00+00:00,2026-08
282,GBPUSD,BUY,2026-08-20 12:55:00+00:00,1.36415,1.362738269366088,1.3661264228874765,1.3672558073946062,1.362738269366088,0.0014117306339118656,0.001976422887476612,0.0031058073946061047,0.35,0.17,0.18,False,False,4319.02,2026-08-20 14:10:00+00:00,1.362738269366088,SL,75.0,-51.75,4267.27,2026-08-20 12:55:00+00:00,2026-08
283,GBPUSD,BUY,2026-08-20 15:10:00+00:00,1.36372,1.3622107717920173,1.3658329194911758,1.3670403020575619,1.3622107717920173,0.0015092282079826544,0.002112919491175716,0.00332030205756184,0.33,0.17,0.16,False,False,4267.27,2026-08-20 18:10:00+00:00,1.3622107717920173,SL,180.0,-51.65,4215.62,2026-08-20 15:10:00+00:00,2026-08
284,GBPUSD,BUY,2026-08-20 19:05:00+00:00,1.3627099999999999,1.361274293605576,1.3647199889521935,1.3658685540677327,1.361274293605576,0.0014357063944240047,0.0020099889521936064,0.0031585540677328103,0.35,0.17,0.18,False,False,4215.62,2026-08-20 21:05:00+00:00,1.36266,EOD_EXIT,120.0,-3.5,4212.12,2026-08-20 19:05:00+00:00,2026-08
285,GBPUSD,BUY,2026-08-21 08:35:00+00:00,1.36514,1.3639519342234125,1.3668032920872226,1.3677537447084926,1.36514,0.0011880657765875112,0.0016632920872225155,0.002613744708492525,0.42,0.21,0.21,True,False,4212.12,2026-08-21 10:55:00+00:00,1.36514,TP1_THEN_BE,140.0,32.83,4244.94,2026-08-21 08:35:00+00:00,2026-08
286,GBPUSD,BUY,2026-08-21 19:45:00+00:00,1.3649499999999999,1.363483407139736,1.3670032300043695,1.3681765042925806,1.363483407139736,0.0014665928602639853,0.0020532300043695794,0.003226504292580768,0.34,0.17,0.17,False,False,4244.94,2026-08-23 21:05:00+00:00,1.363483407139736,SL,2960.0,-51.7,4193.24,2026-08-21 19:45:00+00:00,2026-08
287,GBPUSD,BUY,2026-08-24 07:00:00+00:00,1.3645800000000001,1.363453728229415,1.3661567804788195,1.3670577978952876,1.363453728229415,0.001126271770585196,0.0015767804788192742,0.0024777978952874313,0.44,0.22,0.22,False,False,4193.24,2026-08-24 07:40:00+00:00,1.363453728229415,SL,40.0,-52.2,4141.04,2026-08-24 07:00:00+00:00,2026-08
288,GBPUSD,SELL,2026-08-24 10:40:00+00:00,1.36264,1.3638564646792914,1.360936949448992,1.3599637777055589,1.3638564646792914,0.0012164646792914525,0.0017030505510080335,0.0026762222944411956,0.41,0.2,0.21,False,False,4141.04,2026-08-24 11:35:00+00:00,1.3638564646792914,SL,55.0,-52.05,4088.99,2026-08-24 10:40:00+00:00,2026-08
289,GBPUSD,SELL,2026-08-24 14:05:00+00:00,1.36379,1.3650498091343515,1.3620262672119081,1.361018419904427,1.3650498091343515,0.001259809134351384,0.0017637327880919375,0.0027715800955730448,0.4,0.2,0.2,False,False,4088.99,2026-08-24 21:15:00+00:00,1.36307,EOD_EXIT,430.0,26.8,4115.79,2026-08-24 14:05:00+00:00,2026-08
290,GBPUSD,SELL,2026-08-26 08:40:00+00:00,1.3631,1.3639388534770704,1.3619256051321011,1.3612545223504449,1.3631,0.0008388534770705318,0.0011743948678987445,0.0018454776495551702,0.6,0.3,0.3,True,False,4115.79,2026-08-26 12:05:00+00:00,1.3631,TP1_THEN_BE,205.0,32.23,4148.03,2026-08-26 08:40:00+00:00,2026-08
291,GBPUSD,SELL,2026-08-26 12:35:00+00:00,1.36121,1.3620766306788477,1.3599967170496132,1.359303412506535,1.36121,0.0008666306788476595,0.001213282950386723,0.001906587493464851,0.58,0.29,0.29,True,False,4148.03,2026-08-26 14:15:00+00:00,1.359303412506535,FULL_TP2,100.0,87.58,4235.6,2026-08-26 12:35:00+00:00,2026-08
292,GBPUSD,SELL,2026-08-26 16:30:00+00:00,1.3591199999999999,1.3601906023224324,1.3576211567485943,1.3567646748906483,1.3601906023224324,0.0010706023224325294,0.001498843251405541,0.002355325109351565,0.47,0.23,0.24,False,False,4235.6,2026-08-26 21:05:00+00:00,1.35893,EOD_EXIT,275.0,6.58,4242.18,2026-08-26 16:30:00+00:00,2026-08
293,GBPUSD,SELL,2026-08-27 06:35:00+00:00,1.35863,1.35938974663858,1.357566354705988,1.356958557395124,1.35938974663858,0.0007597466385800525,0.0010636452940120734,0.0016714426048761155,0.66,0.33,0.33,False,False,4242.18,2026-08-27 07:10:00+00:00,1.35938974663858,SL,35.0,-53.3,4188.88,2026-08-27 06:35:00+00:00,2026-08
294,GBPUSD,SELL,2026-08-27 07:50:00+00:00,1.35873,1.3594754790215386,1.357686329369846,1.3570899461526151,1.35873,0.0007454790215386126,0.0010436706301540576,0.001640053847384948,0.67,0.34,0.33,True,False,4188.88,2026-08-27 10:00:00+00:00,1.3570899461526151,FULL_TP2,130.0,86.26,4275.14,2026-08-27 07:50:00+00:00,2026-08
295,GBPUSD,SELL,2026-08-27 11:35:00+00:00,1.35758,1.358437695396037,1.3563792264455479,1.3556930701287182,1.358437695396037,0.0008576953960371781,0.0012007735544520492,0.001886929871281792,0.58,0.29,0.29,False,False,4275.14,2026-08-27 13:05:00+00:00,1.358437695396037,SL,90.0,-52.9,4222.24,2026-08-27 11:35:00+00:00,2026-08
296,GBPUSD,SELL,2026-08-27 14:45:00+00:00,1.35826,1.3593012087409233,1.3568023077627074,1.3559693407699687,1.3593012087409233,0.0010412087409233488,0.0014576922372926881,0.0022906592300313677,0.48,0.24,0.24,False,False,4222.24,2026-08-27 15:50:00+00:00,1.3593012087409233,SL,65.0,-52.4,4169.84,2026-08-27 14:45:00+00:00,2026-08
297,GBPUSD,SELL,2026-08-28 20:35:00+00:00,1.3529900000000001,1.3543383058877134,1.3511023717572017,1.350023727047031,1.3543383058877134,0.0013483058877132336,0.0018876282427985269,0.002966272952969114,0.37,0.18,0.19,False,False,4169.84,2026-08-30 21:05:00+00:00,1.35345,EOD_EXIT,2910.0,-18.87,4150.97,2026-08-28 20:35:00+00:00,2026-08
298,GBPUSD,SELL,2026-08-31 08:45:00+00:00,1.35408,1.3551176886229706,1.352627235927841,1.3517970850294645,1.3551176886229706,0.0010376886229707001,0.00145276407215898,0.0022829149705355404,0.48,0.24,0.24,False,False,4150.97,2026-08-31 14:45:00+00:00,1.3551176886229706,SL,360.0,-52.4,4098.57,2026-08-31 08:45:00+00:00,2026-08
299,GBPUSD,SELL,2026-09-01 06:20:00+00:00,1.35393,1.3547903595476223,1.3527254966333289,1.352037208995231,1.35393,0.0008603595476222591,0.0012045033666711626,0.0018927910047689702,0.58,0.29,0.29,True,False,4098.57,2026-09-01 13:35:00+00:00,1.35393,TP1_THEN_BE,435.0,32.03,4130.6,2026-09-01 06:20:00+00:00,2026-09
300,GBPUSD,SELL,2026-09-01 15:00:00+00:00,1.35314,1.3541974793657379,1.3516595288879671,1.3508135453953767,1.35314,0.0010574793657378357,0.0014804711120329698,0.0023264546046232386,0.47,0.23,0.24,True,False,4130.6,2026-09-01 18:35:00+00:00,1.3508135453953767,FULL_TP2,215.0,87.54,4218.14,2026-09-01 15:00:00+00:00,2026-09
301,GBPUSD,SELL,2026-09-02 06:50:00+00:00,1.34951,1.3503820439146763,1.348289138519453,1.347591503387712,1.3503820439146763,0.0008720439146763479,0.001220861480546887,0.0019184966122879656,0.57,0.28,0.29,False,False,4218.14,2026-09-02 07:15:00+00:00,1.3503820439146763,SL,25.0,-52.85,4165.29,2026-09-02 06:50:00+00:00,2026-09
302,GBPUSD,SELL,2026-09-02 11:55:00+00:00,1.3484,1.3495195110876643,1.3468326844772702,1.3459370756071387,1.3495195110876643,0.0011195110876642035,0.0015673155227298849,0.002462924392861248,0.45,0.23,0.22,False,False,4165.29,2026-09-02 13:25:00+00:00,1.3495195110876643,SL,90.0,-52.25,4113.04,2026-09-02 11:55:00+00:00,2026-09
303,GBPUSD,SELL,2026-09-02 15:45:00+00:00,1.34965,1.3510103547005097,1.3477455034192867,1.3466572196588789,1.3510103547005097,0.0013603547005095952,0.0019044965807134332,0.0029927803411211097,0.37,0.18,0.19,False,False,4113.04,2026-09-02 21:10:00+00:00,1.34829,EOD_EXIT,325.0,48.47,4161.51,2026-09-02 15:45:00+00:00,2026-09
304,GBPUSD,BUY,2026-09-04 10:45:00+00:00,1.35327,1.3522133787182444,1.3547492697944576,1.3555945668198621,1.3522133787182444,0.0010566212817554941,0.0014792697944576918,0.002324566819862087,0.47,0.23,0.24,False,False,4161.51,2026-09-04 12:30:00+00:00,1.3522133787182444,SL,105.0,-52.35,4109.16,2026-09-04 10:45:00+00:00,2026-09
305,GBPUSD,SELL,2026-09-04 17:00:00+00:00,1.35117,1.3526133775771347,1.3491492713920115,1.3479945693303037,1.3526133775771347,0.0014433775771346895,0.002020728607988565,0.003175430669696317,0.35,0.17,0.18,False,False,4109.16,2026-09-06 21:05:00+00:00,1.35103,EOD_EXIT,3125.0,3.15,4112.31,2026-09-04 17:00:00+00:00,2026-09
306,GBPUSD,BUY,2026-09-07 12:40:00+00:00,1.3538000000000001,1.3527633619545816,1.355251293263586,1.356080603699921,1.3527633619545816,0.0010366380454185466,0.001451293263585965,0.0022806036999208027,0.48,0.24,0.24,False,False,4112.31,2026-09-07 21:15:00+00:00,1.3538999999999999,EOD_EXIT,515.0,2.4,4114.71,2026-09-07 12:40:00+00:00,2026-09
307,GBPUSD,SELL,2026-09-08 10:30:00+00:00,1.35248,1.3534197825976786,1.3511643043632497,1.3504124782851068,1.3534197825976786,0.0009397825976786805,0.0013156956367501526,0.0020675217148930975,0.53,0.27,0.26,False,False,4114.71,2026-09-08 11:25:00+00:00,1.3534197825976786,SL,55.0,-52.65,4062.06,2026-09-08 10:30:00+00:00,2026-09
308,GBPUSD,BUY,2026-09-08 14:25:00+00:00,1.3552,1.354066278613799,1.3567872099406815,1.3576941870496424,1.354066278613799,0.0011337213862010695,0.0015872099406814971,0.002494187049642353,0.44,0.22,0.22,False,False,4062.06,2026-09-08 15:35:00+00:00,1.354066278613799,SL,70.0,-52.2,4009.86,2026-09-08 14:25:00+00:00,2026-09
309,GBPUSD,BUY,2026-09-08 17:55:00+00:00,1.35411,1.3529320168055816,1.3557591764721855,1.3567015630277202,1.3529320168055816,0.0011779831944182715,0.00164917647218558,0.0025915630277201975,0.42,0.21,0.21,False,False,4009.86,2026-09-08 21:05:00+00:00,1.35328,EOD_EXIT,190.0,-36.96,3972.9,2026-09-08 17:55:00+00:00,2026-09
